target,parents,has_nurs,form,children,housing,finance,social,health
recommend_0,0,0,0,0,0,0,0,0
priority_1,0,0,0,0,0,0,0,1
not_recom_2,0,0,0,0,0,0,0,2
recommend_3,0,0,0,0,0,0,1,0
priority_4,0,0,0,0,0,0,1,1
not_recom_5,0,0,0,0,0,0,1,2
priority_6,0,0,0,0,0,0,2,0
priority_7,0,0,0,0,0,0,2,1
not_recom_8,0,0,0,0,0,0,2,2
very_recom_9,0,0,0,0,0,1,0,0
priority_10,0,0,0,0,0,1,0,1
not_recom_11,0,0,0,0,0,1,0,2
very_recom_12,0,0,0,0,0,1,1,0
priority_13,0,0,0,0,0,1,1,1
not_recom_14,0,0,0,0,0,1,1,2
priority_15,0,0,0,0,0,1,2,0
priority_16,0,0,0,0,0,1,2,1
not_recom_17,0,0,0,0,0,1,2,2
very_recom_18,0,0,0,0,1,0,0,0
priority_19,0,0,0,0,1,0,0,1
not_recom_20,0,0,0,0,1,0,0,2
very_recom_21,0,0,0,0,1,0,1,0
priority_22,0,0,0,0,1,0,1,1
not_recom_23,0,0,0,0,1,0,1,2
priority_24,0,0,0,0,1,0,2,0
priority_25,0,0,0,0,1,0,2,1
not_recom_26,0,0,0,0,1,0,2,2
very_recom_27,0,0,0,0,1,1,0,0
priority_28,0,0,0,0,1,1,0,1
not_recom_29,0,0,0,0,1,1,0,2
very_recom_30,0,0,0,0,1,1,1,0
priority_31,0,0,0,0,1,1,1,1
not_recom_32,0,0,0,0,1,1,1,2
priority_33,0,0,0,0,1,1,2,0
priority_34,0,0,0,0,1,1,2,1
not_recom_35,0,0,0,0,1,1,2,2
very_recom_36,0,0,0,0,2,0,0,0
priority_37,0,0,0,0,2,0,0,1
not_recom_38,0,0,0,0,2,0,0,2
very_recom_39,0,0,0,0,2,0,1,0
priority_40,0,0,0,0,2,0,1,1
not_recom_41,0,0,0,0,2,0,1,2
priority_42,0,0,0,0,2,0,2,0
priority_43,0,0,0,0,2,0,2,1
not_recom_44,0,0,0,0,2,0,2,2
very_recom_45,0,0,0,0,2,1,0,0
priority_46,0,0,0,0,2,1,0,1
not_recom_47,0,0,0,0,2,1,0,2
very_recom_48,0,0,0,0,2,1,1,0
priority_49,0,0,0,0,2,1,1,1
not_recom_50,0,0,0,0,2,1,1,2
priority_51,0,0,0,0,2,1,2,0
priority_52,0,0,0,0,2,1,2,1
not_recom_53,0,0,0,0,2,1,2,2
very_recom_54,0,0,0,1,0,0,0,0
priority_55,0,0,0,1,0,0,0,1
not_recom_56,0,0,0,1,0,0,0,2
very_recom_57,0,0,0,1,0,0,1,0
priority_58,0,0,0,1,0,0,1,1
not_recom_59,0,0,0,1,0,0,1,2
priority_60,0,0,0,1,0,0,2,0
priority_61,0,0,0,1,0,0,2,1
not_recom_62,0,0,0,1,0,0,2,2
very_recom_63,0,0,0,1,0,1,0,0
priority_64,0,0,0,1,0,1,0,1
not_recom_65,0,0,0,1,0,1,0,2
very_recom_66,0,0,0,1,0,1,1,0
priority_67,0,0,0,1,0,1,1,1
not_recom_68,0,0,0,1,0,1,1,2
priority_69,0,0,0,1,0,1,2,0
priority_70,0,0,0,1,0,1,2,1
not_recom_71,0,0,0,1,0,1,2,2
very_recom_72,0,0,0,1,1,0,0,0
priority_73,0,0,0,1,1,0,0,1
not_recom_74,0,0,0,1,1,0,0,2
very_recom_75,0,0,0,1,1,0,1,0
priority_76,0,0,0,1,1,0,1,1
not_recom_77,0,0,0,1,1,0,1,2
priority_78,0,0,0,1,1,0,2,0
priority_79,0,0,0,1,1,0,2,1
not_recom_80,0,0,0,1,1,0,2,2
very_recom_81,0,0,0,1,1,1,0,0
priority_82,0,0,0,1,1,1,0,1
not_recom_83,0,0,0,1,1,1,0,2
very_recom_84,0,0,0,1,1,1,1,0
priority_85,0,0,0,1,1,1,1,1
not_recom_86,0,0,0,1,1,1,1,2
priority_87,0,0,0,1,1,1,2,0
priority_88,0,0,0,1,1,1,2,1
not_recom_89,0,0,0,1,1,1,2,2
priority_90,0,0,0,1,2,0,0,0
priority_91,0,0,0,1,2,0,0,1
not_recom_92,0,0,0,1,2,0,0,2
priority_93,0,0,0,1,2,0,1,0
priority_94,0,0,0,1,2,0,1,1
not_recom_95,0,0,0,1,2,0,1,2
priority_96,0,0,0,1,2,0,2,0
priority_97,0,0,0,1,2,0,2,1
not_recom_98,0,0,0,1,2,0,2,2
priority_99,0,0,0,1,2,1,0,0
priority_100,0,0,0,1,2,1,0,1
not_recom_101,0,0,0,1,2,1,0,2
priority_102,0,0,0,1,2,1,1,0
priority_103,0,0,0,1,2,1,1,1
not_recom_104,0,0,0,1,2,1,1,2
priority_105,0,0,0,1,2,1,2,0
priority_106,0,0,0,1,2,1,2,1
not_recom_107,0,0,0,1,2,1,2,2
very_recom_108,0,0,0,2,0,0,0,0
priority_109,0,0,0,2,0,0,0,1
not_recom_110,0,0,0,2,0,0,0,2
very_recom_111,0,0,0,2,0,0,1,0
priority_112,0,0,0,2,0,0,1,1
not_recom_113,0,0,0,2,0,0,1,2
priority_114,0,0,0,2,0,0,2,0
priority_115,0,0,0,2,0,0,2,1
not_recom_116,0,0,0,2,0,0,2,2
priority_117,0,0,0,2,0,1,0,0
priority_118,0,0,0,2,0,1,0,1
not_recom_119,0,0,0,2,0,1,0,2
priority_120,0,0,0,2,0,1,1,0
priority_121,0,0,0,2,0,1,1,1
not_recom_122,0,0,0,2,0,1,1,2
priority_123,0,0,0,2,0,1,2,0
priority_124,0,0,0,2,0,1,2,1
not_recom_125,0,0,0,2,0,1,2,2
priority_126,0,0,0,2,1,0,0,0
priority_127,0,0,0,2,1,0,0,1
not_recom_128,0,0,0,2,1,0,0,2
priority_129,0,0,0,2,1,0,1,0
priority_130,0,0,0,2,1,0,1,1
not_recom_131,0,0,0,2,1,0,1,2
priority_132,0,0,0,2,1,0,2,0
priority_133,0,0,0,2,1,0,2,1
not_recom_134,0,0,0,2,1,0,2,2
priority_135,0,0,0,2,1,1,0,0
priority_136,0,0,0,2,1,1,0,1
not_recom_137,0,0,0,2,1,1,0,2
priority_138,0,0,0,2,1,1,1,0
priority_139,0,0,0,2,1,1,1,1
not_recom_140,0,0,0,2,1,1,1,2
priority_141,0,0,0,2,1,1,2,0
priority_142,0,0,0,2,1,1,2,1
not_recom_143,0,0,0,2,1,1,2,2
priority_144,0,0,0,2,2,0,0,0
priority_145,0,0,0,2,2,0,0,1
not_recom_146,0,0,0,2,2,0,0,2
priority_147,0,0,0,2,2,0,1,0
priority_148,0,0,0,2,2,0,1,1
not_recom_149,0,0,0,2,2,0,1,2
priority_150,0,0,0,2,2,0,2,0
priority_151,0,0,0,2,2,0,2,1
not_recom_152,0,0,0,2,2,0,2,2
priority_153,0,0,0,2,2,1,0,0
priority_154,0,0,0,2,2,1,0,1
not_recom_155,0,0,0,2,2,1,0,2
priority_156,0,0,0,2,2,1,1,0
priority_157,0,0,0,2,2,1,1,1
not_recom_158,0,0,0,2,2,1,1,2
priority_159,0,0,0,2,2,1,2,0
priority_160,0,0,0,2,2,1,2,1
not_recom_161,0,0,0,2,2,1,2,2
very_recom_162,0,0,0,3,0,0,0,0
priority_163,0,0,0,3,0,0,0,1
not_recom_164,0,0,0,3,0,0,0,2
very_recom_165,0,0,0,3,0,0,1,0
priority_166,0,0,0,3,0,0,1,1
not_recom_167,0,0,0,3,0,0,1,2
priority_168,0,0,0,3,0,0,2,0
priority_169,0,0,0,3,0,0,2,1
not_recom_170,0,0,0,3,0,0,2,2
priority_171,0,0,0,3,0,1,0,0
priority_172,0,0,0,3,0,1,0,1
not_recom_173,0,0,0,3,0,1,0,2
priority_174,0,0,0,3,0,1,1,0
priority_175,0,0,0,3,0,1,1,1
not_recom_176,0,0,0,3,0,1,1,2
priority_177,0,0,0,3,0,1,2,0
priority_178,0,0,0,3,0,1,2,1
not_recom_179,0,0,0,3,0,1,2,2
priority_180,0,0,0,3,1,0,0,0
priority_181,0,0,0,3,1,0,0,1
not_recom_182,0,0,0,3,1,0,0,2
priority_183,0,0,0,3,1,0,1,0
priority_184,0,0,0,3,1,0,1,1
not_recom_185,0,0,0,3,1,0,1,2
priority_186,0,0,0,3,1,0,2,0
priority_187,0,0,0,3,1,0,2,1
not_recom_188,0,0,0,3,1,0,2,2
priority_189,0,0,0,3,1,1,0,0
priority_190,0,0,0,3,1,1,0,1
not_recom_191,0,0,0,3,1,1,0,2
priority_192,0,0,0,3,1,1,1,0
priority_193,0,0,0,3,1,1,1,1
not_recom_194,0,0,0,3,1,1,1,2
priority_195,0,0,0,3,1,1,2,0
priority_196,0,0,0,3,1,1,2,1
not_recom_197,0,0,0,3,1,1,2,2
priority_198,0,0,0,3,2,0,0,0
priority_199,0,0,0,3,2,0,0,1
not_recom_200,0,0,0,3,2,0,0,2
priority_201,0,0,0,3,2,0,1,0
priority_202,0,0,0,3,2,0,1,1
not_recom_203,0,0,0,3,2,0,1,2
priority_204,0,0,0,3,2,0,2,0
priority_205,0,0,0,3,2,0,2,1
not_recom_206,0,0,0,3,2,0,2,2
priority_207,0,0,0,3,2,1,0,0
priority_208,0,0,0,3,2,1,0,1
not_recom_209,0,0,0,3,2,1,0,2
priority_210,0,0,0,3,2,1,1,0
priority_211,0,0,0,3,2,1,1,1
not_recom_212,0,0,0,3,2,1,1,2
priority_213,0,0,0,3,2,1,2,0
priority_214,0,0,0,3,2,1,2,1
not_recom_215,0,0,0,3,2,1,2,2
very_recom_216,0,0,1,0,0,0,0,0
priority_217,0,0,1,0,0,0,0,1
not_recom_218,0,0,1,0,0,0,0,2
very_recom_219,0,0,1,0,0,0,1,0
priority_220,0,0,1,0,0,0,1,1
not_recom_221,0,0,1,0,0,0,1,2
priority_222,0,0,1,0,0,0,2,0
priority_223,0,0,1,0,0,0,2,1
not_recom_224,0,0,1,0,0,0,2,2
very_recom_225,0,0,1,0,0,1,0,0
priority_226,0,0,1,0,0,1,0,1
not_recom_227,0,0,1,0,0,1,0,2
very_recom_228,0,0,1,0,0,1,1,0
priority_229,0,0,1,0,0,1,1,1
not_recom_230,0,0,1,0,0,1,1,2
priority_231,0,0,1,0,0,1,2,0
priority_232,0,0,1,0,0,1,2,1
not_recom_233,0,0,1,0,0,1,2,2
very_recom_234,0,0,1,0,1,0,0,0
priority_235,0,0,1,0,1,0,0,1
not_recom_236,0,0,1,0,1,0,0,2
very_recom_237,0,0,1,0,1,0,1,0
priority_238,0,0,1,0,1,0,1,1
not_recom_239,0,0,1,0,1,0,1,2
priority_240,0,0,1,0,1,0,2,0
priority_241,0,0,1,0,1,0,2,1
not_recom_242,0,0,1,0,1,0,2,2
very_recom_243,0,0,1,0,1,1,0,0
priority_244,0,0,1,0,1,1,0,1
not_recom_245,0,0,1,0,1,1,0,2
very_recom_246,0,0,1,0,1,1,1,0
priority_247,0,0,1,0,1,1,1,1
not_recom_248,0,0,1,0,1,1,1,2
priority_249,0,0,1,0,1,1,2,0
priority_250,0,0,1,0,1,1,2,1
not_recom_251,0,0,1,0,1,1,2,2
priority_252,0,0,1,0,2,0,0,0
priority_253,0,0,1,0,2,0,0,1
not_recom_254,0,0,1,0,2,0,0,2
priority_255,0,0,1,0,2,0,1,0
priority_256,0,0,1,0,2,0,1,1
not_recom_257,0,0,1,0,2,0,1,2
priority_258,0,0,1,0,2,0,2,0
priority_259,0,0,1,0,2,0,2,1
not_recom_260,0,0,1,0,2,0,2,2
priority_261,0,0,1,0,2,1,0,0
priority_262,0,0,1,0,2,1,0,1
not_recom_263,0,0,1,0,2,1,0,2
priority_264,0,0,1,0,2,1,1,0
priority_265,0,0,1,0,2,1,1,1
not_recom_266,0,0,1,0,2,1,1,2
priority_267,0,0,1,0,2,1,2,0
priority_268,0,0,1,0,2,1,2,1
not_recom_269,0,0,1,0,2,1,2,2
very_recom_270,0,0,1,1,0,0,0,0
priority_271,0,0,1,1,0,0,0,1
not_recom_272,0,0,1,1,0,0,0,2
very_recom_273,0,0,1,1,0,0,1,0
priority_274,0,0,1,1,0,0,1,1
not_recom_275,0,0,1,1,0,0,1,2
priority_276,0,0,1,1,0,0,2,0
priority_277,0,0,1,1,0,0,2,1
not_recom_278,0,0,1,1,0,0,2,2
very_recom_279,0,0,1,1,0,1,0,0
priority_280,0,0,1,1,0,1,0,1
not_recom_281,0,0,1,1,0,1,0,2
very_recom_282,0,0,1,1,0,1,1,0
priority_283,0,0,1,1,0,1,1,1
not_recom_284,0,0,1,1,0,1,1,2
priority_285,0,0,1,1,0,1,2,0
priority_286,0,0,1,1,0,1,2,1
not_recom_287,0,0,1,1,0,1,2,2
very_recom_288,0,0,1,1,1,0,0,0
priority_289,0,0,1,1,1,0,0,1
not_recom_290,0,0,1,1,1,0,0,2
very_recom_291,0,0,1,1,1,0,1,0
priority_292,0,0,1,1,1,0,1,1
not_recom_293,0,0,1,1,1,0,1,2
priority_294,0,0,1,1,1,0,2,0
priority_295,0,0,1,1,1,0,2,1
not_recom_296,0,0,1,1,1,0,2,2
very_recom_297,0,0,1,1,1,1,0,0
priority_298,0,0,1,1,1,1,0,1
not_recom_299,0,0,1,1,1,1,0,2
very_recom_300,0,0,1,1,1,1,1,0
priority_301,0,0,1,1,1,1,1,1
not_recom_302,0,0,1,1,1,1,1,2
priority_303,0,0,1,1,1,1,2,0
priority_304,0,0,1,1,1,1,2,1
not_recom_305,0,0,1,1,1,1,2,2
priority_306,0,0,1,1,2,0,0,0
priority_307,0,0,1,1,2,0,0,1
not_recom_308,0,0,1,1,2,0,0,2
priority_309,0,0,1,1,2,0,1,0
priority_310,0,0,1,1,2,0,1,1
not_recom_311,0,0,1,1,2,0,1,2
priority_312,0,0,1,1,2,0,2,0
priority_313,0,0,1,1,2,0,2,1
not_recom_314,0,0,1,1,2,0,2,2
priority_315,0,0,1,1,2,1,0,0
priority_316,0,0,1,1,2,1,0,1
not_recom_317,0,0,1,1,2,1,0,2
priority_318,0,0,1,1,2,1,1,0
priority_319,0,0,1,1,2,1,1,1
not_recom_320,0,0,1,1,2,1,1,2
priority_321,0,0,1,1,2,1,2,0
priority_322,0,0,1,1,2,1,2,1
not_recom_323,0,0,1,1,2,1,2,2
very_recom_324,0,0,1,2,0,0,0,0
priority_325,0,0,1,2,0,0,0,1
not_recom_326,0,0,1,2,0,0,0,2
very_recom_327,0,0,1,2,0,0,1,0
priority_328,0,0,1,2,0,0,1,1
not_recom_329,0,0,1,2,0,0,1,2
priority_330,0,0,1,2,0,0,2,0
priority_331,0,0,1,2,0,0,2,1
not_recom_332,0,0,1,2,0,0,2,2
priority_333,0,0,1,2,0,1,0,0
priority_334,0,0,1,2,0,1,0,1
not_recom_335,0,0,1,2,0,1,0,2
priority_336,0,0,1,2,0,1,1,0
priority_337,0,0,1,2,0,1,1,1
not_recom_338,0,0,1,2,0,1,1,2
priority_339,0,0,1,2,0,1,2,0
priority_340,0,0,1,2,0,1,2,1
not_recom_341,0,0,1,2,0,1,2,2
priority_342,0,0,1,2,1,0,0,0
priority_343,0,0,1,2,1,0,0,1
not_recom_344,0,0,1,2,1,0,0,2
priority_345,0,0,1,2,1,0,1,0
priority_346,0,0,1,2,1,0,1,1
not_recom_347,0,0,1,2,1,0,1,2
priority_348,0,0,1,2,1,0,2,0
priority_349,0,0,1,2,1,0,2,1
not_recom_350,0,0,1,2,1,0,2,2
priority_351,0,0,1,2,1,1,0,0
priority_352,0,0,1,2,1,1,0,1
not_recom_353,0,0,1,2,1,1,0,2
priority_354,0,0,1,2,1,1,1,0
priority_355,0,0,1,2,1,1,1,1
not_recom_356,0,0,1,2,1,1,1,2
priority_357,0,0,1,2,1,1,2,0
priority_358,0,0,1,2,1,1,2,1
not_recom_359,0,0,1,2,1,1,2,2
priority_360,0,0,1,2,2,0,0,0
priority_361,0,0,1,2,2,0,0,1
not_recom_362,0,0,1,2,2,0,0,2
priority_363,0,0,1,2,2,0,1,0
priority_364,0,0,1,2,2,0,1,1
not_recom_365,0,0,1,2,2,0,1,2
priority_366,0,0,1,2,2,0,2,0
priority_367,0,0,1,2,2,0,2,1
not_recom_368,0,0,1,2,2,0,2,2
priority_369,0,0,1,2,2,1,0,0
priority_370,0,0,1,2,2,1,0,1
not_recom_371,0,0,1,2,2,1,0,2
priority_372,0,0,1,2,2,1,1,0
priority_373,0,0,1,2,2,1,1,1
not_recom_374,0,0,1,2,2,1,1,2
priority_375,0,0,1,2,2,1,2,0
priority_376,0,0,1,2,2,1,2,1
not_recom_377,0,0,1,2,2,1,2,2
very_recom_378,0,0,1,3,0,0,0,0
priority_379,0,0,1,3,0,0,0,1
not_recom_380,0,0,1,3,0,0,0,2
very_recom_381,0,0,1,3,0,0,1,0
priority_382,0,0,1,3,0,0,1,1
not_recom_383,0,0,1,3,0,0,1,2
priority_384,0,0,1,3,0,0,2,0
priority_385,0,0,1,3,0,0,2,1
not_recom_386,0,0,1,3,0,0,2,2
priority_387,0,0,1,3,0,1,0,0
priority_388,0,0,1,3,0,1,0,1
not_recom_389,0,0,1,3,0,1,0,2
priority_390,0,0,1,3,0,1,1,0
priority_391,0,0,1,3,0,1,1,1
not_recom_392,0,0,1,3,0,1,1,2
priority_393,0,0,1,3,0,1,2,0
priority_394,0,0,1,3,0,1,2,1
not_recom_395,0,0,1,3,0,1,2,2
priority_396,0,0,1,3,1,0,0,0
priority_397,0,0,1,3,1,0,0,1
not_recom_398,0,0,1,3,1,0,0,2
priority_399,0,0,1,3,1,0,1,0
priority_400,0,0,1,3,1,0,1,1
not_recom_401,0,0,1,3,1,0,1,2
priority_402,0,0,1,3,1,0,2,0
priority_403,0,0,1,3,1,0,2,1
not_recom_404,0,0,1,3,1,0,2,2
priority_405,0,0,1,3,1,1,0,0
priority_406,0,0,1,3,1,1,0,1
not_recom_407,0,0,1,3,1,1,0,2
priority_408,0,0,1,3,1,1,1,0
priority_409,0,0,1,3,1,1,1,1
not_recom_410,0,0,1,3,1,1,1,2
priority_411,0,0,1,3,1,1,2,0
priority_412,0,0,1,3,1,1,2,1
not_recom_413,0,0,1,3,1,1,2,2
priority_414,0,0,1,3,2,0,0,0
priority_415,0,0,1,3,2,0,0,1
not_recom_416,0,0,1,3,2,0,0,2
priority_417,0,0,1,3,2,0,1,0
priority_418,0,0,1,3,2,0,1,1
not_recom_419,0,0,1,3,2,0,1,2
priority_420,0,0,1,3,2,0,2,0
priority_421,0,0,1,3,2,0,2,1
not_recom_422,0,0,1,3,2,0,2,2
priority_423,0,0,1,3,2,1,0,0
priority_424,0,0,1,3,2,1,0,1
not_recom_425,0,0,1,3,2,1,0,2
priority_426,0,0,1,3,2,1,1,0
priority_427,0,0,1,3,2,1,1,1
not_recom_428,0,0,1,3,2,1,1,2
priority_429,0,0,1,3,2,1,2,0
priority_430,0,0,1,3,2,1,2,1
not_recom_431,0,0,1,3,2,1,2,2
very_recom_432,0,0,2,0,0,0,0,0
priority_433,0,0,2,0,0,0,0,1
not_recom_434,0,0,2,0,0,0,0,2
very_recom_435,0,0,2,0,0,0,1,0
priority_436,0,0,2,0,0,0,1,1
not_recom_437,0,0,2,0,0,0,1,2
priority_438,0,0,2,0,0,0,2,0
priority_439,0,0,2,0,0,0,2,1
not_recom_440,0,0,2,0,0,0,2,2
very_recom_441,0,0,2,0,0,1,0,0
priority_442,0,0,2,0,0,1,0,1
not_recom_443,0,0,2,0,0,1,0,2
very_recom_444,0,0,2,0,0,1,1,0
priority_445,0,0,2,0,0,1,1,1
not_recom_446,0,0,2,0,0,1,1,2
priority_447,0,0,2,0,0,1,2,0
priority_448,0,0,2,0,0,1,2,1
not_recom_449,0,0,2,0,0,1,2,2
very_recom_450,0,0,2,0,1,0,0,0
priority_451,0,0,2,0,1,0,0,1
not_recom_452,0,0,2,0,1,0,0,2
very_recom_453,0,0,2,0,1,0,1,0
priority_454,0,0,2,0,1,0,1,1
not_recom_455,0,0,2,0,1,0,1,2
priority_456,0,0,2,0,1,0,2,0
priority_457,0,0,2,0,1,0,2,1
not_recom_458,0,0,2,0,1,0,2,2
very_recom_459,0,0,2,0,1,1,0,0
priority_460,0,0,2,0,1,1,0,1
not_recom_461,0,0,2,0,1,1,0,2
very_recom_462,0,0,2,0,1,1,1,0
priority_463,0,0,2,0,1,1,1,1
not_recom_464,0,0,2,0,1,1,1,2
priority_465,0,0,2,0,1,1,2,0
priority_466,0,0,2,0,1,1,2,1
not_recom_467,0,0,2,0,1,1,2,2
priority_468,0,0,2,0,2,0,0,0
priority_469,0,0,2,0,2,0,0,1
not_recom_470,0,0,2,0,2,0,0,2
priority_471,0,0,2,0,2,0,1,0
priority_472,0,0,2,0,2,0,1,1
not_recom_473,0,0,2,0,2,0,1,2
priority_474,0,0,2,0,2,0,2,0
priority_475,0,0,2,0,2,0,2,1
not_recom_476,0,0,2,0,2,0,2,2
priority_477,0,0,2,0,2,1,0,0
priority_478,0,0,2,0,2,1,0,1
not_recom_479,0,0,2,0,2,1,0,2
priority_480,0,0,2,0,2,1,1,0
priority_481,0,0,2,0,2,1,1,1
not_recom_482,0,0,2,0,2,1,1,2
priority_483,0,0,2,0,2,1,2,0
priority_484,0,0,2,0,2,1,2,1
not_recom_485,0,0,2,0,2,1,2,2
very_recom_486,0,0,2,1,0,0,0,0
priority_487,0,0,2,1,0,0,0,1
not_recom_488,0,0,2,1,0,0,0,2
very_recom_489,0,0,2,1,0,0,1,0
priority_490,0,0,2,1,0,0,1,1
not_recom_491,0,0,2,1,0,0,1,2
priority_492,0,0,2,1,0,0,2,0
priority_493,0,0,2,1,0,0,2,1
not_recom_494,0,0,2,1,0,0,2,2
priority_495,0,0,2,1,0,1,0,0
priority_496,0,0,2,1,0,1,0,1
not_recom_497,0,0,2,1,0,1,0,2
priority_498,0,0,2,1,0,1,1,0
priority_499,0,0,2,1,0,1,1,1
not_recom_500,0,0,2,1,0,1,1,2
priority_501,0,0,2,1,0,1,2,0
priority_502,0,0,2,1,0,1,2,1
not_recom_503,0,0,2,1,0,1,2,2
priority_504,0,0,2,1,1,0,0,0
priority_505,0,0,2,1,1,0,0,1
not_recom_506,0,0,2,1,1,0,0,2
priority_507,0,0,2,1,1,0,1,0
priority_508,0,0,2,1,1,0,1,1
not_recom_509,0,0,2,1,1,0,1,2
priority_510,0,0,2,1,1,0,2,0
priority_511,0,0,2,1,1,0,2,1
not_recom_512,0,0,2,1,1,0,2,2
priority_513,0,0,2,1,1,1,0,0
priority_514,0,0,2,1,1,1,0,1
not_recom_515,0,0,2,1,1,1,0,2
priority_516,0,0,2,1,1,1,1,0
priority_517,0,0,2,1,1,1,1,1
not_recom_518,0,0,2,1,1,1,1,2
priority_519,0,0,2,1,1,1,2,0
priority_520,0,0,2,1,1,1,2,1
not_recom_521,0,0,2,1,1,1,2,2
priority_522,0,0,2,1,2,0,0,0
priority_523,0,0,2,1,2,0,0,1
not_recom_524,0,0,2,1,2,0,0,2
priority_525,0,0,2,1,2,0,1,0
priority_526,0,0,2,1,2,0,1,1
not_recom_527,0,0,2,1,2,0,1,2
priority_528,0,0,2,1,2,0,2,0
priority_529,0,0,2,1,2,0,2,1
not_recom_530,0,0,2,1,2,0,2,2
priority_531,0,0,2,1,2,1,0,0
priority_532,0,0,2,1,2,1,0,1
not_recom_533,0,0,2,1,2,1,0,2
priority_534,0,0,2,1,2,1,1,0
priority_535,0,0,2,1,2,1,1,1
not_recom_536,0,0,2,1,2,1,1,2
priority_537,0,0,2,1,2,1,2,0
priority_538,0,0,2,1,2,1,2,1
not_recom_539,0,0,2,1,2,1,2,2
very_recom_540,0,0,2,2,0,0,0,0
priority_541,0,0,2,2,0,0,0,1
not_recom_542,0,0,2,2,0,0,0,2
very_recom_543,0,0,2,2,0,0,1,0
priority_544,0,0,2,2,0,0,1,1
not_recom_545,0,0,2,2,0,0,1,2
priority_546,0,0,2,2,0,0,2,0
priority_547,0,0,2,2,0,0,2,1
not_recom_548,0,0,2,2,0,0,2,2
priority_549,0,0,2,2,0,1,0,0
priority_550,0,0,2,2,0,1,0,1
not_recom_551,0,0,2,2,0,1,0,2
priority_552,0,0,2,2,0,1,1,0
priority_553,0,0,2,2,0,1,1,1
not_recom_554,0,0,2,2,0,1,1,2
priority_555,0,0,2,2,0,1,2,0
priority_556,0,0,2,2,0,1,2,1
not_recom_557,0,0,2,2,0,1,2,2
priority_558,0,0,2,2,1,0,0,0
priority_559,0,0,2,2,1,0,0,1
not_recom_560,0,0,2,2,1,0,0,2
priority_561,0,0,2,2,1,0,1,0
priority_562,0,0,2,2,1,0,1,1
not_recom_563,0,0,2,2,1,0,1,2
priority_564,0,0,2,2,1,0,2,0
priority_565,0,0,2,2,1,0,2,1
not_recom_566,0,0,2,2,1,0,2,2
priority_567,0,0,2,2,1,1,0,0
priority_568,0,0,2,2,1,1,0,1
not_recom_569,0,0,2,2,1,1,0,2
priority_570,0,0,2,2,1,1,1,0
priority_571,0,0,2,2,1,1,1,1
not_recom_572,0,0,2,2,1,1,1,2
priority_573,0,0,2,2,1,1,2,0
priority_574,0,0,2,2,1,1,2,1
not_recom_575,0,0,2,2,1,1,2,2
priority_576,0,0,2,2,2,0,0,0
priority_577,0,0,2,2,2,0,0,1
not_recom_578,0,0,2,2,2,0,0,2
priority_579,0,0,2,2,2,0,1,0
priority_580,0,0,2,2,2,0,1,1
not_recom_581,0,0,2,2,2,0,1,2
priority_582,0,0,2,2,2,0,2,0
priority_583,0,0,2,2,2,0,2,1
not_recom_584,0,0,2,2,2,0,2,2
priority_585,0,0,2,2,2,1,0,0
priority_586,0,0,2,2,2,1,0,1
not_recom_587,0,0,2,2,2,1,0,2
priority_588,0,0,2,2,2,1,1,0
priority_589,0,0,2,2,2,1,1,1
not_recom_590,0,0,2,2,2,1,1,2
priority_591,0,0,2,2,2,1,2,0
priority_592,0,0,2,2,2,1,2,1
not_recom_593,0,0,2,2,2,1,2,2
very_recom_594,0,0,2,3,0,0,0,0
priority_595,0,0,2,3,0,0,0,1
not_recom_596,0,0,2,3,0,0,0,2
very_recom_597,0,0,2,3,0,0,1,0
priority_598,0,0,2,3,0,0,1,1
not_recom_599,0,0,2,3,0,0,1,2
priority_600,0,0,2,3,0,0,2,0
priority_601,0,0,2,3,0,0,2,1
not_recom_602,0,0,2,3,0,0,2,2
priority_603,0,0,2,3,0,1,0,0
priority_604,0,0,2,3,0,1,0,1
not_recom_605,0,0,2,3,0,1,0,2
priority_606,0,0,2,3,0,1,1,0
priority_607,0,0,2,3,0,1,1,1
not_recom_608,0,0,2,3,0,1,1,2
priority_609,0,0,2,3,0,1,2,0
priority_610,0,0,2,3,0,1,2,1
not_recom_611,0,0,2,3,0,1,2,2
priority_612,0,0,2,3,1,0,0,0
priority_613,0,0,2,3,1,0,0,1
not_recom_614,0,0,2,3,1,0,0,2
priority_615,0,0,2,3,1,0,1,0
priority_616,0,0,2,3,1,0,1,1
not_recom_617,0,0,2,3,1,0,1,2
priority_618,0,0,2,3,1,0,2,0
priority_619,0,0,2,3,1,0,2,1
not_recom_620,0,0,2,3,1,0,2,2
priority_621,0,0,2,3,1,1,0,0
priority_622,0,0,2,3,1,1,0,1
not_recom_623,0,0,2,3,1,1,0,2
priority_624,0,0,2,3,1,1,1,0
priority_625,0,0,2,3,1,1,1,1
not_recom_626,0,0,2,3,1,1,1,2
priority_627,0,0,2,3,1,1,2,0
priority_628,0,0,2,3,1,1,2,1
not_recom_629,0,0,2,3,1,1,2,2
priority_630,0,0,2,3,2,0,0,0
priority_631,0,0,2,3,2,0,0,1
not_recom_632,0,0,2,3,2,0,0,2
priority_633,0,0,2,3,2,0,1,0
priority_634,0,0,2,3,2,0,1,1
not_recom_635,0,0,2,3,2,0,1,2
priority_636,0,0,2,3,2,0,2,0
priority_637,0,0,2,3,2,0,2,1
not_recom_638,0,0,2,3,2,0,2,2
priority_639,0,0,2,3,2,1,0,0
priority_640,0,0,2,3,2,1,0,1
not_recom_641,0,0,2,3,2,1,0,2
priority_642,0,0,2,3,2,1,1,0
priority_643,0,0,2,3,2,1,1,1
not_recom_644,0,0,2,3,2,1,1,2
priority_645,0,0,2,3,2,1,2,0
priority_646,0,0,2,3,2,1,2,1
not_recom_647,0,0,2,3,2,1,2,2
very_recom_648,0,0,3,0,0,0,0,0
priority_649,0,0,3,0,0,0,0,1
not_recom_650,0,0,3,0,0,0,0,2
very_recom_651,0,0,3,0,0,0,1,0
priority_652,0,0,3,0,0,0,1,1
not_recom_653,0,0,3,0,0,0,1,2
priority_654,0,0,3,0,0,0,2,0
priority_655,0,0,3,0,0,0,2,1
not_recom_656,0,0,3,0,0,0,2,2
priority_657,0,0,3,0,0,1,0,0
priority_658,0,0,3,0,0,1,0,1
not_recom_659,0,0,3,0,0,1,0,2
priority_660,0,0,3,0,0,1,1,0
priority_661,0,0,3,0,0,1,1,1
not_recom_662,0,0,3,0,0,1,1,2
priority_663,0,0,3,0,0,1,2,0
priority_664,0,0,3,0,0,1,2,1
not_recom_665,0,0,3,0,0,1,2,2
priority_666,0,0,3,0,1,0,0,0
priority_667,0,0,3,0,1,0,0,1
not_recom_668,0,0,3,0,1,0,0,2
priority_669,0,0,3,0,1,0,1,0
priority_670,0,0,3,0,1,0,1,1
not_recom_671,0,0,3,0,1,0,1,2
priority_672,0,0,3,0,1,0,2,0
priority_673,0,0,3,0,1,0,2,1
not_recom_674,0,0,3,0,1,0,2,2
priority_675,0,0,3,0,1,1,0,0
priority_676,0,0,3,0,1,1,0,1
not_recom_677,0,0,3,0,1,1,0,2
priority_678,0,0,3,0,1,1,1,0
priority_679,0,0,3,0,1,1,1,1
not_recom_680,0,0,3,0,1,1,1,2
priority_681,0,0,3,0,1,1,2,0
priority_682,0,0,3,0,1,1,2,1
not_recom_683,0,0,3,0,1,1,2,2
priority_684,0,0,3,0,2,0,0,0
priority_685,0,0,3,0,2,0,0,1
not_recom_686,0,0,3,0,2,0,0,2
priority_687,0,0,3,0,2,0,1,0
priority_688,0,0,3,0,2,0,1,1
not_recom_689,0,0,3,0,2,0,1,2
priority_690,0,0,3,0,2,0,2,0
priority_691,0,0,3,0,2,0,2,1
not_recom_692,0,0,3,0,2,0,2,2
priority_693,0,0,3,0,2,1,0,0
priority_694,0,0,3,0,2,1,0,1
not_recom_695,0,0,3,0,2,1,0,2
priority_696,0,0,3,0,2,1,1,0
priority_697,0,0,3,0,2,1,1,1
not_recom_698,0,0,3,0,2,1,1,2
priority_699,0,0,3,0,2,1,2,0
priority_700,0,0,3,0,2,1,2,1
not_recom_701,0,0,3,0,2,1,2,2
very_recom_702,0,0,3,1,0,0,0,0
priority_703,0,0,3,1,0,0,0,1
not_recom_704,0,0,3,1,0,0,0,2
very_recom_705,0,0,3,1,0,0,1,0
priority_706,0,0,3,1,0,0,1,1
not_recom_707,0,0,3,1,0,0,1,2
priority_708,0,0,3,1,0,0,2,0
priority_709,0,0,3,1,0,0,2,1
not_recom_710,0,0,3,1,0,0,2,2
priority_711,0,0,3,1,0,1,0,0
priority_712,0,0,3,1,0,1,0,1
not_recom_713,0,0,3,1,0,1,0,2
priority_714,0,0,3,1,0,1,1,0
priority_715,0,0,3,1,0,1,1,1
not_recom_716,0,0,3,1,0,1,1,2
priority_717,0,0,3,1,0,1,2,0
priority_718,0,0,3,1,0,1,2,1
not_recom_719,0,0,3,1,0,1,2,2
priority_720,0,0,3,1,1,0,0,0
priority_721,0,0,3,1,1,0,0,1
not_recom_722,0,0,3,1,1,0,0,2
priority_723,0,0,3,1,1,0,1,0
priority_724,0,0,3,1,1,0,1,1
not_recom_725,0,0,3,1,1,0,1,2
priority_726,0,0,3,1,1,0,2,0
priority_727,0,0,3,1,1,0,2,1
not_recom_728,0,0,3,1,1,0,2,2
priority_729,0,0,3,1,1,1,0,0
priority_730,0,0,3,1,1,1,0,1
not_recom_731,0,0,3,1,1,1,0,2
priority_732,0,0,3,1,1,1,1,0
priority_733,0,0,3,1,1,1,1,1
not_recom_734,0,0,3,1,1,1,1,2
priority_735,0,0,3,1,1,1,2,0
priority_736,0,0,3,1,1,1,2,1
not_recom_737,0,0,3,1,1,1,2,2
priority_738,0,0,3,1,2,0,0,0
priority_739,0,0,3,1,2,0,0,1
not_recom_740,0,0,3,1,2,0,0,2
priority_741,0,0,3,1,2,0,1,0
priority_742,0,0,3,1,2,0,1,1
not_recom_743,0,0,3,1,2,0,1,2
priority_744,0,0,3,1,2,0,2,0
priority_745,0,0,3,1,2,0,2,1
not_recom_746,0,0,3,1,2,0,2,2
priority_747,0,0,3,1,2,1,0,0
priority_748,0,0,3,1,2,1,0,1
not_recom_749,0,0,3,1,2,1,0,2
priority_750,0,0,3,1,2,1,1,0
priority_751,0,0,3,1,2,1,1,1
not_recom_752,0,0,3,1,2,1,1,2
priority_753,0,0,3,1,2,1,2,0
priority_754,0,0,3,1,2,1,2,1
not_recom_755,0,0,3,1,2,1,2,2
very_recom_756,0,0,3,2,0,0,0,0
priority_757,0,0,3,2,0,0,0,1
not_recom_758,0,0,3,2,0,0,0,2
very_recom_759,0,0,3,2,0,0,1,0
priority_760,0,0,3,2,0,0,1,1
not_recom_761,0,0,3,2,0,0,1,2
priority_762,0,0,3,2,0,0,2,0
priority_763,0,0,3,2,0,0,2,1
not_recom_764,0,0,3,2,0,0,2,2
priority_765,0,0,3,2,0,1,0,0
priority_766,0,0,3,2,0,1,0,1
not_recom_767,0,0,3,2,0,1,0,2
priority_768,0,0,3,2,0,1,1,0
priority_769,0,0,3,2,0,1,1,1
not_recom_770,0,0,3,2,0,1,1,2
priority_771,0,0,3,2,0,1,2,0
priority_772,0,0,3,2,0,1,2,1
not_recom_773,0,0,3,2,0,1,2,2
priority_774,0,0,3,2,1,0,0,0
priority_775,0,0,3,2,1,0,0,1
not_recom_776,0,0,3,2,1,0,0,2
priority_777,0,0,3,2,1,0,1,0
priority_778,0,0,3,2,1,0,1,1
not_recom_779,0,0,3,2,1,0,1,2
priority_780,0,0,3,2,1,0,2,0
priority_781,0,0,3,2,1,0,2,1
not_recom_782,0,0,3,2,1,0,2,2
priority_783,0,0,3,2,1,1,0,0
priority_784,0,0,3,2,1,1,0,1
not_recom_785,0,0,3,2,1,1,0,2
priority_786,0,0,3,2,1,1,1,0
priority_787,0,0,3,2,1,1,1,1
not_recom_788,0,0,3,2,1,1,1,2
priority_789,0,0,3,2,1,1,2,0
priority_790,0,0,3,2,1,1,2,1
not_recom_791,0,0,3,2,1,1,2,2
priority_792,0,0,3,2,2,0,0,0
priority_793,0,0,3,2,2,0,0,1
not_recom_794,0,0,3,2,2,0,0,2
priority_795,0,0,3,2,2,0,1,0
priority_796,0,0,3,2,2,0,1,1
not_recom_797,0,0,3,2,2,0,1,2
priority_798,0,0,3,2,2,0,2,0
priority_799,0,0,3,2,2,0,2,1
not_recom_800,0,0,3,2,2,0,2,2
priority_801,0,0,3,2,2,1,0,0
priority_802,0,0,3,2,2,1,0,1
not_recom_803,0,0,3,2,2,1,0,2
priority_804,0,0,3,2,2,1,1,0
priority_805,0,0,3,2,2,1,1,1
not_recom_806,0,0,3,2,2,1,1,2
priority_807,0,0,3,2,2,1,2,0
priority_808,0,0,3,2,2,1,2,1
not_recom_809,0,0,3,2,2,1,2,2
very_recom_810,0,0,3,3,0,0,0,0
priority_811,0,0,3,3,0,0,0,1
not_recom_812,0,0,3,3,0,0,0,2
very_recom_813,0,0,3,3,0,0,1,0
priority_814,0,0,3,3,0,0,1,1
not_recom_815,0,0,3,3,0,0,1,2
priority_816,0,0,3,3,0,0,2,0
priority_817,0,0,3,3,0,0,2,1
not_recom_818,0,0,3,3,0,0,2,2
priority_819,0,0,3,3,0,1,0,0
priority_820,0,0,3,3,0,1,0,1
not_recom_821,0,0,3,3,0,1,0,2
priority_822,0,0,3,3,0,1,1,0
priority_823,0,0,3,3,0,1,1,1
not_recom_824,0,0,3,3,0,1,1,2
priority_825,0,0,3,3,0,1,2,0
priority_826,0,0,3,3,0,1,2,1
not_recom_827,0,0,3,3,0,1,2,2
priority_828,0,0,3,3,1,0,0,0
priority_829,0,0,3,3,1,0,0,1
not_recom_830,0,0,3,3,1,0,0,2
priority_831,0,0,3,3,1,0,1,0
priority_832,0,0,3,3,1,0,1,1
not_recom_833,0,0,3,3,1,0,1,2
priority_834,0,0,3,3,1,0,2,0
priority_835,0,0,3,3,1,0,2,1
not_recom_836,0,0,3,3,1,0,2,2
priority_837,0,0,3,3,1,1,0,0
priority_838,0,0,3,3,1,1,0,1
not_recom_839,0,0,3,3,1,1,0,2
priority_840,0,0,3,3,1,1,1,0
priority_841,0,0,3,3,1,1,1,1
not_recom_842,0,0,3,3,1,1,1,2
priority_843,0,0,3,3,1,1,2,0
priority_844,0,0,3,3,1,1,2,1
not_recom_845,0,0,3,3,1,1,2,2
priority_846,0,0,3,3,2,0,0,0
priority_847,0,0,3,3,2,0,0,1
not_recom_848,0,0,3,3,2,0,0,2
priority_849,0,0,3,3,2,0,1,0
priority_850,0,0,3,3,2,0,1,1
not_recom_851,0,0,3,3,2,0,1,2
priority_852,0,0,3,3,2,0,2,0
priority_853,0,0,3,3,2,0,2,1
not_recom_854,0,0,3,3,2,0,2,2
priority_855,0,0,3,3,2,1,0,0
priority_856,0,0,3,3,2,1,0,1
not_recom_857,0,0,3,3,2,1,0,2
priority_858,0,0,3,3,2,1,1,0
priority_859,0,0,3,3,2,1,1,1
not_recom_860,0,0,3,3,2,1,1,2
priority_861,0,0,3,3,2,1,2,0
priority_862,0,0,3,3,2,1,2,1
not_recom_863,0,0,3,3,2,1,2,2
very_recom_864,0,1,0,0,0,0,0,0
priority_865,0,1,0,0,0,0,0,1
not_recom_866,0,1,0,0,0,0,0,2
very_recom_867,0,1,0,0,0,0,1,0
priority_868,0,1,0,0,0,0,1,1
not_recom_869,0,1,0,0,0,0,1,2
priority_870,0,1,0,0,0,0,2,0
priority_871,0,1,0,0,0,0,2,1
not_recom_872,0,1,0,0,0,0,2,2
very_recom_873,0,1,0,0,0,1,0,0
priority_874,0,1,0,0,0,1,0,1
not_recom_875,0,1,0,0,0,1,0,2
very_recom_876,0,1,0,0,0,1,1,0
priority_877,0,1,0,0,0,1,1,1
not_recom_878,0,1,0,0,0,1,1,2
priority_879,0,1,0,0,0,1,2,0
priority_880,0,1,0,0,0,1,2,1
not_recom_881,0,1,0,0,0,1,2,2
very_recom_882,0,1,0,0,1,0,0,0
priority_883,0,1,0,0,1,0,0,1
not_recom_884,0,1,0,0,1,0,0,2
very_recom_885,0,1,0,0,1,0,1,0
priority_886,0,1,0,0,1,0,1,1
not_recom_887,0,1,0,0,1,0,1,2
priority_888,0,1,0,0,1,0,2,0
priority_889,0,1,0,0,1,0,2,1
not_recom_890,0,1,0,0,1,0,2,2
very_recom_891,0,1,0,0,1,1,0,0
priority_892,0,1,0,0,1,1,0,1
not_recom_893,0,1,0,0,1,1,0,2
very_recom_894,0,1,0,0,1,1,1,0
priority_895,0,1,0,0,1,1,1,1
not_recom_896,0,1,0,0,1,1,1,2
priority_897,0,1,0,0,1,1,2,0
priority_898,0,1,0,0,1,1,2,1
not_recom_899,0,1,0,0,1,1,2,2
very_recom_900,0,1,0,0,2,0,0,0
priority_901,0,1,0,0,2,0,0,1
not_recom_902,0,1,0,0,2,0,0,2
very_recom_903,0,1,0,0,2,0,1,0
priority_904,0,1,0,0,2,0,1,1
not_recom_905,0,1,0,0,2,0,1,2
priority_906,0,1,0,0,2,0,2,0
priority_907,0,1,0,0,2,0,2,1
not_recom_908,0,1,0,0,2,0,2,2
very_recom_909,0,1,0,0,2,1,0,0
priority_910,0,1,0,0,2,1,0,1
not_recom_911,0,1,0,0,2,1,0,2
very_recom_912,0,1,0,0,2,1,1,0
priority_913,0,1,0,0,2,1,1,1
not_recom_914,0,1,0,0,2,1,1,2
priority_915,0,1,0,0,2,1,2,0
priority_916,0,1,0,0,2,1,2,1
not_recom_917,0,1,0,0,2,1,2,2
very_recom_918,0,1,0,1,0,0,0,0
priority_919,0,1,0,1,0,0,0,1
not_recom_920,0,1,0,1,0,0,0,2
very_recom_921,0,1,0,1,0,0,1,0
priority_922,0,1,0,1,0,0,1,1
not_recom_923,0,1,0,1,0,0,1,2
priority_924,0,1,0,1,0,0,2,0
priority_925,0,1,0,1,0,0,2,1
not_recom_926,0,1,0,1,0,0,2,2
very_recom_927,0,1,0,1,0,1,0,0
priority_928,0,1,0,1,0,1,0,1
not_recom_929,0,1,0,1,0,1,0,2
very_recom_930,0,1,0,1,0,1,1,0
priority_931,0,1,0,1,0,1,1,1
not_recom_932,0,1,0,1,0,1,1,2
priority_933,0,1,0,1,0,1,2,0
priority_934,0,1,0,1,0,1,2,1
not_recom_935,0,1,0,1,0,1,2,2
very_recom_936,0,1,0,1,1,0,0,0
priority_937,0,1,0,1,1,0,0,1
not_recom_938,0,1,0,1,1,0,0,2
very_recom_939,0,1,0,1,1,0,1,0
priority_940,0,1,0,1,1,0,1,1
not_recom_941,0,1,0,1,1,0,1,2
priority_942,0,1,0,1,1,0,2,0
priority_943,0,1,0,1,1,0,2,1
not_recom_944,0,1,0,1,1,0,2,2
very_recom_945,0,1,0,1,1,1,0,0
priority_946,0,1,0,1,1,1,0,1
not_recom_947,0,1,0,1,1,1,0,2
very_recom_948,0,1,0,1,1,1,1,0
priority_949,0,1,0,1,1,1,1,1
not_recom_950,0,1,0,1,1,1,1,2
priority_951,0,1,0,1,1,1,2,0
priority_952,0,1,0,1,1,1,2,1
not_recom_953,0,1,0,1,1,1,2,2
priority_954,0,1,0,1,2,0,0,0
priority_955,0,1,0,1,2,0,0,1
not_recom_956,0,1,0,1,2,0,0,2
priority_957,0,1,0,1,2,0,1,0
priority_958,0,1,0,1,2,0,1,1
not_recom_959,0,1,0,1,2,0,1,2
priority_960,0,1,0,1,2,0,2,0
priority_961,0,1,0,1,2,0,2,1
not_recom_962,0,1,0,1,2,0,2,2
priority_963,0,1,0,1,2,1,0,0
priority_964,0,1,0,1,2,1,0,1
not_recom_965,0,1,0,1,2,1,0,2
priority_966,0,1,0,1,2,1,1,0
priority_967,0,1,0,1,2,1,1,1
not_recom_968,0,1,0,1,2,1,1,2
priority_969,0,1,0,1,2,1,2,0
priority_970,0,1,0,1,2,1,2,1
not_recom_971,0,1,0,1,2,1,2,2
very_recom_972,0,1,0,2,0,0,0,0
priority_973,0,1,0,2,0,0,0,1
not_recom_974,0,1,0,2,0,0,0,2
very_recom_975,0,1,0,2,0,0,1,0
priority_976,0,1,0,2,0,0,1,1
not_recom_977,0,1,0,2,0,0,1,2
priority_978,0,1,0,2,0,0,2,0
priority_979,0,1,0,2,0,0,2,1
not_recom_980,0,1,0,2,0,0,2,2
priority_981,0,1,0,2,0,1,0,0
priority_982,0,1,0,2,0,1,0,1
not_recom_983,0,1,0,2,0,1,0,2
priority_984,0,1,0,2,0,1,1,0
priority_985,0,1,0,2,0,1,1,1
not_recom_986,0,1,0,2,0,1,1,2
priority_987,0,1,0,2,0,1,2,0
priority_988,0,1,0,2,0,1,2,1
not_recom_989,0,1,0,2,0,1,2,2
priority_990,0,1,0,2,1,0,0,0
priority_991,0,1,0,2,1,0,0,1
not_recom_992,0,1,0,2,1,0,0,2
priority_993,0,1,0,2,1,0,1,0
priority_994,0,1,0,2,1,0,1,1
not_recom_995,0,1,0,2,1,0,1,2
priority_996,0,1,0,2,1,0,2,0
priority_997,0,1,0,2,1,0,2,1
not_recom_998,0,1,0,2,1,0,2,2
priority_999,0,1,0,2,1,1,0,0
priority_1000,0,1,0,2,1,1,0,1
not_recom_1001,0,1,0,2,1,1,0,2
priority_1002,0,1,0,2,1,1,1,0
priority_1003,0,1,0,2,1,1,1,1
not_recom_1004,0,1,0,2,1,1,1,2
priority_1005,0,1,0,2,1,1,2,0
priority_1006,0,1,0,2,1,1,2,1
not_recom_1007,0,1,0,2,1,1,2,2
priority_1008,0,1,0,2,2,0,0,0
priority_1009,0,1,0,2,2,0,0,1
not_recom_1010,0,1,0,2,2,0,0,2
priority_1011,0,1,0,2,2,0,1,0
priority_1012,0,1,0,2,2,0,1,1
not_recom_1013,0,1,0,2,2,0,1,2
priority_1014,0,1,0,2,2,0,2,0
priority_1015,0,1,0,2,2,0,2,1
not_recom_1016,0,1,0,2,2,0,2,2
priority_1017,0,1,0,2,2,1,0,0
priority_1018,0,1,0,2,2,1,0,1
not_recom_1019,0,1,0,2,2,1,0,2
priority_1020,0,1,0,2,2,1,1,0
priority_1021,0,1,0,2,2,1,1,1
not_recom_1022,0,1,0,2,2,1,1,2
priority_1023,0,1,0,2,2,1,2,0
priority_1024,0,1,0,2,2,1,2,1
not_recom_1025,0,1,0,2,2,1,2,2
very_recom_1026,0,1,0,3,0,0,0,0
priority_1027,0,1,0,3,0,0,0,1
not_recom_1028,0,1,0,3,0,0,0,2
very_recom_1029,0,1,0,3,0,0,1,0
priority_1030,0,1,0,3,0,0,1,1
not_recom_1031,0,1,0,3,0,0,1,2
priority_1032,0,1,0,3,0,0,2,0
priority_1033,0,1,0,3,0,0,2,1
not_recom_1034,0,1,0,3,0,0,2,2
priority_1035,0,1,0,3,0,1,0,0
priority_1036,0,1,0,3,0,1,0,1
not_recom_1037,0,1,0,3,0,1,0,2
priority_1038,0,1,0,3,0,1,1,0
priority_1039,0,1,0,3,0,1,1,1
not_recom_1040,0,1,0,3,0,1,1,2
priority_1041,0,1,0,3,0,1,2,0
priority_1042,0,1,0,3,0,1,2,1
not_recom_1043,0,1,0,3,0,1,2,2
priority_1044,0,1,0,3,1,0,0,0
priority_1045,0,1,0,3,1,0,0,1
not_recom_1046,0,1,0,3,1,0,0,2
priority_1047,0,1,0,3,1,0,1,0
priority_1048,0,1,0,3,1,0,1,1
not_recom_1049,0,1,0,3,1,0,1,2
priority_1050,0,1,0,3,1,0,2,0
priority_1051,0,1,0,3,1,0,2,1
not_recom_1052,0,1,0,3,1,0,2,2
priority_1053,0,1,0,3,1,1,0,0
priority_1054,0,1,0,3,1,1,0,1
not_recom_1055,0,1,0,3,1,1,0,2
priority_1056,0,1,0,3,1,1,1,0
priority_1057,0,1,0,3,1,1,1,1
not_recom_1058,0,1,0,3,1,1,1,2
priority_1059,0,1,0,3,1,1,2,0
priority_1060,0,1,0,3,1,1,2,1
not_recom_1061,0,1,0,3,1,1,2,2
priority_1062,0,1,0,3,2,0,0,0
priority_1063,0,1,0,3,2,0,0,1
not_recom_1064,0,1,0,3,2,0,0,2
priority_1065,0,1,0,3,2,0,1,0
priority_1066,0,1,0,3,2,0,1,1
not_recom_1067,0,1,0,3,2,0,1,2
priority_1068,0,1,0,3,2,0,2,0
priority_1069,0,1,0,3,2,0,2,1
not_recom_1070,0,1,0,3,2,0,2,2
priority_1071,0,1,0,3,2,1,0,0
priority_1072,0,1,0,3,2,1,0,1
not_recom_1073,0,1,0,3,2,1,0,2
priority_1074,0,1,0,3,2,1,1,0
priority_1075,0,1,0,3,2,1,1,1
not_recom_1076,0,1,0,3,2,1,1,2
priority_1077,0,1,0,3,2,1,2,0
priority_1078,0,1,0,3,2,1,2,1
not_recom_1079,0,1,0,3,2,1,2,2
very_recom_1080,0,1,1,0,0,0,0,0
priority_1081,0,1,1,0,0,0,0,1
not_recom_1082,0,1,1,0,0,0,0,2
very_recom_1083,0,1,1,0,0,0,1,0
priority_1084,0,1,1,0,0,0,1,1
not_recom_1085,0,1,1,0,0,0,1,2
priority_1086,0,1,1,0,0,0,2,0
priority_1087,0,1,1,0,0,0,2,1
not_recom_1088,0,1,1,0,0,0,2,2
very_recom_1089,0,1,1,0,0,1,0,0
priority_1090,0,1,1,0,0,1,0,1
not_recom_1091,0,1,1,0,0,1,0,2
very_recom_1092,0,1,1,0,0,1,1,0
priority_1093,0,1,1,0,0,1,1,1
not_recom_1094,0,1,1,0,0,1,1,2
priority_1095,0,1,1,0,0,1,2,0
priority_1096,0,1,1,0,0,1,2,1
not_recom_1097,0,1,1,0,0,1,2,2
very_recom_1098,0,1,1,0,1,0,0,0
priority_1099,0,1,1,0,1,0,0,1
not_recom_1100,0,1,1,0,1,0,0,2
very_recom_1101,0,1,1,0,1,0,1,0
priority_1102,0,1,1,0,1,0,1,1
not_recom_1103,0,1,1,0,1,0,1,2
priority_1104,0,1,1,0,1,0,2,0
priority_1105,0,1,1,0,1,0,2,1
not_recom_1106,0,1,1,0,1,0,2,2
very_recom_1107,0,1,1,0,1,1,0,0
priority_1108,0,1,1,0,1,1,0,1
not_recom_1109,0,1,1,0,1,1,0,2
very_recom_1110,0,1,1,0,1,1,1,0
priority_1111,0,1,1,0,1,1,1,1
not_recom_1112,0,1,1,0,1,1,1,2
priority_1113,0,1,1,0,1,1,2,0
priority_1114,0,1,1,0,1,1,2,1
not_recom_1115,0,1,1,0,1,1,2,2
priority_1116,0,1,1,0,2,0,0,0
priority_1117,0,1,1,0,2,0,0,1
not_recom_1118,0,1,1,0,2,0,0,2
priority_1119,0,1,1,0,2,0,1,0
priority_1120,0,1,1,0,2,0,1,1
not_recom_1121,0,1,1,0,2,0,1,2
priority_1122,0,1,1,0,2,0,2,0
priority_1123,0,1,1,0,2,0,2,1
not_recom_1124,0,1,1,0,2,0,2,2
priority_1125,0,1,1,0,2,1,0,0
priority_1126,0,1,1,0,2,1,0,1
not_recom_1127,0,1,1,0,2,1,0,2
priority_1128,0,1,1,0,2,1,1,0
priority_1129,0,1,1,0,2,1,1,1
not_recom_1130,0,1,1,0,2,1,1,2
priority_1131,0,1,1,0,2,1,2,0
priority_1132,0,1,1,0,2,1,2,1
not_recom_1133,0,1,1,0,2,1,2,2
very_recom_1134,0,1,1,1,0,0,0,0
priority_1135,0,1,1,1,0,0,0,1
not_recom_1136,0,1,1,1,0,0,0,2
very_recom_1137,0,1,1,1,0,0,1,0
priority_1138,0,1,1,1,0,0,1,1
not_recom_1139,0,1,1,1,0,0,1,2
priority_1140,0,1,1,1,0,0,2,0
priority_1141,0,1,1,1,0,0,2,1
not_recom_1142,0,1,1,1,0,0,2,2
very_recom_1143,0,1,1,1,0,1,0,0
priority_1144,0,1,1,1,0,1,0,1
not_recom_1145,0,1,1,1,0,1,0,2
very_recom_1146,0,1,1,1,0,1,1,0
priority_1147,0,1,1,1,0,1,1,1
not_recom_1148,0,1,1,1,0,1,1,2
priority_1149,0,1,1,1,0,1,2,0
priority_1150,0,1,1,1,0,1,2,1
not_recom_1151,0,1,1,1,0,1,2,2
very_recom_1152,0,1,1,1,1,0,0,0
priority_1153,0,1,1,1,1,0,0,1
not_recom_1154,0,1,1,1,1,0,0,2
very_recom_1155,0,1,1,1,1,0,1,0
priority_1156,0,1,1,1,1,0,1,1
not_recom_1157,0,1,1,1,1,0,1,2
priority_1158,0,1,1,1,1,0,2,0
priority_1159,0,1,1,1,1,0,2,1
not_recom_1160,0,1,1,1,1,0,2,2
very_recom_1161,0,1,1,1,1,1,0,0
priority_1162,0,1,1,1,1,1,0,1
not_recom_1163,0,1,1,1,1,1,0,2
very_recom_1164,0,1,1,1,1,1,1,0
priority_1165,0,1,1,1,1,1,1,1
not_recom_1166,0,1,1,1,1,1,1,2
priority_1167,0,1,1,1,1,1,2,0
priority_1168,0,1,1,1,1,1,2,1
not_recom_1169,0,1,1,1,1,1,2,2
priority_1170,0,1,1,1,2,0,0,0
priority_1171,0,1,1,1,2,0,0,1
not_recom_1172,0,1,1,1,2,0,0,2
priority_1173,0,1,1,1,2,0,1,0
priority_1174,0,1,1,1,2,0,1,1
not_recom_1175,0,1,1,1,2,0,1,2
priority_1176,0,1,1,1,2,0,2,0
priority_1177,0,1,1,1,2,0,2,1
not_recom_1178,0,1,1,1,2,0,2,2
priority_1179,0,1,1,1,2,1,0,0
priority_1180,0,1,1,1,2,1,0,1
not_recom_1181,0,1,1,1,2,1,0,2
priority_1182,0,1,1,1,2,1,1,0
priority_1183,0,1,1,1,2,1,1,1
not_recom_1184,0,1,1,1,2,1,1,2
priority_1185,0,1,1,1,2,1,2,0
priority_1186,0,1,1,1,2,1,2,1
not_recom_1187,0,1,1,1,2,1,2,2
very_recom_1188,0,1,1,2,0,0,0,0
priority_1189,0,1,1,2,0,0,0,1
not_recom_1190,0,1,1,2,0,0,0,2
very_recom_1191,0,1,1,2,0,0,1,0
priority_1192,0,1,1,2,0,0,1,1
not_recom_1193,0,1,1,2,0,0,1,2
priority_1194,0,1,1,2,0,0,2,0
priority_1195,0,1,1,2,0,0,2,1
not_recom_1196,0,1,1,2,0,0,2,2
priority_1197,0,1,1,2,0,1,0,0
priority_1198,0,1,1,2,0,1,0,1
not_recom_1199,0,1,1,2,0,1,0,2
priority_1200,0,1,1,2,0,1,1,0
priority_1201,0,1,1,2,0,1,1,1
not_recom_1202,0,1,1,2,0,1,1,2
priority_1203,0,1,1,2,0,1,2,0
priority_1204,0,1,1,2,0,1,2,1
not_recom_1205,0,1,1,2,0,1,2,2
priority_1206,0,1,1,2,1,0,0,0
priority_1207,0,1,1,2,1,0,0,1
not_recom_1208,0,1,1,2,1,0,0,2
priority_1209,0,1,1,2,1,0,1,0
priority_1210,0,1,1,2,1,0,1,1
not_recom_1211,0,1,1,2,1,0,1,2
priority_1212,0,1,1,2,1,0,2,0
priority_1213,0,1,1,2,1,0,2,1
not_recom_1214,0,1,1,2,1,0,2,2
priority_1215,0,1,1,2,1,1,0,0
priority_1216,0,1,1,2,1,1,0,1
not_recom_1217,0,1,1,2,1,1,0,2
priority_1218,0,1,1,2,1,1,1,0
priority_1219,0,1,1,2,1,1,1,1
not_recom_1220,0,1,1,2,1,1,1,2
priority_1221,0,1,1,2,1,1,2,0
priority_1222,0,1,1,2,1,1,2,1
not_recom_1223,0,1,1,2,1,1,2,2
priority_1224,0,1,1,2,2,0,0,0
priority_1225,0,1,1,2,2,0,0,1
not_recom_1226,0,1,1,2,2,0,0,2
priority_1227,0,1,1,2,2,0,1,0
priority_1228,0,1,1,2,2,0,1,1
not_recom_1229,0,1,1,2,2,0,1,2
priority_1230,0,1,1,2,2,0,2,0
priority_1231,0,1,1,2,2,0,2,1
not_recom_1232,0,1,1,2,2,0,2,2
priority_1233,0,1,1,2,2,1,0,0
priority_1234,0,1,1,2,2,1,0,1
not_recom_1235,0,1,1,2,2,1,0,2
priority_1236,0,1,1,2,2,1,1,0
priority_1237,0,1,1,2,2,1,1,1
not_recom_1238,0,1,1,2,2,1,1,2
priority_1239,0,1,1,2,2,1,2,0
priority_1240,0,1,1,2,2,1,2,1
not_recom_1241,0,1,1,2,2,1,2,2
very_recom_1242,0,1,1,3,0,0,0,0
priority_1243,0,1,1,3,0,0,0,1
not_recom_1244,0,1,1,3,0,0,0,2
very_recom_1245,0,1,1,3,0,0,1,0
priority_1246,0,1,1,3,0,0,1,1
not_recom_1247,0,1,1,3,0,0,1,2
priority_1248,0,1,1,3,0,0,2,0
priority_1249,0,1,1,3,0,0,2,1
not_recom_1250,0,1,1,3,0,0,2,2
priority_1251,0,1,1,3,0,1,0,0
priority_1252,0,1,1,3,0,1,0,1
not_recom_1253,0,1,1,3,0,1,0,2
priority_1254,0,1,1,3,0,1,1,0
priority_1255,0,1,1,3,0,1,1,1
not_recom_1256,0,1,1,3,0,1,1,2
priority_1257,0,1,1,3,0,1,2,0
priority_1258,0,1,1,3,0,1,2,1
not_recom_1259,0,1,1,3,0,1,2,2
priority_1260,0,1,1,3,1,0,0,0
priority_1261,0,1,1,3,1,0,0,1
not_recom_1262,0,1,1,3,1,0,0,2
priority_1263,0,1,1,3,1,0,1,0
priority_1264,0,1,1,3,1,0,1,1
not_recom_1265,0,1,1,3,1,0,1,2
priority_1266,0,1,1,3,1,0,2,0
priority_1267,0,1,1,3,1,0,2,1
not_recom_1268,0,1,1,3,1,0,2,2
priority_1269,0,1,1,3,1,1,0,0
priority_1270,0,1,1,3,1,1,0,1
not_recom_1271,0,1,1,3,1,1,0,2
priority_1272,0,1,1,3,1,1,1,0
priority_1273,0,1,1,3,1,1,1,1
not_recom_1274,0,1,1,3,1,1,1,2
priority_1275,0,1,1,3,1,1,2,0
priority_1276,0,1,1,3,1,1,2,1
not_recom_1277,0,1,1,3,1,1,2,2
priority_1278,0,1,1,3,2,0,0,0
priority_1279,0,1,1,3,2,0,0,1
not_recom_1280,0,1,1,3,2,0,0,2
priority_1281,0,1,1,3,2,0,1,0
priority_1282,0,1,1,3,2,0,1,1
not_recom_1283,0,1,1,3,2,0,1,2
priority_1284,0,1,1,3,2,0,2,0
priority_1285,0,1,1,3,2,0,2,1
not_recom_1286,0,1,1,3,2,0,2,2
priority_1287,0,1,1,3,2,1,0,0
priority_1288,0,1,1,3,2,1,0,1
not_recom_1289,0,1,1,3,2,1,0,2
priority_1290,0,1,1,3,2,1,1,0
priority_1291,0,1,1,3,2,1,1,1
not_recom_1292,0,1,1,3,2,1,1,2
priority_1293,0,1,1,3,2,1,2,0
priority_1294,0,1,1,3,2,1,2,1
not_recom_1295,0,1,1,3,2,1,2,2
very_recom_1296,0,1,2,0,0,0,0,0
priority_1297,0,1,2,0,0,0,0,1
not_recom_1298,0,1,2,0,0,0,0,2
very_recom_1299,0,1,2,0,0,0,1,0
priority_1300,0,1,2,0,0,0,1,1
not_recom_1301,0,1,2,0,0,0,1,2
priority_1302,0,1,2,0,0,0,2,0
priority_1303,0,1,2,0,0,0,2,1
not_recom_1304,0,1,2,0,0,0,2,2
very_recom_1305,0,1,2,0,0,1,0,0
priority_1306,0,1,2,0,0,1,0,1
not_recom_1307,0,1,2,0,0,1,0,2
very_recom_1308,0,1,2,0,0,1,1,0
priority_1309,0,1,2,0,0,1,1,1
not_recom_1310,0,1,2,0,0,1,1,2
priority_1311,0,1,2,0,0,1,2,0
priority_1312,0,1,2,0,0,1,2,1
not_recom_1313,0,1,2,0,0,1,2,2
very_recom_1314,0,1,2,0,1,0,0,0
priority_1315,0,1,2,0,1,0,0,1
not_recom_1316,0,1,2,0,1,0,0,2
very_recom_1317,0,1,2,0,1,0,1,0
priority_1318,0,1,2,0,1,0,1,1
not_recom_1319,0,1,2,0,1,0,1,2
priority_1320,0,1,2,0,1,0,2,0
priority_1321,0,1,2,0,1,0,2,1
not_recom_1322,0,1,2,0,1,0,2,2
very_recom_1323,0,1,2,0,1,1,0,0
priority_1324,0,1,2,0,1,1,0,1
not_recom_1325,0,1,2,0,1,1,0,2
very_recom_1326,0,1,2,0,1,1,1,0
priority_1327,0,1,2,0,1,1,1,1
not_recom_1328,0,1,2,0,1,1,1,2
priority_1329,0,1,2,0,1,1,2,0
priority_1330,0,1,2,0,1,1,2,1
not_recom_1331,0,1,2,0,1,1,2,2
priority_1332,0,1,2,0,2,0,0,0
priority_1333,0,1,2,0,2,0,0,1
not_recom_1334,0,1,2,0,2,0,0,2
priority_1335,0,1,2,0,2,0,1,0
priority_1336,0,1,2,0,2,0,1,1
not_recom_1337,0,1,2,0,2,0,1,2
priority_1338,0,1,2,0,2,0,2,0
priority_1339,0,1,2,0,2,0,2,1
not_recom_1340,0,1,2,0,2,0,2,2
priority_1341,0,1,2,0,2,1,0,0
priority_1342,0,1,2,0,2,1,0,1
not_recom_1343,0,1,2,0,2,1,0,2
priority_1344,0,1,2,0,2,1,1,0
priority_1345,0,1,2,0,2,1,1,1
not_recom_1346,0,1,2,0,2,1,1,2
priority_1347,0,1,2,0,2,1,2,0
priority_1348,0,1,2,0,2,1,2,1
not_recom_1349,0,1,2,0,2,1,2,2
very_recom_1350,0,1,2,1,0,0,0,0
priority_1351,0,1,2,1,0,0,0,1
not_recom_1352,0,1,2,1,0,0,0,2
very_recom_1353,0,1,2,1,0,0,1,0
priority_1354,0,1,2,1,0,0,1,1
not_recom_1355,0,1,2,1,0,0,1,2
priority_1356,0,1,2,1,0,0,2,0
priority_1357,0,1,2,1,0,0,2,1
not_recom_1358,0,1,2,1,0,0,2,2
priority_1359,0,1,2,1,0,1,0,0
priority_1360,0,1,2,1,0,1,0,1
not_recom_1361,0,1,2,1,0,1,0,2
priority_1362,0,1,2,1,0,1,1,0
priority_1363,0,1,2,1,0,1,1,1
not_recom_1364,0,1,2,1,0,1,1,2
priority_1365,0,1,2,1,0,1,2,0
priority_1366,0,1,2,1,0,1,2,1
not_recom_1367,0,1,2,1,0,1,2,2
priority_1368,0,1,2,1,1,0,0,0
priority_1369,0,1,2,1,1,0,0,1
not_recom_1370,0,1,2,1,1,0,0,2
priority_1371,0,1,2,1,1,0,1,0
priority_1372,0,1,2,1,1,0,1,1
not_recom_1373,0,1,2,1,1,0,1,2
priority_1374,0,1,2,1,1,0,2,0
priority_1375,0,1,2,1,1,0,2,1
not_recom_1376,0,1,2,1,1,0,2,2
priority_1377,0,1,2,1,1,1,0,0
priority_1378,0,1,2,1,1,1,0,1
not_recom_1379,0,1,2,1,1,1,0,2
priority_1380,0,1,2,1,1,1,1,0
priority_1381,0,1,2,1,1,1,1,1
not_recom_1382,0,1,2,1,1,1,1,2
priority_1383,0,1,2,1,1,1,2,0
priority_1384,0,1,2,1,1,1,2,1
not_recom_1385,0,1,2,1,1,1,2,2
priority_1386,0,1,2,1,2,0,0,0
priority_1387,0,1,2,1,2,0,0,1
not_recom_1388,0,1,2,1,2,0,0,2
priority_1389,0,1,2,1,2,0,1,0
priority_1390,0,1,2,1,2,0,1,1
not_recom_1391,0,1,2,1,2,0,1,2
priority_1392,0,1,2,1,2,0,2,0
priority_1393,0,1,2,1,2,0,2,1
not_recom_1394,0,1,2,1,2,0,2,2
priority_1395,0,1,2,1,2,1,0,0
priority_1396,0,1,2,1,2,1,0,1
not_recom_1397,0,1,2,1,2,1,0,2
priority_1398,0,1,2,1,2,1,1,0
priority_1399,0,1,2,1,2,1,1,1
not_recom_1400,0,1,2,1,2,1,1,2
priority_1401,0,1,2,1,2,1,2,0
priority_1402,0,1,2,1,2,1,2,1
not_recom_1403,0,1,2,1,2,1,2,2
very_recom_1404,0,1,2,2,0,0,0,0
priority_1405,0,1,2,2,0,0,0,1
not_recom_1406,0,1,2,2,0,0,0,2
very_recom_1407,0,1,2,2,0,0,1,0
priority_1408,0,1,2,2,0,0,1,1
not_recom_1409,0,1,2,2,0,0,1,2
priority_1410,0,1,2,2,0,0,2,0
priority_1411,0,1,2,2,0,0,2,1
not_recom_1412,0,1,2,2,0,0,2,2
priority_1413,0,1,2,2,0,1,0,0
priority_1414,0,1,2,2,0,1,0,1
not_recom_1415,0,1,2,2,0,1,0,2
priority_1416,0,1,2,2,0,1,1,0
priority_1417,0,1,2,2,0,1,1,1
not_recom_1418,0,1,2,2,0,1,1,2
priority_1419,0,1,2,2,0,1,2,0
priority_1420,0,1,2,2,0,1,2,1
not_recom_1421,0,1,2,2,0,1,2,2
priority_1422,0,1,2,2,1,0,0,0
priority_1423,0,1,2,2,1,0,0,1
not_recom_1424,0,1,2,2,1,0,0,2
priority_1425,0,1,2,2,1,0,1,0
priority_1426,0,1,2,2,1,0,1,1
not_recom_1427,0,1,2,2,1,0,1,2
priority_1428,0,1,2,2,1,0,2,0
priority_1429,0,1,2,2,1,0,2,1
not_recom_1430,0,1,2,2,1,0,2,2
priority_1431,0,1,2,2,1,1,0,0
priority_1432,0,1,2,2,1,1,0,1
not_recom_1433,0,1,2,2,1,1,0,2
priority_1434,0,1,2,2,1,1,1,0
priority_1435,0,1,2,2,1,1,1,1
not_recom_1436,0,1,2,2,1,1,1,2
priority_1437,0,1,2,2,1,1,2,0
priority_1438,0,1,2,2,1,1,2,1
not_recom_1439,0,1,2,2,1,1,2,2
priority_1440,0,1,2,2,2,0,0,0
priority_1441,0,1,2,2,2,0,0,1
not_recom_1442,0,1,2,2,2,0,0,2
priority_1443,0,1,2,2,2,0,1,0
priority_1444,0,1,2,2,2,0,1,1
not_recom_1445,0,1,2,2,2,0,1,2
priority_1446,0,1,2,2,2,0,2,0
priority_1447,0,1,2,2,2,0,2,1
not_recom_1448,0,1,2,2,2,0,2,2
priority_1449,0,1,2,2,2,1,0,0
priority_1450,0,1,2,2,2,1,0,1
not_recom_1451,0,1,2,2,2,1,0,2
priority_1452,0,1,2,2,2,1,1,0
priority_1453,0,1,2,2,2,1,1,1
not_recom_1454,0,1,2,2,2,1,1,2
priority_1455,0,1,2,2,2,1,2,0
priority_1456,0,1,2,2,2,1,2,1
not_recom_1457,0,1,2,2,2,1,2,2
very_recom_1458,0,1,2,3,0,0,0,0
priority_1459,0,1,2,3,0,0,0,1
not_recom_1460,0,1,2,3,0,0,0,2
very_recom_1461,0,1,2,3,0,0,1,0
priority_1462,0,1,2,3,0,0,1,1
not_recom_1463,0,1,2,3,0,0,1,2
priority_1464,0,1,2,3,0,0,2,0
priority_1465,0,1,2,3,0,0,2,1
not_recom_1466,0,1,2,3,0,0,2,2
priority_1467,0,1,2,3,0,1,0,0
priority_1468,0,1,2,3,0,1,0,1
not_recom_1469,0,1,2,3,0,1,0,2
priority_1470,0,1,2,3,0,1,1,0
priority_1471,0,1,2,3,0,1,1,1
not_recom_1472,0,1,2,3,0,1,1,2
priority_1473,0,1,2,3,0,1,2,0
priority_1474,0,1,2,3,0,1,2,1
not_recom_1475,0,1,2,3,0,1,2,2
priority_1476,0,1,2,3,1,0,0,0
priority_1477,0,1,2,3,1,0,0,1
not_recom_1478,0,1,2,3,1,0,0,2
priority_1479,0,1,2,3,1,0,1,0
priority_1480,0,1,2,3,1,0,1,1
not_recom_1481,0,1,2,3,1,0,1,2
priority_1482,0,1,2,3,1,0,2,0
priority_1483,0,1,2,3,1,0,2,1
not_recom_1484,0,1,2,3,1,0,2,2
priority_1485,0,1,2,3,1,1,0,0
priority_1486,0,1,2,3,1,1,0,1
not_recom_1487,0,1,2,3,1,1,0,2
priority_1488,0,1,2,3,1,1,1,0
priority_1489,0,1,2,3,1,1,1,1
not_recom_1490,0,1,2,3,1,1,1,2
priority_1491,0,1,2,3,1,1,2,0
priority_1492,0,1,2,3,1,1,2,1
not_recom_1493,0,1,2,3,1,1,2,2
priority_1494,0,1,2,3,2,0,0,0
priority_1495,0,1,2,3,2,0,0,1
not_recom_1496,0,1,2,3,2,0,0,2
priority_1497,0,1,2,3,2,0,1,0
priority_1498,0,1,2,3,2,0,1,1
not_recom_1499,0,1,2,3,2,0,1,2
priority_1500,0,1,2,3,2,0,2,0
priority_1501,0,1,2,3,2,0,2,1
not_recom_1502,0,1,2,3,2,0,2,2
priority_1503,0,1,2,3,2,1,0,0
priority_1504,0,1,2,3,2,1,0,1
not_recom_1505,0,1,2,3,2,1,0,2
priority_1506,0,1,2,3,2,1,1,0
priority_1507,0,1,2,3,2,1,1,1
not_recom_1508,0,1,2,3,2,1,1,2
priority_1509,0,1,2,3,2,1,2,0
priority_1510,0,1,2,3,2,1,2,1
not_recom_1511,0,1,2,3,2,1,2,2
very_recom_1512,0,1,3,0,0,0,0,0
priority_1513,0,1,3,0,0,0,0,1
not_recom_1514,0,1,3,0,0,0,0,2
very_recom_1515,0,1,3,0,0,0,1,0
priority_1516,0,1,3,0,0,0,1,1
not_recom_1517,0,1,3,0,0,0,1,2
priority_1518,0,1,3,0,0,0,2,0
priority_1519,0,1,3,0,0,0,2,1
not_recom_1520,0,1,3,0,0,0,2,2
priority_1521,0,1,3,0,0,1,0,0
priority_1522,0,1,3,0,0,1,0,1
not_recom_1523,0,1,3,0,0,1,0,2
priority_1524,0,1,3,0,0,1,1,0
priority_1525,0,1,3,0,0,1,1,1
not_recom_1526,0,1,3,0,0,1,1,2
priority_1527,0,1,3,0,0,1,2,0
priority_1528,0,1,3,0,0,1,2,1
not_recom_1529,0,1,3,0,0,1,2,2
priority_1530,0,1,3,0,1,0,0,0
priority_1531,0,1,3,0,1,0,0,1
not_recom_1532,0,1,3,0,1,0,0,2
priority_1533,0,1,3,0,1,0,1,0
priority_1534,0,1,3,0,1,0,1,1
not_recom_1535,0,1,3,0,1,0,1,2
priority_1536,0,1,3,0,1,0,2,0
priority_1537,0,1,3,0,1,0,2,1
not_recom_1538,0,1,3,0,1,0,2,2
priority_1539,0,1,3,0,1,1,0,0
priority_1540,0,1,3,0,1,1,0,1
not_recom_1541,0,1,3,0,1,1,0,2
priority_1542,0,1,3,0,1,1,1,0
priority_1543,0,1,3,0,1,1,1,1
not_recom_1544,0,1,3,0,1,1,1,2
priority_1545,0,1,3,0,1,1,2,0
priority_1546,0,1,3,0,1,1,2,1
not_recom_1547,0,1,3,0,1,1,2,2
priority_1548,0,1,3,0,2,0,0,0
priority_1549,0,1,3,0,2,0,0,1
not_recom_1550,0,1,3,0,2,0,0,2
priority_1551,0,1,3,0,2,0,1,0
priority_1552,0,1,3,0,2,0,1,1
not_recom_1553,0,1,3,0,2,0,1,2
priority_1554,0,1,3,0,2,0,2,0
priority_1555,0,1,3,0,2,0,2,1
not_recom_1556,0,1,3,0,2,0,2,2
priority_1557,0,1,3,0,2,1,0,0
priority_1558,0,1,3,0,2,1,0,1
not_recom_1559,0,1,3,0,2,1,0,2
priority_1560,0,1,3,0,2,1,1,0
priority_1561,0,1,3,0,2,1,1,1
not_recom_1562,0,1,3,0,2,1,1,2
priority_1563,0,1,3,0,2,1,2,0
priority_1564,0,1,3,0,2,1,2,1
not_recom_1565,0,1,3,0,2,1,2,2
very_recom_1566,0,1,3,1,0,0,0,0
priority_1567,0,1,3,1,0,0,0,1
not_recom_1568,0,1,3,1,0,0,0,2
very_recom_1569,0,1,3,1,0,0,1,0
priority_1570,0,1,3,1,0,0,1,1
not_recom_1571,0,1,3,1,0,0,1,2
priority_1572,0,1,3,1,0,0,2,0
priority_1573,0,1,3,1,0,0,2,1
not_recom_1574,0,1,3,1,0,0,2,2
priority_1575,0,1,3,1,0,1,0,0
priority_1576,0,1,3,1,0,1,0,1
not_recom_1577,0,1,3,1,0,1,0,2
priority_1578,0,1,3,1,0,1,1,0
priority_1579,0,1,3,1,0,1,1,1
not_recom_1580,0,1,3,1,0,1,1,2
priority_1581,0,1,3,1,0,1,2,0
priority_1582,0,1,3,1,0,1,2,1
not_recom_1583,0,1,3,1,0,1,2,2
priority_1584,0,1,3,1,1,0,0,0
priority_1585,0,1,3,1,1,0,0,1
not_recom_1586,0,1,3,1,1,0,0,2
priority_1587,0,1,3,1,1,0,1,0
priority_1588,0,1,3,1,1,0,1,1
not_recom_1589,0,1,3,1,1,0,1,2
priority_1590,0,1,3,1,1,0,2,0
priority_1591,0,1,3,1,1,0,2,1
not_recom_1592,0,1,3,1,1,0,2,2
priority_1593,0,1,3,1,1,1,0,0
priority_1594,0,1,3,1,1,1,0,1
not_recom_1595,0,1,3,1,1,1,0,2
priority_1596,0,1,3,1,1,1,1,0
priority_1597,0,1,3,1,1,1,1,1
not_recom_1598,0,1,3,1,1,1,1,2
priority_1599,0,1,3,1,1,1,2,0
priority_1600,0,1,3,1,1,1,2,1
not_recom_1601,0,1,3,1,1,1,2,2
priority_1602,0,1,3,1,2,0,0,0
priority_1603,0,1,3,1,2,0,0,1
not_recom_1604,0,1,3,1,2,0,0,2
priority_1605,0,1,3,1,2,0,1,0
priority_1606,0,1,3,1,2,0,1,1
not_recom_1607,0,1,3,1,2,0,1,2
priority_1608,0,1,3,1,2,0,2,0
priority_1609,0,1,3,1,2,0,2,1
not_recom_1610,0,1,3,1,2,0,2,2
priority_1611,0,1,3,1,2,1,0,0
priority_1612,0,1,3,1,2,1,0,1
not_recom_1613,0,1,3,1,2,1,0,2
priority_1614,0,1,3,1,2,1,1,0
priority_1615,0,1,3,1,2,1,1,1
not_recom_1616,0,1,3,1,2,1,1,2
priority_1617,0,1,3,1,2,1,2,0
priority_1618,0,1,3,1,2,1,2,1
not_recom_1619,0,1,3,1,2,1,2,2
very_recom_1620,0,1,3,2,0,0,0,0
priority_1621,0,1,3,2,0,0,0,1
not_recom_1622,0,1,3,2,0,0,0,2
very_recom_1623,0,1,3,2,0,0,1,0
priority_1624,0,1,3,2,0,0,1,1
not_recom_1625,0,1,3,2,0,0,1,2
priority_1626,0,1,3,2,0,0,2,0
priority_1627,0,1,3,2,0,0,2,1
not_recom_1628,0,1,3,2,0,0,2,2
priority_1629,0,1,3,2,0,1,0,0
priority_1630,0,1,3,2,0,1,0,1
not_recom_1631,0,1,3,2,0,1,0,2
priority_1632,0,1,3,2,0,1,1,0
priority_1633,0,1,3,2,0,1,1,1
not_recom_1634,0,1,3,2,0,1,1,2
priority_1635,0,1,3,2,0,1,2,0
priority_1636,0,1,3,2,0,1,2,1
not_recom_1637,0,1,3,2,0,1,2,2
priority_1638,0,1,3,2,1,0,0,0
priority_1639,0,1,3,2,1,0,0,1
not_recom_1640,0,1,3,2,1,0,0,2
priority_1641,0,1,3,2,1,0,1,0
priority_1642,0,1,3,2,1,0,1,1
not_recom_1643,0,1,3,2,1,0,1,2
priority_1644,0,1,3,2,1,0,2,0
priority_1645,0,1,3,2,1,0,2,1
not_recom_1646,0,1,3,2,1,0,2,2
priority_1647,0,1,3,2,1,1,0,0
priority_1648,0,1,3,2,1,1,0,1
not_recom_1649,0,1,3,2,1,1,0,2
priority_1650,0,1,3,2,1,1,1,0
priority_1651,0,1,3,2,1,1,1,1
not_recom_1652,0,1,3,2,1,1,1,2
priority_1653,0,1,3,2,1,1,2,0
priority_1654,0,1,3,2,1,1,2,1
not_recom_1655,0,1,3,2,1,1,2,2
priority_1656,0,1,3,2,2,0,0,0
priority_1657,0,1,3,2,2,0,0,1
not_recom_1658,0,1,3,2,2,0,0,2
priority_1659,0,1,3,2,2,0,1,0
priority_1660,0,1,3,2,2,0,1,1
not_recom_1661,0,1,3,2,2,0,1,2
priority_1662,0,1,3,2,2,0,2,0
priority_1663,0,1,3,2,2,0,2,1
not_recom_1664,0,1,3,2,2,0,2,2
priority_1665,0,1,3,2,2,1,0,0
priority_1666,0,1,3,2,2,1,0,1
not_recom_1667,0,1,3,2,2,1,0,2
priority_1668,0,1,3,2,2,1,1,0
priority_1669,0,1,3,2,2,1,1,1
not_recom_1670,0,1,3,2,2,1,1,2
priority_1671,0,1,3,2,2,1,2,0
priority_1672,0,1,3,2,2,1,2,1
not_recom_1673,0,1,3,2,2,1,2,2
very_recom_1674,0,1,3,3,0,0,0,0
priority_1675,0,1,3,3,0,0,0,1
not_recom_1676,0,1,3,3,0,0,0,2
very_recom_1677,0,1,3,3,0,0,1,0
priority_1678,0,1,3,3,0,0,1,1
not_recom_1679,0,1,3,3,0,0,1,2
priority_1680,0,1,3,3,0,0,2,0
priority_1681,0,1,3,3,0,0,2,1
not_recom_1682,0,1,3,3,0,0,2,2
priority_1683,0,1,3,3,0,1,0,0
priority_1684,0,1,3,3,0,1,0,1
not_recom_1685,0,1,3,3,0,1,0,2
priority_1686,0,1,3,3,0,1,1,0
priority_1687,0,1,3,3,0,1,1,1
not_recom_1688,0,1,3,3,0,1,1,2
priority_1689,0,1,3,3,0,1,2,0
priority_1690,0,1,3,3,0,1,2,1
not_recom_1691,0,1,3,3,0,1,2,2
priority_1692,0,1,3,3,1,0,0,0
priority_1693,0,1,3,3,1,0,0,1
not_recom_1694,0,1,3,3,1,0,0,2
priority_1695,0,1,3,3,1,0,1,0
priority_1696,0,1,3,3,1,0,1,1
not_recom_1697,0,1,3,3,1,0,1,2
priority_1698,0,1,3,3,1,0,2,0
priority_1699,0,1,3,3,1,0,2,1
not_recom_1700,0,1,3,3,1,0,2,2
priority_1701,0,1,3,3,1,1,0,0
priority_1702,0,1,3,3,1,1,0,1
not_recom_1703,0,1,3,3,1,1,0,2
priority_1704,0,1,3,3,1,1,1,0
priority_1705,0,1,3,3,1,1,1,1
not_recom_1706,0,1,3,3,1,1,1,2
priority_1707,0,1,3,3,1,1,2,0
priority_1708,0,1,3,3,1,1,2,1
not_recom_1709,0,1,3,3,1,1,2,2
priority_1710,0,1,3,3,2,0,0,0
priority_1711,0,1,3,3,2,0,0,1
not_recom_1712,0,1,3,3,2,0,0,2
priority_1713,0,1,3,3,2,0,1,0
priority_1714,0,1,3,3,2,0,1,1
not_recom_1715,0,1,3,3,2,0,1,2
priority_1716,0,1,3,3,2,0,2,0
priority_1717,0,1,3,3,2,0,2,1
not_recom_1718,0,1,3,3,2,0,2,2
priority_1719,0,1,3,3,2,1,0,0
priority_1720,0,1,3,3,2,1,0,1
not_recom_1721,0,1,3,3,2,1,0,2
priority_1722,0,1,3,3,2,1,1,0
priority_1723,0,1,3,3,2,1,1,1
not_recom_1724,0,1,3,3,2,1,1,2
priority_1725,0,1,3,3,2,1,2,0
priority_1726,0,1,3,3,2,1,2,1
not_recom_1727,0,1,3,3,2,1,2,2
very_recom_1728,0,2,0,0,0,0,0,0
priority_1729,0,2,0,0,0,0,0,1
not_recom_1730,0,2,0,0,0,0,0,2
very_recom_1731,0,2,0,0,0,0,1,0
priority_1732,0,2,0,0,0,0,1,1
not_recom_1733,0,2,0,0,0,0,1,2
priority_1734,0,2,0,0,0,0,2,0
priority_1735,0,2,0,0,0,0,2,1
not_recom_1736,0,2,0,0,0,0,2,2
very_recom_1737,0,2,0,0,0,1,0,0
priority_1738,0,2,0,0,0,1,0,1
not_recom_1739,0,2,0,0,0,1,0,2
very_recom_1740,0,2,0,0,0,1,1,0
priority_1741,0,2,0,0,0,1,1,1
not_recom_1742,0,2,0,0,0,1,1,2
priority_1743,0,2,0,0,0,1,2,0
priority_1744,0,2,0,0,0,1,2,1
not_recom_1745,0,2,0,0,0,1,2,2
very_recom_1746,0,2,0,0,1,0,0,0
priority_1747,0,2,0,0,1,0,0,1
not_recom_1748,0,2,0,0,1,0,0,2
very_recom_1749,0,2,0,0,1,0,1,0
priority_1750,0,2,0,0,1,0,1,1
not_recom_1751,0,2,0,0,1,0,1,2
priority_1752,0,2,0,0,1,0,2,0
priority_1753,0,2,0,0,1,0,2,1
not_recom_1754,0,2,0,0,1,0,2,2
very_recom_1755,0,2,0,0,1,1,0,0
priority_1756,0,2,0,0,1,1,0,1
not_recom_1757,0,2,0,0,1,1,0,2
very_recom_1758,0,2,0,0,1,1,1,0
priority_1759,0,2,0,0,1,1,1,1
not_recom_1760,0,2,0,0,1,1,1,2
priority_1761,0,2,0,0,1,1,2,0
priority_1762,0,2,0,0,1,1,2,1
not_recom_1763,0,2,0,0,1,1,2,2
very_recom_1764,0,2,0,0,2,0,0,0
priority_1765,0,2,0,0,2,0,0,1
not_recom_1766,0,2,0,0,2,0,0,2
very_recom_1767,0,2,0,0,2,0,1,0
priority_1768,0,2,0,0,2,0,1,1
not_recom_1769,0,2,0,0,2,0,1,2
priority_1770,0,2,0,0,2,0,2,0
priority_1771,0,2,0,0,2,0,2,1
not_recom_1772,0,2,0,0,2,0,2,2
very_recom_1773,0,2,0,0,2,1,0,0
priority_1774,0,2,0,0,2,1,0,1
not_recom_1775,0,2,0,0,2,1,0,2
very_recom_1776,0,2,0,0,2,1,1,0
priority_1777,0,2,0,0,2,1,1,1
not_recom_1778,0,2,0,0,2,1,1,2
priority_1779,0,2,0,0,2,1,2,0
priority_1780,0,2,0,0,2,1,2,1
not_recom_1781,0,2,0,0,2,1,2,2
very_recom_1782,0,2,0,1,0,0,0,0
priority_1783,0,2,0,1,0,0,0,1
not_recom_1784,0,2,0,1,0,0,0,2
very_recom_1785,0,2,0,1,0,0,1,0
priority_1786,0,2,0,1,0,0,1,1
not_recom_1787,0,2,0,1,0,0,1,2
priority_1788,0,2,0,1,0,0,2,0
priority_1789,0,2,0,1,0,0,2,1
not_recom_1790,0,2,0,1,0,0,2,2
very_recom_1791,0,2,0,1,0,1,0,0
priority_1792,0,2,0,1,0,1,0,1
not_recom_1793,0,2,0,1,0,1,0,2
very_recom_1794,0,2,0,1,0,1,1,0
priority_1795,0,2,0,1,0,1,1,1
not_recom_1796,0,2,0,1,0,1,1,2
priority_1797,0,2,0,1,0,1,2,0
priority_1798,0,2,0,1,0,1,2,1
not_recom_1799,0,2,0,1,0,1,2,2
very_recom_1800,0,2,0,1,1,0,0,0
priority_1801,0,2,0,1,1,0,0,1
not_recom_1802,0,2,0,1,1,0,0,2
very_recom_1803,0,2,0,1,1,0,1,0
priority_1804,0,2,0,1,1,0,1,1
not_recom_1805,0,2,0,1,1,0,1,2
priority_1806,0,2,0,1,1,0,2,0
priority_1807,0,2,0,1,1,0,2,1
not_recom_1808,0,2,0,1,1,0,2,2
very_recom_1809,0,2,0,1,1,1,0,0
priority_1810,0,2,0,1,1,1,0,1
not_recom_1811,0,2,0,1,1,1,0,2
very_recom_1812,0,2,0,1,1,1,1,0
priority_1813,0,2,0,1,1,1,1,1
not_recom_1814,0,2,0,1,1,1,1,2
priority_1815,0,2,0,1,1,1,2,0
priority_1816,0,2,0,1,1,1,2,1
not_recom_1817,0,2,0,1,1,1,2,2
priority_1818,0,2,0,1,2,0,0,0
priority_1819,0,2,0,1,2,0,0,1
not_recom_1820,0,2,0,1,2,0,0,2
priority_1821,0,2,0,1,2,0,1,0
priority_1822,0,2,0,1,2,0,1,1
not_recom_1823,0,2,0,1,2,0,1,2
priority_1824,0,2,0,1,2,0,2,0
priority_1825,0,2,0,1,2,0,2,1
not_recom_1826,0,2,0,1,2,0,2,2
priority_1827,0,2,0,1,2,1,0,0
priority_1828,0,2,0,1,2,1,0,1
not_recom_1829,0,2,0,1,2,1,0,2
priority_1830,0,2,0,1,2,1,1,0
priority_1831,0,2,0,1,2,1,1,1
not_recom_1832,0,2,0,1,2,1,1,2
priority_1833,0,2,0,1,2,1,2,0
priority_1834,0,2,0,1,2,1,2,1
not_recom_1835,0,2,0,1,2,1,2,2
very_recom_1836,0,2,0,2,0,0,0,0
priority_1837,0,2,0,2,0,0,0,1
not_recom_1838,0,2,0,2,0,0,0,2
very_recom_1839,0,2,0,2,0,0,1,0
priority_1840,0,2,0,2,0,0,1,1
not_recom_1841,0,2,0,2,0,0,1,2
priority_1842,0,2,0,2,0,0,2,0
priority_1843,0,2,0,2,0,0,2,1
not_recom_1844,0,2,0,2,0,0,2,2
priority_1845,0,2,0,2,0,1,0,0
priority_1846,0,2,0,2,0,1,0,1
not_recom_1847,0,2,0,2,0,1,0,2
priority_1848,0,2,0,2,0,1,1,0
priority_1849,0,2,0,2,0,1,1,1
not_recom_1850,0,2,0,2,0,1,1,2
priority_1851,0,2,0,2,0,1,2,0
priority_1852,0,2,0,2,0,1,2,1
not_recom_1853,0,2,0,2,0,1,2,2
priority_1854,0,2,0,2,1,0,0,0
priority_1855,0,2,0,2,1,0,0,1
not_recom_1856,0,2,0,2,1,0,0,2
priority_1857,0,2,0,2,1,0,1,0
priority_1858,0,2,0,2,1,0,1,1
not_recom_1859,0,2,0,2,1,0,1,2
priority_1860,0,2,0,2,1,0,2,0
priority_1861,0,2,0,2,1,0,2,1
not_recom_1862,0,2,0,2,1,0,2,2
priority_1863,0,2,0,2,1,1,0,0
priority_1864,0,2,0,2,1,1,0,1
not_recom_1865,0,2,0,2,1,1,0,2
priority_1866,0,2,0,2,1,1,1,0
priority_1867,0,2,0,2,1,1,1,1
not_recom_1868,0,2,0,2,1,1,1,2
priority_1869,0,2,0,2,1,1,2,0
priority_1870,0,2,0,2,1,1,2,1
not_recom_1871,0,2,0,2,1,1,2,2
priority_1872,0,2,0,2,2,0,0,0
priority_1873,0,2,0,2,2,0,0,1
not_recom_1874,0,2,0,2,2,0,0,2
priority_1875,0,2,0,2,2,0,1,0
priority_1876,0,2,0,2,2,0,1,1
not_recom_1877,0,2,0,2,2,0,1,2
priority_1878,0,2,0,2,2,0,2,0
priority_1879,0,2,0,2,2,0,2,1
not_recom_1880,0,2,0,2,2,0,2,2
priority_1881,0,2,0,2,2,1,0,0
priority_1882,0,2,0,2,2,1,0,1
not_recom_1883,0,2,0,2,2,1,0,2
priority_1884,0,2,0,2,2,1,1,0
priority_1885,0,2,0,2,2,1,1,1
not_recom_1886,0,2,0,2,2,1,1,2
priority_1887,0,2,0,2,2,1,2,0
priority_1888,0,2,0,2,2,1,2,1
not_recom_1889,0,2,0,2,2,1,2,2
very_recom_1890,0,2,0,3,0,0,0,0
priority_1891,0,2,0,3,0,0,0,1
not_recom_1892,0,2,0,3,0,0,0,2
very_recom_1893,0,2,0,3,0,0,1,0
priority_1894,0,2,0,3,0,0,1,1
not_recom_1895,0,2,0,3,0,0,1,2
priority_1896,0,2,0,3,0,0,2,0
priority_1897,0,2,0,3,0,0,2,1
not_recom_1898,0,2,0,3,0,0,2,2
priority_1899,0,2,0,3,0,1,0,0
priority_1900,0,2,0,3,0,1,0,1
not_recom_1901,0,2,0,3,0,1,0,2
priority_1902,0,2,0,3,0,1,1,0
priority_1903,0,2,0,3,0,1,1,1
not_recom_1904,0,2,0,3,0,1,1,2
priority_1905,0,2,0,3,0,1,2,0
priority_1906,0,2,0,3,0,1,2,1
not_recom_1907,0,2,0,3,0,1,2,2
priority_1908,0,2,0,3,1,0,0,0
priority_1909,0,2,0,3,1,0,0,1
not_recom_1910,0,2,0,3,1,0,0,2
priority_1911,0,2,0,3,1,0,1,0
priority_1912,0,2,0,3,1,0,1,1
not_recom_1913,0,2,0,3,1,0,1,2
priority_1914,0,2,0,3,1,0,2,0
priority_1915,0,2,0,3,1,0,2,1
not_recom_1916,0,2,0,3,1,0,2,2
priority_1917,0,2,0,3,1,1,0,0
priority_1918,0,2,0,3,1,1,0,1
not_recom_1919,0,2,0,3,1,1,0,2
priority_1920,0,2,0,3,1,1,1,0
priority_1921,0,2,0,3,1,1,1,1
not_recom_1922,0,2,0,3,1,1,1,2
priority_1923,0,2,0,3,1,1,2,0
priority_1924,0,2,0,3,1,1,2,1
not_recom_1925,0,2,0,3,1,1,2,2
priority_1926,0,2,0,3,2,0,0,0
priority_1927,0,2,0,3,2,0,0,1
not_recom_1928,0,2,0,3,2,0,0,2
priority_1929,0,2,0,3,2,0,1,0
priority_1930,0,2,0,3,2,0,1,1
not_recom_1931,0,2,0,3,2,0,1,2
priority_1932,0,2,0,3,2,0,2,0
priority_1933,0,2,0,3,2,0,2,1
not_recom_1934,0,2,0,3,2,0,2,2
priority_1935,0,2,0,3,2,1,0,0
priority_1936,0,2,0,3,2,1,0,1
not_recom_1937,0,2,0,3,2,1,0,2
priority_1938,0,2,0,3,2,1,1,0
priority_1939,0,2,0,3,2,1,1,1
not_recom_1940,0,2,0,3,2,1,1,2
priority_1941,0,2,0,3,2,1,2,0
priority_1942,0,2,0,3,2,1,2,1
not_recom_1943,0,2,0,3,2,1,2,2
very_recom_1944,0,2,1,0,0,0,0,0
priority_1945,0,2,1,0,0,0,0,1
not_recom_1946,0,2,1,0,0,0,0,2
very_recom_1947,0,2,1,0,0,0,1,0
priority_1948,0,2,1,0,0,0,1,1
not_recom_1949,0,2,1,0,0,0,1,2
priority_1950,0,2,1,0,0,0,2,0
priority_1951,0,2,1,0,0,0,2,1
not_recom_1952,0,2,1,0,0,0,2,2
very_recom_1953,0,2,1,0,0,1,0,0
priority_1954,0,2,1,0,0,1,0,1
not_recom_1955,0,2,1,0,0,1,0,2
very_recom_1956,0,2,1,0,0,1,1,0
priority_1957,0,2,1,0,0,1,1,1
not_recom_1958,0,2,1,0,0,1,1,2
priority_1959,0,2,1,0,0,1,2,0
priority_1960,0,2,1,0,0,1,2,1
not_recom_1961,0,2,1,0,0,1,2,2
very_recom_1962,0,2,1,0,1,0,0,0
priority_1963,0,2,1,0,1,0,0,1
not_recom_1964,0,2,1,0,1,0,0,2
very_recom_1965,0,2,1,0,1,0,1,0
priority_1966,0,2,1,0,1,0,1,1
not_recom_1967,0,2,1,0,1,0,1,2
priority_1968,0,2,1,0,1,0,2,0
priority_1969,0,2,1,0,1,0,2,1
not_recom_1970,0,2,1,0,1,0,2,2
very_recom_1971,0,2,1,0,1,1,0,0
priority_1972,0,2,1,0,1,1,0,1
not_recom_1973,0,2,1,0,1,1,0,2
very_recom_1974,0,2,1,0,1,1,1,0
priority_1975,0,2,1,0,1,1,1,1
not_recom_1976,0,2,1,0,1,1,1,2
priority_1977,0,2,1,0,1,1,2,0
priority_1978,0,2,1,0,1,1,2,1
not_recom_1979,0,2,1,0,1,1,2,2
priority_1980,0,2,1,0,2,0,0,0
priority_1981,0,2,1,0,2,0,0,1
not_recom_1982,0,2,1,0,2,0,0,2
priority_1983,0,2,1,0,2,0,1,0
priority_1984,0,2,1,0,2,0,1,1
not_recom_1985,0,2,1,0,2,0,1,2
priority_1986,0,2,1,0,2,0,2,0
priority_1987,0,2,1,0,2,0,2,1
not_recom_1988,0,2,1,0,2,0,2,2
priority_1989,0,2,1,0,2,1,0,0
priority_1990,0,2,1,0,2,1,0,1
not_recom_1991,0,2,1,0,2,1,0,2
priority_1992,0,2,1,0,2,1,1,0
priority_1993,0,2,1,0,2,1,1,1
not_recom_1994,0,2,1,0,2,1,1,2
priority_1995,0,2,1,0,2,1,2,0
priority_1996,0,2,1,0,2,1,2,1
not_recom_1997,0,2,1,0,2,1,2,2
very_recom_1998,0,2,1,1,0,0,0,0
priority_1999,0,2,1,1,0,0,0,1
not_recom_2000,0,2,1,1,0,0,0,2
very_recom_2001,0,2,1,1,0,0,1,0
priority_2002,0,2,1,1,0,0,1,1
not_recom_2003,0,2,1,1,0,0,1,2
priority_2004,0,2,1,1,0,0,2,0
priority_2005,0,2,1,1,0,0,2,1
not_recom_2006,0,2,1,1,0,0,2,2
very_recom_2007,0,2,1,1,0,1,0,0
priority_2008,0,2,1,1,0,1,0,1
not_recom_2009,0,2,1,1,0,1,0,2
very_recom_2010,0,2,1,1,0,1,1,0
priority_2011,0,2,1,1,0,1,1,1
not_recom_2012,0,2,1,1,0,1,1,2
priority_2013,0,2,1,1,0,1,2,0
priority_2014,0,2,1,1,0,1,2,1
not_recom_2015,0,2,1,1,0,1,2,2
very_recom_2016,0,2,1,1,1,0,0,0
priority_2017,0,2,1,1,1,0,0,1
not_recom_2018,0,2,1,1,1,0,0,2
very_recom_2019,0,2,1,1,1,0,1,0
priority_2020,0,2,1,1,1,0,1,1
not_recom_2021,0,2,1,1,1,0,1,2
priority_2022,0,2,1,1,1,0,2,0
priority_2023,0,2,1,1,1,0,2,1
not_recom_2024,0,2,1,1,1,0,2,2
very_recom_2025,0,2,1,1,1,1,0,0
priority_2026,0,2,1,1,1,1,0,1
not_recom_2027,0,2,1,1,1,1,0,2
very_recom_2028,0,2,1,1,1,1,1,0
priority_2029,0,2,1,1,1,1,1,1
not_recom_2030,0,2,1,1,1,1,1,2
priority_2031,0,2,1,1,1,1,2,0
priority_2032,0,2,1,1,1,1,2,1
not_recom_2033,0,2,1,1,1,1,2,2
priority_2034,0,2,1,1,2,0,0,0
priority_2035,0,2,1,1,2,0,0,1
not_recom_2036,0,2,1,1,2,0,0,2
priority_2037,0,2,1,1,2,0,1,0
priority_2038,0,2,1,1,2,0,1,1
not_recom_2039,0,2,1,1,2,0,1,2
priority_2040,0,2,1,1,2,0,2,0
priority_2041,0,2,1,1,2,0,2,1
not_recom_2042,0,2,1,1,2,0,2,2
priority_2043,0,2,1,1,2,1,0,0
priority_2044,0,2,1,1,2,1,0,1
not_recom_2045,0,2,1,1,2,1,0,2
priority_2046,0,2,1,1,2,1,1,0
priority_2047,0,2,1,1,2,1,1,1
not_recom_2048,0,2,1,1,2,1,1,2
priority_2049,0,2,1,1,2,1,2,0
priority_2050,0,2,1,1,2,1,2,1
not_recom_2051,0,2,1,1,2,1,2,2
very_recom_2052,0,2,1,2,0,0,0,0
priority_2053,0,2,1,2,0,0,0,1
not_recom_2054,0,2,1,2,0,0,0,2
very_recom_2055,0,2,1,2,0,0,1,0
priority_2056,0,2,1,2,0,0,1,1
not_recom_2057,0,2,1,2,0,0,1,2
priority_2058,0,2,1,2,0,0,2,0
priority_2059,0,2,1,2,0,0,2,1
not_recom_2060,0,2,1,2,0,0,2,2
priority_2061,0,2,1,2,0,1,0,0
priority_2062,0,2,1,2,0,1,0,1
not_recom_2063,0,2,1,2,0,1,0,2
priority_2064,0,2,1,2,0,1,1,0
priority_2065,0,2,1,2,0,1,1,1
not_recom_2066,0,2,1,2,0,1,1,2
priority_2067,0,2,1,2,0,1,2,0
priority_2068,0,2,1,2,0,1,2,1
not_recom_2069,0,2,1,2,0,1,2,2
priority_2070,0,2,1,2,1,0,0,0
priority_2071,0,2,1,2,1,0,0,1
not_recom_2072,0,2,1,2,1,0,0,2
priority_2073,0,2,1,2,1,0,1,0
priority_2074,0,2,1,2,1,0,1,1
not_recom_2075,0,2,1,2,1,0,1,2
priority_2076,0,2,1,2,1,0,2,0
priority_2077,0,2,1,2,1,0,2,1
not_recom_2078,0,2,1,2,1,0,2,2
priority_2079,0,2,1,2,1,1,0,0
priority_2080,0,2,1,2,1,1,0,1
not_recom_2081,0,2,1,2,1,1,0,2
priority_2082,0,2,1,2,1,1,1,0
priority_2083,0,2,1,2,1,1,1,1
not_recom_2084,0,2,1,2,1,1,1,2
priority_2085,0,2,1,2,1,1,2,0
priority_2086,0,2,1,2,1,1,2,1
not_recom_2087,0,2,1,2,1,1,2,2
priority_2088,0,2,1,2,2,0,0,0
priority_2089,0,2,1,2,2,0,0,1
not_recom_2090,0,2,1,2,2,0,0,2
priority_2091,0,2,1,2,2,0,1,0
priority_2092,0,2,1,2,2,0,1,1
not_recom_2093,0,2,1,2,2,0,1,2
priority_2094,0,2,1,2,2,0,2,0
priority_2095,0,2,1,2,2,0,2,1
not_recom_2096,0,2,1,2,2,0,2,2
priority_2097,0,2,1,2,2,1,0,0
priority_2098,0,2,1,2,2,1,0,1
not_recom_2099,0,2,1,2,2,1,0,2
priority_2100,0,2,1,2,2,1,1,0
priority_2101,0,2,1,2,2,1,1,1
not_recom_2102,0,2,1,2,2,1,1,2
priority_2103,0,2,1,2,2,1,2,0
priority_2104,0,2,1,2,2,1,2,1
not_recom_2105,0,2,1,2,2,1,2,2
very_recom_2106,0,2,1,3,0,0,0,0
priority_2107,0,2,1,3,0,0,0,1
not_recom_2108,0,2,1,3,0,0,0,2
very_recom_2109,0,2,1,3,0,0,1,0
priority_2110,0,2,1,3,0,0,1,1
not_recom_2111,0,2,1,3,0,0,1,2
priority_2112,0,2,1,3,0,0,2,0
priority_2113,0,2,1,3,0,0,2,1
not_recom_2114,0,2,1,3,0,0,2,2
priority_2115,0,2,1,3,0,1,0,0
priority_2116,0,2,1,3,0,1,0,1
not_recom_2117,0,2,1,3,0,1,0,2
priority_2118,0,2,1,3,0,1,1,0
priority_2119,0,2,1,3,0,1,1,1
not_recom_2120,0,2,1,3,0,1,1,2
priority_2121,0,2,1,3,0,1,2,0
priority_2122,0,2,1,3,0,1,2,1
not_recom_2123,0,2,1,3,0,1,2,2
priority_2124,0,2,1,3,1,0,0,0
priority_2125,0,2,1,3,1,0,0,1
not_recom_2126,0,2,1,3,1,0,0,2
priority_2127,0,2,1,3,1,0,1,0
priority_2128,0,2,1,3,1,0,1,1
not_recom_2129,0,2,1,3,1,0,1,2
priority_2130,0,2,1,3,1,0,2,0
priority_2131,0,2,1,3,1,0,2,1
not_recom_2132,0,2,1,3,1,0,2,2
priority_2133,0,2,1,3,1,1,0,0
priority_2134,0,2,1,3,1,1,0,1
not_recom_2135,0,2,1,3,1,1,0,2
priority_2136,0,2,1,3,1,1,1,0
priority_2137,0,2,1,3,1,1,1,1
not_recom_2138,0,2,1,3,1,1,1,2
priority_2139,0,2,1,3,1,1,2,0
priority_2140,0,2,1,3,1,1,2,1
not_recom_2141,0,2,1,3,1,1,2,2
priority_2142,0,2,1,3,2,0,0,0
priority_2143,0,2,1,3,2,0,0,1
not_recom_2144,0,2,1,3,2,0,0,2
priority_2145,0,2,1,3,2,0,1,0
priority_2146,0,2,1,3,2,0,1,1
not_recom_2147,0,2,1,3,2,0,1,2
priority_2148,0,2,1,3,2,0,2,0
priority_2149,0,2,1,3,2,0,2,1
not_recom_2150,0,2,1,3,2,0,2,2
priority_2151,0,2,1,3,2,1,0,0
priority_2152,0,2,1,3,2,1,0,1
not_recom_2153,0,2,1,3,2,1,0,2
priority_2154,0,2,1,3,2,1,1,0
priority_2155,0,2,1,3,2,1,1,1
not_recom_2156,0,2,1,3,2,1,1,2
priority_2157,0,2,1,3,2,1,2,0
priority_2158,0,2,1,3,2,1,2,1
not_recom_2159,0,2,1,3,2,1,2,2
very_recom_2160,0,2,2,0,0,0,0,0
priority_2161,0,2,2,0,0,0,0,1
not_recom_2162,0,2,2,0,0,0,0,2
very_recom_2163,0,2,2,0,0,0,1,0
priority_2164,0,2,2,0,0,0,1,1
not_recom_2165,0,2,2,0,0,0,1,2
priority_2166,0,2,2,0,0,0,2,0
priority_2167,0,2,2,0,0,0,2,1
not_recom_2168,0,2,2,0,0,0,2,2
very_recom_2169,0,2,2,0,0,1,0,0
priority_2170,0,2,2,0,0,1,0,1
not_recom_2171,0,2,2,0,0,1,0,2
very_recom_2172,0,2,2,0,0,1,1,0
priority_2173,0,2,2,0,0,1,1,1
not_recom_2174,0,2,2,0,0,1,1,2
priority_2175,0,2,2,0,0,1,2,0
priority_2176,0,2,2,0,0,1,2,1
not_recom_2177,0,2,2,0,0,1,2,2
very_recom_2178,0,2,2,0,1,0,0,0
priority_2179,0,2,2,0,1,0,0,1
not_recom_2180,0,2,2,0,1,0,0,2
very_recom_2181,0,2,2,0,1,0,1,0
priority_2182,0,2,2,0,1,0,1,1
not_recom_2183,0,2,2,0,1,0,1,2
priority_2184,0,2,2,0,1,0,2,0
priority_2185,0,2,2,0,1,0,2,1
not_recom_2186,0,2,2,0,1,0,2,2
very_recom_2187,0,2,2,0,1,1,0,0
priority_2188,0,2,2,0,1,1,0,1
not_recom_2189,0,2,2,0,1,1,0,2
very_recom_2190,0,2,2,0,1,1,1,0
priority_2191,0,2,2,0,1,1,1,1
not_recom_2192,0,2,2,0,1,1,1,2
priority_2193,0,2,2,0,1,1,2,0
priority_2194,0,2,2,0,1,1,2,1
not_recom_2195,0,2,2,0,1,1,2,2
priority_2196,0,2,2,0,2,0,0,0
priority_2197,0,2,2,0,2,0,0,1
not_recom_2198,0,2,2,0,2,0,0,2
priority_2199,0,2,2,0,2,0,1,0
priority_2200,0,2,2,0,2,0,1,1
not_recom_2201,0,2,2,0,2,0,1,2
priority_2202,0,2,2,0,2,0,2,0
priority_2203,0,2,2,0,2,0,2,1
not_recom_2204,0,2,2,0,2,0,2,2
priority_2205,0,2,2,0,2,1,0,0
priority_2206,0,2,2,0,2,1,0,1
not_recom_2207,0,2,2,0,2,1,0,2
priority_2208,0,2,2,0,2,1,1,0
priority_2209,0,2,2,0,2,1,1,1
not_recom_2210,0,2,2,0,2,1,1,2
priority_2211,0,2,2,0,2,1,2,0
priority_2212,0,2,2,0,2,1,2,1
not_recom_2213,0,2,2,0,2,1,2,2
very_recom_2214,0,2,2,1,0,0,0,0
priority_2215,0,2,2,1,0,0,0,1
not_recom_2216,0,2,2,1,0,0,0,2
very_recom_2217,0,2,2,1,0,0,1,0
priority_2218,0,2,2,1,0,0,1,1
not_recom_2219,0,2,2,1,0,0,1,2
priority_2220,0,2,2,1,0,0,2,0
priority_2221,0,2,2,1,0,0,2,1
not_recom_2222,0,2,2,1,0,0,2,2
priority_2223,0,2,2,1,0,1,0,0
priority_2224,0,2,2,1,0,1,0,1
not_recom_2225,0,2,2,1,0,1,0,2
priority_2226,0,2,2,1,0,1,1,0
priority_2227,0,2,2,1,0,1,1,1
not_recom_2228,0,2,2,1,0,1,1,2
priority_2229,0,2,2,1,0,1,2,0
priority_2230,0,2,2,1,0,1,2,1
not_recom_2231,0,2,2,1,0,1,2,2
priority_2232,0,2,2,1,1,0,0,0
priority_2233,0,2,2,1,1,0,0,1
not_recom_2234,0,2,2,1,1,0,0,2
priority_2235,0,2,2,1,1,0,1,0
priority_2236,0,2,2,1,1,0,1,1
not_recom_2237,0,2,2,1,1,0,1,2
priority_2238,0,2,2,1,1,0,2,0
priority_2239,0,2,2,1,1,0,2,1
not_recom_2240,0,2,2,1,1,0,2,2
priority_2241,0,2,2,1,1,1,0,0
priority_2242,0,2,2,1,1,1,0,1
not_recom_2243,0,2,2,1,1,1,0,2
priority_2244,0,2,2,1,1,1,1,0
priority_2245,0,2,2,1,1,1,1,1
not_recom_2246,0,2,2,1,1,1,1,2
priority_2247,0,2,2,1,1,1,2,0
priority_2248,0,2,2,1,1,1,2,1
not_recom_2249,0,2,2,1,1,1,2,2
priority_2250,0,2,2,1,2,0,0,0
priority_2251,0,2,2,1,2,0,0,1
not_recom_2252,0,2,2,1,2,0,0,2
priority_2253,0,2,2,1,2,0,1,0
priority_2254,0,2,2,1,2,0,1,1
not_recom_2255,0,2,2,1,2,0,1,2
priority_2256,0,2,2,1,2,0,2,0
priority_2257,0,2,2,1,2,0,2,1
not_recom_2258,0,2,2,1,2,0,2,2
priority_2259,0,2,2,1,2,1,0,0
priority_2260,0,2,2,1,2,1,0,1
not_recom_2261,0,2,2,1,2,1,0,2
priority_2262,0,2,2,1,2,1,1,0
priority_2263,0,2,2,1,2,1,1,1
not_recom_2264,0,2,2,1,2,1,1,2
priority_2265,0,2,2,1,2,1,2,0
priority_2266,0,2,2,1,2,1,2,1
not_recom_2267,0,2,2,1,2,1,2,2
very_recom_2268,0,2,2,2,0,0,0,0
priority_2269,0,2,2,2,0,0,0,1
not_recom_2270,0,2,2,2,0,0,0,2
very_recom_2271,0,2,2,2,0,0,1,0
priority_2272,0,2,2,2,0,0,1,1
not_recom_2273,0,2,2,2,0,0,1,2
priority_2274,0,2,2,2,0,0,2,0
priority_2275,0,2,2,2,0,0,2,1
not_recom_2276,0,2,2,2,0,0,2,2
priority_2277,0,2,2,2,0,1,0,0
priority_2278,0,2,2,2,0,1,0,1
not_recom_2279,0,2,2,2,0,1,0,2
priority_2280,0,2,2,2,0,1,1,0
priority_2281,0,2,2,2,0,1,1,1
not_recom_2282,0,2,2,2,0,1,1,2
priority_2283,0,2,2,2,0,1,2,0
priority_2284,0,2,2,2,0,1,2,1
not_recom_2285,0,2,2,2,0,1,2,2
priority_2286,0,2,2,2,1,0,0,0
priority_2287,0,2,2,2,1,0,0,1
not_recom_2288,0,2,2,2,1,0,0,2
priority_2289,0,2,2,2,1,0,1,0
priority_2290,0,2,2,2,1,0,1,1
not_recom_2291,0,2,2,2,1,0,1,2
priority_2292,0,2,2,2,1,0,2,0
priority_2293,0,2,2,2,1,0,2,1
not_recom_2294,0,2,2,2,1,0,2,2
priority_2295,0,2,2,2,1,1,0,0
priority_2296,0,2,2,2,1,1,0,1
not_recom_2297,0,2,2,2,1,1,0,2
priority_2298,0,2,2,2,1,1,1,0
priority_2299,0,2,2,2,1,1,1,1
not_recom_2300,0,2,2,2,1,1,1,2
priority_2301,0,2,2,2,1,1,2,0
priority_2302,0,2,2,2,1,1,2,1
not_recom_2303,0,2,2,2,1,1,2,2
priority_2304,0,2,2,2,2,0,0,0
priority_2305,0,2,2,2,2,0,0,1
not_recom_2306,0,2,2,2,2,0,0,2
priority_2307,0,2,2,2,2,0,1,0
priority_2308,0,2,2,2,2,0,1,1
not_recom_2309,0,2,2,2,2,0,1,2
priority_2310,0,2,2,2,2,0,2,0
priority_2311,0,2,2,2,2,0,2,1
not_recom_2312,0,2,2,2,2,0,2,2
priority_2313,0,2,2,2,2,1,0,0
priority_2314,0,2,2,2,2,1,0,1
not_recom_2315,0,2,2,2,2,1,0,2
priority_2316,0,2,2,2,2,1,1,0
priority_2317,0,2,2,2,2,1,1,1
not_recom_2318,0,2,2,2,2,1,1,2
priority_2319,0,2,2,2,2,1,2,0
priority_2320,0,2,2,2,2,1,2,1
not_recom_2321,0,2,2,2,2,1,2,2
very_recom_2322,0,2,2,3,0,0,0,0
priority_2323,0,2,2,3,0,0,0,1
not_recom_2324,0,2,2,3,0,0,0,2
very_recom_2325,0,2,2,3,0,0,1,0
priority_2326,0,2,2,3,0,0,1,1
not_recom_2327,0,2,2,3,0,0,1,2
priority_2328,0,2,2,3,0,0,2,0
priority_2329,0,2,2,3,0,0,2,1
not_recom_2330,0,2,2,3,0,0,2,2
priority_2331,0,2,2,3,0,1,0,0
priority_2332,0,2,2,3,0,1,0,1
not_recom_2333,0,2,2,3,0,1,0,2
priority_2334,0,2,2,3,0,1,1,0
priority_2335,0,2,2,3,0,1,1,1
not_recom_2336,0,2,2,3,0,1,1,2
priority_2337,0,2,2,3,0,1,2,0
priority_2338,0,2,2,3,0,1,2,1
not_recom_2339,0,2,2,3,0,1,2,2
priority_2340,0,2,2,3,1,0,0,0
priority_2341,0,2,2,3,1,0,0,1
not_recom_2342,0,2,2,3,1,0,0,2
priority_2343,0,2,2,3,1,0,1,0
priority_2344,0,2,2,3,1,0,1,1
not_recom_2345,0,2,2,3,1,0,1,2
priority_2346,0,2,2,3,1,0,2,0
priority_2347,0,2,2,3,1,0,2,1
not_recom_2348,0,2,2,3,1,0,2,2
priority_2349,0,2,2,3,1,1,0,0
priority_2350,0,2,2,3,1,1,0,1
not_recom_2351,0,2,2,3,1,1,0,2
priority_2352,0,2,2,3,1,1,1,0
priority_2353,0,2,2,3,1,1,1,1
not_recom_2354,0,2,2,3,1,1,1,2
priority_2355,0,2,2,3,1,1,2,0
priority_2356,0,2,2,3,1,1,2,1
not_recom_2357,0,2,2,3,1,1,2,2
priority_2358,0,2,2,3,2,0,0,0
priority_2359,0,2,2,3,2,0,0,1
not_recom_2360,0,2,2,3,2,0,0,2
priority_2361,0,2,2,3,2,0,1,0
priority_2362,0,2,2,3,2,0,1,1
not_recom_2363,0,2,2,3,2,0,1,2
priority_2364,0,2,2,3,2,0,2,0
priority_2365,0,2,2,3,2,0,2,1
not_recom_2366,0,2,2,3,2,0,2,2
priority_2367,0,2,2,3,2,1,0,0
priority_2368,0,2,2,3,2,1,0,1
not_recom_2369,0,2,2,3,2,1,0,2
priority_2370,0,2,2,3,2,1,1,0
priority_2371,0,2,2,3,2,1,1,1
not_recom_2372,0,2,2,3,2,1,1,2
priority_2373,0,2,2,3,2,1,2,0
priority_2374,0,2,2,3,2,1,2,1
not_recom_2375,0,2,2,3,2,1,2,2
very_recom_2376,0,2,3,0,0,0,0,0
priority_2377,0,2,3,0,0,0,0,1
not_recom_2378,0,2,3,0,0,0,0,2
very_recom_2379,0,2,3,0,0,0,1,0
priority_2380,0,2,3,0,0,0,1,1
not_recom_2381,0,2,3,0,0,0,1,2
priority_2382,0,2,3,0,0,0,2,0
priority_2383,0,2,3,0,0,0,2,1
not_recom_2384,0,2,3,0,0,0,2,2
priority_2385,0,2,3,0,0,1,0,0
priority_2386,0,2,3,0,0,1,0,1
not_recom_2387,0,2,3,0,0,1,0,2
priority_2388,0,2,3,0,0,1,1,0
priority_2389,0,2,3,0,0,1,1,1
not_recom_2390,0,2,3,0,0,1,1,2
priority_2391,0,2,3,0,0,1,2,0
priority_2392,0,2,3,0,0,1,2,1
not_recom_2393,0,2,3,0,0,1,2,2
priority_2394,0,2,3,0,1,0,0,0
priority_2395,0,2,3,0,1,0,0,1
not_recom_2396,0,2,3,0,1,0,0,2
priority_2397,0,2,3,0,1,0,1,0
priority_2398,0,2,3,0,1,0,1,1
not_recom_2399,0,2,3,0,1,0,1,2
priority_2400,0,2,3,0,1,0,2,0
priority_2401,0,2,3,0,1,0,2,1
not_recom_2402,0,2,3,0,1,0,2,2
priority_2403,0,2,3,0,1,1,0,0
priority_2404,0,2,3,0,1,1,0,1
not_recom_2405,0,2,3,0,1,1,0,2
priority_2406,0,2,3,0,1,1,1,0
priority_2407,0,2,3,0,1,1,1,1
not_recom_2408,0,2,3,0,1,1,1,2
priority_2409,0,2,3,0,1,1,2,0
priority_2410,0,2,3,0,1,1,2,1
not_recom_2411,0,2,3,0,1,1,2,2
priority_2412,0,2,3,0,2,0,0,0
priority_2413,0,2,3,0,2,0,0,1
not_recom_2414,0,2,3,0,2,0,0,2
priority_2415,0,2,3,0,2,0,1,0
priority_2416,0,2,3,0,2,0,1,1
not_recom_2417,0,2,3,0,2,0,1,2
priority_2418,0,2,3,0,2,0,2,0
priority_2419,0,2,3,0,2,0,2,1
not_recom_2420,0,2,3,0,2,0,2,2
priority_2421,0,2,3,0,2,1,0,0
priority_2422,0,2,3,0,2,1,0,1
not_recom_2423,0,2,3,0,2,1,0,2
priority_2424,0,2,3,0,2,1,1,0
priority_2425,0,2,3,0,2,1,1,1
not_recom_2426,0,2,3,0,2,1,1,2
priority_2427,0,2,3,0,2,1,2,0
priority_2428,0,2,3,0,2,1,2,1
not_recom_2429,0,2,3,0,2,1,2,2
very_recom_2430,0,2,3,1,0,0,0,0
priority_2431,0,2,3,1,0,0,0,1
not_recom_2432,0,2,3,1,0,0,0,2
very_recom_2433,0,2,3,1,0,0,1,0
priority_2434,0,2,3,1,0,0,1,1
not_recom_2435,0,2,3,1,0,0,1,2
priority_2436,0,2,3,1,0,0,2,0
priority_2437,0,2,3,1,0,0,2,1
not_recom_2438,0,2,3,1,0,0,2,2
priority_2439,0,2,3,1,0,1,0,0
priority_2440,0,2,3,1,0,1,0,1
not_recom_2441,0,2,3,1,0,1,0,2
priority_2442,0,2,3,1,0,1,1,0
priority_2443,0,2,3,1,0,1,1,1
not_recom_2444,0,2,3,1,0,1,1,2
priority_2445,0,2,3,1,0,1,2,0
priority_2446,0,2,3,1,0,1,2,1
not_recom_2447,0,2,3,1,0,1,2,2
priority_2448,0,2,3,1,1,0,0,0
priority_2449,0,2,3,1,1,0,0,1
not_recom_2450,0,2,3,1,1,0,0,2
priority_2451,0,2,3,1,1,0,1,0
priority_2452,0,2,3,1,1,0,1,1
not_recom_2453,0,2,3,1,1,0,1,2
priority_2454,0,2,3,1,1,0,2,0
priority_2455,0,2,3,1,1,0,2,1
not_recom_2456,0,2,3,1,1,0,2,2
priority_2457,0,2,3,1,1,1,0,0
priority_2458,0,2,3,1,1,1,0,1
not_recom_2459,0,2,3,1,1,1,0,2
priority_2460,0,2,3,1,1,1,1,0
priority_2461,0,2,3,1,1,1,1,1
not_recom_2462,0,2,3,1,1,1,1,2
priority_2463,0,2,3,1,1,1,2,0
priority_2464,0,2,3,1,1,1,2,1
not_recom_2465,0,2,3,1,1,1,2,2
priority_2466,0,2,3,1,2,0,0,0
priority_2467,0,2,3,1,2,0,0,1
not_recom_2468,0,2,3,1,2,0,0,2
priority_2469,0,2,3,1,2,0,1,0
priority_2470,0,2,3,1,2,0,1,1
not_recom_2471,0,2,3,1,2,0,1,2
priority_2472,0,2,3,1,2,0,2,0
priority_2473,0,2,3,1,2,0,2,1
not_recom_2474,0,2,3,1,2,0,2,2
priority_2475,0,2,3,1,2,1,0,0
priority_2476,0,2,3,1,2,1,0,1
not_recom_2477,0,2,3,1,2,1,0,2
priority_2478,0,2,3,1,2,1,1,0
priority_2479,0,2,3,1,2,1,1,1
not_recom_2480,0,2,3,1,2,1,1,2
priority_2481,0,2,3,1,2,1,2,0
priority_2482,0,2,3,1,2,1,2,1
not_recom_2483,0,2,3,1,2,1,2,2
very_recom_2484,0,2,3,2,0,0,0,0
priority_2485,0,2,3,2,0,0,0,1
not_recom_2486,0,2,3,2,0,0,0,2
very_recom_2487,0,2,3,2,0,0,1,0
priority_2488,0,2,3,2,0,0,1,1
not_recom_2489,0,2,3,2,0,0,1,2
priority_2490,0,2,3,2,0,0,2,0
priority_2491,0,2,3,2,0,0,2,1
not_recom_2492,0,2,3,2,0,0,2,2
priority_2493,0,2,3,2,0,1,0,0
priority_2494,0,2,3,2,0,1,0,1
not_recom_2495,0,2,3,2,0,1,0,2
priority_2496,0,2,3,2,0,1,1,0
priority_2497,0,2,3,2,0,1,1,1
not_recom_2498,0,2,3,2,0,1,1,2
priority_2499,0,2,3,2,0,1,2,0
priority_2500,0,2,3,2,0,1,2,1
not_recom_2501,0,2,3,2,0,1,2,2
priority_2502,0,2,3,2,1,0,0,0
priority_2503,0,2,3,2,1,0,0,1
not_recom_2504,0,2,3,2,1,0,0,2
priority_2505,0,2,3,2,1,0,1,0
priority_2506,0,2,3,2,1,0,1,1
not_recom_2507,0,2,3,2,1,0,1,2
priority_2508,0,2,3,2,1,0,2,0
priority_2509,0,2,3,2,1,0,2,1
not_recom_2510,0,2,3,2,1,0,2,2
priority_2511,0,2,3,2,1,1,0,0
priority_2512,0,2,3,2,1,1,0,1
not_recom_2513,0,2,3,2,1,1,0,2
priority_2514,0,2,3,2,1,1,1,0
priority_2515,0,2,3,2,1,1,1,1
not_recom_2516,0,2,3,2,1,1,1,2
priority_2517,0,2,3,2,1,1,2,0
priority_2518,0,2,3,2,1,1,2,1
not_recom_2519,0,2,3,2,1,1,2,2
priority_2520,0,2,3,2,2,0,0,0
priority_2521,0,2,3,2,2,0,0,1
not_recom_2522,0,2,3,2,2,0,0,2
priority_2523,0,2,3,2,2,0,1,0
priority_2524,0,2,3,2,2,0,1,1
not_recom_2525,0,2,3,2,2,0,1,2
priority_2526,0,2,3,2,2,0,2,0
priority_2527,0,2,3,2,2,0,2,1
not_recom_2528,0,2,3,2,2,0,2,2
priority_2529,0,2,3,2,2,1,0,0
priority_2530,0,2,3,2,2,1,0,1
not_recom_2531,0,2,3,2,2,1,0,2
priority_2532,0,2,3,2,2,1,1,0
priority_2533,0,2,3,2,2,1,1,1
not_recom_2534,0,2,3,2,2,1,1,2
priority_2535,0,2,3,2,2,1,2,0
priority_2536,0,2,3,2,2,1,2,1
not_recom_2537,0,2,3,2,2,1,2,2
very_recom_2538,0,2,3,3,0,0,0,0
priority_2539,0,2,3,3,0,0,0,1
not_recom_2540,0,2,3,3,0,0,0,2
very_recom_2541,0,2,3,3,0,0,1,0
priority_2542,0,2,3,3,0,0,1,1
not_recom_2543,0,2,3,3,0,0,1,2
priority_2544,0,2,3,3,0,0,2,0
priority_2545,0,2,3,3,0,0,2,1
not_recom_2546,0,2,3,3,0,0,2,2
priority_2547,0,2,3,3,0,1,0,0
priority_2548,0,2,3,3,0,1,0,1
not_recom_2549,0,2,3,3,0,1,0,2
priority_2550,0,2,3,3,0,1,1,0
priority_2551,0,2,3,3,0,1,1,1
not_recom_2552,0,2,3,3,0,1,1,2
priority_2553,0,2,3,3,0,1,2,0
priority_2554,0,2,3,3,0,1,2,1
not_recom_2555,0,2,3,3,0,1,2,2
priority_2556,0,2,3,3,1,0,0,0
priority_2557,0,2,3,3,1,0,0,1
not_recom_2558,0,2,3,3,1,0,0,2
priority_2559,0,2,3,3,1,0,1,0
priority_2560,0,2,3,3,1,0,1,1
not_recom_2561,0,2,3,3,1,0,1,2
priority_2562,0,2,3,3,1,0,2,0
priority_2563,0,2,3,3,1,0,2,1
not_recom_2564,0,2,3,3,1,0,2,2
priority_2565,0,2,3,3,1,1,0,0
priority_2566,0,2,3,3,1,1,0,1
not_recom_2567,0,2,3,3,1,1,0,2
priority_2568,0,2,3,3,1,1,1,0
priority_2569,0,2,3,3,1,1,1,1
not_recom_2570,0,2,3,3,1,1,1,2
priority_2571,0,2,3,3,1,1,2,0
priority_2572,0,2,3,3,1,1,2,1
not_recom_2573,0,2,3,3,1,1,2,2
priority_2574,0,2,3,3,2,0,0,0
priority_2575,0,2,3,3,2,0,0,1
not_recom_2576,0,2,3,3,2,0,0,2
priority_2577,0,2,3,3,2,0,1,0
priority_2578,0,2,3,3,2,0,1,1
not_recom_2579,0,2,3,3,2,0,1,2
priority_2580,0,2,3,3,2,0,2,0
priority_2581,0,2,3,3,2,0,2,1
not_recom_2582,0,2,3,3,2,0,2,2
priority_2583,0,2,3,3,2,1,0,0
priority_2584,0,2,3,3,2,1,0,1
not_recom_2585,0,2,3,3,2,1,0,2
priority_2586,0,2,3,3,2,1,1,0
priority_2587,0,2,3,3,2,1,1,1
not_recom_2588,0,2,3,3,2,1,1,2
priority_2589,0,2,3,3,2,1,2,0
priority_2590,0,2,3,3,2,1,2,1
not_recom_2591,0,2,3,3,2,1,2,2
priority_2592,0,3,0,0,0,0,0,0
priority_2593,0,3,0,0,0,0,0,1
not_recom_2594,0,3,0,0,0,0,0,2
priority_2595,0,3,0,0,0,0,1,0
priority_2596,0,3,0,0,0,0,1,1
not_recom_2597,0,3,0,0,0,0,1,2
priority_2598,0,3,0,0,0,0,2,0
priority_2599,0,3,0,0,0,0,2,1
not_recom_2600,0,3,0,0,0,0,2,2
priority_2601,0,3,0,0,0,1,0,0
priority_2602,0,3,0,0,0,1,0,1
not_recom_2603,0,3,0,0,0,1,0,2
priority_2604,0,3,0,0,0,1,1,0
priority_2605,0,3,0,0,0,1,1,1
not_recom_2606,0,3,0,0,0,1,1,2
priority_2607,0,3,0,0,0,1,2,0
priority_2608,0,3,0,0,0,1,2,1
not_recom_2609,0,3,0,0,0,1,2,2
priority_2610,0,3,0,0,1,0,0,0
priority_2611,0,3,0,0,1,0,0,1
not_recom_2612,0,3,0,0,1,0,0,2
priority_2613,0,3,0,0,1,0,1,0
priority_2614,0,3,0,0,1,0,1,1
not_recom_2615,0,3,0,0,1,0,1,2
priority_2616,0,3,0,0,1,0,2,0
priority_2617,0,3,0,0,1,0,2,1
not_recom_2618,0,3,0,0,1,0,2,2
priority_2619,0,3,0,0,1,1,0,0
priority_2620,0,3,0,0,1,1,0,1
not_recom_2621,0,3,0,0,1,1,0,2
priority_2622,0,3,0,0,1,1,1,0
priority_2623,0,3,0,0,1,1,1,1
not_recom_2624,0,3,0,0,1,1,1,2
priority_2625,0,3,0,0,1,1,2,0
priority_2626,0,3,0,0,1,1,2,1
not_recom_2627,0,3,0,0,1,1,2,2
priority_2628,0,3,0,0,2,0,0,0
priority_2629,0,3,0,0,2,0,0,1
not_recom_2630,0,3,0,0,2,0,0,2
priority_2631,0,3,0,0,2,0,1,0
priority_2632,0,3,0,0,2,0,1,1
not_recom_2633,0,3,0,0,2,0,1,2
priority_2634,0,3,0,0,2,0,2,0
priority_2635,0,3,0,0,2,0,2,1
not_recom_2636,0,3,0,0,2,0,2,2
priority_2637,0,3,0,0,2,1,0,0
priority_2638,0,3,0,0,2,1,0,1
not_recom_2639,0,3,0,0,2,1,0,2
priority_2640,0,3,0,0,2,1,1,0
priority_2641,0,3,0,0,2,1,1,1
not_recom_2642,0,3,0,0,2,1,1,2
priority_2643,0,3,0,0,2,1,2,0
priority_2644,0,3,0,0,2,1,2,1
not_recom_2645,0,3,0,0,2,1,2,2
priority_2646,0,3,0,1,0,0,0,0
priority_2647,0,3,0,1,0,0,0,1
not_recom_2648,0,3,0,1,0,0,0,2
priority_2649,0,3,0,1,0,0,1,0
priority_2650,0,3,0,1,0,0,1,1
not_recom_2651,0,3,0,1,0,0,1,2
priority_2652,0,3,0,1,0,0,2,0
priority_2653,0,3,0,1,0,0,2,1
not_recom_2654,0,3,0,1,0,0,2,2
priority_2655,0,3,0,1,0,1,0,0
priority_2656,0,3,0,1,0,1,0,1
not_recom_2657,0,3,0,1,0,1,0,2
priority_2658,0,3,0,1,0,1,1,0
priority_2659,0,3,0,1,0,1,1,1
not_recom_2660,0,3,0,1,0,1,1,2
priority_2661,0,3,0,1,0,1,2,0
priority_2662,0,3,0,1,0,1,2,1
not_recom_2663,0,3,0,1,0,1,2,2
priority_2664,0,3,0,1,1,0,0,0
priority_2665,0,3,0,1,1,0,0,1
not_recom_2666,0,3,0,1,1,0,0,2
priority_2667,0,3,0,1,1,0,1,0
priority_2668,0,3,0,1,1,0,1,1
not_recom_2669,0,3,0,1,1,0,1,2
priority_2670,0,3,0,1,1,0,2,0
priority_2671,0,3,0,1,1,0,2,1
not_recom_2672,0,3,0,1,1,0,2,2
priority_2673,0,3,0,1,1,1,0,0
priority_2674,0,3,0,1,1,1,0,1
not_recom_2675,0,3,0,1,1,1,0,2
priority_2676,0,3,0,1,1,1,1,0
priority_2677,0,3,0,1,1,1,1,1
not_recom_2678,0,3,0,1,1,1,1,2
priority_2679,0,3,0,1,1,1,2,0
priority_2680,0,3,0,1,1,1,2,1
not_recom_2681,0,3,0,1,1,1,2,2
priority_2682,0,3,0,1,2,0,0,0
spec_prior_2683,0,3,0,1,2,0,0,1
not_recom_2684,0,3,0,1,2,0,0,2
priority_2685,0,3,0,1,2,0,1,0
spec_prior_2686,0,3,0,1,2,0,1,1
not_recom_2687,0,3,0,1,2,0,1,2
spec_prior_2688,0,3,0,1,2,0,2,0
spec_prior_2689,0,3,0,1,2,0,2,1
not_recom_2690,0,3,0,1,2,0,2,2
priority_2691,0,3,0,1,2,1,0,0
spec_prior_2692,0,3,0,1,2,1,0,1
not_recom_2693,0,3,0,1,2,1,0,2
priority_2694,0,3,0,1,2,1,1,0
spec_prior_2695,0,3,0,1,2,1,1,1
not_recom_2696,0,3,0,1,2,1,1,2
spec_prior_2697,0,3,0,1,2,1,2,0
spec_prior_2698,0,3,0,1,2,1,2,1
not_recom_2699,0,3,0,1,2,1,2,2
priority_2700,0,3,0,2,0,0,0,0
priority_2701,0,3,0,2,0,0,0,1
not_recom_2702,0,3,0,2,0,0,0,2
priority_2703,0,3,0,2,0,0,1,0
priority_2704,0,3,0,2,0,0,1,1
not_recom_2705,0,3,0,2,0,0,1,2
priority_2706,0,3,0,2,0,0,2,0
priority_2707,0,3,0,2,0,0,2,1
not_recom_2708,0,3,0,2,0,0,2,2
priority_2709,0,3,0,2,0,1,0,0
spec_prior_2710,0,3,0,2,0,1,0,1
not_recom_2711,0,3,0,2,0,1,0,2
priority_2712,0,3,0,2,0,1,1,0
spec_prior_2713,0,3,0,2,0,1,1,1
not_recom_2714,0,3,0,2,0,1,1,2
spec_prior_2715,0,3,0,2,0,1,2,0
spec_prior_2716,0,3,0,2,0,1,2,1
not_recom_2717,0,3,0,2,0,1,2,2
priority_2718,0,3,0,2,1,0,0,0
spec_prior_2719,0,3,0,2,1,0,0,1
not_recom_2720,0,3,0,2,1,0,0,2
priority_2721,0,3,0,2,1,0,1,0
spec_prior_2722,0,3,0,2,1,0,1,1
not_recom_2723,0,3,0,2,1,0,1,2
spec_prior_2724,0,3,0,2,1,0,2,0
spec_prior_2725,0,3,0,2,1,0,2,1
not_recom_2726,0,3,0,2,1,0,2,2
priority_2727,0,3,0,2,1,1,0,0
spec_prior_2728,0,3,0,2,1,1,0,1
not_recom_2729,0,3,0,2,1,1,0,2
priority_2730,0,3,0,2,1,1,1,0
spec_prior_2731,0,3,0,2,1,1,1,1
not_recom_2732,0,3,0,2,1,1,1,2
spec_prior_2733,0,3,0,2,1,1,2,0
spec_prior_2734,0,3,0,2,1,1,2,1
not_recom_2735,0,3,0,2,1,1,2,2
priority_2736,0,3,0,2,2,0,0,0
spec_prior_2737,0,3,0,2,2,0,0,1
not_recom_2738,0,3,0,2,2,0,0,2
priority_2739,0,3,0,2,2,0,1,0
spec_prior_2740,0,3,0,2,2,0,1,1
not_recom_2741,0,3,0,2,2,0,1,2
spec_prior_2742,0,3,0,2,2,0,2,0
spec_prior_2743,0,3,0,2,2,0,2,1
not_recom_2744,0,3,0,2,2,0,2,2
priority_2745,0,3,0,2,2,1,0,0
spec_prior_2746,0,3,0,2,2,1,0,1
not_recom_2747,0,3,0,2,2,1,0,2
priority_2748,0,3,0,2,2,1,1,0
spec_prior_2749,0,3,0,2,2,1,1,1
not_recom_2750,0,3,0,2,2,1,1,2
spec_prior_2751,0,3,0,2,2,1,2,0
spec_prior_2752,0,3,0,2,2,1,2,1
not_recom_2753,0,3,0,2,2,1,2,2
priority_2754,0,3,0,3,0,0,0,0
priority_2755,0,3,0,3,0,0,0,1
not_recom_2756,0,3,0,3,0,0,0,2
priority_2757,0,3,0,3,0,0,1,0
priority_2758,0,3,0,3,0,0,1,1
not_recom_2759,0,3,0,3,0,0,1,2
priority_2760,0,3,0,3,0,0,2,0
priority_2761,0,3,0,3,0,0,2,1
not_recom_2762,0,3,0,3,0,0,2,2
priority_2763,0,3,0,3,0,1,0,0
spec_prior_2764,0,3,0,3,0,1,0,1
not_recom_2765,0,3,0,3,0,1,0,2
priority_2766,0,3,0,3,0,1,1,0
spec_prior_2767,0,3,0,3,0,1,1,1
not_recom_2768,0,3,0,3,0,1,1,2
spec_prior_2769,0,3,0,3,0,1,2,0
spec_prior_2770,0,3,0,3,0,1,2,1
not_recom_2771,0,3,0,3,0,1,2,2
priority_2772,0,3,0,3,1,0,0,0
spec_prior_2773,0,3,0,3,1,0,0,1
not_recom_2774,0,3,0,3,1,0,0,2
priority_2775,0,3,0,3,1,0,1,0
spec_prior_2776,0,3,0,3,1,0,1,1
not_recom_2777,0,3,0,3,1,0,1,2
spec_prior_2778,0,3,0,3,1,0,2,0
spec_prior_2779,0,3,0,3,1,0,2,1
not_recom_2780,0,3,0,3,1,0,2,2
priority_2781,0,3,0,3,1,1,0,0
spec_prior_2782,0,3,0,3,1,1,0,1
not_recom_2783,0,3,0,3,1,1,0,2
priority_2784,0,3,0,3,1,1,1,0
spec_prior_2785,0,3,0,3,1,1,1,1
not_recom_2786,0,3,0,3,1,1,1,2
spec_prior_2787,0,3,0,3,1,1,2,0
spec_prior_2788,0,3,0,3,1,1,2,1
not_recom_2789,0,3,0,3,1,1,2,2
priority_2790,0,3,0,3,2,0,0,0
spec_prior_2791,0,3,0,3,2,0,0,1
not_recom_2792,0,3,0,3,2,0,0,2
priority_2793,0,3,0,3,2,0,1,0
spec_prior_2794,0,3,0,3,2,0,1,1
not_recom_2795,0,3,0,3,2,0,1,2
spec_prior_2796,0,3,0,3,2,0,2,0
spec_prior_2797,0,3,0,3,2,0,2,1
not_recom_2798,0,3,0,3,2,0,2,2
priority_2799,0,3,0,3,2,1,0,0
spec_prior_2800,0,3,0,3,2,1,0,1
not_recom_2801,0,3,0,3,2,1,0,2
priority_2802,0,3,0,3,2,1,1,0
spec_prior_2803,0,3,0,3,2,1,1,1
not_recom_2804,0,3,0,3,2,1,1,2
spec_prior_2805,0,3,0,3,2,1,2,0
spec_prior_2806,0,3,0,3,2,1,2,1
not_recom_2807,0,3,0,3,2,1,2,2
priority_2808,0,3,1,0,0,0,0,0
priority_2809,0,3,1,0,0,0,0,1
not_recom_2810,0,3,1,0,0,0,0,2
priority_2811,0,3,1,0,0,0,1,0
priority_2812,0,3,1,0,0,0,1,1
not_recom_2813,0,3,1,0,0,0,1,2
priority_2814,0,3,1,0,0,0,2,0
priority_2815,0,3,1,0,0,0,2,1
not_recom_2816,0,3,1,0,0,0,2,2
priority_2817,0,3,1,0,0,1,0,0
priority_2818,0,3,1,0,0,1,0,1
not_recom_2819,0,3,1,0,0,1,0,2
priority_2820,0,3,1,0,0,1,1,0
priority_2821,0,3,1,0,0,1,1,1
not_recom_2822,0,3,1,0,0,1,1,2
priority_2823,0,3,1,0,0,1,2,0
priority_2824,0,3,1,0,0,1,2,1
not_recom_2825,0,3,1,0,0,1,2,2
priority_2826,0,3,1,0,1,0,0,0
priority_2827,0,3,1,0,1,0,0,1
not_recom_2828,0,3,1,0,1,0,0,2
priority_2829,0,3,1,0,1,0,1,0
priority_2830,0,3,1,0,1,0,1,1
not_recom_2831,0,3,1,0,1,0,1,2
priority_2832,0,3,1,0,1,0,2,0
priority_2833,0,3,1,0,1,0,2,1
not_recom_2834,0,3,1,0,1,0,2,2
priority_2835,0,3,1,0,1,1,0,0
priority_2836,0,3,1,0,1,1,0,1
not_recom_2837,0,3,1,0,1,1,0,2
priority_2838,0,3,1,0,1,1,1,0
priority_2839,0,3,1,0,1,1,1,1
not_recom_2840,0,3,1,0,1,1,1,2
priority_2841,0,3,1,0,1,1,2,0
priority_2842,0,3,1,0,1,1,2,1
not_recom_2843,0,3,1,0,1,1,2,2
priority_2844,0,3,1,0,2,0,0,0
spec_prior_2845,0,3,1,0,2,0,0,1
not_recom_2846,0,3,1,0,2,0,0,2
priority_2847,0,3,1,0,2,0,1,0
spec_prior_2848,0,3,1,0,2,0,1,1
not_recom_2849,0,3,1,0,2,0,1,2
spec_prior_2850,0,3,1,0,2,0,2,0
spec_prior_2851,0,3,1,0,2,0,2,1
not_recom_2852,0,3,1,0,2,0,2,2
priority_2853,0,3,1,0,2,1,0,0
spec_prior_2854,0,3,1,0,2,1,0,1
not_recom_2855,0,3,1,0,2,1,0,2
priority_2856,0,3,1,0,2,1,1,0
spec_prior_2857,0,3,1,0,2,1,1,1
not_recom_2858,0,3,1,0,2,1,1,2
spec_prior_2859,0,3,1,0,2,1,2,0
spec_prior_2860,0,3,1,0,2,1,2,1
not_recom_2861,0,3,1,0,2,1,2,2
priority_2862,0,3,1,1,0,0,0,0
priority_2863,0,3,1,1,0,0,0,1
not_recom_2864,0,3,1,1,0,0,0,2
priority_2865,0,3,1,1,0,0,1,0
priority_2866,0,3,1,1,0,0,1,1
not_recom_2867,0,3,1,1,0,0,1,2
priority_2868,0,3,1,1,0,0,2,0
priority_2869,0,3,1,1,0,0,2,1
not_recom_2870,0,3,1,1,0,0,2,2
priority_2871,0,3,1,1,0,1,0,0
priority_2872,0,3,1,1,0,1,0,1
not_recom_2873,0,3,1,1,0,1,0,2
priority_2874,0,3,1,1,0,1,1,0
priority_2875,0,3,1,1,0,1,1,1
not_recom_2876,0,3,1,1,0,1,1,2
priority_2877,0,3,1,1,0,1,2,0
priority_2878,0,3,1,1,0,1,2,1
not_recom_2879,0,3,1,1,0,1,2,2
priority_2880,0,3,1,1,1,0,0,0
priority_2881,0,3,1,1,1,0,0,1
not_recom_2882,0,3,1,1,1,0,0,2
priority_2883,0,3,1,1,1,0,1,0
priority_2884,0,3,1,1,1,0,1,1
not_recom_2885,0,3,1,1,1,0,1,2
priority_2886,0,3,1,1,1,0,2,0
priority_2887,0,3,1,1,1,0,2,1
not_recom_2888,0,3,1,1,1,0,2,2
priority_2889,0,3,1,1,1,1,0,0
priority_2890,0,3,1,1,1,1,0,1
not_recom_2891,0,3,1,1,1,1,0,2
priority_2892,0,3,1,1,1,1,1,0
priority_2893,0,3,1,1,1,1,1,1
not_recom_2894,0,3,1,1,1,1,1,2
priority_2895,0,3,1,1,1,1,2,0
priority_2896,0,3,1,1,1,1,2,1
not_recom_2897,0,3,1,1,1,1,2,2
priority_2898,0,3,1,1,2,0,0,0
spec_prior_2899,0,3,1,1,2,0,0,1
not_recom_2900,0,3,1,1,2,0,0,2
priority_2901,0,3,1,1,2,0,1,0
spec_prior_2902,0,3,1,1,2,0,1,1
not_recom_2903,0,3,1,1,2,0,1,2
spec_prior_2904,0,3,1,1,2,0,2,0
spec_prior_2905,0,3,1,1,2,0,2,1
not_recom_2906,0,3,1,1,2,0,2,2
priority_2907,0,3,1,1,2,1,0,0
spec_prior_2908,0,3,1,1,2,1,0,1
not_recom_2909,0,3,1,1,2,1,0,2
priority_2910,0,3,1,1,2,1,1,0
spec_prior_2911,0,3,1,1,2,1,1,1
not_recom_2912,0,3,1,1,2,1,1,2
spec_prior_2913,0,3,1,1,2,1,2,0
spec_prior_2914,0,3,1,1,2,1,2,1
not_recom_2915,0,3,1,1,2,1,2,2
priority_2916,0,3,1,2,0,0,0,0
priority_2917,0,3,1,2,0,0,0,1
not_recom_2918,0,3,1,2,0,0,0,2
priority_2919,0,3,1,2,0,0,1,0
priority_2920,0,3,1,2,0,0,1,1
not_recom_2921,0,3,1,2,0,0,1,2
priority_2922,0,3,1,2,0,0,2,0
priority_2923,0,3,1,2,0,0,2,1
not_recom_2924,0,3,1,2,0,0,2,2
priority_2925,0,3,1,2,0,1,0,0
spec_prior_2926,0,3,1,2,0,1,0,1
not_recom_2927,0,3,1,2,0,1,0,2
priority_2928,0,3,1,2,0,1,1,0
spec_prior_2929,0,3,1,2,0,1,1,1
not_recom_2930,0,3,1,2,0,1,1,2
spec_prior_2931,0,3,1,2,0,1,2,0
spec_prior_2932,0,3,1,2,0,1,2,1
not_recom_2933,0,3,1,2,0,1,2,2
priority_2934,0,3,1,2,1,0,0,0
spec_prior_2935,0,3,1,2,1,0,0,1
not_recom_2936,0,3,1,2,1,0,0,2
priority_2937,0,3,1,2,1,0,1,0
spec_prior_2938,0,3,1,2,1,0,1,1
not_recom_2939,0,3,1,2,1,0,1,2
spec_prior_2940,0,3,1,2,1,0,2,0
spec_prior_2941,0,3,1,2,1,0,2,1
not_recom_2942,0,3,1,2,1,0,2,2
priority_2943,0,3,1,2,1,1,0,0
spec_prior_2944,0,3,1,2,1,1,0,1
not_recom_2945,0,3,1,2,1,1,0,2
priority_2946,0,3,1,2,1,1,1,0
spec_prior_2947,0,3,1,2,1,1,1,1
not_recom_2948,0,3,1,2,1,1,1,2
spec_prior_2949,0,3,1,2,1,1,2,0
spec_prior_2950,0,3,1,2,1,1,2,1
not_recom_2951,0,3,1,2,1,1,2,2
priority_2952,0,3,1,2,2,0,0,0
spec_prior_2953,0,3,1,2,2,0,0,1
not_recom_2954,0,3,1,2,2,0,0,2
priority_2955,0,3,1,2,2,0,1,0
spec_prior_2956,0,3,1,2,2,0,1,1
not_recom_2957,0,3,1,2,2,0,1,2
spec_prior_2958,0,3,1,2,2,0,2,0
spec_prior_2959,0,3,1,2,2,0,2,1
not_recom_2960,0,3,1,2,2,0,2,2
priority_2961,0,3,1,2,2,1,0,0
spec_prior_2962,0,3,1,2,2,1,0,1
not_recom_2963,0,3,1,2,2,1,0,2
priority_2964,0,3,1,2,2,1,1,0
spec_prior_2965,0,3,1,2,2,1,1,1
not_recom_2966,0,3,1,2,2,1,1,2
spec_prior_2967,0,3,1,2,2,1,2,0
spec_prior_2968,0,3,1,2,2,1,2,1
not_recom_2969,0,3,1,2,2,1,2,2
priority_2970,0,3,1,3,0,0,0,0
priority_2971,0,3,1,3,0,0,0,1
not_recom_2972,0,3,1,3,0,0,0,2
priority_2973,0,3,1,3,0,0,1,0
priority_2974,0,3,1,3,0,0,1,1
not_recom_2975,0,3,1,3,0,0,1,2
priority_2976,0,3,1,3,0,0,2,0
priority_2977,0,3,1,3,0,0,2,1
not_recom_2978,0,3,1,3,0,0,2,2
priority_2979,0,3,1,3,0,1,0,0
spec_prior_2980,0,3,1,3,0,1,0,1
not_recom_2981,0,3,1,3,0,1,0,2
priority_2982,0,3,1,3,0,1,1,0
spec_prior_2983,0,3,1,3,0,1,1,1
not_recom_2984,0,3,1,3,0,1,1,2
spec_prior_2985,0,3,1,3,0,1,2,0
spec_prior_2986,0,3,1,3,0,1,2,1
not_recom_2987,0,3,1,3,0,1,2,2
priority_2988,0,3,1,3,1,0,0,0
spec_prior_2989,0,3,1,3,1,0,0,1
not_recom_2990,0,3,1,3,1,0,0,2
priority_2991,0,3,1,3,1,0,1,0
spec_prior_2992,0,3,1,3,1,0,1,1
not_recom_2993,0,3,1,3,1,0,1,2
spec_prior_2994,0,3,1,3,1,0,2,0
spec_prior_2995,0,3,1,3,1,0,2,1
not_recom_2996,0,3,1,3,1,0,2,2
priority_2997,0,3,1,3,1,1,0,0
spec_prior_2998,0,3,1,3,1,1,0,1
not_recom_2999,0,3,1,3,1,1,0,2
priority_3000,0,3,1,3,1,1,1,0
spec_prior_3001,0,3,1,3,1,1,1,1
not_recom_3002,0,3,1,3,1,1,1,2
spec_prior_3003,0,3,1,3,1,1,2,0
spec_prior_3004,0,3,1,3,1,1,2,1
not_recom_3005,0,3,1,3,1,1,2,2
priority_3006,0,3,1,3,2,0,0,0
spec_prior_3007,0,3,1,3,2,0,0,1
not_recom_3008,0,3,1,3,2,0,0,2
priority_3009,0,3,1,3,2,0,1,0
spec_prior_3010,0,3,1,3,2,0,1,1
not_recom_3011,0,3,1,3,2,0,1,2
spec_prior_3012,0,3,1,3,2,0,2,0
spec_prior_3013,0,3,1,3,2,0,2,1
not_recom_3014,0,3,1,3,2,0,2,2
priority_3015,0,3,1,3,2,1,0,0
spec_prior_3016,0,3,1,3,2,1,0,1
not_recom_3017,0,3,1,3,2,1,0,2
priority_3018,0,3,1,3,2,1,1,0
spec_prior_3019,0,3,1,3,2,1,1,1
not_recom_3020,0,3,1,3,2,1,1,2
spec_prior_3021,0,3,1,3,2,1,2,0
spec_prior_3022,0,3,1,3,2,1,2,1
not_recom_3023,0,3,1,3,2,1,2,2
priority_3024,0,3,2,0,0,0,0,0
priority_3025,0,3,2,0,0,0,0,1
not_recom_3026,0,3,2,0,0,0,0,2
priority_3027,0,3,2,0,0,0,1,0
priority_3028,0,3,2,0,0,0,1,1
not_recom_3029,0,3,2,0,0,0,1,2
priority_3030,0,3,2,0,0,0,2,0
priority_3031,0,3,2,0,0,0,2,1
not_recom_3032,0,3,2,0,0,0,2,2
priority_3033,0,3,2,0,0,1,0,0
priority_3034,0,3,2,0,0,1,0,1
not_recom_3035,0,3,2,0,0,1,0,2
priority_3036,0,3,2,0,0,1,1,0
priority_3037,0,3,2,0,0,1,1,1
not_recom_3038,0,3,2,0,0,1,1,2
priority_3039,0,3,2,0,0,1,2,0
priority_3040,0,3,2,0,0,1,2,1
not_recom_3041,0,3,2,0,0,1,2,2
priority_3042,0,3,2,0,1,0,0,0
priority_3043,0,3,2,0,1,0,0,1
not_recom_3044,0,3,2,0,1,0,0,2
priority_3045,0,3,2,0,1,0,1,0
priority_3046,0,3,2,0,1,0,1,1
not_recom_3047,0,3,2,0,1,0,1,2
priority_3048,0,3,2,0,1,0,2,0
priority_3049,0,3,2,0,1,0,2,1
not_recom_3050,0,3,2,0,1,0,2,2
priority_3051,0,3,2,0,1,1,0,0
priority_3052,0,3,2,0,1,1,0,1
not_recom_3053,0,3,2,0,1,1,0,2
priority_3054,0,3,2,0,1,1,1,0
priority_3055,0,3,2,0,1,1,1,1
not_recom_3056,0,3,2,0,1,1,1,2
priority_3057,0,3,2,0,1,1,2,0
priority_3058,0,3,2,0,1,1,2,1
not_recom_3059,0,3,2,0,1,1,2,2
priority_3060,0,3,2,0,2,0,0,0
spec_prior_3061,0,3,2,0,2,0,0,1
not_recom_3062,0,3,2,0,2,0,0,2
priority_3063,0,3,2,0,2,0,1,0
spec_prior_3064,0,3,2,0,2,0,1,1
not_recom_3065,0,3,2,0,2,0,1,2
spec_prior_3066,0,3,2,0,2,0,2,0
spec_prior_3067,0,3,2,0,2,0,2,1
not_recom_3068,0,3,2,0,2,0,2,2
priority_3069,0,3,2,0,2,1,0,0
spec_prior_3070,0,3,2,0,2,1,0,1
not_recom_3071,0,3,2,0,2,1,0,2
priority_3072,0,3,2,0,2,1,1,0
spec_prior_3073,0,3,2,0,2,1,1,1
not_recom_3074,0,3,2,0,2,1,1,2
spec_prior_3075,0,3,2,0,2,1,2,0
spec_prior_3076,0,3,2,0,2,1,2,1
not_recom_3077,0,3,2,0,2,1,2,2
priority_3078,0,3,2,1,0,0,0,0
priority_3079,0,3,2,1,0,0,0,1
not_recom_3080,0,3,2,1,0,0,0,2
priority_3081,0,3,2,1,0,0,1,0
priority_3082,0,3,2,1,0,0,1,1
not_recom_3083,0,3,2,1,0,0,1,2
priority_3084,0,3,2,1,0,0,2,0
priority_3085,0,3,2,1,0,0,2,1
not_recom_3086,0,3,2,1,0,0,2,2
priority_3087,0,3,2,1,0,1,0,0
spec_prior_3088,0,3,2,1,0,1,0,1
not_recom_3089,0,3,2,1,0,1,0,2
priority_3090,0,3,2,1,0,1,1,0
spec_prior_3091,0,3,2,1,0,1,1,1
not_recom_3092,0,3,2,1,0,1,1,2
spec_prior_3093,0,3,2,1,0,1,2,0
spec_prior_3094,0,3,2,1,0,1,2,1
not_recom_3095,0,3,2,1,0,1,2,2
priority_3096,0,3,2,1,1,0,0,0
spec_prior_3097,0,3,2,1,1,0,0,1
not_recom_3098,0,3,2,1,1,0,0,2
priority_3099,0,3,2,1,1,0,1,0
spec_prior_3100,0,3,2,1,1,0,1,1
not_recom_3101,0,3,2,1,1,0,1,2
spec_prior_3102,0,3,2,1,1,0,2,0
spec_prior_3103,0,3,2,1,1,0,2,1
not_recom_3104,0,3,2,1,1,0,2,2
priority_3105,0,3,2,1,1,1,0,0
spec_prior_3106,0,3,2,1,1,1,0,1
not_recom_3107,0,3,2,1,1,1,0,2
priority_3108,0,3,2,1,1,1,1,0
spec_prior_3109,0,3,2,1,1,1,1,1
not_recom_3110,0,3,2,1,1,1,1,2
spec_prior_3111,0,3,2,1,1,1,2,0
spec_prior_3112,0,3,2,1,1,1,2,1
not_recom_3113,0,3,2,1,1,1,2,2
priority_3114,0,3,2,1,2,0,0,0
spec_prior_3115,0,3,2,1,2,0,0,1
not_recom_3116,0,3,2,1,2,0,0,2
priority_3117,0,3,2,1,2,0,1,0
spec_prior_3118,0,3,2,1,2,0,1,1
not_recom_3119,0,3,2,1,2,0,1,2
spec_prior_3120,0,3,2,1,2,0,2,0
spec_prior_3121,0,3,2,1,2,0,2,1
not_recom_3122,0,3,2,1,2,0,2,2
priority_3123,0,3,2,1,2,1,0,0
spec_prior_3124,0,3,2,1,2,1,0,1
not_recom_3125,0,3,2,1,2,1,0,2
priority_3126,0,3,2,1,2,1,1,0
spec_prior_3127,0,3,2,1,2,1,1,1
not_recom_3128,0,3,2,1,2,1,1,2
spec_prior_3129,0,3,2,1,2,1,2,0
spec_prior_3130,0,3,2,1,2,1,2,1
not_recom_3131,0,3,2,1,2,1,2,2
priority_3132,0,3,2,2,0,0,0,0
priority_3133,0,3,2,2,0,0,0,1
not_recom_3134,0,3,2,2,0,0,0,2
priority_3135,0,3,2,2,0,0,1,0
priority_3136,0,3,2,2,0,0,1,1
not_recom_3137,0,3,2,2,0,0,1,2
priority_3138,0,3,2,2,0,0,2,0
priority_3139,0,3,2,2,0,0,2,1
not_recom_3140,0,3,2,2,0,0,2,2
priority_3141,0,3,2,2,0,1,0,0
spec_prior_3142,0,3,2,2,0,1,0,1
not_recom_3143,0,3,2,2,0,1,0,2
priority_3144,0,3,2,2,0,1,1,0
spec_prior_3145,0,3,2,2,0,1,1,1
not_recom_3146,0,3,2,2,0,1,1,2
spec_prior_3147,0,3,2,2,0,1,2,0
spec_prior_3148,0,3,2,2,0,1,2,1
not_recom_3149,0,3,2,2,0,1,2,2
priority_3150,0,3,2,2,1,0,0,0
spec_prior_3151,0,3,2,2,1,0,0,1
not_recom_3152,0,3,2,2,1,0,0,2
priority_3153,0,3,2,2,1,0,1,0
spec_prior_3154,0,3,2,2,1,0,1,1
not_recom_3155,0,3,2,2,1,0,1,2
spec_prior_3156,0,3,2,2,1,0,2,0
spec_prior_3157,0,3,2,2,1,0,2,1
not_recom_3158,0,3,2,2,1,0,2,2
priority_3159,0,3,2,2,1,1,0,0
spec_prior_3160,0,3,2,2,1,1,0,1
not_recom_3161,0,3,2,2,1,1,0,2
priority_3162,0,3,2,2,1,1,1,0
spec_prior_3163,0,3,2,2,1,1,1,1
not_recom_3164,0,3,2,2,1,1,1,2
spec_prior_3165,0,3,2,2,1,1,2,0
spec_prior_3166,0,3,2,2,1,1,2,1
not_recom_3167,0,3,2,2,1,1,2,2
priority_3168,0,3,2,2,2,0,0,0
spec_prior_3169,0,3,2,2,2,0,0,1
not_recom_3170,0,3,2,2,2,0,0,2
priority_3171,0,3,2,2,2,0,1,0
spec_prior_3172,0,3,2,2,2,0,1,1
not_recom_3173,0,3,2,2,2,0,1,2
spec_prior_3174,0,3,2,2,2,0,2,0
spec_prior_3175,0,3,2,2,2,0,2,1
not_recom_3176,0,3,2,2,2,0,2,2
priority_3177,0,3,2,2,2,1,0,0
spec_prior_3178,0,3,2,2,2,1,0,1
not_recom_3179,0,3,2,2,2,1,0,2
priority_3180,0,3,2,2,2,1,1,0
spec_prior_3181,0,3,2,2,2,1,1,1
not_recom_3182,0,3,2,2,2,1,1,2
spec_prior_3183,0,3,2,2,2,1,2,0
spec_prior_3184,0,3,2,2,2,1,2,1
not_recom_3185,0,3,2,2,2,1,2,2
priority_3186,0,3,2,3,0,0,0,0
priority_3187,0,3,2,3,0,0,0,1
not_recom_3188,0,3,2,3,0,0,0,2
priority_3189,0,3,2,3,0,0,1,0
priority_3190,0,3,2,3,0,0,1,1
not_recom_3191,0,3,2,3,0,0,1,2
priority_3192,0,3,2,3,0,0,2,0
priority_3193,0,3,2,3,0,0,2,1
not_recom_3194,0,3,2,3,0,0,2,2
priority_3195,0,3,2,3,0,1,0,0
spec_prior_3196,0,3,2,3,0,1,0,1
not_recom_3197,0,3,2,3,0,1,0,2
priority_3198,0,3,2,3,0,1,1,0
spec_prior_3199,0,3,2,3,0,1,1,1
not_recom_3200,0,3,2,3,0,1,1,2
spec_prior_3201,0,3,2,3,0,1,2,0
spec_prior_3202,0,3,2,3,0,1,2,1
not_recom_3203,0,3,2,3,0,1,2,2
priority_3204,0,3,2,3,1,0,0,0
spec_prior_3205,0,3,2,3,1,0,0,1
not_recom_3206,0,3,2,3,1,0,0,2
priority_3207,0,3,2,3,1,0,1,0
spec_prior_3208,0,3,2,3,1,0,1,1
not_recom_3209,0,3,2,3,1,0,1,2
spec_prior_3210,0,3,2,3,1,0,2,0
spec_prior_3211,0,3,2,3,1,0,2,1
not_recom_3212,0,3,2,3,1,0,2,2
priority_3213,0,3,2,3,1,1,0,0
spec_prior_3214,0,3,2,3,1,1,0,1
not_recom_3215,0,3,2,3,1,1,0,2
priority_3216,0,3,2,3,1,1,1,0
spec_prior_3217,0,3,2,3,1,1,1,1
not_recom_3218,0,3,2,3,1,1,1,2
spec_prior_3219,0,3,2,3,1,1,2,0
spec_prior_3220,0,3,2,3,1,1,2,1
not_recom_3221,0,3,2,3,1,1,2,2
priority_3222,0,3,2,3,2,0,0,0
spec_prior_3223,0,3,2,3,2,0,0,1
not_recom_3224,0,3,2,3,2,0,0,2
priority_3225,0,3,2,3,2,0,1,0
spec_prior_3226,0,3,2,3,2,0,1,1
not_recom_3227,0,3,2,3,2,0,1,2
spec_prior_3228,0,3,2,3,2,0,2,0
spec_prior_3229,0,3,2,3,2,0,2,1
not_recom_3230,0,3,2,3,2,0,2,2
priority_3231,0,3,2,3,2,1,0,0
spec_prior_3232,0,3,2,3,2,1,0,1
not_recom_3233,0,3,2,3,2,1,0,2
priority_3234,0,3,2,3,2,1,1,0
spec_prior_3235,0,3,2,3,2,1,1,1
not_recom_3236,0,3,2,3,2,1,1,2
spec_prior_3237,0,3,2,3,2,1,2,0
spec_prior_3238,0,3,2,3,2,1,2,1
not_recom_3239,0,3,2,3,2,1,2,2
priority_3240,0,3,3,0,0,0,0,0
priority_3241,0,3,3,0,0,0,0,1
not_recom_3242,0,3,3,0,0,0,0,2
priority_3243,0,3,3,0,0,0,1,0
priority_3244,0,3,3,0,0,0,1,1
not_recom_3245,0,3,3,0,0,0,1,2
priority_3246,0,3,3,0,0,0,2,0
priority_3247,0,3,3,0,0,0,2,1
not_recom_3248,0,3,3,0,0,0,2,2
priority_3249,0,3,3,0,0,1,0,0
spec_prior_3250,0,3,3,0,0,1,0,1
not_recom_3251,0,3,3,0,0,1,0,2
priority_3252,0,3,3,0,0,1,1,0
spec_prior_3253,0,3,3,0,0,1,1,1
not_recom_3254,0,3,3,0,0,1,1,2
spec_prior_3255,0,3,3,0,0,1,2,0
spec_prior_3256,0,3,3,0,0,1,2,1
not_recom_3257,0,3,3,0,0,1,2,2
priority_3258,0,3,3,0,1,0,0,0
spec_prior_3259,0,3,3,0,1,0,0,1
not_recom_3260,0,3,3,0,1,0,0,2
priority_3261,0,3,3,0,1,0,1,0
spec_prior_3262,0,3,3,0,1,0,1,1
not_recom_3263,0,3,3,0,1,0,1,2
spec_prior_3264,0,3,3,0,1,0,2,0
spec_prior_3265,0,3,3,0,1,0,2,1
not_recom_3266,0,3,3,0,1,0,2,2
priority_3267,0,3,3,0,1,1,0,0
spec_prior_3268,0,3,3,0,1,1,0,1
not_recom_3269,0,3,3,0,1,1,0,2
priority_3270,0,3,3,0,1,1,1,0
spec_prior_3271,0,3,3,0,1,1,1,1
not_recom_3272,0,3,3,0,1,1,1,2
spec_prior_3273,0,3,3,0,1,1,2,0
spec_prior_3274,0,3,3,0,1,1,2,1
not_recom_3275,0,3,3,0,1,1,2,2
priority_3276,0,3,3,0,2,0,0,0
spec_prior_3277,0,3,3,0,2,0,0,1
not_recom_3278,0,3,3,0,2,0,0,2
priority_3279,0,3,3,0,2,0,1,0
spec_prior_3280,0,3,3,0,2,0,1,1
not_recom_3281,0,3,3,0,2,0,1,2
spec_prior_3282,0,3,3,0,2,0,2,0
spec_prior_3283,0,3,3,0,2,0,2,1
not_recom_3284,0,3,3,0,2,0,2,2
priority_3285,0,3,3,0,2,1,0,0
spec_prior_3286,0,3,3,0,2,1,0,1
not_recom_3287,0,3,3,0,2,1,0,2
priority_3288,0,3,3,0,2,1,1,0
spec_prior_3289,0,3,3,0,2,1,1,1
not_recom_3290,0,3,3,0,2,1,1,2
spec_prior_3291,0,3,3,0,2,1,2,0
spec_prior_3292,0,3,3,0,2,1,2,1
not_recom_3293,0,3,3,0,2,1,2,2
priority_3294,0,3,3,1,0,0,0,0
priority_3295,0,3,3,1,0,0,0,1
not_recom_3296,0,3,3,1,0,0,0,2
priority_3297,0,3,3,1,0,0,1,0
priority_3298,0,3,3,1,0,0,1,1
not_recom_3299,0,3,3,1,0,0,1,2
priority_3300,0,3,3,1,0,0,2,0
priority_3301,0,3,3,1,0,0,2,1
not_recom_3302,0,3,3,1,0,0,2,2
priority_3303,0,3,3,1,0,1,0,0
spec_prior_3304,0,3,3,1,0,1,0,1
not_recom_3305,0,3,3,1,0,1,0,2
priority_3306,0,3,3,1,0,1,1,0
spec_prior_3307,0,3,3,1,0,1,1,1
not_recom_3308,0,3,3,1,0,1,1,2
spec_prior_3309,0,3,3,1,0,1,2,0
spec_prior_3310,0,3,3,1,0,1,2,1
not_recom_3311,0,3,3,1,0,1,2,2
priority_3312,0,3,3,1,1,0,0,0
spec_prior_3313,0,3,3,1,1,0,0,1
not_recom_3314,0,3,3,1,1,0,0,2
priority_3315,0,3,3,1,1,0,1,0
spec_prior_3316,0,3,3,1,1,0,1,1
not_recom_3317,0,3,3,1,1,0,1,2
spec_prior_3318,0,3,3,1,1,0,2,0
spec_prior_3319,0,3,3,1,1,0,2,1
not_recom_3320,0,3,3,1,1,0,2,2
priority_3321,0,3,3,1,1,1,0,0
spec_prior_3322,0,3,3,1,1,1,0,1
not_recom_3323,0,3,3,1,1,1,0,2
priority_3324,0,3,3,1,1,1,1,0
spec_prior_3325,0,3,3,1,1,1,1,1
not_recom_3326,0,3,3,1,1,1,1,2
spec_prior_3327,0,3,3,1,1,1,2,0
spec_prior_3328,0,3,3,1,1,1,2,1
not_recom_3329,0,3,3,1,1,1,2,2
priority_3330,0,3,3,1,2,0,0,0
spec_prior_3331,0,3,3,1,2,0,0,1
not_recom_3332,0,3,3,1,2,0,0,2
priority_3333,0,3,3,1,2,0,1,0
spec_prior_3334,0,3,3,1,2,0,1,1
not_recom_3335,0,3,3,1,2,0,1,2
spec_prior_3336,0,3,3,1,2,0,2,0
spec_prior_3337,0,3,3,1,2,0,2,1
not_recom_3338,0,3,3,1,2,0,2,2
priority_3339,0,3,3,1,2,1,0,0
spec_prior_3340,0,3,3,1,2,1,0,1
not_recom_3341,0,3,3,1,2,1,0,2
priority_3342,0,3,3,1,2,1,1,0
spec_prior_3343,0,3,3,1,2,1,1,1
not_recom_3344,0,3,3,1,2,1,1,2
spec_prior_3345,0,3,3,1,2,1,2,0
spec_prior_3346,0,3,3,1,2,1,2,1
not_recom_3347,0,3,3,1,2,1,2,2
priority_3348,0,3,3,2,0,0,0,0
priority_3349,0,3,3,2,0,0,0,1
not_recom_3350,0,3,3,2,0,0,0,2
priority_3351,0,3,3,2,0,0,1,0
priority_3352,0,3,3,2,0,0,1,1
not_recom_3353,0,3,3,2,0,0,1,2
priority_3354,0,3,3,2,0,0,2,0
priority_3355,0,3,3,2,0,0,2,1
not_recom_3356,0,3,3,2,0,0,2,2
priority_3357,0,3,3,2,0,1,0,0
spec_prior_3358,0,3,3,2,0,1,0,1
not_recom_3359,0,3,3,2,0,1,0,2
priority_3360,0,3,3,2,0,1,1,0
spec_prior_3361,0,3,3,2,0,1,1,1
not_recom_3362,0,3,3,2,0,1,1,2
spec_prior_3363,0,3,3,2,0,1,2,0
spec_prior_3364,0,3,3,2,0,1,2,1
not_recom_3365,0,3,3,2,0,1,2,2
priority_3366,0,3,3,2,1,0,0,0
spec_prior_3367,0,3,3,2,1,0,0,1
not_recom_3368,0,3,3,2,1,0,0,2
priority_3369,0,3,3,2,1,0,1,0
spec_prior_3370,0,3,3,2,1,0,1,1
not_recom_3371,0,3,3,2,1,0,1,2
spec_prior_3372,0,3,3,2,1,0,2,0
spec_prior_3373,0,3,3,2,1,0,2,1
not_recom_3374,0,3,3,2,1,0,2,2
priority_3375,0,3,3,2,1,1,0,0
spec_prior_3376,0,3,3,2,1,1,0,1
not_recom_3377,0,3,3,2,1,1,0,2
priority_3378,0,3,3,2,1,1,1,0
spec_prior_3379,0,3,3,2,1,1,1,1
not_recom_3380,0,3,3,2,1,1,1,2
spec_prior_3381,0,3,3,2,1,1,2,0
spec_prior_3382,0,3,3,2,1,1,2,1
not_recom_3383,0,3,3,2,1,1,2,2
priority_3384,0,3,3,2,2,0,0,0
spec_prior_3385,0,3,3,2,2,0,0,1
not_recom_3386,0,3,3,2,2,0,0,2
priority_3387,0,3,3,2,2,0,1,0
spec_prior_3388,0,3,3,2,2,0,1,1
not_recom_3389,0,3,3,2,2,0,1,2
spec_prior_3390,0,3,3,2,2,0,2,0
spec_prior_3391,0,3,3,2,2,0,2,1
not_recom_3392,0,3,3,2,2,0,2,2
priority_3393,0,3,3,2,2,1,0,0
spec_prior_3394,0,3,3,2,2,1,0,1
not_recom_3395,0,3,3,2,2,1,0,2
priority_3396,0,3,3,2,2,1,1,0
spec_prior_3397,0,3,3,2,2,1,1,1
not_recom_3398,0,3,3,2,2,1,1,2
spec_prior_3399,0,3,3,2,2,1,2,0
spec_prior_3400,0,3,3,2,2,1,2,1
not_recom_3401,0,3,3,2,2,1,2,2
priority_3402,0,3,3,3,0,0,0,0
priority_3403,0,3,3,3,0,0,0,1
not_recom_3404,0,3,3,3,0,0,0,2
priority_3405,0,3,3,3,0,0,1,0
priority_3406,0,3,3,3,0,0,1,1
not_recom_3407,0,3,3,3,0,0,1,2
priority_3408,0,3,3,3,0,0,2,0
priority_3409,0,3,3,3,0,0,2,1
not_recom_3410,0,3,3,3,0,0,2,2
priority_3411,0,3,3,3,0,1,0,0
spec_prior_3412,0,3,3,3,0,1,0,1
not_recom_3413,0,3,3,3,0,1,0,2
priority_3414,0,3,3,3,0,1,1,0
spec_prior_3415,0,3,3,3,0,1,1,1
not_recom_3416,0,3,3,3,0,1,1,2
spec_prior_3417,0,3,3,3,0,1,2,0
spec_prior_3418,0,3,3,3,0,1,2,1
not_recom_3419,0,3,3,3,0,1,2,2
priority_3420,0,3,3,3,1,0,0,0
spec_prior_3421,0,3,3,3,1,0,0,1
not_recom_3422,0,3,3,3,1,0,0,2
priority_3423,0,3,3,3,1,0,1,0
spec_prior_3424,0,3,3,3,1,0,1,1
not_recom_3425,0,3,3,3,1,0,1,2
spec_prior_3426,0,3,3,3,1,0,2,0
spec_prior_3427,0,3,3,3,1,0,2,1
not_recom_3428,0,3,3,3,1,0,2,2
priority_3429,0,3,3,3,1,1,0,0
spec_prior_3430,0,3,3,3,1,1,0,1
not_recom_3431,0,3,3,3,1,1,0,2
priority_3432,0,3,3,3,1,1,1,0
spec_prior_3433,0,3,3,3,1,1,1,1
not_recom_3434,0,3,3,3,1,1,1,2
spec_prior_3435,0,3,3,3,1,1,2,0
spec_prior_3436,0,3,3,3,1,1,2,1
not_recom_3437,0,3,3,3,1,1,2,2
priority_3438,0,3,3,3,2,0,0,0
spec_prior_3439,0,3,3,3,2,0,0,1
not_recom_3440,0,3,3,3,2,0,0,2
priority_3441,0,3,3,3,2,0,1,0
spec_prior_3442,0,3,3,3,2,0,1,1
not_recom_3443,0,3,3,3,2,0,1,2
spec_prior_3444,0,3,3,3,2,0,2,0
spec_prior_3445,0,3,3,3,2,0,2,1
not_recom_3446,0,3,3,3,2,0,2,2
priority_3447,0,3,3,3,2,1,0,0
spec_prior_3448,0,3,3,3,2,1,0,1
not_recom_3449,0,3,3,3,2,1,0,2
priority_3450,0,3,3,3,2,1,1,0
spec_prior_3451,0,3,3,3,2,1,1,1
not_recom_3452,0,3,3,3,2,1,1,2
spec_prior_3453,0,3,3,3,2,1,2,0
spec_prior_3454,0,3,3,3,2,1,2,1
not_recom_3455,0,3,3,3,2,1,2,2
priority_3456,0,4,0,0,0,0,0,0
priority_3457,0,4,0,0,0,0,0,1
not_recom_3458,0,4,0,0,0,0,0,2
priority_3459,0,4,0,0,0,0,1,0
priority_3460,0,4,0,0,0,0,1,1
not_recom_3461,0,4,0,0,0,0,1,2
priority_3462,0,4,0,0,0,0,2,0
priority_3463,0,4,0,0,0,0,2,1
not_recom_3464,0,4,0,0,0,0,2,2
priority_3465,0,4,0,0,0,1,0,0
spec_prior_3466,0,4,0,0,0,1,0,1
not_recom_3467,0,4,0,0,0,1,0,2
priority_3468,0,4,0,0,0,1,1,0
spec_prior_3469,0,4,0,0,0,1,1,1
not_recom_3470,0,4,0,0,0,1,1,2
spec_prior_3471,0,4,0,0,0,1,2,0
spec_prior_3472,0,4,0,0,0,1,2,1
not_recom_3473,0,4,0,0,0,1,2,2
priority_3474,0,4,0,0,1,0,0,0
spec_prior_3475,0,4,0,0,1,0,0,1
not_recom_3476,0,4,0,0,1,0,0,2
priority_3477,0,4,0,0,1,0,1,0
spec_prior_3478,0,4,0,0,1,0,1,1
not_recom_3479,0,4,0,0,1,0,1,2
spec_prior_3480,0,4,0,0,1,0,2,0
spec_prior_3481,0,4,0,0,1,0,2,1
not_recom_3482,0,4,0,0,1,0,2,2
priority_3483,0,4,0,0,1,1,0,0
spec_prior_3484,0,4,0,0,1,1,0,1
not_recom_3485,0,4,0,0,1,1,0,2
priority_3486,0,4,0,0,1,1,1,0
spec_prior_3487,0,4,0,0,1,1,1,1
not_recom_3488,0,4,0,0,1,1,1,2
spec_prior_3489,0,4,0,0,1,1,2,0
spec_prior_3490,0,4,0,0,1,1,2,1
not_recom_3491,0,4,0,0,1,1,2,2
priority_3492,0,4,0,0,2,0,0,0
spec_prior_3493,0,4,0,0,2,0,0,1
not_recom_3494,0,4,0,0,2,0,0,2
priority_3495,0,4,0,0,2,0,1,0
spec_prior_3496,0,4,0,0,2,0,1,1
not_recom_3497,0,4,0,0,2,0,1,2
spec_prior_3498,0,4,0,0,2,0,2,0
spec_prior_3499,0,4,0,0,2,0,2,1
not_recom_3500,0,4,0,0,2,0,2,2
priority_3501,0,4,0,0,2,1,0,0
spec_prior_3502,0,4,0,0,2,1,0,1
not_recom_3503,0,4,0,0,2,1,0,2
priority_3504,0,4,0,0,2,1,1,0
spec_prior_3505,0,4,0,0,2,1,1,1
not_recom_3506,0,4,0,0,2,1,1,2
spec_prior_3507,0,4,0,0,2,1,2,0
spec_prior_3508,0,4,0,0,2,1,2,1
not_recom_3509,0,4,0,0,2,1,2,2
priority_3510,0,4,0,1,0,0,0,0
spec_prior_3511,0,4,0,1,0,0,0,1
not_recom_3512,0,4,0,1,0,0,0,2
priority_3513,0,4,0,1,0,0,1,0
spec_prior_3514,0,4,0,1,0,0,1,1
not_recom_3515,0,4,0,1,0,0,1,2
spec_prior_3516,0,4,0,1,0,0,2,0
spec_prior_3517,0,4,0,1,0,0,2,1
not_recom_3518,0,4,0,1,0,0,2,2
priority_3519,0,4,0,1,0,1,0,0
spec_prior_3520,0,4,0,1,0,1,0,1
not_recom_3521,0,4,0,1,0,1,0,2
priority_3522,0,4,0,1,0,1,1,0
spec_prior_3523,0,4,0,1,0,1,1,1
not_recom_3524,0,4,0,1,0,1,1,2
spec_prior_3525,0,4,0,1,0,1,2,0
spec_prior_3526,0,4,0,1,0,1,2,1
not_recom_3527,0,4,0,1,0,1,2,2
priority_3528,0,4,0,1,1,0,0,0
spec_prior_3529,0,4,0,1,1,0,0,1
not_recom_3530,0,4,0,1,1,0,0,2
priority_3531,0,4,0,1,1,0,1,0
spec_prior_3532,0,4,0,1,1,0,1,1
not_recom_3533,0,4,0,1,1,0,1,2
spec_prior_3534,0,4,0,1,1,0,2,0
spec_prior_3535,0,4,0,1,1,0,2,1
not_recom_3536,0,4,0,1,1,0,2,2
priority_3537,0,4,0,1,1,1,0,0
spec_prior_3538,0,4,0,1,1,1,0,1
not_recom_3539,0,4,0,1,1,1,0,2
priority_3540,0,4,0,1,1,1,1,0
spec_prior_3541,0,4,0,1,1,1,1,1
not_recom_3542,0,4,0,1,1,1,1,2
spec_prior_3543,0,4,0,1,1,1,2,0
spec_prior_3544,0,4,0,1,1,1,2,1
not_recom_3545,0,4,0,1,1,1,2,2
spec_prior_3546,0,4,0,1,2,0,0,0
spec_prior_3547,0,4,0,1,2,0,0,1
not_recom_3548,0,4,0,1,2,0,0,2
spec_prior_3549,0,4,0,1,2,0,1,0
spec_prior_3550,0,4,0,1,2,0,1,1
not_recom_3551,0,4,0,1,2,0,1,2
spec_prior_3552,0,4,0,1,2,0,2,0
spec_prior_3553,0,4,0,1,2,0,2,1
not_recom_3554,0,4,0,1,2,0,2,2
spec_prior_3555,0,4,0,1,2,1,0,0
spec_prior_3556,0,4,0,1,2,1,0,1
not_recom_3557,0,4,0,1,2,1,0,2
spec_prior_3558,0,4,0,1,2,1,1,0
spec_prior_3559,0,4,0,1,2,1,1,1
not_recom_3560,0,4,0,1,2,1,1,2
spec_prior_3561,0,4,0,1,2,1,2,0
spec_prior_3562,0,4,0,1,2,1,2,1
not_recom_3563,0,4,0,1,2,1,2,2
priority_3564,0,4,0,2,0,0,0,0
spec_prior_3565,0,4,0,2,0,0,0,1
not_recom_3566,0,4,0,2,0,0,0,2
priority_3567,0,4,0,2,0,0,1,0
spec_prior_3568,0,4,0,2,0,0,1,1
not_recom_3569,0,4,0,2,0,0,1,2
spec_prior_3570,0,4,0,2,0,0,2,0
spec_prior_3571,0,4,0,2,0,0,2,1
not_recom_3572,0,4,0,2,0,0,2,2
spec_prior_3573,0,4,0,2,0,1,0,0
spec_prior_3574,0,4,0,2,0,1,0,1
not_recom_3575,0,4,0,2,0,1,0,2
spec_prior_3576,0,4,0,2,0,1,1,0
spec_prior_3577,0,4,0,2,0,1,1,1
not_recom_3578,0,4,0,2,0,1,1,2
spec_prior_3579,0,4,0,2,0,1,2,0
spec_prior_3580,0,4,0,2,0,1,2,1
not_recom_3581,0,4,0,2,0,1,2,2
spec_prior_3582,0,4,0,2,1,0,0,0
spec_prior_3583,0,4,0,2,1,0,0,1
not_recom_3584,0,4,0,2,1,0,0,2
spec_prior_3585,0,4,0,2,1,0,1,0
spec_prior_3586,0,4,0,2,1,0,1,1
not_recom_3587,0,4,0,2,1,0,1,2
spec_prior_3588,0,4,0,2,1,0,2,0
spec_prior_3589,0,4,0,2,1,0,2,1
not_recom_3590,0,4,0,2,1,0,2,2
spec_prior_3591,0,4,0,2,1,1,0,0
spec_prior_3592,0,4,0,2,1,1,0,1
not_recom_3593,0,4,0,2,1,1,0,2
spec_prior_3594,0,4,0,2,1,1,1,0
spec_prior_3595,0,4,0,2,1,1,1,1
not_recom_3596,0,4,0,2,1,1,1,2
spec_prior_3597,0,4,0,2,1,1,2,0
spec_prior_3598,0,4,0,2,1,1,2,1
not_recom_3599,0,4,0,2,1,1,2,2
spec_prior_3600,0,4,0,2,2,0,0,0
spec_prior_3601,0,4,0,2,2,0,0,1
not_recom_3602,0,4,0,2,2,0,0,2
spec_prior_3603,0,4,0,2,2,0,1,0
spec_prior_3604,0,4,0,2,2,0,1,1
not_recom_3605,0,4,0,2,2,0,1,2
spec_prior_3606,0,4,0,2,2,0,2,0
spec_prior_3607,0,4,0,2,2,0,2,1
not_recom_3608,0,4,0,2,2,0,2,2
spec_prior_3609,0,4,0,2,2,1,0,0
spec_prior_3610,0,4,0,2,2,1,0,1
not_recom_3611,0,4,0,2,2,1,0,2
spec_prior_3612,0,4,0,2,2,1,1,0
spec_prior_3613,0,4,0,2,2,1,1,1
not_recom_3614,0,4,0,2,2,1,1,2
spec_prior_3615,0,4,0,2,2,1,2,0
spec_prior_3616,0,4,0,2,2,1,2,1
not_recom_3617,0,4,0,2,2,1,2,2
priority_3618,0,4,0,3,0,0,0,0
spec_prior_3619,0,4,0,3,0,0,0,1
not_recom_3620,0,4,0,3,0,0,0,2
priority_3621,0,4,0,3,0,0,1,0
spec_prior_3622,0,4,0,3,0,0,1,1
not_recom_3623,0,4,0,3,0,0,1,2
spec_prior_3624,0,4,0,3,0,0,2,0
spec_prior_3625,0,4,0,3,0,0,2,1
not_recom_3626,0,4,0,3,0,0,2,2
spec_prior_3627,0,4,0,3,0,1,0,0
spec_prior_3628,0,4,0,3,0,1,0,1
not_recom_3629,0,4,0,3,0,1,0,2
spec_prior_3630,0,4,0,3,0,1,1,0
spec_prior_3631,0,4,0,3,0,1,1,1
not_recom_3632,0,4,0,3,0,1,1,2
spec_prior_3633,0,4,0,3,0,1,2,0
spec_prior_3634,0,4,0,3,0,1,2,1
not_recom_3635,0,4,0,3,0,1,2,2
spec_prior_3636,0,4,0,3,1,0,0,0
spec_prior_3637,0,4,0,3,1,0,0,1
not_recom_3638,0,4,0,3,1,0,0,2
spec_prior_3639,0,4,0,3,1,0,1,0
spec_prior_3640,0,4,0,3,1,0,1,1
not_recom_3641,0,4,0,3,1,0,1,2
spec_prior_3642,0,4,0,3,1,0,2,0
spec_prior_3643,0,4,0,3,1,0,2,1
not_recom_3644,0,4,0,3,1,0,2,2
spec_prior_3645,0,4,0,3,1,1,0,0
spec_prior_3646,0,4,0,3,1,1,0,1
not_recom_3647,0,4,0,3,1,1,0,2
spec_prior_3648,0,4,0,3,1,1,1,0
spec_prior_3649,0,4,0,3,1,1,1,1
not_recom_3650,0,4,0,3,1,1,1,2
spec_prior_3651,0,4,0,3,1,1,2,0
spec_prior_3652,0,4,0,3,1,1,2,1
not_recom_3653,0,4,0,3,1,1,2,2
spec_prior_3654,0,4,0,3,2,0,0,0
spec_prior_3655,0,4,0,3,2,0,0,1
not_recom_3656,0,4,0,3,2,0,0,2
spec_prior_3657,0,4,0,3,2,0,1,0
spec_prior_3658,0,4,0,3,2,0,1,1
not_recom_3659,0,4,0,3,2,0,1,2
spec_prior_3660,0,4,0,3,2,0,2,0
spec_prior_3661,0,4,0,3,2,0,2,1
not_recom_3662,0,4,0,3,2,0,2,2
spec_prior_3663,0,4,0,3,2,1,0,0
spec_prior_3664,0,4,0,3,2,1,0,1
not_recom_3665,0,4,0,3,2,1,0,2
spec_prior_3666,0,4,0,3,2,1,1,0
spec_prior_3667,0,4,0,3,2,1,1,1
not_recom_3668,0,4,0,3,2,1,1,2
spec_prior_3669,0,4,0,3,2,1,2,0
spec_prior_3670,0,4,0,3,2,1,2,1
not_recom_3671,0,4,0,3,2,1,2,2
priority_3672,0,4,1,0,0,0,0,0
spec_prior_3673,0,4,1,0,0,0,0,1
not_recom_3674,0,4,1,0,0,0,0,2
priority_3675,0,4,1,0,0,0,1,0
spec_prior_3676,0,4,1,0,0,0,1,1
not_recom_3677,0,4,1,0,0,0,1,2
spec_prior_3678,0,4,1,0,0,0,2,0
spec_prior_3679,0,4,1,0,0,0,2,1
not_recom_3680,0,4,1,0,0,0,2,2
priority_3681,0,4,1,0,0,1,0,0
spec_prior_3682,0,4,1,0,0,1,0,1
not_recom_3683,0,4,1,0,0,1,0,2
priority_3684,0,4,1,0,0,1,1,0
spec_prior_3685,0,4,1,0,0,1,1,1
not_recom_3686,0,4,1,0,0,1,1,2
spec_prior_3687,0,4,1,0,0,1,2,0
spec_prior_3688,0,4,1,0,0,1,2,1
not_recom_3689,0,4,1,0,0,1,2,2
priority_3690,0,4,1,0,1,0,0,0
spec_prior_3691,0,4,1,0,1,0,0,1
not_recom_3692,0,4,1,0,1,0,0,2
priority_3693,0,4,1,0,1,0,1,0
spec_prior_3694,0,4,1,0,1,0,1,1
not_recom_3695,0,4,1,0,1,0,1,2
spec_prior_3696,0,4,1,0,1,0,2,0
spec_prior_3697,0,4,1,0,1,0,2,1
not_recom_3698,0,4,1,0,1,0,2,2
priority_3699,0,4,1,0,1,1,0,0
spec_prior_3700,0,4,1,0,1,1,0,1
not_recom_3701,0,4,1,0,1,1,0,2
priority_3702,0,4,1,0,1,1,1,0
spec_prior_3703,0,4,1,0,1,1,1,1
not_recom_3704,0,4,1,0,1,1,1,2
spec_prior_3705,0,4,1,0,1,1,2,0
spec_prior_3706,0,4,1,0,1,1,2,1
not_recom_3707,0,4,1,0,1,1,2,2
spec_prior_3708,0,4,1,0,2,0,0,0
spec_prior_3709,0,4,1,0,2,0,0,1
not_recom_3710,0,4,1,0,2,0,0,2
spec_prior_3711,0,4,1,0,2,0,1,0
spec_prior_3712,0,4,1,0,2,0,1,1
not_recom_3713,0,4,1,0,2,0,1,2
spec_prior_3714,0,4,1,0,2,0,2,0
spec_prior_3715,0,4,1,0,2,0,2,1
not_recom_3716,0,4,1,0,2,0,2,2
spec_prior_3717,0,4,1,0,2,1,0,0
spec_prior_3718,0,4,1,0,2,1,0,1
not_recom_3719,0,4,1,0,2,1,0,2
spec_prior_3720,0,4,1,0,2,1,1,0
spec_prior_3721,0,4,1,0,2,1,1,1
not_recom_3722,0,4,1,0,2,1,1,2
spec_prior_3723,0,4,1,0,2,1,2,0
spec_prior_3724,0,4,1,0,2,1,2,1
not_recom_3725,0,4,1,0,2,1,2,2
priority_3726,0,4,1,1,0,0,0,0
spec_prior_3727,0,4,1,1,0,0,0,1
not_recom_3728,0,4,1,1,0,0,0,2
priority_3729,0,4,1,1,0,0,1,0
spec_prior_3730,0,4,1,1,0,0,1,1
not_recom_3731,0,4,1,1,0,0,1,2
spec_prior_3732,0,4,1,1,0,0,2,0
spec_prior_3733,0,4,1,1,0,0,2,1
not_recom_3734,0,4,1,1,0,0,2,2
priority_3735,0,4,1,1,0,1,0,0
spec_prior_3736,0,4,1,1,0,1,0,1
not_recom_3737,0,4,1,1,0,1,0,2
priority_3738,0,4,1,1,0,1,1,0
spec_prior_3739,0,4,1,1,0,1,1,1
not_recom_3740,0,4,1,1,0,1,1,2
spec_prior_3741,0,4,1,1,0,1,2,0
spec_prior_3742,0,4,1,1,0,1,2,1
not_recom_3743,0,4,1,1,0,1,2,2
priority_3744,0,4,1,1,1,0,0,0
spec_prior_3745,0,4,1,1,1,0,0,1
not_recom_3746,0,4,1,1,1,0,0,2
priority_3747,0,4,1,1,1,0,1,0
spec_prior_3748,0,4,1,1,1,0,1,1
not_recom_3749,0,4,1,1,1,0,1,2
spec_prior_3750,0,4,1,1,1,0,2,0
spec_prior_3751,0,4,1,1,1,0,2,1
not_recom_3752,0,4,1,1,1,0,2,2
priority_3753,0,4,1,1,1,1,0,0
spec_prior_3754,0,4,1,1,1,1,0,1
not_recom_3755,0,4,1,1,1,1,0,2
priority_3756,0,4,1,1,1,1,1,0
spec_prior_3757,0,4,1,1,1,1,1,1
not_recom_3758,0,4,1,1,1,1,1,2
spec_prior_3759,0,4,1,1,1,1,2,0
spec_prior_3760,0,4,1,1,1,1,2,1
not_recom_3761,0,4,1,1,1,1,2,2
spec_prior_3762,0,4,1,1,2,0,0,0
spec_prior_3763,0,4,1,1,2,0,0,1
not_recom_3764,0,4,1,1,2,0,0,2
spec_prior_3765,0,4,1,1,2,0,1,0
spec_prior_3766,0,4,1,1,2,0,1,1
not_recom_3767,0,4,1,1,2,0,1,2
spec_prior_3768,0,4,1,1,2,0,2,0
spec_prior_3769,0,4,1,1,2,0,2,1
not_recom_3770,0,4,1,1,2,0,2,2
spec_prior_3771,0,4,1,1,2,1,0,0
spec_prior_3772,0,4,1,1,2,1,0,1
not_recom_3773,0,4,1,1,2,1,0,2
spec_prior_3774,0,4,1,1,2,1,1,0
spec_prior_3775,0,4,1,1,2,1,1,1
not_recom_3776,0,4,1,1,2,1,1,2
spec_prior_3777,0,4,1,1,2,1,2,0
spec_prior_3778,0,4,1,1,2,1,2,1
not_recom_3779,0,4,1,1,2,1,2,2
priority_3780,0,4,1,2,0,0,0,0
spec_prior_3781,0,4,1,2,0,0,0,1
not_recom_3782,0,4,1,2,0,0,0,2
priority_3783,0,4,1,2,0,0,1,0
spec_prior_3784,0,4,1,2,0,0,1,1
not_recom_3785,0,4,1,2,0,0,1,2
spec_prior_3786,0,4,1,2,0,0,2,0
spec_prior_3787,0,4,1,2,0,0,2,1
not_recom_3788,0,4,1,2,0,0,2,2
spec_prior_3789,0,4,1,2,0,1,0,0
spec_prior_3790,0,4,1,2,0,1,0,1
not_recom_3791,0,4,1,2,0,1,0,2
spec_prior_3792,0,4,1,2,0,1,1,0
spec_prior_3793,0,4,1,2,0,1,1,1
not_recom_3794,0,4,1,2,0,1,1,2
spec_prior_3795,0,4,1,2,0,1,2,0
spec_prior_3796,0,4,1,2,0,1,2,1
not_recom_3797,0,4,1,2,0,1,2,2
spec_prior_3798,0,4,1,2,1,0,0,0
spec_prior_3799,0,4,1,2,1,0,0,1
not_recom_3800,0,4,1,2,1,0,0,2
spec_prior_3801,0,4,1,2,1,0,1,0
spec_prior_3802,0,4,1,2,1,0,1,1
not_recom_3803,0,4,1,2,1,0,1,2
spec_prior_3804,0,4,1,2,1,0,2,0
spec_prior_3805,0,4,1,2,1,0,2,1
not_recom_3806,0,4,1,2,1,0,2,2
spec_prior_3807,0,4,1,2,1,1,0,0
spec_prior_3808,0,4,1,2,1,1,0,1
not_recom_3809,0,4,1,2,1,1,0,2
spec_prior_3810,0,4,1,2,1,1,1,0
spec_prior_3811,0,4,1,2,1,1,1,1
not_recom_3812,0,4,1,2,1,1,1,2
spec_prior_3813,0,4,1,2,1,1,2,0
spec_prior_3814,0,4,1,2,1,1,2,1
not_recom_3815,0,4,1,2,1,1,2,2
spec_prior_3816,0,4,1,2,2,0,0,0
spec_prior_3817,0,4,1,2,2,0,0,1
not_recom_3818,0,4,1,2,2,0,0,2
spec_prior_3819,0,4,1,2,2,0,1,0
spec_prior_3820,0,4,1,2,2,0,1,1
not_recom_3821,0,4,1,2,2,0,1,2
spec_prior_3822,0,4,1,2,2,0,2,0
spec_prior_3823,0,4,1,2,2,0,2,1
not_recom_3824,0,4,1,2,2,0,2,2
spec_prior_3825,0,4,1,2,2,1,0,0
spec_prior_3826,0,4,1,2,2,1,0,1
not_recom_3827,0,4,1,2,2,1,0,2
spec_prior_3828,0,4,1,2,2,1,1,0
spec_prior_3829,0,4,1,2,2,1,1,1
not_recom_3830,0,4,1,2,2,1,1,2
spec_prior_3831,0,4,1,2,2,1,2,0
spec_prior_3832,0,4,1,2,2,1,2,1
not_recom_3833,0,4,1,2,2,1,2,2
priority_3834,0,4,1,3,0,0,0,0
spec_prior_3835,0,4,1,3,0,0,0,1
not_recom_3836,0,4,1,3,0,0,0,2
priority_3837,0,4,1,3,0,0,1,0
spec_prior_3838,0,4,1,3,0,0,1,1
not_recom_3839,0,4,1,3,0,0,1,2
spec_prior_3840,0,4,1,3,0,0,2,0
spec_prior_3841,0,4,1,3,0,0,2,1
not_recom_3842,0,4,1,3,0,0,2,2
spec_prior_3843,0,4,1,3,0,1,0,0
spec_prior_3844,0,4,1,3,0,1,0,1
not_recom_3845,0,4,1,3,0,1,0,2
spec_prior_3846,0,4,1,3,0,1,1,0
spec_prior_3847,0,4,1,3,0,1,1,1
not_recom_3848,0,4,1,3,0,1,1,2
spec_prior_3849,0,4,1,3,0,1,2,0
spec_prior_3850,0,4,1,3,0,1,2,1
not_recom_3851,0,4,1,3,0,1,2,2
spec_prior_3852,0,4,1,3,1,0,0,0
spec_prior_3853,0,4,1,3,1,0,0,1
not_recom_3854,0,4,1,3,1,0,0,2
spec_prior_3855,0,4,1,3,1,0,1,0
spec_prior_3856,0,4,1,3,1,0,1,1
not_recom_3857,0,4,1,3,1,0,1,2
spec_prior_3858,0,4,1,3,1,0,2,0
spec_prior_3859,0,4,1,3,1,0,2,1
not_recom_3860,0,4,1,3,1,0,2,2
spec_prior_3861,0,4,1,3,1,1,0,0
spec_prior_3862,0,4,1,3,1,1,0,1
not_recom_3863,0,4,1,3,1,1,0,2
spec_prior_3864,0,4,1,3,1,1,1,0
spec_prior_3865,0,4,1,3,1,1,1,1
not_recom_3866,0,4,1,3,1,1,1,2
spec_prior_3867,0,4,1,3,1,1,2,0
spec_prior_3868,0,4,1,3,1,1,2,1
not_recom_3869,0,4,1,3,1,1,2,2
spec_prior_3870,0,4,1,3,2,0,0,0
spec_prior_3871,0,4,1,3,2,0,0,1
not_recom_3872,0,4,1,3,2,0,0,2
spec_prior_3873,0,4,1,3,2,0,1,0
spec_prior_3874,0,4,1,3,2,0,1,1
not_recom_3875,0,4,1,3,2,0,1,2
spec_prior_3876,0,4,1,3,2,0,2,0
spec_prior_3877,0,4,1,3,2,0,2,1
not_recom_3878,0,4,1,3,2,0,2,2
spec_prior_3879,0,4,1,3,2,1,0,0
spec_prior_3880,0,4,1,3,2,1,0,1
not_recom_3881,0,4,1,3,2,1,0,2
spec_prior_3882,0,4,1,3,2,1,1,0
spec_prior_3883,0,4,1,3,2,1,1,1
not_recom_3884,0,4,1,3,2,1,1,2
spec_prior_3885,0,4,1,3,2,1,2,0
spec_prior_3886,0,4,1,3,2,1,2,1
not_recom_3887,0,4,1,3,2,1,2,2
priority_3888,0,4,2,0,0,0,0,0
spec_prior_3889,0,4,2,0,0,0,0,1
not_recom_3890,0,4,2,0,0,0,0,2
priority_3891,0,4,2,0,0,0,1,0
spec_prior_3892,0,4,2,0,0,0,1,1
not_recom_3893,0,4,2,0,0,0,1,2
spec_prior_3894,0,4,2,0,0,0,2,0
spec_prior_3895,0,4,2,0,0,0,2,1
not_recom_3896,0,4,2,0,0,0,2,2
priority_3897,0,4,2,0,0,1,0,0
spec_prior_3898,0,4,2,0,0,1,0,1
not_recom_3899,0,4,2,0,0,1,0,2
priority_3900,0,4,2,0,0,1,1,0
spec_prior_3901,0,4,2,0,0,1,1,1
not_recom_3902,0,4,2,0,0,1,1,2
spec_prior_3903,0,4,2,0,0,1,2,0
spec_prior_3904,0,4,2,0,0,1,2,1
not_recom_3905,0,4,2,0,0,1,2,2
priority_3906,0,4,2,0,1,0,0,0
spec_prior_3907,0,4,2,0,1,0,0,1
not_recom_3908,0,4,2,0,1,0,0,2
priority_3909,0,4,2,0,1,0,1,0
spec_prior_3910,0,4,2,0,1,0,1,1
not_recom_3911,0,4,2,0,1,0,1,2
spec_prior_3912,0,4,2,0,1,0,2,0
spec_prior_3913,0,4,2,0,1,0,2,1
not_recom_3914,0,4,2,0,1,0,2,2
priority_3915,0,4,2,0,1,1,0,0
spec_prior_3916,0,4,2,0,1,1,0,1
not_recom_3917,0,4,2,0,1,1,0,2
priority_3918,0,4,2,0,1,1,1,0
spec_prior_3919,0,4,2,0,1,1,1,1
not_recom_3920,0,4,2,0,1,1,1,2
spec_prior_3921,0,4,2,0,1,1,2,0
spec_prior_3922,0,4,2,0,1,1,2,1
not_recom_3923,0,4,2,0,1,1,2,2
spec_prior_3924,0,4,2,0,2,0,0,0
spec_prior_3925,0,4,2,0,2,0,0,1
not_recom_3926,0,4,2,0,2,0,0,2
spec_prior_3927,0,4,2,0,2,0,1,0
spec_prior_3928,0,4,2,0,2,0,1,1
not_recom_3929,0,4,2,0,2,0,1,2
spec_prior_3930,0,4,2,0,2,0,2,0
spec_prior_3931,0,4,2,0,2,0,2,1
not_recom_3932,0,4,2,0,2,0,2,2
spec_prior_3933,0,4,2,0,2,1,0,0
spec_prior_3934,0,4,2,0,2,1,0,1
not_recom_3935,0,4,2,0,2,1,0,2
spec_prior_3936,0,4,2,0,2,1,1,0
spec_prior_3937,0,4,2,0,2,1,1,1
not_recom_3938,0,4,2,0,2,1,1,2
spec_prior_3939,0,4,2,0,2,1,2,0
spec_prior_3940,0,4,2,0,2,1,2,1
not_recom_3941,0,4,2,0,2,1,2,2
priority_3942,0,4,2,1,0,0,0,0
spec_prior_3943,0,4,2,1,0,0,0,1
not_recom_3944,0,4,2,1,0,0,0,2
priority_3945,0,4,2,1,0,0,1,0
spec_prior_3946,0,4,2,1,0,0,1,1
not_recom_3947,0,4,2,1,0,0,1,2
spec_prior_3948,0,4,2,1,0,0,2,0
spec_prior_3949,0,4,2,1,0,0,2,1
not_recom_3950,0,4,2,1,0,0,2,2
spec_prior_3951,0,4,2,1,0,1,0,0
spec_prior_3952,0,4,2,1,0,1,0,1
not_recom_3953,0,4,2,1,0,1,0,2
spec_prior_3954,0,4,2,1,0,1,1,0
spec_prior_3955,0,4,2,1,0,1,1,1
not_recom_3956,0,4,2,1,0,1,1,2
spec_prior_3957,0,4,2,1,0,1,2,0
spec_prior_3958,0,4,2,1,0,1,2,1
not_recom_3959,0,4,2,1,0,1,2,2
spec_prior_3960,0,4,2,1,1,0,0,0
spec_prior_3961,0,4,2,1,1,0,0,1
not_recom_3962,0,4,2,1,1,0,0,2
spec_prior_3963,0,4,2,1,1,0,1,0
spec_prior_3964,0,4,2,1,1,0,1,1
not_recom_3965,0,4,2,1,1,0,1,2
spec_prior_3966,0,4,2,1,1,0,2,0
spec_prior_3967,0,4,2,1,1,0,2,1
not_recom_3968,0,4,2,1,1,0,2,2
spec_prior_3969,0,4,2,1,1,1,0,0
spec_prior_3970,0,4,2,1,1,1,0,1
not_recom_3971,0,4,2,1,1,1,0,2
spec_prior_3972,0,4,2,1,1,1,1,0
spec_prior_3973,0,4,2,1,1,1,1,1
not_recom_3974,0,4,2,1,1,1,1,2
spec_prior_3975,0,4,2,1,1,1,2,0
spec_prior_3976,0,4,2,1,1,1,2,1
not_recom_3977,0,4,2,1,1,1,2,2
spec_prior_3978,0,4,2,1,2,0,0,0
spec_prior_3979,0,4,2,1,2,0,0,1
not_recom_3980,0,4,2,1,2,0,0,2
spec_prior_3981,0,4,2,1,2,0,1,0
spec_prior_3982,0,4,2,1,2,0,1,1
not_recom_3983,0,4,2,1,2,0,1,2
spec_prior_3984,0,4,2,1,2,0,2,0
spec_prior_3985,0,4,2,1,2,0,2,1
not_recom_3986,0,4,2,1,2,0,2,2
spec_prior_3987,0,4,2,1,2,1,0,0
spec_prior_3988,0,4,2,1,2,1,0,1
not_recom_3989,0,4,2,1,2,1,0,2
spec_prior_3990,0,4,2,1,2,1,1,0
spec_prior_3991,0,4,2,1,2,1,1,1
not_recom_3992,0,4,2,1,2,1,1,2
spec_prior_3993,0,4,2,1,2,1,2,0
spec_prior_3994,0,4,2,1,2,1,2,1
not_recom_3995,0,4,2,1,2,1,2,2
priority_3996,0,4,2,2,0,0,0,0
spec_prior_3997,0,4,2,2,0,0,0,1
not_recom_3998,0,4,2,2,0,0,0,2
priority_3999,0,4,2,2,0,0,1,0
spec_prior_4000,0,4,2,2,0,0,1,1
not_recom_4001,0,4,2,2,0,0,1,2
spec_prior_4002,0,4,2,2,0,0,2,0
spec_prior_4003,0,4,2,2,0,0,2,1
not_recom_4004,0,4,2,2,0,0,2,2
spec_prior_4005,0,4,2,2,0,1,0,0
spec_prior_4006,0,4,2,2,0,1,0,1
not_recom_4007,0,4,2,2,0,1,0,2
spec_prior_4008,0,4,2,2,0,1,1,0
spec_prior_4009,0,4,2,2,0,1,1,1
not_recom_4010,0,4,2,2,0,1,1,2
spec_prior_4011,0,4,2,2,0,1,2,0
spec_prior_4012,0,4,2,2,0,1,2,1
not_recom_4013,0,4,2,2,0,1,2,2
spec_prior_4014,0,4,2,2,1,0,0,0
spec_prior_4015,0,4,2,2,1,0,0,1
not_recom_4016,0,4,2,2,1,0,0,2
spec_prior_4017,0,4,2,2,1,0,1,0
spec_prior_4018,0,4,2,2,1,0,1,1
not_recom_4019,0,4,2,2,1,0,1,2
spec_prior_4020,0,4,2,2,1,0,2,0
spec_prior_4021,0,4,2,2,1,0,2,1
not_recom_4022,0,4,2,2,1,0,2,2
spec_prior_4023,0,4,2,2,1,1,0,0
spec_prior_4024,0,4,2,2,1,1,0,1
not_recom_4025,0,4,2,2,1,1,0,2
spec_prior_4026,0,4,2,2,1,1,1,0
spec_prior_4027,0,4,2,2,1,1,1,1
not_recom_4028,0,4,2,2,1,1,1,2
spec_prior_4029,0,4,2,2,1,1,2,0
spec_prior_4030,0,4,2,2,1,1,2,1
not_recom_4031,0,4,2,2,1,1,2,2
spec_prior_4032,0,4,2,2,2,0,0,0
spec_prior_4033,0,4,2,2,2,0,0,1
not_recom_4034,0,4,2,2,2,0,0,2
spec_prior_4035,0,4,2,2,2,0,1,0
spec_prior_4036,0,4,2,2,2,0,1,1
not_recom_4037,0,4,2,2,2,0,1,2
spec_prior_4038,0,4,2,2,2,0,2,0
spec_prior_4039,0,4,2,2,2,0,2,1
not_recom_4040,0,4,2,2,2,0,2,2
spec_prior_4041,0,4,2,2,2,1,0,0
spec_prior_4042,0,4,2,2,2,1,0,1
not_recom_4043,0,4,2,2,2,1,0,2
spec_prior_4044,0,4,2,2,2,1,1,0
spec_prior_4045,0,4,2,2,2,1,1,1
not_recom_4046,0,4,2,2,2,1,1,2
spec_prior_4047,0,4,2,2,2,1,2,0
spec_prior_4048,0,4,2,2,2,1,2,1
not_recom_4049,0,4,2,2,2,1,2,2
priority_4050,0,4,2,3,0,0,0,0
spec_prior_4051,0,4,2,3,0,0,0,1
not_recom_4052,0,4,2,3,0,0,0,2
priority_4053,0,4,2,3,0,0,1,0
spec_prior_4054,0,4,2,3,0,0,1,1
not_recom_4055,0,4,2,3,0,0,1,2
spec_prior_4056,0,4,2,3,0,0,2,0
spec_prior_4057,0,4,2,3,0,0,2,1
not_recom_4058,0,4,2,3,0,0,2,2
spec_prior_4059,0,4,2,3,0,1,0,0
spec_prior_4060,0,4,2,3,0,1,0,1
not_recom_4061,0,4,2,3,0,1,0,2
spec_prior_4062,0,4,2,3,0,1,1,0
spec_prior_4063,0,4,2,3,0,1,1,1
not_recom_4064,0,4,2,3,0,1,1,2
spec_prior_4065,0,4,2,3,0,1,2,0
spec_prior_4066,0,4,2,3,0,1,2,1
not_recom_4067,0,4,2,3,0,1,2,2
spec_prior_4068,0,4,2,3,1,0,0,0
spec_prior_4069,0,4,2,3,1,0,0,1
not_recom_4070,0,4,2,3,1,0,0,2
spec_prior_4071,0,4,2,3,1,0,1,0
spec_prior_4072,0,4,2,3,1,0,1,1
not_recom_4073,0,4,2,3,1,0,1,2
spec_prior_4074,0,4,2,3,1,0,2,0
spec_prior_4075,0,4,2,3,1,0,2,1
not_recom_4076,0,4,2,3,1,0,2,2
spec_prior_4077,0,4,2,3,1,1,0,0
spec_prior_4078,0,4,2,3,1,1,0,1
not_recom_4079,0,4,2,3,1,1,0,2
spec_prior_4080,0,4,2,3,1,1,1,0
spec_prior_4081,0,4,2,3,1,1,1,1
not_recom_4082,0,4,2,3,1,1,1,2
spec_prior_4083,0,4,2,3,1,1,2,0
spec_prior_4084,0,4,2,3,1,1,2,1
not_recom_4085,0,4,2,3,1,1,2,2
spec_prior_4086,0,4,2,3,2,0,0,0
spec_prior_4087,0,4,2,3,2,0,0,1
not_recom_4088,0,4,2,3,2,0,0,2
spec_prior_4089,0,4,2,3,2,0,1,0
spec_prior_4090,0,4,2,3,2,0,1,1
not_recom_4091,0,4,2,3,2,0,1,2
spec_prior_4092,0,4,2,3,2,0,2,0
spec_prior_4093,0,4,2,3,2,0,2,1
not_recom_4094,0,4,2,3,2,0,2,2
spec_prior_4095,0,4,2,3,2,1,0,0
spec_prior_4096,0,4,2,3,2,1,0,1
not_recom_4097,0,4,2,3,2,1,0,2
spec_prior_4098,0,4,2,3,2,1,1,0
spec_prior_4099,0,4,2,3,2,1,1,1
not_recom_4100,0,4,2,3,2,1,1,2
spec_prior_4101,0,4,2,3,2,1,2,0
spec_prior_4102,0,4,2,3,2,1,2,1
not_recom_4103,0,4,2,3,2,1,2,2
priority_4104,0,4,3,0,0,0,0,0
spec_prior_4105,0,4,3,0,0,0,0,1
not_recom_4106,0,4,3,0,0,0,0,2
priority_4107,0,4,3,0,0,0,1,0
spec_prior_4108,0,4,3,0,0,0,1,1
not_recom_4109,0,4,3,0,0,0,1,2
spec_prior_4110,0,4,3,0,0,0,2,0
spec_prior_4111,0,4,3,0,0,0,2,1
not_recom_4112,0,4,3,0,0,0,2,2
spec_prior_4113,0,4,3,0,0,1,0,0
spec_prior_4114,0,4,3,0,0,1,0,1
not_recom_4115,0,4,3,0,0,1,0,2
spec_prior_4116,0,4,3,0,0,1,1,0
spec_prior_4117,0,4,3,0,0,1,1,1
not_recom_4118,0,4,3,0,0,1,1,2
spec_prior_4119,0,4,3,0,0,1,2,0
spec_prior_4120,0,4,3,0,0,1,2,1
not_recom_4121,0,4,3,0,0,1,2,2
spec_prior_4122,0,4,3,0,1,0,0,0
spec_prior_4123,0,4,3,0,1,0,0,1
not_recom_4124,0,4,3,0,1,0,0,2
spec_prior_4125,0,4,3,0,1,0,1,0
spec_prior_4126,0,4,3,0,1,0,1,1
not_recom_4127,0,4,3,0,1,0,1,2
spec_prior_4128,0,4,3,0,1,0,2,0
spec_prior_4129,0,4,3,0,1,0,2,1
not_recom_4130,0,4,3,0,1,0,2,2
spec_prior_4131,0,4,3,0,1,1,0,0
spec_prior_4132,0,4,3,0,1,1,0,1
not_recom_4133,0,4,3,0,1,1,0,2
spec_prior_4134,0,4,3,0,1,1,1,0
spec_prior_4135,0,4,3,0,1,1,1,1
not_recom_4136,0,4,3,0,1,1,1,2
spec_prior_4137,0,4,3,0,1,1,2,0
spec_prior_4138,0,4,3,0,1,1,2,1
not_recom_4139,0,4,3,0,1,1,2,2
spec_prior_4140,0,4,3,0,2,0,0,0
spec_prior_4141,0,4,3,0,2,0,0,1
not_recom_4142,0,4,3,0,2,0,0,2
spec_prior_4143,0,4,3,0,2,0,1,0
spec_prior_4144,0,4,3,0,2,0,1,1
not_recom_4145,0,4,3,0,2,0,1,2
spec_prior_4146,0,4,3,0,2,0,2,0
spec_prior_4147,0,4,3,0,2,0,2,1
not_recom_4148,0,4,3,0,2,0,2,2
spec_prior_4149,0,4,3,0,2,1,0,0
spec_prior_4150,0,4,3,0,2,1,0,1
not_recom_4151,0,4,3,0,2,1,0,2
spec_prior_4152,0,4,3,0,2,1,1,0
spec_prior_4153,0,4,3,0,2,1,1,1
not_recom_4154,0,4,3,0,2,1,1,2
spec_prior_4155,0,4,3,0,2,1,2,0
spec_prior_4156,0,4,3,0,2,1,2,1
not_recom_4157,0,4,3,0,2,1,2,2
priority_4158,0,4,3,1,0,0,0,0
spec_prior_4159,0,4,3,1,0,0,0,1
not_recom_4160,0,4,3,1,0,0,0,2
priority_4161,0,4,3,1,0,0,1,0
spec_prior_4162,0,4,3,1,0,0,1,1
not_recom_4163,0,4,3,1,0,0,1,2
spec_prior_4164,0,4,3,1,0,0,2,0
spec_prior_4165,0,4,3,1,0,0,2,1
not_recom_4166,0,4,3,1,0,0,2,2
spec_prior_4167,0,4,3,1,0,1,0,0
spec_prior_4168,0,4,3,1,0,1,0,1
not_recom_4169,0,4,3,1,0,1,0,2
spec_prior_4170,0,4,3,1,0,1,1,0
spec_prior_4171,0,4,3,1,0,1,1,1
not_recom_4172,0,4,3,1,0,1,1,2
spec_prior_4173,0,4,3,1,0,1,2,0
spec_prior_4174,0,4,3,1,0,1,2,1
not_recom_4175,0,4,3,1,0,1,2,2
spec_prior_4176,0,4,3,1,1,0,0,0
spec_prior_4177,0,4,3,1,1,0,0,1
not_recom_4178,0,4,3,1,1,0,0,2
spec_prior_4179,0,4,3,1,1,0,1,0
spec_prior_4180,0,4,3,1,1,0,1,1
not_recom_4181,0,4,3,1,1,0,1,2
spec_prior_4182,0,4,3,1,1,0,2,0
spec_prior_4183,0,4,3,1,1,0,2,1
not_recom_4184,0,4,3,1,1,0,2,2
spec_prior_4185,0,4,3,1,1,1,0,0
spec_prior_4186,0,4,3,1,1,1,0,1
not_recom_4187,0,4,3,1,1,1,0,2
spec_prior_4188,0,4,3,1,1,1,1,0
spec_prior_4189,0,4,3,1,1,1,1,1
not_recom_4190,0,4,3,1,1,1,1,2
spec_prior_4191,0,4,3,1,1,1,2,0
spec_prior_4192,0,4,3,1,1,1,2,1
not_recom_4193,0,4,3,1,1,1,2,2
spec_prior_4194,0,4,3,1,2,0,0,0
spec_prior_4195,0,4,3,1,2,0,0,1
not_recom_4196,0,4,3,1,2,0,0,2
spec_prior_4197,0,4,3,1,2,0,1,0
spec_prior_4198,0,4,3,1,2,0,1,1
not_recom_4199,0,4,3,1,2,0,1,2
spec_prior_4200,0,4,3,1,2,0,2,0
spec_prior_4201,0,4,3,1,2,0,2,1
not_recom_4202,0,4,3,1,2,0,2,2
spec_prior_4203,0,4,3,1,2,1,0,0
spec_prior_4204,0,4,3,1,2,1,0,1
not_recom_4205,0,4,3,1,2,1,0,2
spec_prior_4206,0,4,3,1,2,1,1,0
spec_prior_4207,0,4,3,1,2,1,1,1
not_recom_4208,0,4,3,1,2,1,1,2
spec_prior_4209,0,4,3,1,2,1,2,0
spec_prior_4210,0,4,3,1,2,1,2,1
not_recom_4211,0,4,3,1,2,1,2,2
priority_4212,0,4,3,2,0,0,0,0
spec_prior_4213,0,4,3,2,0,0,0,1
not_recom_4214,0,4,3,2,0,0,0,2
priority_4215,0,4,3,2,0,0,1,0
spec_prior_4216,0,4,3,2,0,0,1,1
not_recom_4217,0,4,3,2,0,0,1,2
spec_prior_4218,0,4,3,2,0,0,2,0
spec_prior_4219,0,4,3,2,0,0,2,1
not_recom_4220,0,4,3,2,0,0,2,2
spec_prior_4221,0,4,3,2,0,1,0,0
spec_prior_4222,0,4,3,2,0,1,0,1
not_recom_4223,0,4,3,2,0,1,0,2
spec_prior_4224,0,4,3,2,0,1,1,0
spec_prior_4225,0,4,3,2,0,1,1,1
not_recom_4226,0,4,3,2,0,1,1,2
spec_prior_4227,0,4,3,2,0,1,2,0
spec_prior_4228,0,4,3,2,0,1,2,1
not_recom_4229,0,4,3,2,0,1,2,2
spec_prior_4230,0,4,3,2,1,0,0,0
spec_prior_4231,0,4,3,2,1,0,0,1
not_recom_4232,0,4,3,2,1,0,0,2
spec_prior_4233,0,4,3,2,1,0,1,0
spec_prior_4234,0,4,3,2,1,0,1,1
not_recom_4235,0,4,3,2,1,0,1,2
spec_prior_4236,0,4,3,2,1,0,2,0
spec_prior_4237,0,4,3,2,1,0,2,1
not_recom_4238,0,4,3,2,1,0,2,2
spec_prior_4239,0,4,3,2,1,1,0,0
spec_prior_4240,0,4,3,2,1,1,0,1
not_recom_4241,0,4,3,2,1,1,0,2
spec_prior_4242,0,4,3,2,1,1,1,0
spec_prior_4243,0,4,3,2,1,1,1,1
not_recom_4244,0,4,3,2,1,1,1,2
spec_prior_4245,0,4,3,2,1,1,2,0
spec_prior_4246,0,4,3,2,1,1,2,1
not_recom_4247,0,4,3,2,1,1,2,2
spec_prior_4248,0,4,3,2,2,0,0,0
spec_prior_4249,0,4,3,2,2,0,0,1
not_recom_4250,0,4,3,2,2,0,0,2
spec_prior_4251,0,4,3,2,2,0,1,0
spec_prior_4252,0,4,3,2,2,0,1,1
not_recom_4253,0,4,3,2,2,0,1,2
spec_prior_4254,0,4,3,2,2,0,2,0
spec_prior_4255,0,4,3,2,2,0,2,1
not_recom_4256,0,4,3,2,2,0,2,2
spec_prior_4257,0,4,3,2,2,1,0,0
spec_prior_4258,0,4,3,2,2,1,0,1
not_recom_4259,0,4,3,2,2,1,0,2
spec_prior_4260,0,4,3,2,2,1,1,0
spec_prior_4261,0,4,3,2,2,1,1,1
not_recom_4262,0,4,3,2,2,1,1,2
spec_prior_4263,0,4,3,2,2,1,2,0
spec_prior_4264,0,4,3,2,2,1,2,1
not_recom_4265,0,4,3,2,2,1,2,2
priority_4266,0,4,3,3,0,0,0,0
spec_prior_4267,0,4,3,3,0,0,0,1
not_recom_4268,0,4,3,3,0,0,0,2
priority_4269,0,4,3,3,0,0,1,0
spec_prior_4270,0,4,3,3,0,0,1,1
not_recom_4271,0,4,3,3,0,0,1,2
spec_prior_4272,0,4,3,3,0,0,2,0
spec_prior_4273,0,4,3,3,0,0,2,1
not_recom_4274,0,4,3,3,0,0,2,2
spec_prior_4275,0,4,3,3,0,1,0,0
spec_prior_4276,0,4,3,3,0,1,0,1
not_recom_4277,0,4,3,3,0,1,0,2
spec_prior_4278,0,4,3,3,0,1,1,0
spec_prior_4279,0,4,3,3,0,1,1,1
not_recom_4280,0,4,3,3,0,1,1,2
spec_prior_4281,0,4,3,3,0,1,2,0
spec_prior_4282,0,4,3,3,0,1,2,1
not_recom_4283,0,4,3,3,0,1,2,2
spec_prior_4284,0,4,3,3,1,0,0,0
spec_prior_4285,0,4,3,3,1,0,0,1
not_recom_4286,0,4,3,3,1,0,0,2
spec_prior_4287,0,4,3,3,1,0,1,0
spec_prior_4288,0,4,3,3,1,0,1,1
not_recom_4289,0,4,3,3,1,0,1,2
spec_prior_4290,0,4,3,3,1,0,2,0
spec_prior_4291,0,4,3,3,1,0,2,1
not_recom_4292,0,4,3,3,1,0,2,2
spec_prior_4293,0,4,3,3,1,1,0,0
spec_prior_4294,0,4,3,3,1,1,0,1
not_recom_4295,0,4,3,3,1,1,0,2
spec_prior_4296,0,4,3,3,1,1,1,0
spec_prior_4297,0,4,3,3,1,1,1,1
not_recom_4298,0,4,3,3,1,1,1,2
spec_prior_4299,0,4,3,3,1,1,2,0
spec_prior_4300,0,4,3,3,1,1,2,1
not_recom_4301,0,4,3,3,1,1,2,2
spec_prior_4302,0,4,3,3,2,0,0,0
spec_prior_4303,0,4,3,3,2,0,0,1
not_recom_4304,0,4,3,3,2,0,0,2
spec_prior_4305,0,4,3,3,2,0,1,0
spec_prior_4306,0,4,3,3,2,0,1,1
not_recom_4307,0,4,3,3,2,0,1,2
spec_prior_4308,0,4,3,3,2,0,2,0
spec_prior_4309,0,4,3,3,2,0,2,1
not_recom_4310,0,4,3,3,2,0,2,2
spec_prior_4311,0,4,3,3,2,1,0,0
spec_prior_4312,0,4,3,3,2,1,0,1
not_recom_4313,0,4,3,3,2,1,0,2
spec_prior_4314,0,4,3,3,2,1,1,0
spec_prior_4315,0,4,3,3,2,1,1,1
not_recom_4316,0,4,3,3,2,1,1,2
spec_prior_4317,0,4,3,3,2,1,2,0
spec_prior_4318,0,4,3,3,2,1,2,1
not_recom_4319,0,4,3,3,2,1,2,2
very_recom_4320,1,0,0,0,0,0,0,0
priority_4321,1,0,0,0,0,0,0,1
not_recom_4322,1,0,0,0,0,0,0,2
very_recom_4323,1,0,0,0,0,0,1,0
priority_4324,1,0,0,0,0,0,1,1
not_recom_4325,1,0,0,0,0,0,1,2
priority_4326,1,0,0,0,0,0,2,0
priority_4327,1,0,0,0,0,0,2,1
not_recom_4328,1,0,0,0,0,0,2,2
very_recom_4329,1,0,0,0,0,1,0,0
priority_4330,1,0,0,0,0,1,0,1
not_recom_4331,1,0,0,0,0,1,0,2
very_recom_4332,1,0,0,0,0,1,1,0
priority_4333,1,0,0,0,0,1,1,1
not_recom_4334,1,0,0,0,0,1,1,2
priority_4335,1,0,0,0,0,1,2,0
priority_4336,1,0,0,0,0,1,2,1
not_recom_4337,1,0,0,0,0,1,2,2
very_recom_4338,1,0,0,0,1,0,0,0
priority_4339,1,0,0,0,1,0,0,1
not_recom_4340,1,0,0,0,1,0,0,2
very_recom_4341,1,0,0,0,1,0,1,0
priority_4342,1,0,0,0,1,0,1,1
not_recom_4343,1,0,0,0,1,0,1,2
priority_4344,1,0,0,0,1,0,2,0
priority_4345,1,0,0,0,1,0,2,1
not_recom_4346,1,0,0,0,1,0,2,2
very_recom_4347,1,0,0,0,1,1,0,0
priority_4348,1,0,0,0,1,1,0,1
not_recom_4349,1,0,0,0,1,1,0,2
very_recom_4350,1,0,0,0,1,1,1,0
priority_4351,1,0,0,0,1,1,1,1
not_recom_4352,1,0,0,0,1,1,1,2
priority_4353,1,0,0,0,1,1,2,0
priority_4354,1,0,0,0,1,1,2,1
not_recom_4355,1,0,0,0,1,1,2,2
very_recom_4356,1,0,0,0,2,0,0,0
priority_4357,1,0,0,0,2,0,0,1
not_recom_4358,1,0,0,0,2,0,0,2
very_recom_4359,1,0,0,0,2,0,1,0
priority_4360,1,0,0,0,2,0,1,1
not_recom_4361,1,0,0,0,2,0,1,2
priority_4362,1,0,0,0,2,0,2,0
priority_4363,1,0,0,0,2,0,2,1
not_recom_4364,1,0,0,0,2,0,2,2
very_recom_4365,1,0,0,0,2,1,0,0
priority_4366,1,0,0,0,2,1,0,1
not_recom_4367,1,0,0,0,2,1,0,2
very_recom_4368,1,0,0,0,2,1,1,0
priority_4369,1,0,0,0,2,1,1,1
not_recom_4370,1,0,0,0,2,1,1,2
priority_4371,1,0,0,0,2,1,2,0
priority_4372,1,0,0,0,2,1,2,1
not_recom_4373,1,0,0,0,2,1,2,2
very_recom_4374,1,0,0,1,0,0,0,0
priority_4375,1,0,0,1,0,0,0,1
not_recom_4376,1,0,0,1,0,0,0,2
very_recom_4377,1,0,0,1,0,0,1,0
priority_4378,1,0,0,1,0,0,1,1
not_recom_4379,1,0,0,1,0,0,1,2
priority_4380,1,0,0,1,0,0,2,0
priority_4381,1,0,0,1,0,0,2,1
not_recom_4382,1,0,0,1,0,0,2,2
very_recom_4383,1,0,0,1,0,1,0,0
priority_4384,1,0,0,1,0,1,0,1
not_recom_4385,1,0,0,1,0,1,0,2
very_recom_4386,1,0,0,1,0,1,1,0
priority_4387,1,0,0,1,0,1,1,1
not_recom_4388,1,0,0,1,0,1,1,2
priority_4389,1,0,0,1,0,1,2,0
priority_4390,1,0,0,1,0,1,2,1
not_recom_4391,1,0,0,1,0,1,2,2
very_recom_4392,1,0,0,1,1,0,0,0
priority_4393,1,0,0,1,1,0,0,1
not_recom_4394,1,0,0,1,1,0,0,2
very_recom_4395,1,0,0,1,1,0,1,0
priority_4396,1,0,0,1,1,0,1,1
not_recom_4397,1,0,0,1,1,0,1,2
priority_4398,1,0,0,1,1,0,2,0
priority_4399,1,0,0,1,1,0,2,1
not_recom_4400,1,0,0,1,1,0,2,2
very_recom_4401,1,0,0,1,1,1,0,0
priority_4402,1,0,0,1,1,1,0,1
not_recom_4403,1,0,0,1,1,1,0,2
very_recom_4404,1,0,0,1,1,1,1,0
priority_4405,1,0,0,1,1,1,1,1
not_recom_4406,1,0,0,1,1,1,1,2
priority_4407,1,0,0,1,1,1,2,0
priority_4408,1,0,0,1,1,1,2,1
not_recom_4409,1,0,0,1,1,1,2,2
priority_4410,1,0,0,1,2,0,0,0
priority_4411,1,0,0,1,2,0,0,1
not_recom_4412,1,0,0,1,2,0,0,2
priority_4413,1,0,0,1,2,0,1,0
priority_4414,1,0,0,1,2,0,1,1
not_recom_4415,1,0,0,1,2,0,1,2
priority_4416,1,0,0,1,2,0,2,0
priority_4417,1,0,0,1,2,0,2,1
not_recom_4418,1,0,0,1,2,0,2,2
priority_4419,1,0,0,1,2,1,0,0
priority_4420,1,0,0,1,2,1,0,1
not_recom_4421,1,0,0,1,2,1,0,2
priority_4422,1,0,0,1,2,1,1,0
priority_4423,1,0,0,1,2,1,1,1
not_recom_4424,1,0,0,1,2,1,1,2
priority_4425,1,0,0,1,2,1,2,0
priority_4426,1,0,0,1,2,1,2,1
not_recom_4427,1,0,0,1,2,1,2,2
very_recom_4428,1,0,0,2,0,0,0,0
priority_4429,1,0,0,2,0,0,0,1
not_recom_4430,1,0,0,2,0,0,0,2
very_recom_4431,1,0,0,2,0,0,1,0
priority_4432,1,0,0,2,0,0,1,1
not_recom_4433,1,0,0,2,0,0,1,2
priority_4434,1,0,0,2,0,0,2,0
priority_4435,1,0,0,2,0,0,2,1
not_recom_4436,1,0,0,2,0,0,2,2
priority_4437,1,0,0,2,0,1,0,0
priority_4438,1,0,0,2,0,1,0,1
not_recom_4439,1,0,0,2,0,1,0,2
priority_4440,1,0,0,2,0,1,1,0
priority_4441,1,0,0,2,0,1,1,1
not_recom_4442,1,0,0,2,0,1,1,2
priority_4443,1,0,0,2,0,1,2,0
priority_4444,1,0,0,2,0,1,2,1
not_recom_4445,1,0,0,2,0,1,2,2
priority_4446,1,0,0,2,1,0,0,0
priority_4447,1,0,0,2,1,0,0,1
not_recom_4448,1,0,0,2,1,0,0,2
priority_4449,1,0,0,2,1,0,1,0
priority_4450,1,0,0,2,1,0,1,1
not_recom_4451,1,0,0,2,1,0,1,2
priority_4452,1,0,0,2,1,0,2,0
priority_4453,1,0,0,2,1,0,2,1
not_recom_4454,1,0,0,2,1,0,2,2
priority_4455,1,0,0,2,1,1,0,0
priority_4456,1,0,0,2,1,1,0,1
not_recom_4457,1,0,0,2,1,1,0,2
priority_4458,1,0,0,2,1,1,1,0
priority_4459,1,0,0,2,1,1,1,1
not_recom_4460,1,0,0,2,1,1,1,2
priority_4461,1,0,0,2,1,1,2,0
priority_4462,1,0,0,2,1,1,2,1
not_recom_4463,1,0,0,2,1,1,2,2
priority_4464,1,0,0,2,2,0,0,0
priority_4465,1,0,0,2,2,0,0,1
not_recom_4466,1,0,0,2,2,0,0,2
priority_4467,1,0,0,2,2,0,1,0
priority_4468,1,0,0,2,2,0,1,1
not_recom_4469,1,0,0,2,2,0,1,2
priority_4470,1,0,0,2,2,0,2,0
priority_4471,1,0,0,2,2,0,2,1
not_recom_4472,1,0,0,2,2,0,2,2
priority_4473,1,0,0,2,2,1,0,0
priority_4474,1,0,0,2,2,1,0,1
not_recom_4475,1,0,0,2,2,1,0,2
priority_4476,1,0,0,2,2,1,1,0
priority_4477,1,0,0,2,2,1,1,1
not_recom_4478,1,0,0,2,2,1,1,2
priority_4479,1,0,0,2,2,1,2,0
priority_4480,1,0,0,2,2,1,2,1
not_recom_4481,1,0,0,2,2,1,2,2
very_recom_4482,1,0,0,3,0,0,0,0
priority_4483,1,0,0,3,0,0,0,1
not_recom_4484,1,0,0,3,0,0,0,2
very_recom_4485,1,0,0,3,0,0,1,0
priority_4486,1,0,0,3,0,0,1,1
not_recom_4487,1,0,0,3,0,0,1,2
priority_4488,1,0,0,3,0,0,2,0
priority_4489,1,0,0,3,0,0,2,1
not_recom_4490,1,0,0,3,0,0,2,2
priority_4491,1,0,0,3,0,1,0,0
priority_4492,1,0,0,3,0,1,0,1
not_recom_4493,1,0,0,3,0,1,0,2
priority_4494,1,0,0,3,0,1,1,0
priority_4495,1,0,0,3,0,1,1,1
not_recom_4496,1,0,0,3,0,1,1,2
priority_4497,1,0,0,3,0,1,2,0
priority_4498,1,0,0,3,0,1,2,1
not_recom_4499,1,0,0,3,0,1,2,2
priority_4500,1,0,0,3,1,0,0,0
priority_4501,1,0,0,3,1,0,0,1
not_recom_4502,1,0,0,3,1,0,0,2
priority_4503,1,0,0,3,1,0,1,0
priority_4504,1,0,0,3,1,0,1,1
not_recom_4505,1,0,0,3,1,0,1,2
priority_4506,1,0,0,3,1,0,2,0
priority_4507,1,0,0,3,1,0,2,1
not_recom_4508,1,0,0,3,1,0,2,2
priority_4509,1,0,0,3,1,1,0,0
priority_4510,1,0,0,3,1,1,0,1
not_recom_4511,1,0,0,3,1,1,0,2
priority_4512,1,0,0,3,1,1,1,0
priority_4513,1,0,0,3,1,1,1,1
not_recom_4514,1,0,0,3,1,1,1,2
priority_4515,1,0,0,3,1,1,2,0
priority_4516,1,0,0,3,1,1,2,1
not_recom_4517,1,0,0,3,1,1,2,2
priority_4518,1,0,0,3,2,0,0,0
priority_4519,1,0,0,3,2,0,0,1
not_recom_4520,1,0,0,3,2,0,0,2
priority_4521,1,0,0,3,2,0,1,0
priority_4522,1,0,0,3,2,0,1,1
not_recom_4523,1,0,0,3,2,0,1,2
priority_4524,1,0,0,3,2,0,2,0
priority_4525,1,0,0,3,2,0,2,1
not_recom_4526,1,0,0,3,2,0,2,2
priority_4527,1,0,0,3,2,1,0,0
priority_4528,1,0,0,3,2,1,0,1
not_recom_4529,1,0,0,3,2,1,0,2
priority_4530,1,0,0,3,2,1,1,0
priority_4531,1,0,0,3,2,1,1,1
not_recom_4532,1,0,0,3,2,1,1,2
priority_4533,1,0,0,3,2,1,2,0
priority_4534,1,0,0,3,2,1,2,1
not_recom_4535,1,0,0,3,2,1,2,2
very_recom_4536,1,0,1,0,0,0,0,0
priority_4537,1,0,1,0,0,0,0,1
not_recom_4538,1,0,1,0,0,0,0,2
very_recom_4539,1,0,1,0,0,0,1,0
priority_4540,1,0,1,0,0,0,1,1
not_recom_4541,1,0,1,0,0,0,1,2
priority_4542,1,0,1,0,0,0,2,0
priority_4543,1,0,1,0,0,0,2,1
not_recom_4544,1,0,1,0,0,0,2,2
very_recom_4545,1,0,1,0,0,1,0,0
priority_4546,1,0,1,0,0,1,0,1
not_recom_4547,1,0,1,0,0,1,0,2
very_recom_4548,1,0,1,0,0,1,1,0
priority_4549,1,0,1,0,0,1,1,1
not_recom_4550,1,0,1,0,0,1,1,2
priority_4551,1,0,1,0,0,1,2,0
priority_4552,1,0,1,0,0,1,2,1
not_recom_4553,1,0,1,0,0,1,2,2
very_recom_4554,1,0,1,0,1,0,0,0
priority_4555,1,0,1,0,1,0,0,1
not_recom_4556,1,0,1,0,1,0,0,2
very_recom_4557,1,0,1,0,1,0,1,0
priority_4558,1,0,1,0,1,0,1,1
not_recom_4559,1,0,1,0,1,0,1,2
priority_4560,1,0,1,0,1,0,2,0
priority_4561,1,0,1,0,1,0,2,1
not_recom_4562,1,0,1,0,1,0,2,2
very_recom_4563,1,0,1,0,1,1,0,0
priority_4564,1,0,1,0,1,1,0,1
not_recom_4565,1,0,1,0,1,1,0,2
very_recom_4566,1,0,1,0,1,1,1,0
priority_4567,1,0,1,0,1,1,1,1
not_recom_4568,1,0,1,0,1,1,1,2
priority_4569,1,0,1,0,1,1,2,0
priority_4570,1,0,1,0,1,1,2,1
not_recom_4571,1,0,1,0,1,1,2,2
priority_4572,1,0,1,0,2,0,0,0
priority_4573,1,0,1,0,2,0,0,1
not_recom_4574,1,0,1,0,2,0,0,2
priority_4575,1,0,1,0,2,0,1,0
priority_4576,1,0,1,0,2,0,1,1
not_recom_4577,1,0,1,0,2,0,1,2
priority_4578,1,0,1,0,2,0,2,0
priority_4579,1,0,1,0,2,0,2,1
not_recom_4580,1,0,1,0,2,0,2,2
priority_4581,1,0,1,0,2,1,0,0
priority_4582,1,0,1,0,2,1,0,1
not_recom_4583,1,0,1,0,2,1,0,2
priority_4584,1,0,1,0,2,1,1,0
priority_4585,1,0,1,0,2,1,1,1
not_recom_4586,1,0,1,0,2,1,1,2
priority_4587,1,0,1,0,2,1,2,0
priority_4588,1,0,1,0,2,1,2,1
not_recom_4589,1,0,1,0,2,1,2,2
very_recom_4590,1,0,1,1,0,0,0,0
priority_4591,1,0,1,1,0,0,0,1
not_recom_4592,1,0,1,1,0,0,0,2
very_recom_4593,1,0,1,1,0,0,1,0
priority_4594,1,0,1,1,0,0,1,1
not_recom_4595,1,0,1,1,0,0,1,2
priority_4596,1,0,1,1,0,0,2,0
priority_4597,1,0,1,1,0,0,2,1
not_recom_4598,1,0,1,1,0,0,2,2
very_recom_4599,1,0,1,1,0,1,0,0
priority_4600,1,0,1,1,0,1,0,1
not_recom_4601,1,0,1,1,0,1,0,2
very_recom_4602,1,0,1,1,0,1,1,0
priority_4603,1,0,1,1,0,1,1,1
not_recom_4604,1,0,1,1,0,1,1,2
priority_4605,1,0,1,1,0,1,2,0
priority_4606,1,0,1,1,0,1,2,1
not_recom_4607,1,0,1,1,0,1,2,2
very_recom_4608,1,0,1,1,1,0,0,0
priority_4609,1,0,1,1,1,0,0,1
not_recom_4610,1,0,1,1,1,0,0,2
very_recom_4611,1,0,1,1,1,0,1,0
priority_4612,1,0,1,1,1,0,1,1
not_recom_4613,1,0,1,1,1,0,1,2
priority_4614,1,0,1,1,1,0,2,0
priority_4615,1,0,1,1,1,0,2,1
not_recom_4616,1,0,1,1,1,0,2,2
very_recom_4617,1,0,1,1,1,1,0,0
priority_4618,1,0,1,1,1,1,0,1
not_recom_4619,1,0,1,1,1,1,0,2
very_recom_4620,1,0,1,1,1,1,1,0
priority_4621,1,0,1,1,1,1,1,1
not_recom_4622,1,0,1,1,1,1,1,2
priority_4623,1,0,1,1,1,1,2,0
priority_4624,1,0,1,1,1,1,2,1
not_recom_4625,1,0,1,1,1,1,2,2
priority_4626,1,0,1,1,2,0,0,0
priority_4627,1,0,1,1,2,0,0,1
not_recom_4628,1,0,1,1,2,0,0,2
priority_4629,1,0,1,1,2,0,1,0
priority_4630,1,0,1,1,2,0,1,1
not_recom_4631,1,0,1,1,2,0,1,2
priority_4632,1,0,1,1,2,0,2,0
priority_4633,1,0,1,1,2,0,2,1
not_recom_4634,1,0,1,1,2,0,2,2
priority_4635,1,0,1,1,2,1,0,0
priority_4636,1,0,1,1,2,1,0,1
not_recom_4637,1,0,1,1,2,1,0,2
priority_4638,1,0,1,1,2,1,1,0
priority_4639,1,0,1,1,2,1,1,1
not_recom_4640,1,0,1,1,2,1,1,2
priority_4641,1,0,1,1,2,1,2,0
priority_4642,1,0,1,1,2,1,2,1
not_recom_4643,1,0,1,1,2,1,2,2
very_recom_4644,1,0,1,2,0,0,0,0
priority_4645,1,0,1,2,0,0,0,1
not_recom_4646,1,0,1,2,0,0,0,2
very_recom_4647,1,0,1,2,0,0,1,0
priority_4648,1,0,1,2,0,0,1,1
not_recom_4649,1,0,1,2,0,0,1,2
priority_4650,1,0,1,2,0,0,2,0
priority_4651,1,0,1,2,0,0,2,1
not_recom_4652,1,0,1,2,0,0,2,2
priority_4653,1,0,1,2,0,1,0,0
priority_4654,1,0,1,2,0,1,0,1
not_recom_4655,1,0,1,2,0,1,0,2
priority_4656,1,0,1,2,0,1,1,0
priority_4657,1,0,1,2,0,1,1,1
not_recom_4658,1,0,1,2,0,1,1,2
priority_4659,1,0,1,2,0,1,2,0
priority_4660,1,0,1,2,0,1,2,1
not_recom_4661,1,0,1,2,0,1,2,2
priority_4662,1,0,1,2,1,0,0,0
priority_4663,1,0,1,2,1,0,0,1
not_recom_4664,1,0,1,2,1,0,0,2
priority_4665,1,0,1,2,1,0,1,0
priority_4666,1,0,1,2,1,0,1,1
not_recom_4667,1,0,1,2,1,0,1,2
priority_4668,1,0,1,2,1,0,2,0
priority_4669,1,0,1,2,1,0,2,1
not_recom_4670,1,0,1,2,1,0,2,2
priority_4671,1,0,1,2,1,1,0,0
priority_4672,1,0,1,2,1,1,0,1
not_recom_4673,1,0,1,2,1,1,0,2
priority_4674,1,0,1,2,1,1,1,0
priority_4675,1,0,1,2,1,1,1,1
not_recom_4676,1,0,1,2,1,1,1,2
priority_4677,1,0,1,2,1,1,2,0
priority_4678,1,0,1,2,1,1,2,1
not_recom_4679,1,0,1,2,1,1,2,2
priority_4680,1,0,1,2,2,0,0,0
priority_4681,1,0,1,2,2,0,0,1
not_recom_4682,1,0,1,2,2,0,0,2
priority_4683,1,0,1,2,2,0,1,0
priority_4684,1,0,1,2,2,0,1,1
not_recom_4685,1,0,1,2,2,0,1,2
priority_4686,1,0,1,2,2,0,2,0
priority_4687,1,0,1,2,2,0,2,1
not_recom_4688,1,0,1,2,2,0,2,2
priority_4689,1,0,1,2,2,1,0,0
priority_4690,1,0,1,2,2,1,0,1
not_recom_4691,1,0,1,2,2,1,0,2
priority_4692,1,0,1,2,2,1,1,0
priority_4693,1,0,1,2,2,1,1,1
not_recom_4694,1,0,1,2,2,1,1,2
priority_4695,1,0,1,2,2,1,2,0
priority_4696,1,0,1,2,2,1,2,1
not_recom_4697,1,0,1,2,2,1,2,2
very_recom_4698,1,0,1,3,0,0,0,0
priority_4699,1,0,1,3,0,0,0,1
not_recom_4700,1,0,1,3,0,0,0,2
very_recom_4701,1,0,1,3,0,0,1,0
priority_4702,1,0,1,3,0,0,1,1
not_recom_4703,1,0,1,3,0,0,1,2
priority_4704,1,0,1,3,0,0,2,0
priority_4705,1,0,1,3,0,0,2,1
not_recom_4706,1,0,1,3,0,0,2,2
priority_4707,1,0,1,3,0,1,0,0
priority_4708,1,0,1,3,0,1,0,1
not_recom_4709,1,0,1,3,0,1,0,2
priority_4710,1,0,1,3,0,1,1,0
priority_4711,1,0,1,3,0,1,1,1
not_recom_4712,1,0,1,3,0,1,1,2
priority_4713,1,0,1,3,0,1,2,0
priority_4714,1,0,1,3,0,1,2,1
not_recom_4715,1,0,1,3,0,1,2,2
priority_4716,1,0,1,3,1,0,0,0
priority_4717,1,0,1,3,1,0,0,1
not_recom_4718,1,0,1,3,1,0,0,2
priority_4719,1,0,1,3,1,0,1,0
priority_4720,1,0,1,3,1,0,1,1
not_recom_4721,1,0,1,3,1,0,1,2
priority_4722,1,0,1,3,1,0,2,0
priority_4723,1,0,1,3,1,0,2,1
not_recom_4724,1,0,1,3,1,0,2,2
priority_4725,1,0,1,3,1,1,0,0
priority_4726,1,0,1,3,1,1,0,1
not_recom_4727,1,0,1,3,1,1,0,2
priority_4728,1,0,1,3,1,1,1,0
priority_4729,1,0,1,3,1,1,1,1
not_recom_4730,1,0,1,3,1,1,1,2
priority_4731,1,0,1,3,1,1,2,0
priority_4732,1,0,1,3,1,1,2,1
not_recom_4733,1,0,1,3,1,1,2,2
priority_4734,1,0,1,3,2,0,0,0
priority_4735,1,0,1,3,2,0,0,1
not_recom_4736,1,0,1,3,2,0,0,2
priority_4737,1,0,1,3,2,0,1,0
priority_4738,1,0,1,3,2,0,1,1
not_recom_4739,1,0,1,3,2,0,1,2
priority_4740,1,0,1,3,2,0,2,0
priority_4741,1,0,1,3,2,0,2,1
not_recom_4742,1,0,1,3,2,0,2,2
priority_4743,1,0,1,3,2,1,0,0
priority_4744,1,0,1,3,2,1,0,1
not_recom_4745,1,0,1,3,2,1,0,2
priority_4746,1,0,1,3,2,1,1,0
priority_4747,1,0,1,3,2,1,1,1
not_recom_4748,1,0,1,3,2,1,1,2
priority_4749,1,0,1,3,2,1,2,0
priority_4750,1,0,1,3,2,1,2,1
not_recom_4751,1,0,1,3,2,1,2,2
very_recom_4752,1,0,2,0,0,0,0,0
priority_4753,1,0,2,0,0,0,0,1
not_recom_4754,1,0,2,0,0,0,0,2
very_recom_4755,1,0,2,0,0,0,1,0
priority_4756,1,0,2,0,0,0,1,1
not_recom_4757,1,0,2,0,0,0,1,2
priority_4758,1,0,2,0,0,0,2,0
priority_4759,1,0,2,0,0,0,2,1
not_recom_4760,1,0,2,0,0,0,2,2
very_recom_4761,1,0,2,0,0,1,0,0
priority_4762,1,0,2,0,0,1,0,1
not_recom_4763,1,0,2,0,0,1,0,2
very_recom_4764,1,0,2,0,0,1,1,0
priority_4765,1,0,2,0,0,1,1,1
not_recom_4766,1,0,2,0,0,1,1,2
priority_4767,1,0,2,0,0,1,2,0
priority_4768,1,0,2,0,0,1,2,1
not_recom_4769,1,0,2,0,0,1,2,2
very_recom_4770,1,0,2,0,1,0,0,0
priority_4771,1,0,2,0,1,0,0,1
not_recom_4772,1,0,2,0,1,0,0,2
very_recom_4773,1,0,2,0,1,0,1,0
priority_4774,1,0,2,0,1,0,1,1
not_recom_4775,1,0,2,0,1,0,1,2
priority_4776,1,0,2,0,1,0,2,0
priority_4777,1,0,2,0,1,0,2,1
not_recom_4778,1,0,2,0,1,0,2,2
very_recom_4779,1,0,2,0,1,1,0,0
priority_4780,1,0,2,0,1,1,0,1
not_recom_4781,1,0,2,0,1,1,0,2
very_recom_4782,1,0,2,0,1,1,1,0
priority_4783,1,0,2,0,1,1,1,1
not_recom_4784,1,0,2,0,1,1,1,2
priority_4785,1,0,2,0,1,1,2,0
priority_4786,1,0,2,0,1,1,2,1
not_recom_4787,1,0,2,0,1,1,2,2
priority_4788,1,0,2,0,2,0,0,0
priority_4789,1,0,2,0,2,0,0,1
not_recom_4790,1,0,2,0,2,0,0,2
priority_4791,1,0,2,0,2,0,1,0
priority_4792,1,0,2,0,2,0,1,1
not_recom_4793,1,0,2,0,2,0,1,2
priority_4794,1,0,2,0,2,0,2,0
priority_4795,1,0,2,0,2,0,2,1
not_recom_4796,1,0,2,0,2,0,2,2
priority_4797,1,0,2,0,2,1,0,0
priority_4798,1,0,2,0,2,1,0,1
not_recom_4799,1,0,2,0,2,1,0,2
priority_4800,1,0,2,0,2,1,1,0
priority_4801,1,0,2,0,2,1,1,1
not_recom_4802,1,0,2,0,2,1,1,2
priority_4803,1,0,2,0,2,1,2,0
priority_4804,1,0,2,0,2,1,2,1
not_recom_4805,1,0,2,0,2,1,2,2
very_recom_4806,1,0,2,1,0,0,0,0
priority_4807,1,0,2,1,0,0,0,1
not_recom_4808,1,0,2,1,0,0,0,2
very_recom_4809,1,0,2,1,0,0,1,0
priority_4810,1,0,2,1,0,0,1,1
not_recom_4811,1,0,2,1,0,0,1,2
priority_4812,1,0,2,1,0,0,2,0
priority_4813,1,0,2,1,0,0,2,1
not_recom_4814,1,0,2,1,0,0,2,2
priority_4815,1,0,2,1,0,1,0,0
priority_4816,1,0,2,1,0,1,0,1
not_recom_4817,1,0,2,1,0,1,0,2
priority_4818,1,0,2,1,0,1,1,0
priority_4819,1,0,2,1,0,1,1,1
not_recom_4820,1,0,2,1,0,1,1,2
priority_4821,1,0,2,1,0,1,2,0
priority_4822,1,0,2,1,0,1,2,1
not_recom_4823,1,0,2,1,0,1,2,2
priority_4824,1,0,2,1,1,0,0,0
priority_4825,1,0,2,1,1,0,0,1
not_recom_4826,1,0,2,1,1,0,0,2
priority_4827,1,0,2,1,1,0,1,0
priority_4828,1,0,2,1,1,0,1,1
not_recom_4829,1,0,2,1,1,0,1,2
priority_4830,1,0,2,1,1,0,2,0
priority_4831,1,0,2,1,1,0,2,1
not_recom_4832,1,0,2,1,1,0,2,2
priority_4833,1,0,2,1,1,1,0,0
priority_4834,1,0,2,1,1,1,0,1
not_recom_4835,1,0,2,1,1,1,0,2
priority_4836,1,0,2,1,1,1,1,0
priority_4837,1,0,2,1,1,1,1,1
not_recom_4838,1,0,2,1,1,1,1,2
priority_4839,1,0,2,1,1,1,2,0
priority_4840,1,0,2,1,1,1,2,1
not_recom_4841,1,0,2,1,1,1,2,2
priority_4842,1,0,2,1,2,0,0,0
priority_4843,1,0,2,1,2,0,0,1
not_recom_4844,1,0,2,1,2,0,0,2
priority_4845,1,0,2,1,2,0,1,0
priority_4846,1,0,2,1,2,0,1,1
not_recom_4847,1,0,2,1,2,0,1,2
priority_4848,1,0,2,1,2,0,2,0
priority_4849,1,0,2,1,2,0,2,1
not_recom_4850,1,0,2,1,2,0,2,2
priority_4851,1,0,2,1,2,1,0,0
priority_4852,1,0,2,1,2,1,0,1
not_recom_4853,1,0,2,1,2,1,0,2
priority_4854,1,0,2,1,2,1,1,0
priority_4855,1,0,2,1,2,1,1,1
not_recom_4856,1,0,2,1,2,1,1,2
priority_4857,1,0,2,1,2,1,2,0
priority_4858,1,0,2,1,2,1,2,1
not_recom_4859,1,0,2,1,2,1,2,2
very_recom_4860,1,0,2,2,0,0,0,0
priority_4861,1,0,2,2,0,0,0,1
not_recom_4862,1,0,2,2,0,0,0,2
very_recom_4863,1,0,2,2,0,0,1,0
priority_4864,1,0,2,2,0,0,1,1
not_recom_4865,1,0,2,2,0,0,1,2
priority_4866,1,0,2,2,0,0,2,0
priority_4867,1,0,2,2,0,0,2,1
not_recom_4868,1,0,2,2,0,0,2,2
priority_4869,1,0,2,2,0,1,0,0
priority_4870,1,0,2,2,0,1,0,1
not_recom_4871,1,0,2,2,0,1,0,2
priority_4872,1,0,2,2,0,1,1,0
priority_4873,1,0,2,2,0,1,1,1
not_recom_4874,1,0,2,2,0,1,1,2
priority_4875,1,0,2,2,0,1,2,0
priority_4876,1,0,2,2,0,1,2,1
not_recom_4877,1,0,2,2,0,1,2,2
priority_4878,1,0,2,2,1,0,0,0
priority_4879,1,0,2,2,1,0,0,1
not_recom_4880,1,0,2,2,1,0,0,2
priority_4881,1,0,2,2,1,0,1,0
priority_4882,1,0,2,2,1,0,1,1
not_recom_4883,1,0,2,2,1,0,1,2
priority_4884,1,0,2,2,1,0,2,0
priority_4885,1,0,2,2,1,0,2,1
not_recom_4886,1,0,2,2,1,0,2,2
priority_4887,1,0,2,2,1,1,0,0
priority_4888,1,0,2,2,1,1,0,1
not_recom_4889,1,0,2,2,1,1,0,2
priority_4890,1,0,2,2,1,1,1,0
priority_4891,1,0,2,2,1,1,1,1
not_recom_4892,1,0,2,2,1,1,1,2
priority_4893,1,0,2,2,1,1,2,0
priority_4894,1,0,2,2,1,1,2,1
not_recom_4895,1,0,2,2,1,1,2,2
priority_4896,1,0,2,2,2,0,0,0
priority_4897,1,0,2,2,2,0,0,1
not_recom_4898,1,0,2,2,2,0,0,2
priority_4899,1,0,2,2,2,0,1,0
priority_4900,1,0,2,2,2,0,1,1
not_recom_4901,1,0,2,2,2,0,1,2
priority_4902,1,0,2,2,2,0,2,0
priority_4903,1,0,2,2,2,0,2,1
not_recom_4904,1,0,2,2,2,0,2,2
priority_4905,1,0,2,2,2,1,0,0
priority_4906,1,0,2,2,2,1,0,1
not_recom_4907,1,0,2,2,2,1,0,2
priority_4908,1,0,2,2,2,1,1,0
priority_4909,1,0,2,2,2,1,1,1
not_recom_4910,1,0,2,2,2,1,1,2
priority_4911,1,0,2,2,2,1,2,0
priority_4912,1,0,2,2,2,1,2,1
not_recom_4913,1,0,2,2,2,1,2,2
very_recom_4914,1,0,2,3,0,0,0,0
priority_4915,1,0,2,3,0,0,0,1
not_recom_4916,1,0,2,3,0,0,0,2
very_recom_4917,1,0,2,3,0,0,1,0
priority_4918,1,0,2,3,0,0,1,1
not_recom_4919,1,0,2,3,0,0,1,2
priority_4920,1,0,2,3,0,0,2,0
priority_4921,1,0,2,3,0,0,2,1
not_recom_4922,1,0,2,3,0,0,2,2
priority_4923,1,0,2,3,0,1,0,0
priority_4924,1,0,2,3,0,1,0,1
not_recom_4925,1,0,2,3,0,1,0,2
priority_4926,1,0,2,3,0,1,1,0
priority_4927,1,0,2,3,0,1,1,1
not_recom_4928,1,0,2,3,0,1,1,2
priority_4929,1,0,2,3,0,1,2,0
priority_4930,1,0,2,3,0,1,2,1
not_recom_4931,1,0,2,3,0,1,2,2
priority_4932,1,0,2,3,1,0,0,0
priority_4933,1,0,2,3,1,0,0,1
not_recom_4934,1,0,2,3,1,0,0,2
priority_4935,1,0,2,3,1,0,1,0
priority_4936,1,0,2,3,1,0,1,1
not_recom_4937,1,0,2,3,1,0,1,2
priority_4938,1,0,2,3,1,0,2,0
priority_4939,1,0,2,3,1,0,2,1
not_recom_4940,1,0,2,3,1,0,2,2
priority_4941,1,0,2,3,1,1,0,0
priority_4942,1,0,2,3,1,1,0,1
not_recom_4943,1,0,2,3,1,1,0,2
priority_4944,1,0,2,3,1,1,1,0
priority_4945,1,0,2,3,1,1,1,1
not_recom_4946,1,0,2,3,1,1,1,2
priority_4947,1,0,2,3,1,1,2,0
priority_4948,1,0,2,3,1,1,2,1
not_recom_4949,1,0,2,3,1,1,2,2
priority_4950,1,0,2,3,2,0,0,0
priority_4951,1,0,2,3,2,0,0,1
not_recom_4952,1,0,2,3,2,0,0,2
priority_4953,1,0,2,3,2,0,1,0
priority_4954,1,0,2,3,2,0,1,1
not_recom_4955,1,0,2,3,2,0,1,2
priority_4956,1,0,2,3,2,0,2,0
priority_4957,1,0,2,3,2,0,2,1
not_recom_4958,1,0,2,3,2,0,2,2
priority_4959,1,0,2,3,2,1,0,0
priority_4960,1,0,2,3,2,1,0,1
not_recom_4961,1,0,2,3,2,1,0,2
priority_4962,1,0,2,3,2,1,1,0
priority_4963,1,0,2,3,2,1,1,1
not_recom_4964,1,0,2,3,2,1,1,2
priority_4965,1,0,2,3,2,1,2,0
priority_4966,1,0,2,3,2,1,2,1
not_recom_4967,1,0,2,3,2,1,2,2
very_recom_4968,1,0,3,0,0,0,0,0
priority_4969,1,0,3,0,0,0,0,1
not_recom_4970,1,0,3,0,0,0,0,2
very_recom_4971,1,0,3,0,0,0,1,0
priority_4972,1,0,3,0,0,0,1,1
not_recom_4973,1,0,3,0,0,0,1,2
priority_4974,1,0,3,0,0,0,2,0
priority_4975,1,0,3,0,0,0,2,1
not_recom_4976,1,0,3,0,0,0,2,2
priority_4977,1,0,3,0,0,1,0,0
priority_4978,1,0,3,0,0,1,0,1
not_recom_4979,1,0,3,0,0,1,0,2
priority_4980,1,0,3,0,0,1,1,0
priority_4981,1,0,3,0,0,1,1,1
not_recom_4982,1,0,3,0,0,1,1,2
priority_4983,1,0,3,0,0,1,2,0
priority_4984,1,0,3,0,0,1,2,1
not_recom_4985,1,0,3,0,0,1,2,2
priority_4986,1,0,3,0,1,0,0,0
priority_4987,1,0,3,0,1,0,0,1
not_recom_4988,1,0,3,0,1,0,0,2
priority_4989,1,0,3,0,1,0,1,0
priority_4990,1,0,3,0,1,0,1,1
not_recom_4991,1,0,3,0,1,0,1,2
priority_4992,1,0,3,0,1,0,2,0
priority_4993,1,0,3,0,1,0,2,1
not_recom_4994,1,0,3,0,1,0,2,2
priority_4995,1,0,3,0,1,1,0,0
priority_4996,1,0,3,0,1,1,0,1
not_recom_4997,1,0,3,0,1,1,0,2
priority_4998,1,0,3,0,1,1,1,0
priority_4999,1,0,3,0,1,1,1,1
not_recom_5000,1,0,3,0,1,1,1,2
priority_5001,1,0,3,0,1,1,2,0
priority_5002,1,0,3,0,1,1,2,1
not_recom_5003,1,0,3,0,1,1,2,2
priority_5004,1,0,3,0,2,0,0,0
priority_5005,1,0,3,0,2,0,0,1
not_recom_5006,1,0,3,0,2,0,0,2
priority_5007,1,0,3,0,2,0,1,0
priority_5008,1,0,3,0,2,0,1,1
not_recom_5009,1,0,3,0,2,0,1,2
priority_5010,1,0,3,0,2,0,2,0
priority_5011,1,0,3,0,2,0,2,1
not_recom_5012,1,0,3,0,2,0,2,2
priority_5013,1,0,3,0,2,1,0,0
priority_5014,1,0,3,0,2,1,0,1
not_recom_5015,1,0,3,0,2,1,0,2
priority_5016,1,0,3,0,2,1,1,0
priority_5017,1,0,3,0,2,1,1,1
not_recom_5018,1,0,3,0,2,1,1,2
priority_5019,1,0,3,0,2,1,2,0
priority_5020,1,0,3,0,2,1,2,1
not_recom_5021,1,0,3,0,2,1,2,2
very_recom_5022,1,0,3,1,0,0,0,0
priority_5023,1,0,3,1,0,0,0,1
not_recom_5024,1,0,3,1,0,0,0,2
very_recom_5025,1,0,3,1,0,0,1,0
priority_5026,1,0,3,1,0,0,1,1
not_recom_5027,1,0,3,1,0,0,1,2
priority_5028,1,0,3,1,0,0,2,0
priority_5029,1,0,3,1,0,0,2,1
not_recom_5030,1,0,3,1,0,0,2,2
priority_5031,1,0,3,1,0,1,0,0
priority_5032,1,0,3,1,0,1,0,1
not_recom_5033,1,0,3,1,0,1,0,2
priority_5034,1,0,3,1,0,1,1,0
priority_5035,1,0,3,1,0,1,1,1
not_recom_5036,1,0,3,1,0,1,1,2
priority_5037,1,0,3,1,0,1,2,0
priority_5038,1,0,3,1,0,1,2,1
not_recom_5039,1,0,3,1,0,1,2,2
priority_5040,1,0,3,1,1,0,0,0
priority_5041,1,0,3,1,1,0,0,1
not_recom_5042,1,0,3,1,1,0,0,2
priority_5043,1,0,3,1,1,0,1,0
priority_5044,1,0,3,1,1,0,1,1
not_recom_5045,1,0,3,1,1,0,1,2
priority_5046,1,0,3,1,1,0,2,0
priority_5047,1,0,3,1,1,0,2,1
not_recom_5048,1,0,3,1,1,0,2,2
priority_5049,1,0,3,1,1,1,0,0
priority_5050,1,0,3,1,1,1,0,1
not_recom_5051,1,0,3,1,1,1,0,2
priority_5052,1,0,3,1,1,1,1,0
priority_5053,1,0,3,1,1,1,1,1
not_recom_5054,1,0,3,1,1,1,1,2
priority_5055,1,0,3,1,1,1,2,0
priority_5056,1,0,3,1,1,1,2,1
not_recom_5057,1,0,3,1,1,1,2,2
priority_5058,1,0,3,1,2,0,0,0
priority_5059,1,0,3,1,2,0,0,1
not_recom_5060,1,0,3,1,2,0,0,2
priority_5061,1,0,3,1,2,0,1,0
priority_5062,1,0,3,1,2,0,1,1
not_recom_5063,1,0,3,1,2,0,1,2
priority_5064,1,0,3,1,2,0,2,0
priority_5065,1,0,3,1,2,0,2,1
not_recom_5066,1,0,3,1,2,0,2,2
priority_5067,1,0,3,1,2,1,0,0
priority_5068,1,0,3,1,2,1,0,1
not_recom_5069,1,0,3,1,2,1,0,2
priority_5070,1,0,3,1,2,1,1,0
priority_5071,1,0,3,1,2,1,1,1
not_recom_5072,1,0,3,1,2,1,1,2
priority_5073,1,0,3,1,2,1,2,0
priority_5074,1,0,3,1,2,1,2,1
not_recom_5075,1,0,3,1,2,1,2,2
very_recom_5076,1,0,3,2,0,0,0,0
priority_5077,1,0,3,2,0,0,0,1
not_recom_5078,1,0,3,2,0,0,0,2
very_recom_5079,1,0,3,2,0,0,1,0
priority_5080,1,0,3,2,0,0,1,1
not_recom_5081,1,0,3,2,0,0,1,2
priority_5082,1,0,3,2,0,0,2,0
priority_5083,1,0,3,2,0,0,2,1
not_recom_5084,1,0,3,2,0,0,2,2
priority_5085,1,0,3,2,0,1,0,0
priority_5086,1,0,3,2,0,1,0,1
not_recom_5087,1,0,3,2,0,1,0,2
priority_5088,1,0,3,2,0,1,1,0
priority_5089,1,0,3,2,0,1,1,1
not_recom_5090,1,0,3,2,0,1,1,2
priority_5091,1,0,3,2,0,1,2,0
priority_5092,1,0,3,2,0,1,2,1
not_recom_5093,1,0,3,2,0,1,2,2
priority_5094,1,0,3,2,1,0,0,0
priority_5095,1,0,3,2,1,0,0,1
not_recom_5096,1,0,3,2,1,0,0,2
priority_5097,1,0,3,2,1,0,1,0
priority_5098,1,0,3,2,1,0,1,1
not_recom_5099,1,0,3,2,1,0,1,2
priority_5100,1,0,3,2,1,0,2,0
priority_5101,1,0,3,2,1,0,2,1
not_recom_5102,1,0,3,2,1,0,2,2
priority_5103,1,0,3,2,1,1,0,0
priority_5104,1,0,3,2,1,1,0,1
not_recom_5105,1,0,3,2,1,1,0,2
priority_5106,1,0,3,2,1,1,1,0
priority_5107,1,0,3,2,1,1,1,1
not_recom_5108,1,0,3,2,1,1,1,2
priority_5109,1,0,3,2,1,1,2,0
priority_5110,1,0,3,2,1,1,2,1
not_recom_5111,1,0,3,2,1,1,2,2
priority_5112,1,0,3,2,2,0,0,0
priority_5113,1,0,3,2,2,0,0,1
not_recom_5114,1,0,3,2,2,0,0,2
priority_5115,1,0,3,2,2,0,1,0
priority_5116,1,0,3,2,2,0,1,1
not_recom_5117,1,0,3,2,2,0,1,2
priority_5118,1,0,3,2,2,0,2,0
priority_5119,1,0,3,2,2,0,2,1
not_recom_5120,1,0,3,2,2,0,2,2
priority_5121,1,0,3,2,2,1,0,0
priority_5122,1,0,3,2,2,1,0,1
not_recom_5123,1,0,3,2,2,1,0,2
priority_5124,1,0,3,2,2,1,1,0
priority_5125,1,0,3,2,2,1,1,1
not_recom_5126,1,0,3,2,2,1,1,2
priority_5127,1,0,3,2,2,1,2,0
priority_5128,1,0,3,2,2,1,2,1
not_recom_5129,1,0,3,2,2,1,2,2
very_recom_5130,1,0,3,3,0,0,0,0
priority_5131,1,0,3,3,0,0,0,1
not_recom_5132,1,0,3,3,0,0,0,2
very_recom_5133,1,0,3,3,0,0,1,0
priority_5134,1,0,3,3,0,0,1,1
not_recom_5135,1,0,3,3,0,0,1,2
priority_5136,1,0,3,3,0,0,2,0
priority_5137,1,0,3,3,0,0,2,1
not_recom_5138,1,0,3,3,0,0,2,2
priority_5139,1,0,3,3,0,1,0,0
priority_5140,1,0,3,3,0,1,0,1
not_recom_5141,1,0,3,3,0,1,0,2
priority_5142,1,0,3,3,0,1,1,0
priority_5143,1,0,3,3,0,1,1,1
not_recom_5144,1,0,3,3,0,1,1,2
priority_5145,1,0,3,3,0,1,2,0
priority_5146,1,0,3,3,0,1,2,1
not_recom_5147,1,0,3,3,0,1,2,2
priority_5148,1,0,3,3,1,0,0,0
priority_5149,1,0,3,3,1,0,0,1
not_recom_5150,1,0,3,3,1,0,0,2
priority_5151,1,0,3,3,1,0,1,0
priority_5152,1,0,3,3,1,0,1,1
not_recom_5153,1,0,3,3,1,0,1,2
priority_5154,1,0,3,3,1,0,2,0
priority_5155,1,0,3,3,1,0,2,1
not_recom_5156,1,0,3,3,1,0,2,2
priority_5157,1,0,3,3,1,1,0,0
priority_5158,1,0,3,3,1,1,0,1
not_recom_5159,1,0,3,3,1,1,0,2
priority_5160,1,0,3,3,1,1,1,0
priority_5161,1,0,3,3,1,1,1,1
not_recom_5162,1,0,3,3,1,1,1,2
priority_5163,1,0,3,3,1,1,2,0
priority_5164,1,0,3,3,1,1,2,1
not_recom_5165,1,0,3,3,1,1,2,2
priority_5166,1,0,3,3,2,0,0,0
priority_5167,1,0,3,3,2,0,0,1
not_recom_5168,1,0,3,3,2,0,0,2
priority_5169,1,0,3,3,2,0,1,0
priority_5170,1,0,3,3,2,0,1,1
not_recom_5171,1,0,3,3,2,0,1,2
priority_5172,1,0,3,3,2,0,2,0
priority_5173,1,0,3,3,2,0,2,1
not_recom_5174,1,0,3,3,2,0,2,2
priority_5175,1,0,3,3,2,1,0,0
priority_5176,1,0,3,3,2,1,0,1
not_recom_5177,1,0,3,3,2,1,0,2
priority_5178,1,0,3,3,2,1,1,0
priority_5179,1,0,3,3,2,1,1,1
not_recom_5180,1,0,3,3,2,1,1,2
priority_5181,1,0,3,3,2,1,2,0
priority_5182,1,0,3,3,2,1,2,1
not_recom_5183,1,0,3,3,2,1,2,2
very_recom_5184,1,1,0,0,0,0,0,0
priority_5185,1,1,0,0,0,0,0,1
not_recom_5186,1,1,0,0,0,0,0,2
very_recom_5187,1,1,0,0,0,0,1,0
priority_5188,1,1,0,0,0,0,1,1
not_recom_5189,1,1,0,0,0,0,1,2
priority_5190,1,1,0,0,0,0,2,0
priority_5191,1,1,0,0,0,0,2,1
not_recom_5192,1,1,0,0,0,0,2,2
very_recom_5193,1,1,0,0,0,1,0,0
priority_5194,1,1,0,0,0,1,0,1
not_recom_5195,1,1,0,0,0,1,0,2
very_recom_5196,1,1,0,0,0,1,1,0
priority_5197,1,1,0,0,0,1,1,1
not_recom_5198,1,1,0,0,0,1,1,2
priority_5199,1,1,0,0,0,1,2,0
priority_5200,1,1,0,0,0,1,2,1
not_recom_5201,1,1,0,0,0,1,2,2
very_recom_5202,1,1,0,0,1,0,0,0
priority_5203,1,1,0,0,1,0,0,1
not_recom_5204,1,1,0,0,1,0,0,2
very_recom_5205,1,1,0,0,1,0,1,0
priority_5206,1,1,0,0,1,0,1,1
not_recom_5207,1,1,0,0,1,0,1,2
priority_5208,1,1,0,0,1,0,2,0
priority_5209,1,1,0,0,1,0,2,1
not_recom_5210,1,1,0,0,1,0,2,2
very_recom_5211,1,1,0,0,1,1,0,0
priority_5212,1,1,0,0,1,1,0,1
not_recom_5213,1,1,0,0,1,1,0,2
very_recom_5214,1,1,0,0,1,1,1,0
priority_5215,1,1,0,0,1,1,1,1
not_recom_5216,1,1,0,0,1,1,1,2
priority_5217,1,1,0,0,1,1,2,0
priority_5218,1,1,0,0,1,1,2,1
not_recom_5219,1,1,0,0,1,1,2,2
very_recom_5220,1,1,0,0,2,0,0,0
priority_5221,1,1,0,0,2,0,0,1
not_recom_5222,1,1,0,0,2,0,0,2
very_recom_5223,1,1,0,0,2,0,1,0
priority_5224,1,1,0,0,2,0,1,1
not_recom_5225,1,1,0,0,2,0,1,2
priority_5226,1,1,0,0,2,0,2,0
priority_5227,1,1,0,0,2,0,2,1
not_recom_5228,1,1,0,0,2,0,2,2
very_recom_5229,1,1,0,0,2,1,0,0
priority_5230,1,1,0,0,2,1,0,1
not_recom_5231,1,1,0,0,2,1,0,2
very_recom_5232,1,1,0,0,2,1,1,0
priority_5233,1,1,0,0,2,1,1,1
not_recom_5234,1,1,0,0,2,1,1,2
priority_5235,1,1,0,0,2,1,2,0
priority_5236,1,1,0,0,2,1,2,1
not_recom_5237,1,1,0,0,2,1,2,2
very_recom_5238,1,1,0,1,0,0,0,0
priority_5239,1,1,0,1,0,0,0,1
not_recom_5240,1,1,0,1,0,0,0,2
very_recom_5241,1,1,0,1,0,0,1,0
priority_5242,1,1,0,1,0,0,1,1
not_recom_5243,1,1,0,1,0,0,1,2
priority_5244,1,1,0,1,0,0,2,0
priority_5245,1,1,0,1,0,0,2,1
not_recom_5246,1,1,0,1,0,0,2,2
very_recom_5247,1,1,0,1,0,1,0,0
priority_5248,1,1,0,1,0,1,0,1
not_recom_5249,1,1,0,1,0,1,0,2
very_recom_5250,1,1,0,1,0,1,1,0
priority_5251,1,1,0,1,0,1,1,1
not_recom_5252,1,1,0,1,0,1,1,2
priority_5253,1,1,0,1,0,1,2,0
priority_5254,1,1,0,1,0,1,2,1
not_recom_5255,1,1,0,1,0,1,2,2
very_recom_5256,1,1,0,1,1,0,0,0
priority_5257,1,1,0,1,1,0,0,1
not_recom_5258,1,1,0,1,1,0,0,2
very_recom_5259,1,1,0,1,1,0,1,0
priority_5260,1,1,0,1,1,0,1,1
not_recom_5261,1,1,0,1,1,0,1,2
priority_5262,1,1,0,1,1,0,2,0
priority_5263,1,1,0,1,1,0,2,1
not_recom_5264,1,1,0,1,1,0,2,2
very_recom_5265,1,1,0,1,1,1,0,0
priority_5266,1,1,0,1,1,1,0,1
not_recom_5267,1,1,0,1,1,1,0,2
very_recom_5268,1,1,0,1,1,1,1,0
priority_5269,1,1,0,1,1,1,1,1
not_recom_5270,1,1,0,1,1,1,1,2
priority_5271,1,1,0,1,1,1,2,0
priority_5272,1,1,0,1,1,1,2,1
not_recom_5273,1,1,0,1,1,1,2,2
priority_5274,1,1,0,1,2,0,0,0
priority_5275,1,1,0,1,2,0,0,1
not_recom_5276,1,1,0,1,2,0,0,2
priority_5277,1,1,0,1,2,0,1,0
priority_5278,1,1,0,1,2,0,1,1
not_recom_5279,1,1,0,1,2,0,1,2
priority_5280,1,1,0,1,2,0,2,0
priority_5281,1,1,0,1,2,0,2,1
not_recom_5282,1,1,0,1,2,0,2,2
priority_5283,1,1,0,1,2,1,0,0
priority_5284,1,1,0,1,2,1,0,1
not_recom_5285,1,1,0,1,2,1,0,2
priority_5286,1,1,0,1,2,1,1,0
priority_5287,1,1,0,1,2,1,1,1
not_recom_5288,1,1,0,1,2,1,1,2
priority_5289,1,1,0,1,2,1,2,0
priority_5290,1,1,0,1,2,1,2,1
not_recom_5291,1,1,0,1,2,1,2,2
very_recom_5292,1,1,0,2,0,0,0,0
priority_5293,1,1,0,2,0,0,0,1
not_recom_5294,1,1,0,2,0,0,0,2
very_recom_5295,1,1,0,2,0,0,1,0
priority_5296,1,1,0,2,0,0,1,1
not_recom_5297,1,1,0,2,0,0,1,2
priority_5298,1,1,0,2,0,0,2,0
priority_5299,1,1,0,2,0,0,2,1
not_recom_5300,1,1,0,2,0,0,2,2
priority_5301,1,1,0,2,0,1,0,0
priority_5302,1,1,0,2,0,1,0,1
not_recom_5303,1,1,0,2,0,1,0,2
priority_5304,1,1,0,2,0,1,1,0
priority_5305,1,1,0,2,0,1,1,1
not_recom_5306,1,1,0,2,0,1,1,2
priority_5307,1,1,0,2,0,1,2,0
priority_5308,1,1,0,2,0,1,2,1
not_recom_5309,1,1,0,2,0,1,2,2
priority_5310,1,1,0,2,1,0,0,0
priority_5311,1,1,0,2,1,0,0,1
not_recom_5312,1,1,0,2,1,0,0,2
priority_5313,1,1,0,2,1,0,1,0
priority_5314,1,1,0,2,1,0,1,1
not_recom_5315,1,1,0,2,1,0,1,2
priority_5316,1,1,0,2,1,0,2,0
priority_5317,1,1,0,2,1,0,2,1
not_recom_5318,1,1,0,2,1,0,2,2
priority_5319,1,1,0,2,1,1,0,0
priority_5320,1,1,0,2,1,1,0,1
not_recom_5321,1,1,0,2,1,1,0,2
priority_5322,1,1,0,2,1,1,1,0
priority_5323,1,1,0,2,1,1,1,1
not_recom_5324,1,1,0,2,1,1,1,2
priority_5325,1,1,0,2,1,1,2,0
priority_5326,1,1,0,2,1,1,2,1
not_recom_5327,1,1,0,2,1,1,2,2
priority_5328,1,1,0,2,2,0,0,0
priority_5329,1,1,0,2,2,0,0,1
not_recom_5330,1,1,0,2,2,0,0,2
priority_5331,1,1,0,2,2,0,1,0
priority_5332,1,1,0,2,2,0,1,1
not_recom_5333,1,1,0,2,2,0,1,2
priority_5334,1,1,0,2,2,0,2,0
priority_5335,1,1,0,2,2,0,2,1
not_recom_5336,1,1,0,2,2,0,2,2
priority_5337,1,1,0,2,2,1,0,0
priority_5338,1,1,0,2,2,1,0,1
not_recom_5339,1,1,0,2,2,1,0,2
priority_5340,1,1,0,2,2,1,1,0
priority_5341,1,1,0,2,2,1,1,1
not_recom_5342,1,1,0,2,2,1,1,2
priority_5343,1,1,0,2,2,1,2,0
priority_5344,1,1,0,2,2,1,2,1
not_recom_5345,1,1,0,2,2,1,2,2
very_recom_5346,1,1,0,3,0,0,0,0
priority_5347,1,1,0,3,0,0,0,1
not_recom_5348,1,1,0,3,0,0,0,2
very_recom_5349,1,1,0,3,0,0,1,0
priority_5350,1,1,0,3,0,0,1,1
not_recom_5351,1,1,0,3,0,0,1,2
priority_5352,1,1,0,3,0,0,2,0
priority_5353,1,1,0,3,0,0,2,1
not_recom_5354,1,1,0,3,0,0,2,2
priority_5355,1,1,0,3,0,1,0,0
priority_5356,1,1,0,3,0,1,0,1
not_recom_5357,1,1,0,3,0,1,0,2
priority_5358,1,1,0,3,0,1,1,0
priority_5359,1,1,0,3,0,1,1,1
not_recom_5360,1,1,0,3,0,1,1,2
priority_5361,1,1,0,3,0,1,2,0
priority_5362,1,1,0,3,0,1,2,1
not_recom_5363,1,1,0,3,0,1,2,2
priority_5364,1,1,0,3,1,0,0,0
priority_5365,1,1,0,3,1,0,0,1
not_recom_5366,1,1,0,3,1,0,0,2
priority_5367,1,1,0,3,1,0,1,0
priority_5368,1,1,0,3,1,0,1,1
not_recom_5369,1,1,0,3,1,0,1,2
priority_5370,1,1,0,3,1,0,2,0
priority_5371,1,1,0,3,1,0,2,1
not_recom_5372,1,1,0,3,1,0,2,2
priority_5373,1,1,0,3,1,1,0,0
priority_5374,1,1,0,3,1,1,0,1
not_recom_5375,1,1,0,3,1,1,0,2
priority_5376,1,1,0,3,1,1,1,0
priority_5377,1,1,0,3,1,1,1,1
not_recom_5378,1,1,0,3,1,1,1,2
priority_5379,1,1,0,3,1,1,2,0
priority_5380,1,1,0,3,1,1,2,1
not_recom_5381,1,1,0,3,1,1,2,2
priority_5382,1,1,0,3,2,0,0,0
priority_5383,1,1,0,3,2,0,0,1
not_recom_5384,1,1,0,3,2,0,0,2
priority_5385,1,1,0,3,2,0,1,0
priority_5386,1,1,0,3,2,0,1,1
not_recom_5387,1,1,0,3,2,0,1,2
priority_5388,1,1,0,3,2,0,2,0
priority_5389,1,1,0,3,2,0,2,1
not_recom_5390,1,1,0,3,2,0,2,2
priority_5391,1,1,0,3,2,1,0,0
priority_5392,1,1,0,3,2,1,0,1
not_recom_5393,1,1,0,3,2,1,0,2
priority_5394,1,1,0,3,2,1,1,0
priority_5395,1,1,0,3,2,1,1,1
not_recom_5396,1,1,0,3,2,1,1,2
priority_5397,1,1,0,3,2,1,2,0
priority_5398,1,1,0,3,2,1,2,1
not_recom_5399,1,1,0,3,2,1,2,2
very_recom_5400,1,1,1,0,0,0,0,0
priority_5401,1,1,1,0,0,0,0,1
not_recom_5402,1,1,1,0,0,0,0,2
very_recom_5403,1,1,1,0,0,0,1,0
priority_5404,1,1,1,0,0,0,1,1
not_recom_5405,1,1,1,0,0,0,1,2
priority_5406,1,1,1,0,0,0,2,0
priority_5407,1,1,1,0,0,0,2,1
not_recom_5408,1,1,1,0,0,0,2,2
very_recom_5409,1,1,1,0,0,1,0,0
priority_5410,1,1,1,0,0,1,0,1
not_recom_5411,1,1,1,0,0,1,0,2
very_recom_5412,1,1,1,0,0,1,1,0
priority_5413,1,1,1,0,0,1,1,1
not_recom_5414,1,1,1,0,0,1,1,2
priority_5415,1,1,1,0,0,1,2,0
priority_5416,1,1,1,0,0,1,2,1
not_recom_5417,1,1,1,0,0,1,2,2
very_recom_5418,1,1,1,0,1,0,0,0
priority_5419,1,1,1,0,1,0,0,1
not_recom_5420,1,1,1,0,1,0,0,2
very_recom_5421,1,1,1,0,1,0,1,0
priority_5422,1,1,1,0,1,0,1,1
not_recom_5423,1,1,1,0,1,0,1,2
priority_5424,1,1,1,0,1,0,2,0
priority_5425,1,1,1,0,1,0,2,1
not_recom_5426,1,1,1,0,1,0,2,2
very_recom_5427,1,1,1,0,1,1,0,0
priority_5428,1,1,1,0,1,1,0,1
not_recom_5429,1,1,1,0,1,1,0,2
very_recom_5430,1,1,1,0,1,1,1,0
priority_5431,1,1,1,0,1,1,1,1
not_recom_5432,1,1,1,0,1,1,1,2
priority_5433,1,1,1,0,1,1,2,0
priority_5434,1,1,1,0,1,1,2,1
not_recom_5435,1,1,1,0,1,1,2,2
priority_5436,1,1,1,0,2,0,0,0
priority_5437,1,1,1,0,2,0,0,1
not_recom_5438,1,1,1,0,2,0,0,2
priority_5439,1,1,1,0,2,0,1,0
priority_5440,1,1,1,0,2,0,1,1
not_recom_5441,1,1,1,0,2,0,1,2
priority_5442,1,1,1,0,2,0,2,0
priority_5443,1,1,1,0,2,0,2,1
not_recom_5444,1,1,1,0,2,0,2,2
priority_5445,1,1,1,0,2,1,0,0
priority_5446,1,1,1,0,2,1,0,1
not_recom_5447,1,1,1,0,2,1,0,2
priority_5448,1,1,1,0,2,1,1,0
priority_5449,1,1,1,0,2,1,1,1
not_recom_5450,1,1,1,0,2,1,1,2
priority_5451,1,1,1,0,2,1,2,0
priority_5452,1,1,1,0,2,1,2,1
not_recom_5453,1,1,1,0,2,1,2,2
very_recom_5454,1,1,1,1,0,0,0,0
priority_5455,1,1,1,1,0,0,0,1
not_recom_5456,1,1,1,1,0,0,0,2
very_recom_5457,1,1,1,1,0,0,1,0
priority_5458,1,1,1,1,0,0,1,1
not_recom_5459,1,1,1,1,0,0,1,2
priority_5460,1,1,1,1,0,0,2,0
priority_5461,1,1,1,1,0,0,2,1
not_recom_5462,1,1,1,1,0,0,2,2
very_recom_5463,1,1,1,1,0,1,0,0
priority_5464,1,1,1,1,0,1,0,1
not_recom_5465,1,1,1,1,0,1,0,2
very_recom_5466,1,1,1,1,0,1,1,0
priority_5467,1,1,1,1,0,1,1,1
not_recom_5468,1,1,1,1,0,1,1,2
priority_5469,1,1,1,1,0,1,2,0
priority_5470,1,1,1,1,0,1,2,1
not_recom_5471,1,1,1,1,0,1,2,2
very_recom_5472,1,1,1,1,1,0,0,0
priority_5473,1,1,1,1,1,0,0,1
not_recom_5474,1,1,1,1,1,0,0,2
very_recom_5475,1,1,1,1,1,0,1,0
priority_5476,1,1,1,1,1,0,1,1
not_recom_5477,1,1,1,1,1,0,1,2
priority_5478,1,1,1,1,1,0,2,0
priority_5479,1,1,1,1,1,0,2,1
not_recom_5480,1,1,1,1,1,0,2,2
very_recom_5481,1,1,1,1,1,1,0,0
priority_5482,1,1,1,1,1,1,0,1
not_recom_5483,1,1,1,1,1,1,0,2
very_recom_5484,1,1,1,1,1,1,1,0
priority_5485,1,1,1,1,1,1,1,1
not_recom_5486,1,1,1,1,1,1,1,2
priority_5487,1,1,1,1,1,1,2,0
priority_5488,1,1,1,1,1,1,2,1
not_recom_5489,1,1,1,1,1,1,2,2
priority_5490,1,1,1,1,2,0,0,0
priority_5491,1,1,1,1,2,0,0,1
not_recom_5492,1,1,1,1,2,0,0,2
priority_5493,1,1,1,1,2,0,1,0
priority_5494,1,1,1,1,2,0,1,1
not_recom_5495,1,1,1,1,2,0,1,2
priority_5496,1,1,1,1,2,0,2,0
priority_5497,1,1,1,1,2,0,2,1
not_recom_5498,1,1,1,1,2,0,2,2
priority_5499,1,1,1,1,2,1,0,0
priority_5500,1,1,1,1,2,1,0,1
not_recom_5501,1,1,1,1,2,1,0,2
priority_5502,1,1,1,1,2,1,1,0
priority_5503,1,1,1,1,2,1,1,1
not_recom_5504,1,1,1,1,2,1,1,2
priority_5505,1,1,1,1,2,1,2,0
priority_5506,1,1,1,1,2,1,2,1
not_recom_5507,1,1,1,1,2,1,2,2
very_recom_5508,1,1,1,2,0,0,0,0
priority_5509,1,1,1,2,0,0,0,1
not_recom_5510,1,1,1,2,0,0,0,2
very_recom_5511,1,1,1,2,0,0,1,0
priority_5512,1,1,1,2,0,0,1,1
not_recom_5513,1,1,1,2,0,0,1,2
priority_5514,1,1,1,2,0,0,2,0
priority_5515,1,1,1,2,0,0,2,1
not_recom_5516,1,1,1,2,0,0,2,2
priority_5517,1,1,1,2,0,1,0,0
priority_5518,1,1,1,2,0,1,0,1
not_recom_5519,1,1,1,2,0,1,0,2
priority_5520,1,1,1,2,0,1,1,0
priority_5521,1,1,1,2,0,1,1,1
not_recom_5522,1,1,1,2,0,1,1,2
priority_5523,1,1,1,2,0,1,2,0
priority_5524,1,1,1,2,0,1,2,1
not_recom_5525,1,1,1,2,0,1,2,2
priority_5526,1,1,1,2,1,0,0,0
priority_5527,1,1,1,2,1,0,0,1
not_recom_5528,1,1,1,2,1,0,0,2
priority_5529,1,1,1,2,1,0,1,0
priority_5530,1,1,1,2,1,0,1,1
not_recom_5531,1,1,1,2,1,0,1,2
priority_5532,1,1,1,2,1,0,2,0
priority_5533,1,1,1,2,1,0,2,1
not_recom_5534,1,1,1,2,1,0,2,2
priority_5535,1,1,1,2,1,1,0,0
priority_5536,1,1,1,2,1,1,0,1
not_recom_5537,1,1,1,2,1,1,0,2
priority_5538,1,1,1,2,1,1,1,0
priority_5539,1,1,1,2,1,1,1,1
not_recom_5540,1,1,1,2,1,1,1,2
priority_5541,1,1,1,2,1,1,2,0
priority_5542,1,1,1,2,1,1,2,1
not_recom_5543,1,1,1,2,1,1,2,2
priority_5544,1,1,1,2,2,0,0,0
priority_5545,1,1,1,2,2,0,0,1
not_recom_5546,1,1,1,2,2,0,0,2
priority_5547,1,1,1,2,2,0,1,0
priority_5548,1,1,1,2,2,0,1,1
not_recom_5549,1,1,1,2,2,0,1,2
priority_5550,1,1,1,2,2,0,2,0
priority_5551,1,1,1,2,2,0,2,1
not_recom_5552,1,1,1,2,2,0,2,2
priority_5553,1,1,1,2,2,1,0,0
priority_5554,1,1,1,2,2,1,0,1
not_recom_5555,1,1,1,2,2,1,0,2
priority_5556,1,1,1,2,2,1,1,0
priority_5557,1,1,1,2,2,1,1,1
not_recom_5558,1,1,1,2,2,1,1,2
priority_5559,1,1,1,2,2,1,2,0
priority_5560,1,1,1,2,2,1,2,1
not_recom_5561,1,1,1,2,2,1,2,2
very_recom_5562,1,1,1,3,0,0,0,0
priority_5563,1,1,1,3,0,0,0,1
not_recom_5564,1,1,1,3,0,0,0,2
very_recom_5565,1,1,1,3,0,0,1,0
priority_5566,1,1,1,3,0,0,1,1
not_recom_5567,1,1,1,3,0,0,1,2
priority_5568,1,1,1,3,0,0,2,0
priority_5569,1,1,1,3,0,0,2,1
not_recom_5570,1,1,1,3,0,0,2,2
priority_5571,1,1,1,3,0,1,0,0
priority_5572,1,1,1,3,0,1,0,1
not_recom_5573,1,1,1,3,0,1,0,2
priority_5574,1,1,1,3,0,1,1,0
priority_5575,1,1,1,3,0,1,1,1
not_recom_5576,1,1,1,3,0,1,1,2
priority_5577,1,1,1,3,0,1,2,0
priority_5578,1,1,1,3,0,1,2,1
not_recom_5579,1,1,1,3,0,1,2,2
priority_5580,1,1,1,3,1,0,0,0
priority_5581,1,1,1,3,1,0,0,1
not_recom_5582,1,1,1,3,1,0,0,2
priority_5583,1,1,1,3,1,0,1,0
priority_5584,1,1,1,3,1,0,1,1
not_recom_5585,1,1,1,3,1,0,1,2
priority_5586,1,1,1,3,1,0,2,0
priority_5587,1,1,1,3,1,0,2,1
not_recom_5588,1,1,1,3,1,0,2,2
priority_5589,1,1,1,3,1,1,0,0
priority_5590,1,1,1,3,1,1,0,1
not_recom_5591,1,1,1,3,1,1,0,2
priority_5592,1,1,1,3,1,1,1,0
priority_5593,1,1,1,3,1,1,1,1
not_recom_5594,1,1,1,3,1,1,1,2
priority_5595,1,1,1,3,1,1,2,0
priority_5596,1,1,1,3,1,1,2,1
not_recom_5597,1,1,1,3,1,1,2,2
priority_5598,1,1,1,3,2,0,0,0
priority_5599,1,1,1,3,2,0,0,1
not_recom_5600,1,1,1,3,2,0,0,2
priority_5601,1,1,1,3,2,0,1,0
priority_5602,1,1,1,3,2,0,1,1
not_recom_5603,1,1,1,3,2,0,1,2
priority_5604,1,1,1,3,2,0,2,0
priority_5605,1,1,1,3,2,0,2,1
not_recom_5606,1,1,1,3,2,0,2,2
priority_5607,1,1,1,3,2,1,0,0
priority_5608,1,1,1,3,2,1,0,1
not_recom_5609,1,1,1,3,2,1,0,2
priority_5610,1,1,1,3,2,1,1,0
priority_5611,1,1,1,3,2,1,1,1
not_recom_5612,1,1,1,3,2,1,1,2
priority_5613,1,1,1,3,2,1,2,0
priority_5614,1,1,1,3,2,1,2,1
not_recom_5615,1,1,1,3,2,1,2,2
very_recom_5616,1,1,2,0,0,0,0,0
priority_5617,1,1,2,0,0,0,0,1
not_recom_5618,1,1,2,0,0,0,0,2
very_recom_5619,1,1,2,0,0,0,1,0
priority_5620,1,1,2,0,0,0,1,1
not_recom_5621,1,1,2,0,0,0,1,2
priority_5622,1,1,2,0,0,0,2,0
priority_5623,1,1,2,0,0,0,2,1
not_recom_5624,1,1,2,0,0,0,2,2
very_recom_5625,1,1,2,0,0,1,0,0
priority_5626,1,1,2,0,0,1,0,1
not_recom_5627,1,1,2,0,0,1,0,2
very_recom_5628,1,1,2,0,0,1,1,0
priority_5629,1,1,2,0,0,1,1,1
not_recom_5630,1,1,2,0,0,1,1,2
priority_5631,1,1,2,0,0,1,2,0
priority_5632,1,1,2,0,0,1,2,1
not_recom_5633,1,1,2,0,0,1,2,2
very_recom_5634,1,1,2,0,1,0,0,0
priority_5635,1,1,2,0,1,0,0,1
not_recom_5636,1,1,2,0,1,0,0,2
very_recom_5637,1,1,2,0,1,0,1,0
priority_5638,1,1,2,0,1,0,1,1
not_recom_5639,1,1,2,0,1,0,1,2
priority_5640,1,1,2,0,1,0,2,0
priority_5641,1,1,2,0,1,0,2,1
not_recom_5642,1,1,2,0,1,0,2,2
very_recom_5643,1,1,2,0,1,1,0,0
priority_5644,1,1,2,0,1,1,0,1
not_recom_5645,1,1,2,0,1,1,0,2
very_recom_5646,1,1,2,0,1,1,1,0
priority_5647,1,1,2,0,1,1,1,1
not_recom_5648,1,1,2,0,1,1,1,2
priority_5649,1,1,2,0,1,1,2,0
priority_5650,1,1,2,0,1,1,2,1
not_recom_5651,1,1,2,0,1,1,2,2
priority_5652,1,1,2,0,2,0,0,0
priority_5653,1,1,2,0,2,0,0,1
not_recom_5654,1,1,2,0,2,0,0,2
priority_5655,1,1,2,0,2,0,1,0
priority_5656,1,1,2,0,2,0,1,1
not_recom_5657,1,1,2,0,2,0,1,2
priority_5658,1,1,2,0,2,0,2,0
priority_5659,1,1,2,0,2,0,2,1
not_recom_5660,1,1,2,0,2,0,2,2
priority_5661,1,1,2,0,2,1,0,0
priority_5662,1,1,2,0,2,1,0,1
not_recom_5663,1,1,2,0,2,1,0,2
priority_5664,1,1,2,0,2,1,1,0
priority_5665,1,1,2,0,2,1,1,1
not_recom_5666,1,1,2,0,2,1,1,2
priority_5667,1,1,2,0,2,1,2,0
priority_5668,1,1,2,0,2,1,2,1
not_recom_5669,1,1,2,0,2,1,2,2
very_recom_5670,1,1,2,1,0,0,0,0
priority_5671,1,1,2,1,0,0,0,1
not_recom_5672,1,1,2,1,0,0,0,2
very_recom_5673,1,1,2,1,0,0,1,0
priority_5674,1,1,2,1,0,0,1,1
not_recom_5675,1,1,2,1,0,0,1,2
priority_5676,1,1,2,1,0,0,2,0
priority_5677,1,1,2,1,0,0,2,1
not_recom_5678,1,1,2,1,0,0,2,2
priority_5679,1,1,2,1,0,1,0,0
priority_5680,1,1,2,1,0,1,0,1
not_recom_5681,1,1,2,1,0,1,0,2
priority_5682,1,1,2,1,0,1,1,0
priority_5683,1,1,2,1,0,1,1,1
not_recom_5684,1,1,2,1,0,1,1,2
priority_5685,1,1,2,1,0,1,2,0
priority_5686,1,1,2,1,0,1,2,1
not_recom_5687,1,1,2,1,0,1,2,2
priority_5688,1,1,2,1,1,0,0,0
priority_5689,1,1,2,1,1,0,0,1
not_recom_5690,1,1,2,1,1,0,0,2
priority_5691,1,1,2,1,1,0,1,0
priority_5692,1,1,2,1,1,0,1,1
not_recom_5693,1,1,2,1,1,0,1,2
priority_5694,1,1,2,1,1,0,2,0
priority_5695,1,1,2,1,1,0,2,1
not_recom_5696,1,1,2,1,1,0,2,2
priority_5697,1,1,2,1,1,1,0,0
priority_5698,1,1,2,1,1,1,0,1
not_recom_5699,1,1,2,1,1,1,0,2
priority_5700,1,1,2,1,1,1,1,0
priority_5701,1,1,2,1,1,1,1,1
not_recom_5702,1,1,2,1,1,1,1,2
priority_5703,1,1,2,1,1,1,2,0
priority_5704,1,1,2,1,1,1,2,1
not_recom_5705,1,1,2,1,1,1,2,2
priority_5706,1,1,2,1,2,0,0,0
priority_5707,1,1,2,1,2,0,0,1
not_recom_5708,1,1,2,1,2,0,0,2
priority_5709,1,1,2,1,2,0,1,0
priority_5710,1,1,2,1,2,0,1,1
not_recom_5711,1,1,2,1,2,0,1,2
priority_5712,1,1,2,1,2,0,2,0
priority_5713,1,1,2,1,2,0,2,1
not_recom_5714,1,1,2,1,2,0,2,2
priority_5715,1,1,2,1,2,1,0,0
priority_5716,1,1,2,1,2,1,0,1
not_recom_5717,1,1,2,1,2,1,0,2
priority_5718,1,1,2,1,2,1,1,0
priority_5719,1,1,2,1,2,1,1,1
not_recom_5720,1,1,2,1,2,1,1,2
priority_5721,1,1,2,1,2,1,2,0
priority_5722,1,1,2,1,2,1,2,1
not_recom_5723,1,1,2,1,2,1,2,2
very_recom_5724,1,1,2,2,0,0,0,0
priority_5725,1,1,2,2,0,0,0,1
not_recom_5726,1,1,2,2,0,0,0,2
very_recom_5727,1,1,2,2,0,0,1,0
priority_5728,1,1,2,2,0,0,1,1
not_recom_5729,1,1,2,2,0,0,1,2
priority_5730,1,1,2,2,0,0,2,0
priority_5731,1,1,2,2,0,0,2,1
not_recom_5732,1,1,2,2,0,0,2,2
priority_5733,1,1,2,2,0,1,0,0
priority_5734,1,1,2,2,0,1,0,1
not_recom_5735,1,1,2,2,0,1,0,2
priority_5736,1,1,2,2,0,1,1,0
priority_5737,1,1,2,2,0,1,1,1
not_recom_5738,1,1,2,2,0,1,1,2
priority_5739,1,1,2,2,0,1,2,0
priority_5740,1,1,2,2,0,1,2,1
not_recom_5741,1,1,2,2,0,1,2,2
priority_5742,1,1,2,2,1,0,0,0
priority_5743,1,1,2,2,1,0,0,1
not_recom_5744,1,1,2,2,1,0,0,2
priority_5745,1,1,2,2,1,0,1,0
priority_5746,1,1,2,2,1,0,1,1
not_recom_5747,1,1,2,2,1,0,1,2
priority_5748,1,1,2,2,1,0,2,0
priority_5749,1,1,2,2,1,0,2,1
not_recom_5750,1,1,2,2,1,0,2,2
priority_5751,1,1,2,2,1,1,0,0
priority_5752,1,1,2,2,1,1,0,1
not_recom_5753,1,1,2,2,1,1,0,2
priority_5754,1,1,2,2,1,1,1,0
priority_5755,1,1,2,2,1,1,1,1
not_recom_5756,1,1,2,2,1,1,1,2
priority_5757,1,1,2,2,1,1,2,0
priority_5758,1,1,2,2,1,1,2,1
not_recom_5759,1,1,2,2,1,1,2,2
priority_5760,1,1,2,2,2,0,0,0
priority_5761,1,1,2,2,2,0,0,1
not_recom_5762,1,1,2,2,2,0,0,2
priority_5763,1,1,2,2,2,0,1,0
priority_5764,1,1,2,2,2,0,1,1
not_recom_5765,1,1,2,2,2,0,1,2
priority_5766,1,1,2,2,2,0,2,0
priority_5767,1,1,2,2,2,0,2,1
not_recom_5768,1,1,2,2,2,0,2,2
priority_5769,1,1,2,2,2,1,0,0
priority_5770,1,1,2,2,2,1,0,1
not_recom_5771,1,1,2,2,2,1,0,2
priority_5772,1,1,2,2,2,1,1,0
priority_5773,1,1,2,2,2,1,1,1
not_recom_5774,1,1,2,2,2,1,1,2
priority_5775,1,1,2,2,2,1,2,0
priority_5776,1,1,2,2,2,1,2,1
not_recom_5777,1,1,2,2,2,1,2,2
very_recom_5778,1,1,2,3,0,0,0,0
priority_5779,1,1,2,3,0,0,0,1
not_recom_5780,1,1,2,3,0,0,0,2
very_recom_5781,1,1,2,3,0,0,1,0
priority_5782,1,1,2,3,0,0,1,1
not_recom_5783,1,1,2,3,0,0,1,2
priority_5784,1,1,2,3,0,0,2,0
priority_5785,1,1,2,3,0,0,2,1
not_recom_5786,1,1,2,3,0,0,2,2
priority_5787,1,1,2,3,0,1,0,0
priority_5788,1,1,2,3,0,1,0,1
not_recom_5789,1,1,2,3,0,1,0,2
priority_5790,1,1,2,3,0,1,1,0
priority_5791,1,1,2,3,0,1,1,1
not_recom_5792,1,1,2,3,0,1,1,2
priority_5793,1,1,2,3,0,1,2,0
priority_5794,1,1,2,3,0,1,2,1
not_recom_5795,1,1,2,3,0,1,2,2
priority_5796,1,1,2,3,1,0,0,0
priority_5797,1,1,2,3,1,0,0,1
not_recom_5798,1,1,2,3,1,0,0,2
priority_5799,1,1,2,3,1,0,1,0
priority_5800,1,1,2,3,1,0,1,1
not_recom_5801,1,1,2,3,1,0,1,2
priority_5802,1,1,2,3,1,0,2,0
priority_5803,1,1,2,3,1,0,2,1
not_recom_5804,1,1,2,3,1,0,2,2
priority_5805,1,1,2,3,1,1,0,0
priority_5806,1,1,2,3,1,1,0,1
not_recom_5807,1,1,2,3,1,1,0,2
priority_5808,1,1,2,3,1,1,1,0
priority_5809,1,1,2,3,1,1,1,1
not_recom_5810,1,1,2,3,1,1,1,2
priority_5811,1,1,2,3,1,1,2,0
priority_5812,1,1,2,3,1,1,2,1
not_recom_5813,1,1,2,3,1,1,2,2
priority_5814,1,1,2,3,2,0,0,0
priority_5815,1,1,2,3,2,0,0,1
not_recom_5816,1,1,2,3,2,0,0,2
priority_5817,1,1,2,3,2,0,1,0
priority_5818,1,1,2,3,2,0,1,1
not_recom_5819,1,1,2,3,2,0,1,2
priority_5820,1,1,2,3,2,0,2,0
priority_5821,1,1,2,3,2,0,2,1
not_recom_5822,1,1,2,3,2,0,2,2
priority_5823,1,1,2,3,2,1,0,0
priority_5824,1,1,2,3,2,1,0,1
not_recom_5825,1,1,2,3,2,1,0,2
priority_5826,1,1,2,3,2,1,1,0
priority_5827,1,1,2,3,2,1,1,1
not_recom_5828,1,1,2,3,2,1,1,2
priority_5829,1,1,2,3,2,1,2,0
priority_5830,1,1,2,3,2,1,2,1
not_recom_5831,1,1,2,3,2,1,2,2
very_recom_5832,1,1,3,0,0,0,0,0
priority_5833,1,1,3,0,0,0,0,1
not_recom_5834,1,1,3,0,0,0,0,2
very_recom_5835,1,1,3,0,0,0,1,0
priority_5836,1,1,3,0,0,0,1,1
not_recom_5837,1,1,3,0,0,0,1,2
priority_5838,1,1,3,0,0,0,2,0
priority_5839,1,1,3,0,0,0,2,1
not_recom_5840,1,1,3,0,0,0,2,2
priority_5841,1,1,3,0,0,1,0,0
priority_5842,1,1,3,0,0,1,0,1
not_recom_5843,1,1,3,0,0,1,0,2
priority_5844,1,1,3,0,0,1,1,0
priority_5845,1,1,3,0,0,1,1,1
not_recom_5846,1,1,3,0,0,1,1,2
priority_5847,1,1,3,0,0,1,2,0
priority_5848,1,1,3,0,0,1,2,1
not_recom_5849,1,1,3,0,0,1,2,2
priority_5850,1,1,3,0,1,0,0,0
priority_5851,1,1,3,0,1,0,0,1
not_recom_5852,1,1,3,0,1,0,0,2
priority_5853,1,1,3,0,1,0,1,0
priority_5854,1,1,3,0,1,0,1,1
not_recom_5855,1,1,3,0,1,0,1,2
priority_5856,1,1,3,0,1,0,2,0
priority_5857,1,1,3,0,1,0,2,1
not_recom_5858,1,1,3,0,1,0,2,2
priority_5859,1,1,3,0,1,1,0,0
priority_5860,1,1,3,0,1,1,0,1
not_recom_5861,1,1,3,0,1,1,0,2
priority_5862,1,1,3,0,1,1,1,0
priority_5863,1,1,3,0,1,1,1,1
not_recom_5864,1,1,3,0,1,1,1,2
priority_5865,1,1,3,0,1,1,2,0
priority_5866,1,1,3,0,1,1,2,1
not_recom_5867,1,1,3,0,1,1,2,2
priority_5868,1,1,3,0,2,0,0,0
priority_5869,1,1,3,0,2,0,0,1
not_recom_5870,1,1,3,0,2,0,0,2
priority_5871,1,1,3,0,2,0,1,0
priority_5872,1,1,3,0,2,0,1,1
not_recom_5873,1,1,3,0,2,0,1,2
priority_5874,1,1,3,0,2,0,2,0
priority_5875,1,1,3,0,2,0,2,1
not_recom_5876,1,1,3,0,2,0,2,2
priority_5877,1,1,3,0,2,1,0,0
priority_5878,1,1,3,0,2,1,0,1
not_recom_5879,1,1,3,0,2,1,0,2
priority_5880,1,1,3,0,2,1,1,0
priority_5881,1,1,3,0,2,1,1,1
not_recom_5882,1,1,3,0,2,1,1,2
priority_5883,1,1,3,0,2,1,2,0
priority_5884,1,1,3,0,2,1,2,1
not_recom_5885,1,1,3,0,2,1,2,2
very_recom_5886,1,1,3,1,0,0,0,0
priority_5887,1,1,3,1,0,0,0,1
not_recom_5888,1,1,3,1,0,0,0,2
very_recom_5889,1,1,3,1,0,0,1,0
priority_5890,1,1,3,1,0,0,1,1
not_recom_5891,1,1,3,1,0,0,1,2
priority_5892,1,1,3,1,0,0,2,0
priority_5893,1,1,3,1,0,0,2,1
not_recom_5894,1,1,3,1,0,0,2,2
priority_5895,1,1,3,1,0,1,0,0
priority_5896,1,1,3,1,0,1,0,1
not_recom_5897,1,1,3,1,0,1,0,2
priority_5898,1,1,3,1,0,1,1,0
priority_5899,1,1,3,1,0,1,1,1
not_recom_5900,1,1,3,1,0,1,1,2
priority_5901,1,1,3,1,0,1,2,0
priority_5902,1,1,3,1,0,1,2,1
not_recom_5903,1,1,3,1,0,1,2,2
priority_5904,1,1,3,1,1,0,0,0
priority_5905,1,1,3,1,1,0,0,1
not_recom_5906,1,1,3,1,1,0,0,2
priority_5907,1,1,3,1,1,0,1,0
priority_5908,1,1,3,1,1,0,1,1
not_recom_5909,1,1,3,1,1,0,1,2
priority_5910,1,1,3,1,1,0,2,0
priority_5911,1,1,3,1,1,0,2,1
not_recom_5912,1,1,3,1,1,0,2,2
priority_5913,1,1,3,1,1,1,0,0
priority_5914,1,1,3,1,1,1,0,1
not_recom_5915,1,1,3,1,1,1,0,2
priority_5916,1,1,3,1,1,1,1,0
priority_5917,1,1,3,1,1,1,1,1
not_recom_5918,1,1,3,1,1,1,1,2
priority_5919,1,1,3,1,1,1,2,0
priority_5920,1,1,3,1,1,1,2,1
not_recom_5921,1,1,3,1,1,1,2,2
priority_5922,1,1,3,1,2,0,0,0
priority_5923,1,1,3,1,2,0,0,1
not_recom_5924,1,1,3,1,2,0,0,2
priority_5925,1,1,3,1,2,0,1,0
priority_5926,1,1,3,1,2,0,1,1
not_recom_5927,1,1,3,1,2,0,1,2
priority_5928,1,1,3,1,2,0,2,0
priority_5929,1,1,3,1,2,0,2,1
not_recom_5930,1,1,3,1,2,0,2,2
priority_5931,1,1,3,1,2,1,0,0
priority_5932,1,1,3,1,2,1,0,1
not_recom_5933,1,1,3,1,2,1,0,2
priority_5934,1,1,3,1,2,1,1,0
priority_5935,1,1,3,1,2,1,1,1
not_recom_5936,1,1,3,1,2,1,1,2
priority_5937,1,1,3,1,2,1,2,0
priority_5938,1,1,3,1,2,1,2,1
not_recom_5939,1,1,3,1,2,1,2,2
very_recom_5940,1,1,3,2,0,0,0,0
priority_5941,1,1,3,2,0,0,0,1
not_recom_5942,1,1,3,2,0,0,0,2
very_recom_5943,1,1,3,2,0,0,1,0
priority_5944,1,1,3,2,0,0,1,1
not_recom_5945,1,1,3,2,0,0,1,2
priority_5946,1,1,3,2,0,0,2,0
priority_5947,1,1,3,2,0,0,2,1
not_recom_5948,1,1,3,2,0,0,2,2
priority_5949,1,1,3,2,0,1,0,0
priority_5950,1,1,3,2,0,1,0,1
not_recom_5951,1,1,3,2,0,1,0,2
priority_5952,1,1,3,2,0,1,1,0
priority_5953,1,1,3,2,0,1,1,1
not_recom_5954,1,1,3,2,0,1,1,2
priority_5955,1,1,3,2,0,1,2,0
priority_5956,1,1,3,2,0,1,2,1
not_recom_5957,1,1,3,2,0,1,2,2
priority_5958,1,1,3,2,1,0,0,0
priority_5959,1,1,3,2,1,0,0,1
not_recom_5960,1,1,3,2,1,0,0,2
priority_5961,1,1,3,2,1,0,1,0
priority_5962,1,1,3,2,1,0,1,1
not_recom_5963,1,1,3,2,1,0,1,2
priority_5964,1,1,3,2,1,0,2,0
priority_5965,1,1,3,2,1,0,2,1
not_recom_5966,1,1,3,2,1,0,2,2
priority_5967,1,1,3,2,1,1,0,0
priority_5968,1,1,3,2,1,1,0,1
not_recom_5969,1,1,3,2,1,1,0,2
priority_5970,1,1,3,2,1,1,1,0
priority_5971,1,1,3,2,1,1,1,1
not_recom_5972,1,1,3,2,1,1,1,2
priority_5973,1,1,3,2,1,1,2,0
priority_5974,1,1,3,2,1,1,2,1
not_recom_5975,1,1,3,2,1,1,2,2
priority_5976,1,1,3,2,2,0,0,0
priority_5977,1,1,3,2,2,0,0,1
not_recom_5978,1,1,3,2,2,0,0,2
priority_5979,1,1,3,2,2,0,1,0
priority_5980,1,1,3,2,2,0,1,1
not_recom_5981,1,1,3,2,2,0,1,2
priority_5982,1,1,3,2,2,0,2,0
priority_5983,1,1,3,2,2,0,2,1
not_recom_5984,1,1,3,2,2,0,2,2
priority_5985,1,1,3,2,2,1,0,0
priority_5986,1,1,3,2,2,1,0,1
not_recom_5987,1,1,3,2,2,1,0,2
priority_5988,1,1,3,2,2,1,1,0
priority_5989,1,1,3,2,2,1,1,1
not_recom_5990,1,1,3,2,2,1,1,2
priority_5991,1,1,3,2,2,1,2,0
priority_5992,1,1,3,2,2,1,2,1
not_recom_5993,1,1,3,2,2,1,2,2
very_recom_5994,1,1,3,3,0,0,0,0
priority_5995,1,1,3,3,0,0,0,1
not_recom_5996,1,1,3,3,0,0,0,2
very_recom_5997,1,1,3,3,0,0,1,0
priority_5998,1,1,3,3,0,0,1,1
not_recom_5999,1,1,3,3,0,0,1,2
priority_6000,1,1,3,3,0,0,2,0
priority_6001,1,1,3,3,0,0,2,1
not_recom_6002,1,1,3,3,0,0,2,2
priority_6003,1,1,3,3,0,1,0,0
priority_6004,1,1,3,3,0,1,0,1
not_recom_6005,1,1,3,3,0,1,0,2
priority_6006,1,1,3,3,0,1,1,0
priority_6007,1,1,3,3,0,1,1,1
not_recom_6008,1,1,3,3,0,1,1,2
priority_6009,1,1,3,3,0,1,2,0
priority_6010,1,1,3,3,0,1,2,1
not_recom_6011,1,1,3,3,0,1,2,2
priority_6012,1,1,3,3,1,0,0,0
priority_6013,1,1,3,3,1,0,0,1
not_recom_6014,1,1,3,3,1,0,0,2
priority_6015,1,1,3,3,1,0,1,0
priority_6016,1,1,3,3,1,0,1,1
not_recom_6017,1,1,3,3,1,0,1,2
priority_6018,1,1,3,3,1,0,2,0
priority_6019,1,1,3,3,1,0,2,1
not_recom_6020,1,1,3,3,1,0,2,2
priority_6021,1,1,3,3,1,1,0,0
priority_6022,1,1,3,3,1,1,0,1
not_recom_6023,1,1,3,3,1,1,0,2
priority_6024,1,1,3,3,1,1,1,0
priority_6025,1,1,3,3,1,1,1,1
not_recom_6026,1,1,3,3,1,1,1,2
priority_6027,1,1,3,3,1,1,2,0
priority_6028,1,1,3,3,1,1,2,1
not_recom_6029,1,1,3,3,1,1,2,2
priority_6030,1,1,3,3,2,0,0,0
priority_6031,1,1,3,3,2,0,0,1
not_recom_6032,1,1,3,3,2,0,0,2
priority_6033,1,1,3,3,2,0,1,0
priority_6034,1,1,3,3,2,0,1,1
not_recom_6035,1,1,3,3,2,0,1,2
priority_6036,1,1,3,3,2,0,2,0
priority_6037,1,1,3,3,2,0,2,1
not_recom_6038,1,1,3,3,2,0,2,2
priority_6039,1,1,3,3,2,1,0,0
priority_6040,1,1,3,3,2,1,0,1
not_recom_6041,1,1,3,3,2,1,0,2
priority_6042,1,1,3,3,2,1,1,0
priority_6043,1,1,3,3,2,1,1,1
not_recom_6044,1,1,3,3,2,1,1,2
priority_6045,1,1,3,3,2,1,2,0
priority_6046,1,1,3,3,2,1,2,1
not_recom_6047,1,1,3,3,2,1,2,2
priority_6048,1,2,0,0,0,0,0,0
priority_6049,1,2,0,0,0,0,0,1
not_recom_6050,1,2,0,0,0,0,0,2
priority_6051,1,2,0,0,0,0,1,0
priority_6052,1,2,0,0,0,0,1,1
not_recom_6053,1,2,0,0,0,0,1,2
priority_6054,1,2,0,0,0,0,2,0
priority_6055,1,2,0,0,0,0,2,1
not_recom_6056,1,2,0,0,0,0,2,2
priority_6057,1,2,0,0,0,1,0,0
priority_6058,1,2,0,0,0,1,0,1
not_recom_6059,1,2,0,0,0,1,0,2
priority_6060,1,2,0,0,0,1,1,0
priority_6061,1,2,0,0,0,1,1,1
not_recom_6062,1,2,0,0,0,1,1,2
priority_6063,1,2,0,0,0,1,2,0
priority_6064,1,2,0,0,0,1,2,1
not_recom_6065,1,2,0,0,0,1,2,2
priority_6066,1,2,0,0,1,0,0,0
priority_6067,1,2,0,0,1,0,0,1
not_recom_6068,1,2,0,0,1,0,0,2
priority_6069,1,2,0,0,1,0,1,0
priority_6070,1,2,0,0,1,0,1,1
not_recom_6071,1,2,0,0,1,0,1,2
priority_6072,1,2,0,0,1,0,2,0
priority_6073,1,2,0,0,1,0,2,1
not_recom_6074,1,2,0,0,1,0,2,2
priority_6075,1,2,0,0,1,1,0,0
priority_6076,1,2,0,0,1,1,0,1
not_recom_6077,1,2,0,0,1,1,0,2
priority_6078,1,2,0,0,1,1,1,0
priority_6079,1,2,0,0,1,1,1,1
not_recom_6080,1,2,0,0,1,1,1,2
priority_6081,1,2,0,0,1,1,2,0
priority_6082,1,2,0,0,1,1,2,1
not_recom_6083,1,2,0,0,1,1,2,2
priority_6084,1,2,0,0,2,0,0,0
priority_6085,1,2,0,0,2,0,0,1
not_recom_6086,1,2,0,0,2,0,0,2
priority_6087,1,2,0,0,2,0,1,0
priority_6088,1,2,0,0,2,0,1,1
not_recom_6089,1,2,0,0,2,0,1,2
priority_6090,1,2,0,0,2,0,2,0
priority_6091,1,2,0,0,2,0,2,1
not_recom_6092,1,2,0,0,2,0,2,2
priority_6093,1,2,0,0,2,1,0,0
priority_6094,1,2,0,0,2,1,0,1
not_recom_6095,1,2,0,0,2,1,0,2
priority_6096,1,2,0,0,2,1,1,0
priority_6097,1,2,0,0,2,1,1,1
not_recom_6098,1,2,0,0,2,1,1,2
priority_6099,1,2,0,0,2,1,2,0
priority_6100,1,2,0,0,2,1,2,1
not_recom_6101,1,2,0,0,2,1,2,2
priority_6102,1,2,0,1,0,0,0,0
priority_6103,1,2,0,1,0,0,0,1
not_recom_6104,1,2,0,1,0,0,0,2
priority_6105,1,2,0,1,0,0,1,0
priority_6106,1,2,0,1,0,0,1,1
not_recom_6107,1,2,0,1,0,0,1,2
priority_6108,1,2,0,1,0,0,2,0
priority_6109,1,2,0,1,0,0,2,1
not_recom_6110,1,2,0,1,0,0,2,2
priority_6111,1,2,0,1,0,1,0,0
priority_6112,1,2,0,1,0,1,0,1
not_recom_6113,1,2,0,1,0,1,0,2
priority_6114,1,2,0,1,0,1,1,0
priority_6115,1,2,0,1,0,1,1,1
not_recom_6116,1,2,0,1,0,1,1,2
priority_6117,1,2,0,1,0,1,2,0
priority_6118,1,2,0,1,0,1,2,1
not_recom_6119,1,2,0,1,0,1,2,2
priority_6120,1,2,0,1,1,0,0,0
priority_6121,1,2,0,1,1,0,0,1
not_recom_6122,1,2,0,1,1,0,0,2
priority_6123,1,2,0,1,1,0,1,0
priority_6124,1,2,0,1,1,0,1,1
not_recom_6125,1,2,0,1,1,0,1,2
priority_6126,1,2,0,1,1,0,2,0
priority_6127,1,2,0,1,1,0,2,1
not_recom_6128,1,2,0,1,1,0,2,2
priority_6129,1,2,0,1,1,1,0,0
priority_6130,1,2,0,1,1,1,0,1
not_recom_6131,1,2,0,1,1,1,0,2
priority_6132,1,2,0,1,1,1,1,0
priority_6133,1,2,0,1,1,1,1,1
not_recom_6134,1,2,0,1,1,1,1,2
priority_6135,1,2,0,1,1,1,2,0
priority_6136,1,2,0,1,1,1,2,1
not_recom_6137,1,2,0,1,1,1,2,2
priority_6138,1,2,0,1,2,0,0,0
spec_prior_6139,1,2,0,1,2,0,0,1
not_recom_6140,1,2,0,1,2,0,0,2
priority_6141,1,2,0,1,2,0,1,0
spec_prior_6142,1,2,0,1,2,0,1,1
not_recom_6143,1,2,0,1,2,0,1,2
spec_prior_6144,1,2,0,1,2,0,2,0
spec_prior_6145,1,2,0,1,2,0,2,1
not_recom_6146,1,2,0,1,2,0,2,2
priority_6147,1,2,0,1,2,1,0,0
spec_prior_6148,1,2,0,1,2,1,0,1
not_recom_6149,1,2,0,1,2,1,0,2
priority_6150,1,2,0,1,2,1,1,0
spec_prior_6151,1,2,0,1,2,1,1,1
not_recom_6152,1,2,0,1,2,1,1,2
spec_prior_6153,1,2,0,1,2,1,2,0
spec_prior_6154,1,2,0,1,2,1,2,1
not_recom_6155,1,2,0,1,2,1,2,2
priority_6156,1,2,0,2,0,0,0,0
priority_6157,1,2,0,2,0,0,0,1
not_recom_6158,1,2,0,2,0,0,0,2
priority_6159,1,2,0,2,0,0,1,0
priority_6160,1,2,0,2,0,0,1,1
not_recom_6161,1,2,0,2,0,0,1,2
priority_6162,1,2,0,2,0,0,2,0
priority_6163,1,2,0,2,0,0,2,1
not_recom_6164,1,2,0,2,0,0,2,2
priority_6165,1,2,0,2,0,1,0,0
spec_prior_6166,1,2,0,2,0,1,0,1
not_recom_6167,1,2,0,2,0,1,0,2
priority_6168,1,2,0,2,0,1,1,0
spec_prior_6169,1,2,0,2,0,1,1,1
not_recom_6170,1,2,0,2,0,1,1,2
spec_prior_6171,1,2,0,2,0,1,2,0
spec_prior_6172,1,2,0,2,0,1,2,1
not_recom_6173,1,2,0,2,0,1,2,2
priority_6174,1,2,0,2,1,0,0,0
spec_prior_6175,1,2,0,2,1,0,0,1
not_recom_6176,1,2,0,2,1,0,0,2
priority_6177,1,2,0,2,1,0,1,0
spec_prior_6178,1,2,0,2,1,0,1,1
not_recom_6179,1,2,0,2,1,0,1,2
spec_prior_6180,1,2,0,2,1,0,2,0
spec_prior_6181,1,2,0,2,1,0,2,1
not_recom_6182,1,2,0,2,1,0,2,2
priority_6183,1,2,0,2,1,1,0,0
spec_prior_6184,1,2,0,2,1,1,0,1
not_recom_6185,1,2,0,2,1,1,0,2
priority_6186,1,2,0,2,1,1,1,0
spec_prior_6187,1,2,0,2,1,1,1,1
not_recom_6188,1,2,0,2,1,1,1,2
spec_prior_6189,1,2,0,2,1,1,2,0
spec_prior_6190,1,2,0,2,1,1,2,1
not_recom_6191,1,2,0,2,1,1,2,2
priority_6192,1,2,0,2,2,0,0,0
spec_prior_6193,1,2,0,2,2,0,0,1
not_recom_6194,1,2,0,2,2,0,0,2
priority_6195,1,2,0,2,2,0,1,0
spec_prior_6196,1,2,0,2,2,0,1,1
not_recom_6197,1,2,0,2,2,0,1,2
spec_prior_6198,1,2,0,2,2,0,2,0
spec_prior_6199,1,2,0,2,2,0,2,1
not_recom_6200,1,2,0,2,2,0,2,2
priority_6201,1,2,0,2,2,1,0,0
spec_prior_6202,1,2,0,2,2,1,0,1
not_recom_6203,1,2,0,2,2,1,0,2
priority_6204,1,2,0,2,2,1,1,0
spec_prior_6205,1,2,0,2,2,1,1,1
not_recom_6206,1,2,0,2,2,1,1,2
spec_prior_6207,1,2,0,2,2,1,2,0
spec_prior_6208,1,2,0,2,2,1,2,1
not_recom_6209,1,2,0,2,2,1,2,2
priority_6210,1,2,0,3,0,0,0,0
priority_6211,1,2,0,3,0,0,0,1
not_recom_6212,1,2,0,3,0,0,0,2
priority_6213,1,2,0,3,0,0,1,0
priority_6214,1,2,0,3,0,0,1,1
not_recom_6215,1,2,0,3,0,0,1,2
priority_6216,1,2,0,3,0,0,2,0
priority_6217,1,2,0,3,0,0,2,1
not_recom_6218,1,2,0,3,0,0,2,2
priority_6219,1,2,0,3,0,1,0,0
spec_prior_6220,1,2,0,3,0,1,0,1
not_recom_6221,1,2,0,3,0,1,0,2
priority_6222,1,2,0,3,0,1,1,0
spec_prior_6223,1,2,0,3,0,1,1,1
not_recom_6224,1,2,0,3,0,1,1,2
spec_prior_6225,1,2,0,3,0,1,2,0
spec_prior_6226,1,2,0,3,0,1,2,1
not_recom_6227,1,2,0,3,0,1,2,2
priority_6228,1,2,0,3,1,0,0,0
spec_prior_6229,1,2,0,3,1,0,0,1
not_recom_6230,1,2,0,3,1,0,0,2
priority_6231,1,2,0,3,1,0,1,0
spec_prior_6232,1,2,0,3,1,0,1,1
not_recom_6233,1,2,0,3,1,0,1,2
spec_prior_6234,1,2,0,3,1,0,2,0
spec_prior_6235,1,2,0,3,1,0,2,1
not_recom_6236,1,2,0,3,1,0,2,2
priority_6237,1,2,0,3,1,1,0,0
spec_prior_6238,1,2,0,3,1,1,0,1
not_recom_6239,1,2,0,3,1,1,0,2
priority_6240,1,2,0,3,1,1,1,0
spec_prior_6241,1,2,0,3,1,1,1,1
not_recom_6242,1,2,0,3,1,1,1,2
spec_prior_6243,1,2,0,3,1,1,2,0
spec_prior_6244,1,2,0,3,1,1,2,1
not_recom_6245,1,2,0,3,1,1,2,2
priority_6246,1,2,0,3,2,0,0,0
spec_prior_6247,1,2,0,3,2,0,0,1
not_recom_6248,1,2,0,3,2,0,0,2
priority_6249,1,2,0,3,2,0,1,0
spec_prior_6250,1,2,0,3,2,0,1,1
not_recom_6251,1,2,0,3,2,0,1,2
spec_prior_6252,1,2,0,3,2,0,2,0
spec_prior_6253,1,2,0,3,2,0,2,1
not_recom_6254,1,2,0,3,2,0,2,2
priority_6255,1,2,0,3,2,1,0,0
spec_prior_6256,1,2,0,3,2,1,0,1
not_recom_6257,1,2,0,3,2,1,0,2
priority_6258,1,2,0,3,2,1,1,0
spec_prior_6259,1,2,0,3,2,1,1,1
not_recom_6260,1,2,0,3,2,1,1,2
spec_prior_6261,1,2,0,3,2,1,2,0
spec_prior_6262,1,2,0,3,2,1,2,1
not_recom_6263,1,2,0,3,2,1,2,2
priority_6264,1,2,1,0,0,0,0,0
priority_6265,1,2,1,0,0,0,0,1
not_recom_6266,1,2,1,0,0,0,0,2
priority_6267,1,2,1,0,0,0,1,0
priority_6268,1,2,1,0,0,0,1,1
not_recom_6269,1,2,1,0,0,0,1,2
priority_6270,1,2,1,0,0,0,2,0
priority_6271,1,2,1,0,0,0,2,1
not_recom_6272,1,2,1,0,0,0,2,2
priority_6273,1,2,1,0,0,1,0,0
priority_6274,1,2,1,0,0,1,0,1
not_recom_6275,1,2,1,0,0,1,0,2
priority_6276,1,2,1,0,0,1,1,0
priority_6277,1,2,1,0,0,1,1,1
not_recom_6278,1,2,1,0,0,1,1,2
priority_6279,1,2,1,0,0,1,2,0
priority_6280,1,2,1,0,0,1,2,1
not_recom_6281,1,2,1,0,0,1,2,2
priority_6282,1,2,1,0,1,0,0,0
priority_6283,1,2,1,0,1,0,0,1
not_recom_6284,1,2,1,0,1,0,0,2
priority_6285,1,2,1,0,1,0,1,0
priority_6286,1,2,1,0,1,0,1,1
not_recom_6287,1,2,1,0,1,0,1,2
priority_6288,1,2,1,0,1,0,2,0
priority_6289,1,2,1,0,1,0,2,1
not_recom_6290,1,2,1,0,1,0,2,2
priority_6291,1,2,1,0,1,1,0,0
priority_6292,1,2,1,0,1,1,0,1
not_recom_6293,1,2,1,0,1,1,0,2
priority_6294,1,2,1,0,1,1,1,0
priority_6295,1,2,1,0,1,1,1,1
not_recom_6296,1,2,1,0,1,1,1,2
priority_6297,1,2,1,0,1,1,2,0
priority_6298,1,2,1,0,1,1,2,1
not_recom_6299,1,2,1,0,1,1,2,2
priority_6300,1,2,1,0,2,0,0,0
spec_prior_6301,1,2,1,0,2,0,0,1
not_recom_6302,1,2,1,0,2,0,0,2
priority_6303,1,2,1,0,2,0,1,0
spec_prior_6304,1,2,1,0,2,0,1,1
not_recom_6305,1,2,1,0,2,0,1,2
spec_prior_6306,1,2,1,0,2,0,2,0
spec_prior_6307,1,2,1,0,2,0,2,1
not_recom_6308,1,2,1,0,2,0,2,2
priority_6309,1,2,1,0,2,1,0,0
spec_prior_6310,1,2,1,0,2,1,0,1
not_recom_6311,1,2,1,0,2,1,0,2
priority_6312,1,2,1,0,2,1,1,0
spec_prior_6313,1,2,1,0,2,1,1,1
not_recom_6314,1,2,1,0,2,1,1,2
spec_prior_6315,1,2,1,0,2,1,2,0
spec_prior_6316,1,2,1,0,2,1,2,1
not_recom_6317,1,2,1,0,2,1,2,2
priority_6318,1,2,1,1,0,0,0,0
priority_6319,1,2,1,1,0,0,0,1
not_recom_6320,1,2,1,1,0,0,0,2
priority_6321,1,2,1,1,0,0,1,0
priority_6322,1,2,1,1,0,0,1,1
not_recom_6323,1,2,1,1,0,0,1,2
priority_6324,1,2,1,1,0,0,2,0
priority_6325,1,2,1,1,0,0,2,1
not_recom_6326,1,2,1,1,0,0,2,2
priority_6327,1,2,1,1,0,1,0,0
priority_6328,1,2,1,1,0,1,0,1
not_recom_6329,1,2,1,1,0,1,0,2
priority_6330,1,2,1,1,0,1,1,0
priority_6331,1,2,1,1,0,1,1,1
not_recom_6332,1,2,1,1,0,1,1,2
priority_6333,1,2,1,1,0,1,2,0
priority_6334,1,2,1,1,0,1,2,1
not_recom_6335,1,2,1,1,0,1,2,2
priority_6336,1,2,1,1,1,0,0,0
priority_6337,1,2,1,1,1,0,0,1
not_recom_6338,1,2,1,1,1,0,0,2
priority_6339,1,2,1,1,1,0,1,0
priority_6340,1,2,1,1,1,0,1,1
not_recom_6341,1,2,1,1,1,0,1,2
priority_6342,1,2,1,1,1,0,2,0
priority_6343,1,2,1,1,1,0,2,1
not_recom_6344,1,2,1,1,1,0,2,2
priority_6345,1,2,1,1,1,1,0,0
priority_6346,1,2,1,1,1,1,0,1
not_recom_6347,1,2,1,1,1,1,0,2
priority_6348,1,2,1,1,1,1,1,0
priority_6349,1,2,1,1,1,1,1,1
not_recom_6350,1,2,1,1,1,1,1,2
priority_6351,1,2,1,1,1,1,2,0
priority_6352,1,2,1,1,1,1,2,1
not_recom_6353,1,2,1,1,1,1,2,2
priority_6354,1,2,1,1,2,0,0,0
spec_prior_6355,1,2,1,1,2,0,0,1
not_recom_6356,1,2,1,1,2,0,0,2
priority_6357,1,2,1,1,2,0,1,0
spec_prior_6358,1,2,1,1,2,0,1,1
not_recom_6359,1,2,1,1,2,0,1,2
spec_prior_6360,1,2,1,1,2,0,2,0
spec_prior_6361,1,2,1,1,2,0,2,1
not_recom_6362,1,2,1,1,2,0,2,2
priority_6363,1,2,1,1,2,1,0,0
spec_prior_6364,1,2,1,1,2,1,0,1
not_recom_6365,1,2,1,1,2,1,0,2
priority_6366,1,2,1,1,2,1,1,0
spec_prior_6367,1,2,1,1,2,1,1,1
not_recom_6368,1,2,1,1,2,1,1,2
spec_prior_6369,1,2,1,1,2,1,2,0
spec_prior_6370,1,2,1,1,2,1,2,1
not_recom_6371,1,2,1,1,2,1,2,2
priority_6372,1,2,1,2,0,0,0,0
priority_6373,1,2,1,2,0,0,0,1
not_recom_6374,1,2,1,2,0,0,0,2
priority_6375,1,2,1,2,0,0,1,0
priority_6376,1,2,1,2,0,0,1,1
not_recom_6377,1,2,1,2,0,0,1,2
priority_6378,1,2,1,2,0,0,2,0
priority_6379,1,2,1,2,0,0,2,1
not_recom_6380,1,2,1,2,0,0,2,2
priority_6381,1,2,1,2,0,1,0,0
spec_prior_6382,1,2,1,2,0,1,0,1
not_recom_6383,1,2,1,2,0,1,0,2
priority_6384,1,2,1,2,0,1,1,0
spec_prior_6385,1,2,1,2,0,1,1,1
not_recom_6386,1,2,1,2,0,1,1,2
spec_prior_6387,1,2,1,2,0,1,2,0
spec_prior_6388,1,2,1,2,0,1,2,1
not_recom_6389,1,2,1,2,0,1,2,2
priority_6390,1,2,1,2,1,0,0,0
spec_prior_6391,1,2,1,2,1,0,0,1
not_recom_6392,1,2,1,2,1,0,0,2
priority_6393,1,2,1,2,1,0,1,0
spec_prior_6394,1,2,1,2,1,0,1,1
not_recom_6395,1,2,1,2,1,0,1,2
spec_prior_6396,1,2,1,2,1,0,2,0
spec_prior_6397,1,2,1,2,1,0,2,1
not_recom_6398,1,2,1,2,1,0,2,2
priority_6399,1,2,1,2,1,1,0,0
spec_prior_6400,1,2,1,2,1,1,0,1
not_recom_6401,1,2,1,2,1,1,0,2
priority_6402,1,2,1,2,1,1,1,0
spec_prior_6403,1,2,1,2,1,1,1,1
not_recom_6404,1,2,1,2,1,1,1,2
spec_prior_6405,1,2,1,2,1,1,2,0
spec_prior_6406,1,2,1,2,1,1,2,1
not_recom_6407,1,2,1,2,1,1,2,2
priority_6408,1,2,1,2,2,0,0,0
spec_prior_6409,1,2,1,2,2,0,0,1
not_recom_6410,1,2,1,2,2,0,0,2
priority_6411,1,2,1,2,2,0,1,0
spec_prior_6412,1,2,1,2,2,0,1,1
not_recom_6413,1,2,1,2,2,0,1,2
spec_prior_6414,1,2,1,2,2,0,2,0
spec_prior_6415,1,2,1,2,2,0,2,1
not_recom_6416,1,2,1,2,2,0,2,2
priority_6417,1,2,1,2,2,1,0,0
spec_prior_6418,1,2,1,2,2,1,0,1
not_recom_6419,1,2,1,2,2,1,0,2
priority_6420,1,2,1,2,2,1,1,0
spec_prior_6421,1,2,1,2,2,1,1,1
not_recom_6422,1,2,1,2,2,1,1,2
spec_prior_6423,1,2,1,2,2,1,2,0
spec_prior_6424,1,2,1,2,2,1,2,1
not_recom_6425,1,2,1,2,2,1,2,2
priority_6426,1,2,1,3,0,0,0,0
priority_6427,1,2,1,3,0,0,0,1
not_recom_6428,1,2,1,3,0,0,0,2
priority_6429,1,2,1,3,0,0,1,0
priority_6430,1,2,1,3,0,0,1,1
not_recom_6431,1,2,1,3,0,0,1,2
priority_6432,1,2,1,3,0,0,2,0
priority_6433,1,2,1,3,0,0,2,1
not_recom_6434,1,2,1,3,0,0,2,2
priority_6435,1,2,1,3,0,1,0,0
spec_prior_6436,1,2,1,3,0,1,0,1
not_recom_6437,1,2,1,3,0,1,0,2
priority_6438,1,2,1,3,0,1,1,0
spec_prior_6439,1,2,1,3,0,1,1,1
not_recom_6440,1,2,1,3,0,1,1,2
spec_prior_6441,1,2,1,3,0,1,2,0
spec_prior_6442,1,2,1,3,0,1,2,1
not_recom_6443,1,2,1,3,0,1,2,2
priority_6444,1,2,1,3,1,0,0,0
spec_prior_6445,1,2,1,3,1,0,0,1
not_recom_6446,1,2,1,3,1,0,0,2
priority_6447,1,2,1,3,1,0,1,0
spec_prior_6448,1,2,1,3,1,0,1,1
not_recom_6449,1,2,1,3,1,0,1,2
spec_prior_6450,1,2,1,3,1,0,2,0
spec_prior_6451,1,2,1,3,1,0,2,1
not_recom_6452,1,2,1,3,1,0,2,2
priority_6453,1,2,1,3,1,1,0,0
spec_prior_6454,1,2,1,3,1,1,0,1
not_recom_6455,1,2,1,3,1,1,0,2
priority_6456,1,2,1,3,1,1,1,0
spec_prior_6457,1,2,1,3,1,1,1,1
not_recom_6458,1,2,1,3,1,1,1,2
spec_prior_6459,1,2,1,3,1,1,2,0
spec_prior_6460,1,2,1,3,1,1,2,1
not_recom_6461,1,2,1,3,1,1,2,2
priority_6462,1,2,1,3,2,0,0,0
spec_prior_6463,1,2,1,3,2,0,0,1
not_recom_6464,1,2,1,3,2,0,0,2
priority_6465,1,2,1,3,2,0,1,0
spec_prior_6466,1,2,1,3,2,0,1,1
not_recom_6467,1,2,1,3,2,0,1,2
spec_prior_6468,1,2,1,3,2,0,2,0
spec_prior_6469,1,2,1,3,2,0,2,1
not_recom_6470,1,2,1,3,2,0,2,2
priority_6471,1,2,1,3,2,1,0,0
spec_prior_6472,1,2,1,3,2,1,0,1
not_recom_6473,1,2,1,3,2,1,0,2
priority_6474,1,2,1,3,2,1,1,0
spec_prior_6475,1,2,1,3,2,1,1,1
not_recom_6476,1,2,1,3,2,1,1,2
spec_prior_6477,1,2,1,3,2,1,2,0
spec_prior_6478,1,2,1,3,2,1,2,1
not_recom_6479,1,2,1,3,2,1,2,2
priority_6480,1,2,2,0,0,0,0,0
priority_6481,1,2,2,0,0,0,0,1
not_recom_6482,1,2,2,0,0,0,0,2
priority_6483,1,2,2,0,0,0,1,0
priority_6484,1,2,2,0,0,0,1,1
not_recom_6485,1,2,2,0,0,0,1,2
priority_6486,1,2,2,0,0,0,2,0
priority_6487,1,2,2,0,0,0,2,1
not_recom_6488,1,2,2,0,0,0,2,2
priority_6489,1,2,2,0,0,1,0,0
priority_6490,1,2,2,0,0,1,0,1
not_recom_6491,1,2,2,0,0,1,0,2
priority_6492,1,2,2,0,0,1,1,0
priority_6493,1,2,2,0,0,1,1,1
not_recom_6494,1,2,2,0,0,1,1,2
priority_6495,1,2,2,0,0,1,2,0
priority_6496,1,2,2,0,0,1,2,1
not_recom_6497,1,2,2,0,0,1,2,2
priority_6498,1,2,2,0,1,0,0,0
priority_6499,1,2,2,0,1,0,0,1
not_recom_6500,1,2,2,0,1,0,0,2
priority_6501,1,2,2,0,1,0,1,0
priority_6502,1,2,2,0,1,0,1,1
not_recom_6503,1,2,2,0,1,0,1,2
priority_6504,1,2,2,0,1,0,2,0
priority_6505,1,2,2,0,1,0,2,1
not_recom_6506,1,2,2,0,1,0,2,2
priority_6507,1,2,2,0,1,1,0,0
priority_6508,1,2,2,0,1,1,0,1
not_recom_6509,1,2,2,0,1,1,0,2
priority_6510,1,2,2,0,1,1,1,0
priority_6511,1,2,2,0,1,1,1,1
not_recom_6512,1,2,2,0,1,1,1,2
priority_6513,1,2,2,0,1,1,2,0
priority_6514,1,2,2,0,1,1,2,1
not_recom_6515,1,2,2,0,1,1,2,2
priority_6516,1,2,2,0,2,0,0,0
spec_prior_6517,1,2,2,0,2,0,0,1
not_recom_6518,1,2,2,0,2,0,0,2
priority_6519,1,2,2,0,2,0,1,0
spec_prior_6520,1,2,2,0,2,0,1,1
not_recom_6521,1,2,2,0,2,0,1,2
spec_prior_6522,1,2,2,0,2,0,2,0
spec_prior_6523,1,2,2,0,2,0,2,1
not_recom_6524,1,2,2,0,2,0,2,2
priority_6525,1,2,2,0,2,1,0,0
spec_prior_6526,1,2,2,0,2,1,0,1
not_recom_6527,1,2,2,0,2,1,0,2
priority_6528,1,2,2,0,2,1,1,0
spec_prior_6529,1,2,2,0,2,1,1,1
not_recom_6530,1,2,2,0,2,1,1,2
spec_prior_6531,1,2,2,0,2,1,2,0
spec_prior_6532,1,2,2,0,2,1,2,1
not_recom_6533,1,2,2,0,2,1,2,2
priority_6534,1,2,2,1,0,0,0,0
priority_6535,1,2,2,1,0,0,0,1
not_recom_6536,1,2,2,1,0,0,0,2
priority_6537,1,2,2,1,0,0,1,0
priority_6538,1,2,2,1,0,0,1,1
not_recom_6539,1,2,2,1,0,0,1,2
priority_6540,1,2,2,1,0,0,2,0
priority_6541,1,2,2,1,0,0,2,1
not_recom_6542,1,2,2,1,0,0,2,2
priority_6543,1,2,2,1,0,1,0,0
spec_prior_6544,1,2,2,1,0,1,0,1
not_recom_6545,1,2,2,1,0,1,0,2
priority_6546,1,2,2,1,0,1,1,0
spec_prior_6547,1,2,2,1,0,1,1,1
not_recom_6548,1,2,2,1,0,1,1,2
spec_prior_6549,1,2,2,1,0,1,2,0
spec_prior_6550,1,2,2,1,0,1,2,1
not_recom_6551,1,2,2,1,0,1,2,2
priority_6552,1,2,2,1,1,0,0,0
spec_prior_6553,1,2,2,1,1,0,0,1
not_recom_6554,1,2,2,1,1,0,0,2
priority_6555,1,2,2,1,1,0,1,0
spec_prior_6556,1,2,2,1,1,0,1,1
not_recom_6557,1,2,2,1,1,0,1,2
spec_prior_6558,1,2,2,1,1,0,2,0
spec_prior_6559,1,2,2,1,1,0,2,1
not_recom_6560,1,2,2,1,1,0,2,2
priority_6561,1,2,2,1,1,1,0,0
spec_prior_6562,1,2,2,1,1,1,0,1
not_recom_6563,1,2,2,1,1,1,0,2
priority_6564,1,2,2,1,1,1,1,0
spec_prior_6565,1,2,2,1,1,1,1,1
not_recom_6566,1,2,2,1,1,1,1,2
spec_prior_6567,1,2,2,1,1,1,2,0
spec_prior_6568,1,2,2,1,1,1,2,1
not_recom_6569,1,2,2,1,1,1,2,2
priority_6570,1,2,2,1,2,0,0,0
spec_prior_6571,1,2,2,1,2,0,0,1
not_recom_6572,1,2,2,1,2,0,0,2
priority_6573,1,2,2,1,2,0,1,0
spec_prior_6574,1,2,2,1,2,0,1,1
not_recom_6575,1,2,2,1,2,0,1,2
spec_prior_6576,1,2,2,1,2,0,2,0
spec_prior_6577,1,2,2,1,2,0,2,1
not_recom_6578,1,2,2,1,2,0,2,2
priority_6579,1,2,2,1,2,1,0,0
spec_prior_6580,1,2,2,1,2,1,0,1
not_recom_6581,1,2,2,1,2,1,0,2
priority_6582,1,2,2,1,2,1,1,0
spec_prior_6583,1,2,2,1,2,1,1,1
not_recom_6584,1,2,2,1,2,1,1,2
spec_prior_6585,1,2,2,1,2,1,2,0
spec_prior_6586,1,2,2,1,2,1,2,1
not_recom_6587,1,2,2,1,2,1,2,2
priority_6588,1,2,2,2,0,0,0,0
priority_6589,1,2,2,2,0,0,0,1
not_recom_6590,1,2,2,2,0,0,0,2
priority_6591,1,2,2,2,0,0,1,0
priority_6592,1,2,2,2,0,0,1,1
not_recom_6593,1,2,2,2,0,0,1,2
priority_6594,1,2,2,2,0,0,2,0
priority_6595,1,2,2,2,0,0,2,1
not_recom_6596,1,2,2,2,0,0,2,2
priority_6597,1,2,2,2,0,1,0,0
spec_prior_6598,1,2,2,2,0,1,0,1
not_recom_6599,1,2,2,2,0,1,0,2
priority_6600,1,2,2,2,0,1,1,0
spec_prior_6601,1,2,2,2,0,1,1,1
not_recom_6602,1,2,2,2,0,1,1,2
spec_prior_6603,1,2,2,2,0,1,2,0
spec_prior_6604,1,2,2,2,0,1,2,1
not_recom_6605,1,2,2,2,0,1,2,2
priority_6606,1,2,2,2,1,0,0,0
spec_prior_6607,1,2,2,2,1,0,0,1
not_recom_6608,1,2,2,2,1,0,0,2
priority_6609,1,2,2,2,1,0,1,0
spec_prior_6610,1,2,2,2,1,0,1,1
not_recom_6611,1,2,2,2,1,0,1,2
spec_prior_6612,1,2,2,2,1,0,2,0
spec_prior_6613,1,2,2,2,1,0,2,1
not_recom_6614,1,2,2,2,1,0,2,2
priority_6615,1,2,2,2,1,1,0,0
spec_prior_6616,1,2,2,2,1,1,0,1
not_recom_6617,1,2,2,2,1,1,0,2
priority_6618,1,2,2,2,1,1,1,0
spec_prior_6619,1,2,2,2,1,1,1,1
not_recom_6620,1,2,2,2,1,1,1,2
spec_prior_6621,1,2,2,2,1,1,2,0
spec_prior_6622,1,2,2,2,1,1,2,1
not_recom_6623,1,2,2,2,1,1,2,2
priority_6624,1,2,2,2,2,0,0,0
spec_prior_6625,1,2,2,2,2,0,0,1
not_recom_6626,1,2,2,2,2,0,0,2
priority_6627,1,2,2,2,2,0,1,0
spec_prior_6628,1,2,2,2,2,0,1,1
not_recom_6629,1,2,2,2,2,0,1,2
spec_prior_6630,1,2,2,2,2,0,2,0
spec_prior_6631,1,2,2,2,2,0,2,1
not_recom_6632,1,2,2,2,2,0,2,2
priority_6633,1,2,2,2,2,1,0,0
spec_prior_6634,1,2,2,2,2,1,0,1
not_recom_6635,1,2,2,2,2,1,0,2
priority_6636,1,2,2,2,2,1,1,0
spec_prior_6637,1,2,2,2,2,1,1,1
not_recom_6638,1,2,2,2,2,1,1,2
spec_prior_6639,1,2,2,2,2,1,2,0
spec_prior_6640,1,2,2,2,2,1,2,1
not_recom_6641,1,2,2,2,2,1,2,2
priority_6642,1,2,2,3,0,0,0,0
priority_6643,1,2,2,3,0,0,0,1
not_recom_6644,1,2,2,3,0,0,0,2
priority_6645,1,2,2,3,0,0,1,0
priority_6646,1,2,2,3,0,0,1,1
not_recom_6647,1,2,2,3,0,0,1,2
priority_6648,1,2,2,3,0,0,2,0
priority_6649,1,2,2,3,0,0,2,1
not_recom_6650,1,2,2,3,0,0,2,2
priority_6651,1,2,2,3,0,1,0,0
spec_prior_6652,1,2,2,3,0,1,0,1
not_recom_6653,1,2,2,3,0,1,0,2
priority_6654,1,2,2,3,0,1,1,0
spec_prior_6655,1,2,2,3,0,1,1,1
not_recom_6656,1,2,2,3,0,1,1,2
spec_prior_6657,1,2,2,3,0,1,2,0
spec_prior_6658,1,2,2,3,0,1,2,1
not_recom_6659,1,2,2,3,0,1,2,2
priority_6660,1,2,2,3,1,0,0,0
spec_prior_6661,1,2,2,3,1,0,0,1
not_recom_6662,1,2,2,3,1,0,0,2
priority_6663,1,2,2,3,1,0,1,0
spec_prior_6664,1,2,2,3,1,0,1,1
not_recom_6665,1,2,2,3,1,0,1,2
spec_prior_6666,1,2,2,3,1,0,2,0
spec_prior_6667,1,2,2,3,1,0,2,1
not_recom_6668,1,2,2,3,1,0,2,2
priority_6669,1,2,2,3,1,1,0,0
spec_prior_6670,1,2,2,3,1,1,0,1
not_recom_6671,1,2,2,3,1,1,0,2
priority_6672,1,2,2,3,1,1,1,0
spec_prior_6673,1,2,2,3,1,1,1,1
not_recom_6674,1,2,2,3,1,1,1,2
spec_prior_6675,1,2,2,3,1,1,2,0
spec_prior_6676,1,2,2,3,1,1,2,1
not_recom_6677,1,2,2,3,1,1,2,2
priority_6678,1,2,2,3,2,0,0,0
spec_prior_6679,1,2,2,3,2,0,0,1
not_recom_6680,1,2,2,3,2,0,0,2
priority_6681,1,2,2,3,2,0,1,0
spec_prior_6682,1,2,2,3,2,0,1,1
not_recom_6683,1,2,2,3,2,0,1,2
spec_prior_6684,1,2,2,3,2,0,2,0
spec_prior_6685,1,2,2,3,2,0,2,1
not_recom_6686,1,2,2,3,2,0,2,2
priority_6687,1,2,2,3,2,1,0,0
spec_prior_6688,1,2,2,3,2,1,0,1
not_recom_6689,1,2,2,3,2,1,0,2
priority_6690,1,2,2,3,2,1,1,0
spec_prior_6691,1,2,2,3,2,1,1,1
not_recom_6692,1,2,2,3,2,1,1,2
spec_prior_6693,1,2,2,3,2,1,2,0
spec_prior_6694,1,2,2,3,2,1,2,1
not_recom_6695,1,2,2,3,2,1,2,2
priority_6696,1,2,3,0,0,0,0,0
priority_6697,1,2,3,0,0,0,0,1
not_recom_6698,1,2,3,0,0,0,0,2
priority_6699,1,2,3,0,0,0,1,0
priority_6700,1,2,3,0,0,0,1,1
not_recom_6701,1,2,3,0,0,0,1,2
priority_6702,1,2,3,0,0,0,2,0
priority_6703,1,2,3,0,0,0,2,1
not_recom_6704,1,2,3,0,0,0,2,2
priority_6705,1,2,3,0,0,1,0,0
spec_prior_6706,1,2,3,0,0,1,0,1
not_recom_6707,1,2,3,0,0,1,0,2
priority_6708,1,2,3,0,0,1,1,0
spec_prior_6709,1,2,3,0,0,1,1,1
not_recom_6710,1,2,3,0,0,1,1,2
spec_prior_6711,1,2,3,0,0,1,2,0
spec_prior_6712,1,2,3,0,0,1,2,1
not_recom_6713,1,2,3,0,0,1,2,2
priority_6714,1,2,3,0,1,0,0,0
spec_prior_6715,1,2,3,0,1,0,0,1
not_recom_6716,1,2,3,0,1,0,0,2
priority_6717,1,2,3,0,1,0,1,0
spec_prior_6718,1,2,3,0,1,0,1,1
not_recom_6719,1,2,3,0,1,0,1,2
spec_prior_6720,1,2,3,0,1,0,2,0
spec_prior_6721,1,2,3,0,1,0,2,1
not_recom_6722,1,2,3,0,1,0,2,2
priority_6723,1,2,3,0,1,1,0,0
spec_prior_6724,1,2,3,0,1,1,0,1
not_recom_6725,1,2,3,0,1,1,0,2
priority_6726,1,2,3,0,1,1,1,0
spec_prior_6727,1,2,3,0,1,1,1,1
not_recom_6728,1,2,3,0,1,1,1,2
spec_prior_6729,1,2,3,0,1,1,2,0
spec_prior_6730,1,2,3,0,1,1,2,1
not_recom_6731,1,2,3,0,1,1,2,2
priority_6732,1,2,3,0,2,0,0,0
spec_prior_6733,1,2,3,0,2,0,0,1
not_recom_6734,1,2,3,0,2,0,0,2
priority_6735,1,2,3,0,2,0,1,0
spec_prior_6736,1,2,3,0,2,0,1,1
not_recom_6737,1,2,3,0,2,0,1,2
spec_prior_6738,1,2,3,0,2,0,2,0
spec_prior_6739,1,2,3,0,2,0,2,1
not_recom_6740,1,2,3,0,2,0,2,2
priority_6741,1,2,3,0,2,1,0,0
spec_prior_6742,1,2,3,0,2,1,0,1
not_recom_6743,1,2,3,0,2,1,0,2
priority_6744,1,2,3,0,2,1,1,0
spec_prior_6745,1,2,3,0,2,1,1,1
not_recom_6746,1,2,3,0,2,1,1,2
spec_prior_6747,1,2,3,0,2,1,2,0
spec_prior_6748,1,2,3,0,2,1,2,1
not_recom_6749,1,2,3,0,2,1,2,2
priority_6750,1,2,3,1,0,0,0,0
priority_6751,1,2,3,1,0,0,0,1
not_recom_6752,1,2,3,1,0,0,0,2
priority_6753,1,2,3,1,0,0,1,0
priority_6754,1,2,3,1,0,0,1,1
not_recom_6755,1,2,3,1,0,0,1,2
priority_6756,1,2,3,1,0,0,2,0
priority_6757,1,2,3,1,0,0,2,1
not_recom_6758,1,2,3,1,0,0,2,2
priority_6759,1,2,3,1,0,1,0,0
spec_prior_6760,1,2,3,1,0,1,0,1
not_recom_6761,1,2,3,1,0,1,0,2
priority_6762,1,2,3,1,0,1,1,0
spec_prior_6763,1,2,3,1,0,1,1,1
not_recom_6764,1,2,3,1,0,1,1,2
spec_prior_6765,1,2,3,1,0,1,2,0
spec_prior_6766,1,2,3,1,0,1,2,1
not_recom_6767,1,2,3,1,0,1,2,2
priority_6768,1,2,3,1,1,0,0,0
spec_prior_6769,1,2,3,1,1,0,0,1
not_recom_6770,1,2,3,1,1,0,0,2
priority_6771,1,2,3,1,1,0,1,0
spec_prior_6772,1,2,3,1,1,0,1,1
not_recom_6773,1,2,3,1,1,0,1,2
spec_prior_6774,1,2,3,1,1,0,2,0
spec_prior_6775,1,2,3,1,1,0,2,1
not_recom_6776,1,2,3,1,1,0,2,2
priority_6777,1,2,3,1,1,1,0,0
spec_prior_6778,1,2,3,1,1,1,0,1
not_recom_6779,1,2,3,1,1,1,0,2
priority_6780,1,2,3,1,1,1,1,0
spec_prior_6781,1,2,3,1,1,1,1,1
not_recom_6782,1,2,3,1,1,1,1,2
spec_prior_6783,1,2,3,1,1,1,2,0
spec_prior_6784,1,2,3,1,1,1,2,1
not_recom_6785,1,2,3,1,1,1,2,2
priority_6786,1,2,3,1,2,0,0,0
spec_prior_6787,1,2,3,1,2,0,0,1
not_recom_6788,1,2,3,1,2,0,0,2
priority_6789,1,2,3,1,2,0,1,0
spec_prior_6790,1,2,3,1,2,0,1,1
not_recom_6791,1,2,3,1,2,0,1,2
spec_prior_6792,1,2,3,1,2,0,2,0
spec_prior_6793,1,2,3,1,2,0,2,1
not_recom_6794,1,2,3,1,2,0,2,2
priority_6795,1,2,3,1,2,1,0,0
spec_prior_6796,1,2,3,1,2,1,0,1
not_recom_6797,1,2,3,1,2,1,0,2
priority_6798,1,2,3,1,2,1,1,0
spec_prior_6799,1,2,3,1,2,1,1,1
not_recom_6800,1,2,3,1,2,1,1,2
spec_prior_6801,1,2,3,1,2,1,2,0
spec_prior_6802,1,2,3,1,2,1,2,1
not_recom_6803,1,2,3,1,2,1,2,2
priority_6804,1,2,3,2,0,0,0,0
priority_6805,1,2,3,2,0,0,0,1
not_recom_6806,1,2,3,2,0,0,0,2
priority_6807,1,2,3,2,0,0,1,0
priority_6808,1,2,3,2,0,0,1,1
not_recom_6809,1,2,3,2,0,0,1,2
priority_6810,1,2,3,2,0,0,2,0
priority_6811,1,2,3,2,0,0,2,1
not_recom_6812,1,2,3,2,0,0,2,2
priority_6813,1,2,3,2,0,1,0,0
spec_prior_6814,1,2,3,2,0,1,0,1
not_recom_6815,1,2,3,2,0,1,0,2
priority_6816,1,2,3,2,0,1,1,0
spec_prior_6817,1,2,3,2,0,1,1,1
not_recom_6818,1,2,3,2,0,1,1,2
spec_prior_6819,1,2,3,2,0,1,2,0
spec_prior_6820,1,2,3,2,0,1,2,1
not_recom_6821,1,2,3,2,0,1,2,2
priority_6822,1,2,3,2,1,0,0,0
spec_prior_6823,1,2,3,2,1,0,0,1
not_recom_6824,1,2,3,2,1,0,0,2
priority_6825,1,2,3,2,1,0,1,0
spec_prior_6826,1,2,3,2,1,0,1,1
not_recom_6827,1,2,3,2,1,0,1,2
spec_prior_6828,1,2,3,2,1,0,2,0
spec_prior_6829,1,2,3,2,1,0,2,1
not_recom_6830,1,2,3,2,1,0,2,2
priority_6831,1,2,3,2,1,1,0,0
spec_prior_6832,1,2,3,2,1,1,0,1
not_recom_6833,1,2,3,2,1,1,0,2
priority_6834,1,2,3,2,1,1,1,0
spec_prior_6835,1,2,3,2,1,1,1,1
not_recom_6836,1,2,3,2,1,1,1,2
spec_prior_6837,1,2,3,2,1,1,2,0
spec_prior_6838,1,2,3,2,1,1,2,1
not_recom_6839,1,2,3,2,1,1,2,2
priority_6840,1,2,3,2,2,0,0,0
spec_prior_6841,1,2,3,2,2,0,0,1
not_recom_6842,1,2,3,2,2,0,0,2
priority_6843,1,2,3,2,2,0,1,0
spec_prior_6844,1,2,3,2,2,0,1,1
not_recom_6845,1,2,3,2,2,0,1,2
spec_prior_6846,1,2,3,2,2,0,2,0
spec_prior_6847,1,2,3,2,2,0,2,1
not_recom_6848,1,2,3,2,2,0,2,2
priority_6849,1,2,3,2,2,1,0,0
spec_prior_6850,1,2,3,2,2,1,0,1
not_recom_6851,1,2,3,2,2,1,0,2
priority_6852,1,2,3,2,2,1,1,0
spec_prior_6853,1,2,3,2,2,1,1,1
not_recom_6854,1,2,3,2,2,1,1,2
spec_prior_6855,1,2,3,2,2,1,2,0
spec_prior_6856,1,2,3,2,2,1,2,1
not_recom_6857,1,2,3,2,2,1,2,2
priority_6858,1,2,3,3,0,0,0,0
priority_6859,1,2,3,3,0,0,0,1
not_recom_6860,1,2,3,3,0,0,0,2
priority_6861,1,2,3,3,0,0,1,0
priority_6862,1,2,3,3,0,0,1,1
not_recom_6863,1,2,3,3,0,0,1,2
priority_6864,1,2,3,3,0,0,2,0
priority_6865,1,2,3,3,0,0,2,1
not_recom_6866,1,2,3,3,0,0,2,2
priority_6867,1,2,3,3,0,1,0,0
spec_prior_6868,1,2,3,3,0,1,0,1
not_recom_6869,1,2,3,3,0,1,0,2
priority_6870,1,2,3,3,0,1,1,0
spec_prior_6871,1,2,3,3,0,1,1,1
not_recom_6872,1,2,3,3,0,1,1,2
spec_prior_6873,1,2,3,3,0,1,2,0
spec_prior_6874,1,2,3,3,0,1,2,1
not_recom_6875,1,2,3,3,0,1,2,2
priority_6876,1,2,3,3,1,0,0,0
spec_prior_6877,1,2,3,3,1,0,0,1
not_recom_6878,1,2,3,3,1,0,0,2
priority_6879,1,2,3,3,1,0,1,0
spec_prior_6880,1,2,3,3,1,0,1,1
not_recom_6881,1,2,3,3,1,0,1,2
spec_prior_6882,1,2,3,3,1,0,2,0
spec_prior_6883,1,2,3,3,1,0,2,1
not_recom_6884,1,2,3,3,1,0,2,2
priority_6885,1,2,3,3,1,1,0,0
spec_prior_6886,1,2,3,3,1,1,0,1
not_recom_6887,1,2,3,3,1,1,0,2
priority_6888,1,2,3,3,1,1,1,0
spec_prior_6889,1,2,3,3,1,1,1,1
not_recom_6890,1,2,3,3,1,1,1,2
spec_prior_6891,1,2,3,3,1,1,2,0
spec_prior_6892,1,2,3,3,1,1,2,1
not_recom_6893,1,2,3,3,1,1,2,2
priority_6894,1,2,3,3,2,0,0,0
spec_prior_6895,1,2,3,3,2,0,0,1
not_recom_6896,1,2,3,3,2,0,0,2
priority_6897,1,2,3,3,2,0,1,0
spec_prior_6898,1,2,3,3,2,0,1,1
not_recom_6899,1,2,3,3,2,0,1,2
spec_prior_6900,1,2,3,3,2,0,2,0
spec_prior_6901,1,2,3,3,2,0,2,1
not_recom_6902,1,2,3,3,2,0,2,2
priority_6903,1,2,3,3,2,1,0,0
spec_prior_6904,1,2,3,3,2,1,0,1
not_recom_6905,1,2,3,3,2,1,0,2
priority_6906,1,2,3,3,2,1,1,0
spec_prior_6907,1,2,3,3,2,1,1,1
not_recom_6908,1,2,3,3,2,1,1,2
spec_prior_6909,1,2,3,3,2,1,2,0
spec_prior_6910,1,2,3,3,2,1,2,1
not_recom_6911,1,2,3,3,2,1,2,2
priority_6912,1,3,0,0,0,0,0,0
priority_6913,1,3,0,0,0,0,0,1
not_recom_6914,1,3,0,0,0,0,0,2
priority_6915,1,3,0,0,0,0,1,0
priority_6916,1,3,0,0,0,0,1,1
not_recom_6917,1,3,0,0,0,0,1,2
priority_6918,1,3,0,0,0,0,2,0
priority_6919,1,3,0,0,0,0,2,1
not_recom_6920,1,3,0,0,0,0,2,2
priority_6921,1,3,0,0,0,1,0,0
spec_prior_6922,1,3,0,0,0,1,0,1
not_recom_6923,1,3,0,0,0,1,0,2
priority_6924,1,3,0,0,0,1,1,0
spec_prior_6925,1,3,0,0,0,1,1,1
not_recom_6926,1,3,0,0,0,1,1,2
spec_prior_6927,1,3,0,0,0,1,2,0
spec_prior_6928,1,3,0,0,0,1,2,1
not_recom_6929,1,3,0,0,0,1,2,2
priority_6930,1,3,0,0,1,0,0,0
spec_prior_6931,1,3,0,0,1,0,0,1
not_recom_6932,1,3,0,0,1,0,0,2
priority_6933,1,3,0,0,1,0,1,0
spec_prior_6934,1,3,0,0,1,0,1,1
not_recom_6935,1,3,0,0,1,0,1,2
spec_prior_6936,1,3,0,0,1,0,2,0
spec_prior_6937,1,3,0,0,1,0,2,1
not_recom_6938,1,3,0,0,1,0,2,2
priority_6939,1,3,0,0,1,1,0,0
spec_prior_6940,1,3,0,0,1,1,0,1
not_recom_6941,1,3,0,0,1,1,0,2
priority_6942,1,3,0,0,1,1,1,0
spec_prior_6943,1,3,0,0,1,1,1,1
not_recom_6944,1,3,0,0,1,1,1,2
spec_prior_6945,1,3,0,0,1,1,2,0
spec_prior_6946,1,3,0,0,1,1,2,1
not_recom_6947,1,3,0,0,1,1,2,2
priority_6948,1,3,0,0,2,0,0,0
spec_prior_6949,1,3,0,0,2,0,0,1
not_recom_6950,1,3,0,0,2,0,0,2
priority_6951,1,3,0,0,2,0,1,0
spec_prior_6952,1,3,0,0,2,0,1,1
not_recom_6953,1,3,0,0,2,0,1,2
spec_prior_6954,1,3,0,0,2,0,2,0
spec_prior_6955,1,3,0,0,2,0,2,1
not_recom_6956,1,3,0,0,2,0,2,2
priority_6957,1,3,0,0,2,1,0,0
spec_prior_6958,1,3,0,0,2,1,0,1
not_recom_6959,1,3,0,0,2,1,0,2
priority_6960,1,3,0,0,2,1,1,0
spec_prior_6961,1,3,0,0,2,1,1,1
not_recom_6962,1,3,0,0,2,1,1,2
spec_prior_6963,1,3,0,0,2,1,2,0
spec_prior_6964,1,3,0,0,2,1,2,1
not_recom_6965,1,3,0,0,2,1,2,2
priority_6966,1,3,0,1,0,0,0,0
spec_prior_6967,1,3,0,1,0,0,0,1
not_recom_6968,1,3,0,1,0,0,0,2
priority_6969,1,3,0,1,0,0,1,0
spec_prior_6970,1,3,0,1,0,0,1,1
not_recom_6971,1,3,0,1,0,0,1,2
spec_prior_6972,1,3,0,1,0,0,2,0
spec_prior_6973,1,3,0,1,0,0,2,1
not_recom_6974,1,3,0,1,0,0,2,2
priority_6975,1,3,0,1,0,1,0,0
spec_prior_6976,1,3,0,1,0,1,0,1
not_recom_6977,1,3,0,1,0,1,0,2
priority_6978,1,3,0,1,0,1,1,0
spec_prior_6979,1,3,0,1,0,1,1,1
not_recom_6980,1,3,0,1,0,1,1,2
spec_prior_6981,1,3,0,1,0,1,2,0
spec_prior_6982,1,3,0,1,0,1,2,1
not_recom_6983,1,3,0,1,0,1,2,2
priority_6984,1,3,0,1,1,0,0,0
spec_prior_6985,1,3,0,1,1,0,0,1
not_recom_6986,1,3,0,1,1,0,0,2
priority_6987,1,3,0,1,1,0,1,0
spec_prior_6988,1,3,0,1,1,0,1,1
not_recom_6989,1,3,0,1,1,0,1,2
spec_prior_6990,1,3,0,1,1,0,2,0
spec_prior_6991,1,3,0,1,1,0,2,1
not_recom_6992,1,3,0,1,1,0,2,2
priority_6993,1,3,0,1,1,1,0,0
spec_prior_6994,1,3,0,1,1,1,0,1
not_recom_6995,1,3,0,1,1,1,0,2
priority_6996,1,3,0,1,1,1,1,0
spec_prior_6997,1,3,0,1,1,1,1,1
not_recom_6998,1,3,0,1,1,1,1,2
spec_prior_6999,1,3,0,1,1,1,2,0
spec_prior_7000,1,3,0,1,1,1,2,1
not_recom_7001,1,3,0,1,1,1,2,2
spec_prior_7002,1,3,0,1,2,0,0,0
spec_prior_7003,1,3,0,1,2,0,0,1
not_recom_7004,1,3,0,1,2,0,0,2
spec_prior_7005,1,3,0,1,2,0,1,0
spec_prior_7006,1,3,0,1,2,0,1,1
not_recom_7007,1,3,0,1,2,0,1,2
spec_prior_7008,1,3,0,1,2,0,2,0
spec_prior_7009,1,3,0,1,2,0,2,1
not_recom_7010,1,3,0,1,2,0,2,2
spec_prior_7011,1,3,0,1,2,1,0,0
spec_prior_7012,1,3,0,1,2,1,0,1
not_recom_7013,1,3,0,1,2,1,0,2
spec_prior_7014,1,3,0,1,2,1,1,0
spec_prior_7015,1,3,0,1,2,1,1,1
not_recom_7016,1,3,0,1,2,1,1,2
spec_prior_7017,1,3,0,1,2,1,2,0
spec_prior_7018,1,3,0,1,2,1,2,1
not_recom_7019,1,3,0,1,2,1,2,2
priority_7020,1,3,0,2,0,0,0,0
spec_prior_7021,1,3,0,2,0,0,0,1
not_recom_7022,1,3,0,2,0,0,0,2
priority_7023,1,3,0,2,0,0,1,0
spec_prior_7024,1,3,0,2,0,0,1,1
not_recom_7025,1,3,0,2,0,0,1,2
spec_prior_7026,1,3,0,2,0,0,2,0
spec_prior_7027,1,3,0,2,0,0,2,1
not_recom_7028,1,3,0,2,0,0,2,2
spec_prior_7029,1,3,0,2,0,1,0,0
spec_prior_7030,1,3,0,2,0,1,0,1
not_recom_7031,1,3,0,2,0,1,0,2
spec_prior_7032,1,3,0,2,0,1,1,0
spec_prior_7033,1,3,0,2,0,1,1,1
not_recom_7034,1,3,0,2,0,1,1,2
spec_prior_7035,1,3,0,2,0,1,2,0
spec_prior_7036,1,3,0,2,0,1,2,1
not_recom_7037,1,3,0,2,0,1,2,2
spec_prior_7038,1,3,0,2,1,0,0,0
spec_prior_7039,1,3,0,2,1,0,0,1
not_recom_7040,1,3,0,2,1,0,0,2
spec_prior_7041,1,3,0,2,1,0,1,0
spec_prior_7042,1,3,0,2,1,0,1,1
not_recom_7043,1,3,0,2,1,0,1,2
spec_prior_7044,1,3,0,2,1,0,2,0
spec_prior_7045,1,3,0,2,1,0,2,1
not_recom_7046,1,3,0,2,1,0,2,2
spec_prior_7047,1,3,0,2,1,1,0,0
spec_prior_7048,1,3,0,2,1,1,0,1
not_recom_7049,1,3,0,2,1,1,0,2
spec_prior_7050,1,3,0,2,1,1,1,0
spec_prior_7051,1,3,0,2,1,1,1,1
not_recom_7052,1,3,0,2,1,1,1,2
spec_prior_7053,1,3,0,2,1,1,2,0
spec_prior_7054,1,3,0,2,1,1,2,1
not_recom_7055,1,3,0,2,1,1,2,2
spec_prior_7056,1,3,0,2,2,0,0,0
spec_prior_7057,1,3,0,2,2,0,0,1
not_recom_7058,1,3,0,2,2,0,0,2
spec_prior_7059,1,3,0,2,2,0,1,0
spec_prior_7060,1,3,0,2,2,0,1,1
not_recom_7061,1,3,0,2,2,0,1,2
spec_prior_7062,1,3,0,2,2,0,2,0
spec_prior_7063,1,3,0,2,2,0,2,1
not_recom_7064,1,3,0,2,2,0,2,2
spec_prior_7065,1,3,0,2,2,1,0,0
spec_prior_7066,1,3,0,2,2,1,0,1
not_recom_7067,1,3,0,2,2,1,0,2
spec_prior_7068,1,3,0,2,2,1,1,0
spec_prior_7069,1,3,0,2,2,1,1,1
not_recom_7070,1,3,0,2,2,1,1,2
spec_prior_7071,1,3,0,2,2,1,2,0
spec_prior_7072,1,3,0,2,2,1,2,1
not_recom_7073,1,3,0,2,2,1,2,2
priority_7074,1,3,0,3,0,0,0,0
spec_prior_7075,1,3,0,3,0,0,0,1
not_recom_7076,1,3,0,3,0,0,0,2
priority_7077,1,3,0,3,0,0,1,0
spec_prior_7078,1,3,0,3,0,0,1,1
not_recom_7079,1,3,0,3,0,0,1,2
spec_prior_7080,1,3,0,3,0,0,2,0
spec_prior_7081,1,3,0,3,0,0,2,1
not_recom_7082,1,3,0,3,0,0,2,2
spec_prior_7083,1,3,0,3,0,1,0,0
spec_prior_7084,1,3,0,3,0,1,0,1
not_recom_7085,1,3,0,3,0,1,0,2
spec_prior_7086,1,3,0,3,0,1,1,0
spec_prior_7087,1,3,0,3,0,1,1,1
not_recom_7088,1,3,0,3,0,1,1,2
spec_prior_7089,1,3,0,3,0,1,2,0
spec_prior_7090,1,3,0,3,0,1,2,1
not_recom_7091,1,3,0,3,0,1,2,2
spec_prior_7092,1,3,0,3,1,0,0,0
spec_prior_7093,1,3,0,3,1,0,0,1
not_recom_7094,1,3,0,3,1,0,0,2
spec_prior_7095,1,3,0,3,1,0,1,0
spec_prior_7096,1,3,0,3,1,0,1,1
not_recom_7097,1,3,0,3,1,0,1,2
spec_prior_7098,1,3,0,3,1,0,2,0
spec_prior_7099,1,3,0,3,1,0,2,1
not_recom_7100,1,3,0,3,1,0,2,2
spec_prior_7101,1,3,0,3,1,1,0,0
spec_prior_7102,1,3,0,3,1,1,0,1
not_recom_7103,1,3,0,3,1,1,0,2
spec_prior_7104,1,3,0,3,1,1,1,0
spec_prior_7105,1,3,0,3,1,1,1,1
not_recom_7106,1,3,0,3,1,1,1,2
spec_prior_7107,1,3,0,3,1,1,2,0
spec_prior_7108,1,3,0,3,1,1,2,1
not_recom_7109,1,3,0,3,1,1,2,2
spec_prior_7110,1,3,0,3,2,0,0,0
spec_prior_7111,1,3,0,3,2,0,0,1
not_recom_7112,1,3,0,3,2,0,0,2
spec_prior_7113,1,3,0,3,2,0,1,0
spec_prior_7114,1,3,0,3,2,0,1,1
not_recom_7115,1,3,0,3,2,0,1,2
spec_prior_7116,1,3,0,3,2,0,2,0
spec_prior_7117,1,3,0,3,2,0,2,1
not_recom_7118,1,3,0,3,2,0,2,2
spec_prior_7119,1,3,0,3,2,1,0,0
spec_prior_7120,1,3,0,3,2,1,0,1
not_recom_7121,1,3,0,3,2,1,0,2
spec_prior_7122,1,3,0,3,2,1,1,0
spec_prior_7123,1,3,0,3,2,1,1,1
not_recom_7124,1,3,0,3,2,1,1,2
spec_prior_7125,1,3,0,3,2,1,2,0
spec_prior_7126,1,3,0,3,2,1,2,1
not_recom_7127,1,3,0,3,2,1,2,2
priority_7128,1,3,1,0,0,0,0,0
spec_prior_7129,1,3,1,0,0,0,0,1
not_recom_7130,1,3,1,0,0,0,0,2
priority_7131,1,3,1,0,0,0,1,0
spec_prior_7132,1,3,1,0,0,0,1,1
not_recom_7133,1,3,1,0,0,0,1,2
spec_prior_7134,1,3,1,0,0,0,2,0
spec_prior_7135,1,3,1,0,0,0,2,1
not_recom_7136,1,3,1,0,0,0,2,2
priority_7137,1,3,1,0,0,1,0,0
spec_prior_7138,1,3,1,0,0,1,0,1
not_recom_7139,1,3,1,0,0,1,0,2
priority_7140,1,3,1,0,0,1,1,0
spec_prior_7141,1,3,1,0,0,1,1,1
not_recom_7142,1,3,1,0,0,1,1,2
spec_prior_7143,1,3,1,0,0,1,2,0
spec_prior_7144,1,3,1,0,0,1,2,1
not_recom_7145,1,3,1,0,0,1,2,2
priority_7146,1,3,1,0,1,0,0,0
spec_prior_7147,1,3,1,0,1,0,0,1
not_recom_7148,1,3,1,0,1,0,0,2
priority_7149,1,3,1,0,1,0,1,0
spec_prior_7150,1,3,1,0,1,0,1,1
not_recom_7151,1,3,1,0,1,0,1,2
spec_prior_7152,1,3,1,0,1,0,2,0
spec_prior_7153,1,3,1,0,1,0,2,1
not_recom_7154,1,3,1,0,1,0,2,2
priority_7155,1,3,1,0,1,1,0,0
spec_prior_7156,1,3,1,0,1,1,0,1
not_recom_7157,1,3,1,0,1,1,0,2
priority_7158,1,3,1,0,1,1,1,0
spec_prior_7159,1,3,1,0,1,1,1,1
not_recom_7160,1,3,1,0,1,1,1,2
spec_prior_7161,1,3,1,0,1,1,2,0
spec_prior_7162,1,3,1,0,1,1,2,1
not_recom_7163,1,3,1,0,1,1,2,2
spec_prior_7164,1,3,1,0,2,0,0,0
spec_prior_7165,1,3,1,0,2,0,0,1
not_recom_7166,1,3,1,0,2,0,0,2
spec_prior_7167,1,3,1,0,2,0,1,0
spec_prior_7168,1,3,1,0,2,0,1,1
not_recom_7169,1,3,1,0,2,0,1,2
spec_prior_7170,1,3,1,0,2,0,2,0
spec_prior_7171,1,3,1,0,2,0,2,1
not_recom_7172,1,3,1,0,2,0,2,2
spec_prior_7173,1,3,1,0,2,1,0,0
spec_prior_7174,1,3,1,0,2,1,0,1
not_recom_7175,1,3,1,0,2,1,0,2
spec_prior_7176,1,3,1,0,2,1,1,0
spec_prior_7177,1,3,1,0,2,1,1,1
not_recom_7178,1,3,1,0,2,1,1,2
spec_prior_7179,1,3,1,0,2,1,2,0
spec_prior_7180,1,3,1,0,2,1,2,1
not_recom_7181,1,3,1,0,2,1,2,2
priority_7182,1,3,1,1,0,0,0,0
spec_prior_7183,1,3,1,1,0,0,0,1
not_recom_7184,1,3,1,1,0,0,0,2
priority_7185,1,3,1,1,0,0,1,0
spec_prior_7186,1,3,1,1,0,0,1,1
not_recom_7187,1,3,1,1,0,0,1,2
spec_prior_7188,1,3,1,1,0,0,2,0
spec_prior_7189,1,3,1,1,0,0,2,1
not_recom_7190,1,3,1,1,0,0,2,2
priority_7191,1,3,1,1,0,1,0,0
spec_prior_7192,1,3,1,1,0,1,0,1
not_recom_7193,1,3,1,1,0,1,0,2
priority_7194,1,3,1,1,0,1,1,0
spec_prior_7195,1,3,1,1,0,1,1,1
not_recom_7196,1,3,1,1,0,1,1,2
spec_prior_7197,1,3,1,1,0,1,2,0
spec_prior_7198,1,3,1,1,0,1,2,1
not_recom_7199,1,3,1,1,0,1,2,2
priority_7200,1,3,1,1,1,0,0,0
spec_prior_7201,1,3,1,1,1,0,0,1
not_recom_7202,1,3,1,1,1,0,0,2
priority_7203,1,3,1,1,1,0,1,0
spec_prior_7204,1,3,1,1,1,0,1,1
not_recom_7205,1,3,1,1,1,0,1,2
spec_prior_7206,1,3,1,1,1,0,2,0
spec_prior_7207,1,3,1,1,1,0,2,1
not_recom_7208,1,3,1,1,1,0,2,2
priority_7209,1,3,1,1,1,1,0,0
spec_prior_7210,1,3,1,1,1,1,0,1
not_recom_7211,1,3,1,1,1,1,0,2
priority_7212,1,3,1,1,1,1,1,0
spec_prior_7213,1,3,1,1,1,1,1,1
not_recom_7214,1,3,1,1,1,1,1,2
spec_prior_7215,1,3,1,1,1,1,2,0
spec_prior_7216,1,3,1,1,1,1,2,1
not_recom_7217,1,3,1,1,1,1,2,2
spec_prior_7218,1,3,1,1,2,0,0,0
spec_prior_7219,1,3,1,1,2,0,0,1
not_recom_7220,1,3,1,1,2,0,0,2
spec_prior_7221,1,3,1,1,2,0,1,0
spec_prior_7222,1,3,1,1,2,0,1,1
not_recom_7223,1,3,1,1,2,0,1,2
spec_prior_7224,1,3,1,1,2,0,2,0
spec_prior_7225,1,3,1,1,2,0,2,1
not_recom_7226,1,3,1,1,2,0,2,2
spec_prior_7227,1,3,1,1,2,1,0,0
spec_prior_7228,1,3,1,1,2,1,0,1
not_recom_7229,1,3,1,1,2,1,0,2
spec_prior_7230,1,3,1,1,2,1,1,0
spec_prior_7231,1,3,1,1,2,1,1,1
not_recom_7232,1,3,1,1,2,1,1,2
spec_prior_7233,1,3,1,1,2,1,2,0
spec_prior_7234,1,3,1,1,2,1,2,1
not_recom_7235,1,3,1,1,2,1,2,2
priority_7236,1,3,1,2,0,0,0,0
spec_prior_7237,1,3,1,2,0,0,0,1
not_recom_7238,1,3,1,2,0,0,0,2
priority_7239,1,3,1,2,0,0,1,0
spec_prior_7240,1,3,1,2,0,0,1,1
not_recom_7241,1,3,1,2,0,0,1,2
spec_prior_7242,1,3,1,2,0,0,2,0
spec_prior_7243,1,3,1,2,0,0,2,1
not_recom_7244,1,3,1,2,0,0,2,2
spec_prior_7245,1,3,1,2,0,1,0,0
spec_prior_7246,1,3,1,2,0,1,0,1
not_recom_7247,1,3,1,2,0,1,0,2
spec_prior_7248,1,3,1,2,0,1,1,0
spec_prior_7249,1,3,1,2,0,1,1,1
not_recom_7250,1,3,1,2,0,1,1,2
spec_prior_7251,1,3,1,2,0,1,2,0
spec_prior_7252,1,3,1,2,0,1,2,1
not_recom_7253,1,3,1,2,0,1,2,2
spec_prior_7254,1,3,1,2,1,0,0,0
spec_prior_7255,1,3,1,2,1,0,0,1
not_recom_7256,1,3,1,2,1,0,0,2
spec_prior_7257,1,3,1,2,1,0,1,0
spec_prior_7258,1,3,1,2,1,0,1,1
not_recom_7259,1,3,1,2,1,0,1,2
spec_prior_7260,1,3,1,2,1,0,2,0
spec_prior_7261,1,3,1,2,1,0,2,1
not_recom_7262,1,3,1,2,1,0,2,2
spec_prior_7263,1,3,1,2,1,1,0,0
spec_prior_7264,1,3,1,2,1,1,0,1
not_recom_7265,1,3,1,2,1,1,0,2
spec_prior_7266,1,3,1,2,1,1,1,0
spec_prior_7267,1,3,1,2,1,1,1,1
not_recom_7268,1,3,1,2,1,1,1,2
spec_prior_7269,1,3,1,2,1,1,2,0
spec_prior_7270,1,3,1,2,1,1,2,1
not_recom_7271,1,3,1,2,1,1,2,2
spec_prior_7272,1,3,1,2,2,0,0,0
spec_prior_7273,1,3,1,2,2,0,0,1
not_recom_7274,1,3,1,2,2,0,0,2
spec_prior_7275,1,3,1,2,2,0,1,0
spec_prior_7276,1,3,1,2,2,0,1,1
not_recom_7277,1,3,1,2,2,0,1,2
spec_prior_7278,1,3,1,2,2,0,2,0
spec_prior_7279,1,3,1,2,2,0,2,1
not_recom_7280,1,3,1,2,2,0,2,2
spec_prior_7281,1,3,1,2,2,1,0,0
spec_prior_7282,1,3,1,2,2,1,0,1
not_recom_7283,1,3,1,2,2,1,0,2
spec_prior_7284,1,3,1,2,2,1,1,0
spec_prior_7285,1,3,1,2,2,1,1,1
not_recom_7286,1,3,1,2,2,1,1,2
spec_prior_7287,1,3,1,2,2,1,2,0
spec_prior_7288,1,3,1,2,2,1,2,1
not_recom_7289,1,3,1,2,2,1,2,2
priority_7290,1,3,1,3,0,0,0,0
spec_prior_7291,1,3,1,3,0,0,0,1
not_recom_7292,1,3,1,3,0,0,0,2
priority_7293,1,3,1,3,0,0,1,0
spec_prior_7294,1,3,1,3,0,0,1,1
not_recom_7295,1,3,1,3,0,0,1,2
spec_prior_7296,1,3,1,3,0,0,2,0
spec_prior_7297,1,3,1,3,0,0,2,1
not_recom_7298,1,3,1,3,0,0,2,2
spec_prior_7299,1,3,1,3,0,1,0,0
spec_prior_7300,1,3,1,3,0,1,0,1
not_recom_7301,1,3,1,3,0,1,0,2
spec_prior_7302,1,3,1,3,0,1,1,0
spec_prior_7303,1,3,1,3,0,1,1,1
not_recom_7304,1,3,1,3,0,1,1,2
spec_prior_7305,1,3,1,3,0,1,2,0
spec_prior_7306,1,3,1,3,0,1,2,1
not_recom_7307,1,3,1,3,0,1,2,2
spec_prior_7308,1,3,1,3,1,0,0,0
spec_prior_7309,1,3,1,3,1,0,0,1
not_recom_7310,1,3,1,3,1,0,0,2
spec_prior_7311,1,3,1,3,1,0,1,0
spec_prior_7312,1,3,1,3,1,0,1,1
not_recom_7313,1,3,1,3,1,0,1,2
spec_prior_7314,1,3,1,3,1,0,2,0
spec_prior_7315,1,3,1,3,1,0,2,1
not_recom_7316,1,3,1,3,1,0,2,2
spec_prior_7317,1,3,1,3,1,1,0,0
spec_prior_7318,1,3,1,3,1,1,0,1
not_recom_7319,1,3,1,3,1,1,0,2
spec_prior_7320,1,3,1,3,1,1,1,0
spec_prior_7321,1,3,1,3,1,1,1,1
not_recom_7322,1,3,1,3,1,1,1,2
spec_prior_7323,1,3,1,3,1,1,2,0
spec_prior_7324,1,3,1,3,1,1,2,1
not_recom_7325,1,3,1,3,1,1,2,2
spec_prior_7326,1,3,1,3,2,0,0,0
spec_prior_7327,1,3,1,3,2,0,0,1
not_recom_7328,1,3,1,3,2,0,0,2
spec_prior_7329,1,3,1,3,2,0,1,0
spec_prior_7330,1,3,1,3,2,0,1,1
not_recom_7331,1,3,1,3,2,0,1,2
spec_prior_7332,1,3,1,3,2,0,2,0
spec_prior_7333,1,3,1,3,2,0,2,1
not_recom_7334,1,3,1,3,2,0,2,2
spec_prior_7335,1,3,1,3,2,1,0,0
spec_prior_7336,1,3,1,3,2,1,0,1
not_recom_7337,1,3,1,3,2,1,0,2
spec_prior_7338,1,3,1,3,2,1,1,0
spec_prior_7339,1,3,1,3,2,1,1,1
not_recom_7340,1,3,1,3,2,1,1,2
spec_prior_7341,1,3,1,3,2,1,2,0
spec_prior_7342,1,3,1,3,2,1,2,1
not_recom_7343,1,3,1,3,2,1,2,2
priority_7344,1,3,2,0,0,0,0,0
spec_prior_7345,1,3,2,0,0,0,0,1
not_recom_7346,1,3,2,0,0,0,0,2
priority_7347,1,3,2,0,0,0,1,0
spec_prior_7348,1,3,2,0,0,0,1,1
not_recom_7349,1,3,2,0,0,0,1,2
spec_prior_7350,1,3,2,0,0,0,2,0
spec_prior_7351,1,3,2,0,0,0,2,1
not_recom_7352,1,3,2,0,0,0,2,2
priority_7353,1,3,2,0,0,1,0,0
spec_prior_7354,1,3,2,0,0,1,0,1
not_recom_7355,1,3,2,0,0,1,0,2
priority_7356,1,3,2,0,0,1,1,0
spec_prior_7357,1,3,2,0,0,1,1,1
not_recom_7358,1,3,2,0,0,1,1,2
spec_prior_7359,1,3,2,0,0,1,2,0
spec_prior_7360,1,3,2,0,0,1,2,1
not_recom_7361,1,3,2,0,0,1,2,2
priority_7362,1,3,2,0,1,0,0,0
spec_prior_7363,1,3,2,0,1,0,0,1
not_recom_7364,1,3,2,0,1,0,0,2
priority_7365,1,3,2,0,1,0,1,0
spec_prior_7366,1,3,2,0,1,0,1,1
not_recom_7367,1,3,2,0,1,0,1,2
spec_prior_7368,1,3,2,0,1,0,2,0
spec_prior_7369,1,3,2,0,1,0,2,1
not_recom_7370,1,3,2,0,1,0,2,2
priority_7371,1,3,2,0,1,1,0,0
spec_prior_7372,1,3,2,0,1,1,0,1
not_recom_7373,1,3,2,0,1,1,0,2
priority_7374,1,3,2,0,1,1,1,0
spec_prior_7375,1,3,2,0,1,1,1,1
not_recom_7376,1,3,2,0,1,1,1,2
spec_prior_7377,1,3,2,0,1,1,2,0
spec_prior_7378,1,3,2,0,1,1,2,1
not_recom_7379,1,3,2,0,1,1,2,2
spec_prior_7380,1,3,2,0,2,0,0,0
spec_prior_7381,1,3,2,0,2,0,0,1
not_recom_7382,1,3,2,0,2,0,0,2
spec_prior_7383,1,3,2,0,2,0,1,0
spec_prior_7384,1,3,2,0,2,0,1,1
not_recom_7385,1,3,2,0,2,0,1,2
spec_prior_7386,1,3,2,0,2,0,2,0
spec_prior_7387,1,3,2,0,2,0,2,1
not_recom_7388,1,3,2,0,2,0,2,2
spec_prior_7389,1,3,2,0,2,1,0,0
spec_prior_7390,1,3,2,0,2,1,0,1
not_recom_7391,1,3,2,0,2,1,0,2
spec_prior_7392,1,3,2,0,2,1,1,0
spec_prior_7393,1,3,2,0,2,1,1,1
not_recom_7394,1,3,2,0,2,1,1,2
spec_prior_7395,1,3,2,0,2,1,2,0
spec_prior_7396,1,3,2,0,2,1,2,1
not_recom_7397,1,3,2,0,2,1,2,2
priority_7398,1,3,2,1,0,0,0,0
spec_prior_7399,1,3,2,1,0,0,0,1
not_recom_7400,1,3,2,1,0,0,0,2
priority_7401,1,3,2,1,0,0,1,0
spec_prior_7402,1,3,2,1,0,0,1,1
not_recom_7403,1,3,2,1,0,0,1,2
spec_prior_7404,1,3,2,1,0,0,2,0
spec_prior_7405,1,3,2,1,0,0,2,1
not_recom_7406,1,3,2,1,0,0,2,2
spec_prior_7407,1,3,2,1,0,1,0,0
spec_prior_7408,1,3,2,1,0,1,0,1
not_recom_7409,1,3,2,1,0,1,0,2
spec_prior_7410,1,3,2,1,0,1,1,0
spec_prior_7411,1,3,2,1,0,1,1,1
not_recom_7412,1,3,2,1,0,1,1,2
spec_prior_7413,1,3,2,1,0,1,2,0
spec_prior_7414,1,3,2,1,0,1,2,1
not_recom_7415,1,3,2,1,0,1,2,2
spec_prior_7416,1,3,2,1,1,0,0,0
spec_prior_7417,1,3,2,1,1,0,0,1
not_recom_7418,1,3,2,1,1,0,0,2
spec_prior_7419,1,3,2,1,1,0,1,0
spec_prior_7420,1,3,2,1,1,0,1,1
not_recom_7421,1,3,2,1,1,0,1,2
spec_prior_7422,1,3,2,1,1,0,2,0
spec_prior_7423,1,3,2,1,1,0,2,1
not_recom_7424,1,3,2,1,1,0,2,2
spec_prior_7425,1,3,2,1,1,1,0,0
spec_prior_7426,1,3,2,1,1,1,0,1
not_recom_7427,1,3,2,1,1,1,0,2
spec_prior_7428,1,3,2,1,1,1,1,0
spec_prior_7429,1,3,2,1,1,1,1,1
not_recom_7430,1,3,2,1,1,1,1,2
spec_prior_7431,1,3,2,1,1,1,2,0
spec_prior_7432,1,3,2,1,1,1,2,1
not_recom_7433,1,3,2,1,1,1,2,2
spec_prior_7434,1,3,2,1,2,0,0,0
spec_prior_7435,1,3,2,1,2,0,0,1
not_recom_7436,1,3,2,1,2,0,0,2
spec_prior_7437,1,3,2,1,2,0,1,0
spec_prior_7438,1,3,2,1,2,0,1,1
not_recom_7439,1,3,2,1,2,0,1,2
spec_prior_7440,1,3,2,1,2,0,2,0
spec_prior_7441,1,3,2,1,2,0,2,1
not_recom_7442,1,3,2,1,2,0,2,2
spec_prior_7443,1,3,2,1,2,1,0,0
spec_prior_7444,1,3,2,1,2,1,0,1
not_recom_7445,1,3,2,1,2,1,0,2
spec_prior_7446,1,3,2,1,2,1,1,0
spec_prior_7447,1,3,2,1,2,1,1,1
not_recom_7448,1,3,2,1,2,1,1,2
spec_prior_7449,1,3,2,1,2,1,2,0
spec_prior_7450,1,3,2,1,2,1,2,1
not_recom_7451,1,3,2,1,2,1,2,2
priority_7452,1,3,2,2,0,0,0,0
spec_prior_7453,1,3,2,2,0,0,0,1
not_recom_7454,1,3,2,2,0,0,0,2
priority_7455,1,3,2,2,0,0,1,0
spec_prior_7456,1,3,2,2,0,0,1,1
not_recom_7457,1,3,2,2,0,0,1,2
spec_prior_7458,1,3,2,2,0,0,2,0
spec_prior_7459,1,3,2,2,0,0,2,1
not_recom_7460,1,3,2,2,0,0,2,2
spec_prior_7461,1,3,2,2,0,1,0,0
spec_prior_7462,1,3,2,2,0,1,0,1
not_recom_7463,1,3,2,2,0,1,0,2
spec_prior_7464,1,3,2,2,0,1,1,0
spec_prior_7465,1,3,2,2,0,1,1,1
not_recom_7466,1,3,2,2,0,1,1,2
spec_prior_7467,1,3,2,2,0,1,2,0
spec_prior_7468,1,3,2,2,0,1,2,1
not_recom_7469,1,3,2,2,0,1,2,2
spec_prior_7470,1,3,2,2,1,0,0,0
spec_prior_7471,1,3,2,2,1,0,0,1
not_recom_7472,1,3,2,2,1,0,0,2
spec_prior_7473,1,3,2,2,1,0,1,0
spec_prior_7474,1,3,2,2,1,0,1,1
not_recom_7475,1,3,2,2,1,0,1,2
spec_prior_7476,1,3,2,2,1,0,2,0
spec_prior_7477,1,3,2,2,1,0,2,1
not_recom_7478,1,3,2,2,1,0,2,2
spec_prior_7479,1,3,2,2,1,1,0,0
spec_prior_7480,1,3,2,2,1,1,0,1
not_recom_7481,1,3,2,2,1,1,0,2
spec_prior_7482,1,3,2,2,1,1,1,0
spec_prior_7483,1,3,2,2,1,1,1,1
not_recom_7484,1,3,2,2,1,1,1,2
spec_prior_7485,1,3,2,2,1,1,2,0
spec_prior_7486,1,3,2,2,1,1,2,1
not_recom_7487,1,3,2,2,1,1,2,2
spec_prior_7488,1,3,2,2,2,0,0,0
spec_prior_7489,1,3,2,2,2,0,0,1
not_recom_7490,1,3,2,2,2,0,0,2
spec_prior_7491,1,3,2,2,2,0,1,0
spec_prior_7492,1,3,2,2,2,0,1,1
not_recom_7493,1,3,2,2,2,0,1,2
spec_prior_7494,1,3,2,2,2,0,2,0
spec_prior_7495,1,3,2,2,2,0,2,1
not_recom_7496,1,3,2,2,2,0,2,2
spec_prior_7497,1,3,2,2,2,1,0,0
spec_prior_7498,1,3,2,2,2,1,0,1
not_recom_7499,1,3,2,2,2,1,0,2
spec_prior_7500,1,3,2,2,2,1,1,0
spec_prior_7501,1,3,2,2,2,1,1,1
not_recom_7502,1,3,2,2,2,1,1,2
spec_prior_7503,1,3,2,2,2,1,2,0
spec_prior_7504,1,3,2,2,2,1,2,1
not_recom_7505,1,3,2,2,2,1,2,2
priority_7506,1,3,2,3,0,0,0,0
spec_prior_7507,1,3,2,3,0,0,0,1
not_recom_7508,1,3,2,3,0,0,0,2
priority_7509,1,3,2,3,0,0,1,0
spec_prior_7510,1,3,2,3,0,0,1,1
not_recom_7511,1,3,2,3,0,0,1,2
spec_prior_7512,1,3,2,3,0,0,2,0
spec_prior_7513,1,3,2,3,0,0,2,1
not_recom_7514,1,3,2,3,0,0,2,2
spec_prior_7515,1,3,2,3,0,1,0,0
spec_prior_7516,1,3,2,3,0,1,0,1
not_recom_7517,1,3,2,3,0,1,0,2
spec_prior_7518,1,3,2,3,0,1,1,0
spec_prior_7519,1,3,2,3,0,1,1,1
not_recom_7520,1,3,2,3,0,1,1,2
spec_prior_7521,1,3,2,3,0,1,2,0
spec_prior_7522,1,3,2,3,0,1,2,1
not_recom_7523,1,3,2,3,0,1,2,2
spec_prior_7524,1,3,2,3,1,0,0,0
spec_prior_7525,1,3,2,3,1,0,0,1
not_recom_7526,1,3,2,3,1,0,0,2
spec_prior_7527,1,3,2,3,1,0,1,0
spec_prior_7528,1,3,2,3,1,0,1,1
not_recom_7529,1,3,2,3,1,0,1,2
spec_prior_7530,1,3,2,3,1,0,2,0
spec_prior_7531,1,3,2,3,1,0,2,1
not_recom_7532,1,3,2,3,1,0,2,2
spec_prior_7533,1,3,2,3,1,1,0,0
spec_prior_7534,1,3,2,3,1,1,0,1
not_recom_7535,1,3,2,3,1,1,0,2
spec_prior_7536,1,3,2,3,1,1,1,0
spec_prior_7537,1,3,2,3,1,1,1,1
not_recom_7538,1,3,2,3,1,1,1,2
spec_prior_7539,1,3,2,3,1,1,2,0
spec_prior_7540,1,3,2,3,1,1,2,1
not_recom_7541,1,3,2,3,1,1,2,2
spec_prior_7542,1,3,2,3,2,0,0,0
spec_prior_7543,1,3,2,3,2,0,0,1
not_recom_7544,1,3,2,3,2,0,0,2
spec_prior_7545,1,3,2,3,2,0,1,0
spec_prior_7546,1,3,2,3,2,0,1,1
not_recom_7547,1,3,2,3,2,0,1,2
spec_prior_7548,1,3,2,3,2,0,2,0
spec_prior_7549,1,3,2,3,2,0,2,1
not_recom_7550,1,3,2,3,2,0,2,2
spec_prior_7551,1,3,2,3,2,1,0,0
spec_prior_7552,1,3,2,3,2,1,0,1
not_recom_7553,1,3,2,3,2,1,0,2
spec_prior_7554,1,3,2,3,2,1,1,0
spec_prior_7555,1,3,2,3,2,1,1,1
not_recom_7556,1,3,2,3,2,1,1,2
spec_prior_7557,1,3,2,3,2,1,2,0
spec_prior_7558,1,3,2,3,2,1,2,1
not_recom_7559,1,3,2,3,2,1,2,2
priority_7560,1,3,3,0,0,0,0,0
spec_prior_7561,1,3,3,0,0,0,0,1
not_recom_7562,1,3,3,0,0,0,0,2
priority_7563,1,3,3,0,0,0,1,0
spec_prior_7564,1,3,3,0,0,0,1,1
not_recom_7565,1,3,3,0,0,0,1,2
spec_prior_7566,1,3,3,0,0,0,2,0
spec_prior_7567,1,3,3,0,0,0,2,1
not_recom_7568,1,3,3,0,0,0,2,2
spec_prior_7569,1,3,3,0,0,1,0,0
spec_prior_7570,1,3,3,0,0,1,0,1
not_recom_7571,1,3,3,0,0,1,0,2
spec_prior_7572,1,3,3,0,0,1,1,0
spec_prior_7573,1,3,3,0,0,1,1,1
not_recom_7574,1,3,3,0,0,1,1,2
spec_prior_7575,1,3,3,0,0,1,2,0
spec_prior_7576,1,3,3,0,0,1,2,1
not_recom_7577,1,3,3,0,0,1,2,2
spec_prior_7578,1,3,3,0,1,0,0,0
spec_prior_7579,1,3,3,0,1,0,0,1
not_recom_7580,1,3,3,0,1,0,0,2
spec_prior_7581,1,3,3,0,1,0,1,0
spec_prior_7582,1,3,3,0,1,0,1,1
not_recom_7583,1,3,3,0,1,0,1,2
spec_prior_7584,1,3,3,0,1,0,2,0
spec_prior_7585,1,3,3,0,1,0,2,1
not_recom_7586,1,3,3,0,1,0,2,2
spec_prior_7587,1,3,3,0,1,1,0,0
spec_prior_7588,1,3,3,0,1,1,0,1
not_recom_7589,1,3,3,0,1,1,0,2
spec_prior_7590,1,3,3,0,1,1,1,0
spec_prior_7591,1,3,3,0,1,1,1,1
not_recom_7592,1,3,3,0,1,1,1,2
spec_prior_7593,1,3,3,0,1,1,2,0
spec_prior_7594,1,3,3,0,1,1,2,1
not_recom_7595,1,3,3,0,1,1,2,2
spec_prior_7596,1,3,3,0,2,0,0,0
spec_prior_7597,1,3,3,0,2,0,0,1
not_recom_7598,1,3,3,0,2,0,0,2
spec_prior_7599,1,3,3,0,2,0,1,0
spec_prior_7600,1,3,3,0,2,0,1,1
not_recom_7601,1,3,3,0,2,0,1,2
spec_prior_7602,1,3,3,0,2,0,2,0
spec_prior_7603,1,3,3,0,2,0,2,1
not_recom_7604,1,3,3,0,2,0,2,2
spec_prior_7605,1,3,3,0,2,1,0,0
spec_prior_7606,1,3,3,0,2,1,0,1
not_recom_7607,1,3,3,0,2,1,0,2
spec_prior_7608,1,3,3,0,2,1,1,0
spec_prior_7609,1,3,3,0,2,1,1,1
not_recom_7610,1,3,3,0,2,1,1,2
spec_prior_7611,1,3,3,0,2,1,2,0
spec_prior_7612,1,3,3,0,2,1,2,1
not_recom_7613,1,3,3,0,2,1,2,2
priority_7614,1,3,3,1,0,0,0,0
spec_prior_7615,1,3,3,1,0,0,0,1
not_recom_7616,1,3,3,1,0,0,0,2
priority_7617,1,3,3,1,0,0,1,0
spec_prior_7618,1,3,3,1,0,0,1,1
not_recom_7619,1,3,3,1,0,0,1,2
spec_prior_7620,1,3,3,1,0,0,2,0
spec_prior_7621,1,3,3,1,0,0,2,1
not_recom_7622,1,3,3,1,0,0,2,2
spec_prior_7623,1,3,3,1,0,1,0,0
spec_prior_7624,1,3,3,1,0,1,0,1
not_recom_7625,1,3,3,1,0,1,0,2
spec_prior_7626,1,3,3,1,0,1,1,0
spec_prior_7627,1,3,3,1,0,1,1,1
not_recom_7628,1,3,3,1,0,1,1,2
spec_prior_7629,1,3,3,1,0,1,2,0
spec_prior_7630,1,3,3,1,0,1,2,1
not_recom_7631,1,3,3,1,0,1,2,2
spec_prior_7632,1,3,3,1,1,0,0,0
spec_prior_7633,1,3,3,1,1,0,0,1
not_recom_7634,1,3,3,1,1,0,0,2
spec_prior_7635,1,3,3,1,1,0,1,0
spec_prior_7636,1,3,3,1,1,0,1,1
not_recom_7637,1,3,3,1,1,0,1,2
spec_prior_7638,1,3,3,1,1,0,2,0
spec_prior_7639,1,3,3,1,1,0,2,1
not_recom_7640,1,3,3,1,1,0,2,2
spec_prior_7641,1,3,3,1,1,1,0,0
spec_prior_7642,1,3,3,1,1,1,0,1
not_recom_7643,1,3,3,1,1,1,0,2
spec_prior_7644,1,3,3,1,1,1,1,0
spec_prior_7645,1,3,3,1,1,1,1,1
not_recom_7646,1,3,3,1,1,1,1,2
spec_prior_7647,1,3,3,1,1,1,2,0
spec_prior_7648,1,3,3,1,1,1,2,1
not_recom_7649,1,3,3,1,1,1,2,2
spec_prior_7650,1,3,3,1,2,0,0,0
spec_prior_7651,1,3,3,1,2,0,0,1
not_recom_7652,1,3,3,1,2,0,0,2
spec_prior_7653,1,3,3,1,2,0,1,0
spec_prior_7654,1,3,3,1,2,0,1,1
not_recom_7655,1,3,3,1,2,0,1,2
spec_prior_7656,1,3,3,1,2,0,2,0
spec_prior_7657,1,3,3,1,2,0,2,1
not_recom_7658,1,3,3,1,2,0,2,2
spec_prior_7659,1,3,3,1,2,1,0,0
spec_prior_7660,1,3,3,1,2,1,0,1
not_recom_7661,1,3,3,1,2,1,0,2
spec_prior_7662,1,3,3,1,2,1,1,0
spec_prior_7663,1,3,3,1,2,1,1,1
not_recom_7664,1,3,3,1,2,1,1,2
spec_prior_7665,1,3,3,1,2,1,2,0
spec_prior_7666,1,3,3,1,2,1,2,1
not_recom_7667,1,3,3,1,2,1,2,2
priority_7668,1,3,3,2,0,0,0,0
spec_prior_7669,1,3,3,2,0,0,0,1
not_recom_7670,1,3,3,2,0,0,0,2
priority_7671,1,3,3,2,0,0,1,0
spec_prior_7672,1,3,3,2,0,0,1,1
not_recom_7673,1,3,3,2,0,0,1,2
spec_prior_7674,1,3,3,2,0,0,2,0
spec_prior_7675,1,3,3,2,0,0,2,1
not_recom_7676,1,3,3,2,0,0,2,2
spec_prior_7677,1,3,3,2,0,1,0,0
spec_prior_7678,1,3,3,2,0,1,0,1
not_recom_7679,1,3,3,2,0,1,0,2
spec_prior_7680,1,3,3,2,0,1,1,0
spec_prior_7681,1,3,3,2,0,1,1,1
not_recom_7682,1,3,3,2,0,1,1,2
spec_prior_7683,1,3,3,2,0,1,2,0
spec_prior_7684,1,3,3,2,0,1,2,1
not_recom_7685,1,3,3,2,0,1,2,2
spec_prior_7686,1,3,3,2,1,0,0,0
spec_prior_7687,1,3,3,2,1,0,0,1
not_recom_7688,1,3,3,2,1,0,0,2
spec_prior_7689,1,3,3,2,1,0,1,0
spec_prior_7690,1,3,3,2,1,0,1,1
not_recom_7691,1,3,3,2,1,0,1,2
spec_prior_7692,1,3,3,2,1,0,2,0
spec_prior_7693,1,3,3,2,1,0,2,1
not_recom_7694,1,3,3,2,1,0,2,2
spec_prior_7695,1,3,3,2,1,1,0,0
spec_prior_7696,1,3,3,2,1,1,0,1
not_recom_7697,1,3,3,2,1,1,0,2
spec_prior_7698,1,3,3,2,1,1,1,0
spec_prior_7699,1,3,3,2,1,1,1,1
not_recom_7700,1,3,3,2,1,1,1,2
spec_prior_7701,1,3,3,2,1,1,2,0
spec_prior_7702,1,3,3,2,1,1,2,1
not_recom_7703,1,3,3,2,1,1,2,2
spec_prior_7704,1,3,3,2,2,0,0,0
spec_prior_7705,1,3,3,2,2,0,0,1
not_recom_7706,1,3,3,2,2,0,0,2
spec_prior_7707,1,3,3,2,2,0,1,0
spec_prior_7708,1,3,3,2,2,0,1,1
not_recom_7709,1,3,3,2,2,0,1,2
spec_prior_7710,1,3,3,2,2,0,2,0
spec_prior_7711,1,3,3,2,2,0,2,1
not_recom_7712,1,3,3,2,2,0,2,2
spec_prior_7713,1,3,3,2,2,1,0,0
spec_prior_7714,1,3,3,2,2,1,0,1
not_recom_7715,1,3,3,2,2,1,0,2
spec_prior_7716,1,3,3,2,2,1,1,0
spec_prior_7717,1,3,3,2,2,1,1,1
not_recom_7718,1,3,3,2,2,1,1,2
spec_prior_7719,1,3,3,2,2,1,2,0
spec_prior_7720,1,3,3,2,2,1,2,1
not_recom_7721,1,3,3,2,2,1,2,2
priority_7722,1,3,3,3,0,0,0,0
spec_prior_7723,1,3,3,3,0,0,0,1
not_recom_7724,1,3,3,3,0,0,0,2
priority_7725,1,3,3,3,0,0,1,0
spec_prior_7726,1,3,3,3,0,0,1,1
not_recom_7727,1,3,3,3,0,0,1,2
spec_prior_7728,1,3,3,3,0,0,2,0
spec_prior_7729,1,3,3,3,0,0,2,1
not_recom_7730,1,3,3,3,0,0,2,2
spec_prior_7731,1,3,3,3,0,1,0,0
spec_prior_7732,1,3,3,3,0,1,0,1
not_recom_7733,1,3,3,3,0,1,0,2
spec_prior_7734,1,3,3,3,0,1,1,0
spec_prior_7735,1,3,3,3,0,1,1,1
not_recom_7736,1,3,3,3,0,1,1,2
spec_prior_7737,1,3,3,3,0,1,2,0
spec_prior_7738,1,3,3,3,0,1,2,1
not_recom_7739,1,3,3,3,0,1,2,2
spec_prior_7740,1,3,3,3,1,0,0,0
spec_prior_7741,1,3,3,3,1,0,0,1
not_recom_7742,1,3,3,3,1,0,0,2
spec_prior_7743,1,3,3,3,1,0,1,0
spec_prior_7744,1,3,3,3,1,0,1,1
not_recom_7745,1,3,3,3,1,0,1,2
spec_prior_7746,1,3,3,3,1,0,2,0
spec_prior_7747,1,3,3,3,1,0,2,1
not_recom_7748,1,3,3,3,1,0,2,2
spec_prior_7749,1,3,3,3,1,1,0,0
spec_prior_7750,1,3,3,3,1,1,0,1
not_recom_7751,1,3,3,3,1,1,0,2
spec_prior_7752,1,3,3,3,1,1,1,0
spec_prior_7753,1,3,3,3,1,1,1,1
not_recom_7754,1,3,3,3,1,1,1,2
spec_prior_7755,1,3,3,3,1,1,2,0
spec_prior_7756,1,3,3,3,1,1,2,1
not_recom_7757,1,3,3,3,1,1,2,2
spec_prior_7758,1,3,3,3,2,0,0,0
spec_prior_7759,1,3,3,3,2,0,0,1
not_recom_7760,1,3,3,3,2,0,0,2
spec_prior_7761,1,3,3,3,2,0,1,0
spec_prior_7762,1,3,3,3,2,0,1,1
not_recom_7763,1,3,3,3,2,0,1,2
spec_prior_7764,1,3,3,3,2,0,2,0
spec_prior_7765,1,3,3,3,2,0,2,1
not_recom_7766,1,3,3,3,2,0,2,2
spec_prior_7767,1,3,3,3,2,1,0,0
spec_prior_7768,1,3,3,3,2,1,0,1
not_recom_7769,1,3,3,3,2,1,0,2
spec_prior_7770,1,3,3,3,2,1,1,0
spec_prior_7771,1,3,3,3,2,1,1,1
not_recom_7772,1,3,3,3,2,1,1,2
spec_prior_7773,1,3,3,3,2,1,2,0
spec_prior_7774,1,3,3,3,2,1,2,1
not_recom_7775,1,3,3,3,2,1,2,2
priority_7776,1,4,0,0,0,0,0,0
priority_7777,1,4,0,0,0,0,0,1
not_recom_7778,1,4,0,0,0,0,0,2
priority_7779,1,4,0,0,0,0,1,0
priority_7780,1,4,0,0,0,0,1,1
not_recom_7781,1,4,0,0,0,0,1,2
priority_7782,1,4,0,0,0,0,2,0
priority_7783,1,4,0,0,0,0,2,1
not_recom_7784,1,4,0,0,0,0,2,2
priority_7785,1,4,0,0,0,1,0,0
spec_prior_7786,1,4,0,0,0,1,0,1
not_recom_7787,1,4,0,0,0,1,0,2
priority_7788,1,4,0,0,0,1,1,0
spec_prior_7789,1,4,0,0,0,1,1,1
not_recom_7790,1,4,0,0,0,1,1,2
spec_prior_7791,1,4,0,0,0,1,2,0
spec_prior_7792,1,4,0,0,0,1,2,1
not_recom_7793,1,4,0,0,0,1,2,2
priority_7794,1,4,0,0,1,0,0,0
spec_prior_7795,1,4,0,0,1,0,0,1
not_recom_7796,1,4,0,0,1,0,0,2
priority_7797,1,4,0,0,1,0,1,0
spec_prior_7798,1,4,0,0,1,0,1,1
not_recom_7799,1,4,0,0,1,0,1,2
spec_prior_7800,1,4,0,0,1,0,2,0
spec_prior_7801,1,4,0,0,1,0,2,1
not_recom_7802,1,4,0,0,1,0,2,2
priority_7803,1,4,0,0,1,1,0,0
spec_prior_7804,1,4,0,0,1,1,0,1
not_recom_7805,1,4,0,0,1,1,0,2
priority_7806,1,4,0,0,1,1,1,0
spec_prior_7807,1,4,0,0,1,1,1,1
not_recom_7808,1,4,0,0,1,1,1,2
spec_prior_7809,1,4,0,0,1,1,2,0
spec_prior_7810,1,4,0,0,1,1,2,1
not_recom_7811,1,4,0,0,1,1,2,2
priority_7812,1,4,0,0,2,0,0,0
spec_prior_7813,1,4,0,0,2,0,0,1
not_recom_7814,1,4,0,0,2,0,0,2
priority_7815,1,4,0,0,2,0,1,0
spec_prior_7816,1,4,0,0,2,0,1,1
not_recom_7817,1,4,0,0,2,0,1,2
spec_prior_7818,1,4,0,0,2,0,2,0
spec_prior_7819,1,4,0,0,2,0,2,1
not_recom_7820,1,4,0,0,2,0,2,2
priority_7821,1,4,0,0,2,1,0,0
spec_prior_7822,1,4,0,0,2,1,0,1
not_recom_7823,1,4,0,0,2,1,0,2
priority_7824,1,4,0,0,2,1,1,0
spec_prior_7825,1,4,0,0,2,1,1,1
not_recom_7826,1,4,0,0,2,1,1,2
spec_prior_7827,1,4,0,0,2,1,2,0
spec_prior_7828,1,4,0,0,2,1,2,1
not_recom_7829,1,4,0,0,2,1,2,2
priority_7830,1,4,0,1,0,0,0,0
spec_prior_7831,1,4,0,1,0,0,0,1
not_recom_7832,1,4,0,1,0,0,0,2
priority_7833,1,4,0,1,0,0,1,0
spec_prior_7834,1,4,0,1,0,0,1,1
not_recom_7835,1,4,0,1,0,0,1,2
spec_prior_7836,1,4,0,1,0,0,2,0
spec_prior_7837,1,4,0,1,0,0,2,1
not_recom_7838,1,4,0,1,0,0,2,2
priority_7839,1,4,0,1,0,1,0,0
spec_prior_7840,1,4,0,1,0,1,0,1
not_recom_7841,1,4,0,1,0,1,0,2
priority_7842,1,4,0,1,0,1,1,0
spec_prior_7843,1,4,0,1,0,1,1,1
not_recom_7844,1,4,0,1,0,1,1,2
spec_prior_7845,1,4,0,1,0,1,2,0
spec_prior_7846,1,4,0,1,0,1,2,1
not_recom_7847,1,4,0,1,0,1,2,2
priority_7848,1,4,0,1,1,0,0,0
spec_prior_7849,1,4,0,1,1,0,0,1
not_recom_7850,1,4,0,1,1,0,0,2
priority_7851,1,4,0,1,1,0,1,0
spec_prior_7852,1,4,0,1,1,0,1,1
not_recom_7853,1,4,0,1,1,0,1,2
spec_prior_7854,1,4,0,1,1,0,2,0
spec_prior_7855,1,4,0,1,1,0,2,1
not_recom_7856,1,4,0,1,1,0,2,2
priority_7857,1,4,0,1,1,1,0,0
spec_prior_7858,1,4,0,1,1,1,0,1
not_recom_7859,1,4,0,1,1,1,0,2
priority_7860,1,4,0,1,1,1,1,0
spec_prior_7861,1,4,0,1,1,1,1,1
not_recom_7862,1,4,0,1,1,1,1,2
spec_prior_7863,1,4,0,1,1,1,2,0
spec_prior_7864,1,4,0,1,1,1,2,1
not_recom_7865,1,4,0,1,1,1,2,2
spec_prior_7866,1,4,0,1,2,0,0,0
spec_prior_7867,1,4,0,1,2,0,0,1
not_recom_7868,1,4,0,1,2,0,0,2
spec_prior_7869,1,4,0,1,2,0,1,0
spec_prior_7870,1,4,0,1,2,0,1,1
not_recom_7871,1,4,0,1,2,0,1,2
spec_prior_7872,1,4,0,1,2,0,2,0
spec_prior_7873,1,4,0,1,2,0,2,1
not_recom_7874,1,4,0,1,2,0,2,2
spec_prior_7875,1,4,0,1,2,1,0,0
spec_prior_7876,1,4,0,1,2,1,0,1
not_recom_7877,1,4,0,1,2,1,0,2
spec_prior_7878,1,4,0,1,2,1,1,0
spec_prior_7879,1,4,0,1,2,1,1,1
not_recom_7880,1,4,0,1,2,1,1,2
spec_prior_7881,1,4,0,1,2,1,2,0
spec_prior_7882,1,4,0,1,2,1,2,1
not_recom_7883,1,4,0,1,2,1,2,2
priority_7884,1,4,0,2,0,0,0,0
spec_prior_7885,1,4,0,2,0,0,0,1
not_recom_7886,1,4,0,2,0,0,0,2
priority_7887,1,4,0,2,0,0,1,0
spec_prior_7888,1,4,0,2,0,0,1,1
not_recom_7889,1,4,0,2,0,0,1,2
spec_prior_7890,1,4,0,2,0,0,2,0
spec_prior_7891,1,4,0,2,0,0,2,1
not_recom_7892,1,4,0,2,0,0,2,2
spec_prior_7893,1,4,0,2,0,1,0,0
spec_prior_7894,1,4,0,2,0,1,0,1
not_recom_7895,1,4,0,2,0,1,0,2
spec_prior_7896,1,4,0,2,0,1,1,0
spec_prior_7897,1,4,0,2,0,1,1,1
not_recom_7898,1,4,0,2,0,1,1,2
spec_prior_7899,1,4,0,2,0,1,2,0
spec_prior_7900,1,4,0,2,0,1,2,1
not_recom_7901,1,4,0,2,0,1,2,2
spec_prior_7902,1,4,0,2,1,0,0,0
spec_prior_7903,1,4,0,2,1,0,0,1
not_recom_7904,1,4,0,2,1,0,0,2
spec_prior_7905,1,4,0,2,1,0,1,0
spec_prior_7906,1,4,0,2,1,0,1,1
not_recom_7907,1,4,0,2,1,0,1,2
spec_prior_7908,1,4,0,2,1,0,2,0
spec_prior_7909,1,4,0,2,1,0,2,1
not_recom_7910,1,4,0,2,1,0,2,2
spec_prior_7911,1,4,0,2,1,1,0,0
spec_prior_7912,1,4,0,2,1,1,0,1
not_recom_7913,1,4,0,2,1,1,0,2
spec_prior_7914,1,4,0,2,1,1,1,0
spec_prior_7915,1,4,0,2,1,1,1,1
not_recom_7916,1,4,0,2,1,1,1,2
spec_prior_7917,1,4,0,2,1,1,2,0
spec_prior_7918,1,4,0,2,1,1,2,1
not_recom_7919,1,4,0,2,1,1,2,2
spec_prior_7920,1,4,0,2,2,0,0,0
spec_prior_7921,1,4,0,2,2,0,0,1
not_recom_7922,1,4,0,2,2,0,0,2
spec_prior_7923,1,4,0,2,2,0,1,0
spec_prior_7924,1,4,0,2,2,0,1,1
not_recom_7925,1,4,0,2,2,0,1,2
spec_prior_7926,1,4,0,2,2,0,2,0
spec_prior_7927,1,4,0,2,2,0,2,1
not_recom_7928,1,4,0,2,2,0,2,2
spec_prior_7929,1,4,0,2,2,1,0,0
spec_prior_7930,1,4,0,2,2,1,0,1
not_recom_7931,1,4,0,2,2,1,0,2
spec_prior_7932,1,4,0,2,2,1,1,0
spec_prior_7933,1,4,0,2,2,1,1,1
not_recom_7934,1,4,0,2,2,1,1,2
spec_prior_7935,1,4,0,2,2,1,2,0
spec_prior_7936,1,4,0,2,2,1,2,1
not_recom_7937,1,4,0,2,2,1,2,2
priority_7938,1,4,0,3,0,0,0,0
spec_prior_7939,1,4,0,3,0,0,0,1
not_recom_7940,1,4,0,3,0,0,0,2
priority_7941,1,4,0,3,0,0,1,0
spec_prior_7942,1,4,0,3,0,0,1,1
not_recom_7943,1,4,0,3,0,0,1,2
spec_prior_7944,1,4,0,3,0,0,2,0
spec_prior_7945,1,4,0,3,0,0,2,1
not_recom_7946,1,4,0,3,0,0,2,2
spec_prior_7947,1,4,0,3,0,1,0,0
spec_prior_7948,1,4,0,3,0,1,0,1
not_recom_7949,1,4,0,3,0,1,0,2
spec_prior_7950,1,4,0,3,0,1,1,0
spec_prior_7951,1,4,0,3,0,1,1,1
not_recom_7952,1,4,0,3,0,1,1,2
spec_prior_7953,1,4,0,3,0,1,2,0
spec_prior_7954,1,4,0,3,0,1,2,1
not_recom_7955,1,4,0,3,0,1,2,2
spec_prior_7956,1,4,0,3,1,0,0,0
spec_prior_7957,1,4,0,3,1,0,0,1
not_recom_7958,1,4,0,3,1,0,0,2
spec_prior_7959,1,4,0,3,1,0,1,0
spec_prior_7960,1,4,0,3,1,0,1,1
not_recom_7961,1,4,0,3,1,0,1,2
spec_prior_7962,1,4,0,3,1,0,2,0
spec_prior_7963,1,4,0,3,1,0,2,1
not_recom_7964,1,4,0,3,1,0,2,2
spec_prior_7965,1,4,0,3,1,1,0,0
spec_prior_7966,1,4,0,3,1,1,0,1
not_recom_7967,1,4,0,3,1,1,0,2
spec_prior_7968,1,4,0,3,1,1,1,0
spec_prior_7969,1,4,0,3,1,1,1,1
not_recom_7970,1,4,0,3,1,1,1,2
spec_prior_7971,1,4,0,3,1,1,2,0
spec_prior_7972,1,4,0,3,1,1,2,1
not_recom_7973,1,4,0,3,1,1,2,2
spec_prior_7974,1,4,0,3,2,0,0,0
spec_prior_7975,1,4,0,3,2,0,0,1
not_recom_7976,1,4,0,3,2,0,0,2
spec_prior_7977,1,4,0,3,2,0,1,0
spec_prior_7978,1,4,0,3,2,0,1,1
not_recom_7979,1,4,0,3,2,0,1,2
spec_prior_7980,1,4,0,3,2,0,2,0
spec_prior_7981,1,4,0,3,2,0,2,1
not_recom_7982,1,4,0,3,2,0,2,2
spec_prior_7983,1,4,0,3,2,1,0,0
spec_prior_7984,1,4,0,3,2,1,0,1
not_recom_7985,1,4,0,3,2,1,0,2
spec_prior_7986,1,4,0,3,2,1,1,0
spec_prior_7987,1,4,0,3,2,1,1,1
not_recom_7988,1,4,0,3,2,1,1,2
spec_prior_7989,1,4,0,3,2,1,2,0
spec_prior_7990,1,4,0,3,2,1,2,1
not_recom_7991,1,4,0,3,2,1,2,2
priority_7992,1,4,1,0,0,0,0,0
spec_prior_7993,1,4,1,0,0,0,0,1
not_recom_7994,1,4,1,0,0,0,0,2
priority_7995,1,4,1,0,0,0,1,0
spec_prior_7996,1,4,1,0,0,0,1,1
not_recom_7997,1,4,1,0,0,0,1,2
spec_prior_7998,1,4,1,0,0,0,2,0
spec_prior_7999,1,4,1,0,0,0,2,1
not_recom_8000,1,4,1,0,0,0,2,2
priority_8001,1,4,1,0,0,1,0,0
spec_prior_8002,1,4,1,0,0,1,0,1
not_recom_8003,1,4,1,0,0,1,0,2
priority_8004,1,4,1,0,0,1,1,0
spec_prior_8005,1,4,1,0,0,1,1,1
not_recom_8006,1,4,1,0,0,1,1,2
spec_prior_8007,1,4,1,0,0,1,2,0
spec_prior_8008,1,4,1,0,0,1,2,1
not_recom_8009,1,4,1,0,0,1,2,2
priority_8010,1,4,1,0,1,0,0,0
spec_prior_8011,1,4,1,0,1,0,0,1
not_recom_8012,1,4,1,0,1,0,0,2
priority_8013,1,4,1,0,1,0,1,0
spec_prior_8014,1,4,1,0,1,0,1,1
not_recom_8015,1,4,1,0,1,0,1,2
spec_prior_8016,1,4,1,0,1,0,2,0
spec_prior_8017,1,4,1,0,1,0,2,1
not_recom_8018,1,4,1,0,1,0,2,2
priority_8019,1,4,1,0,1,1,0,0
spec_prior_8020,1,4,1,0,1,1,0,1
not_recom_8021,1,4,1,0,1,1,0,2
priority_8022,1,4,1,0,1,1,1,0
spec_prior_8023,1,4,1,0,1,1,1,1
not_recom_8024,1,4,1,0,1,1,1,2
spec_prior_8025,1,4,1,0,1,1,2,0
spec_prior_8026,1,4,1,0,1,1,2,1
not_recom_8027,1,4,1,0,1,1,2,2
spec_prior_8028,1,4,1,0,2,0,0,0
spec_prior_8029,1,4,1,0,2,0,0,1
not_recom_8030,1,4,1,0,2,0,0,2
spec_prior_8031,1,4,1,0,2,0,1,0
spec_prior_8032,1,4,1,0,2,0,1,1
not_recom_8033,1,4,1,0,2,0,1,2
spec_prior_8034,1,4,1,0,2,0,2,0
spec_prior_8035,1,4,1,0,2,0,2,1
not_recom_8036,1,4,1,0,2,0,2,2
spec_prior_8037,1,4,1,0,2,1,0,0
spec_prior_8038,1,4,1,0,2,1,0,1
not_recom_8039,1,4,1,0,2,1,0,2
spec_prior_8040,1,4,1,0,2,1,1,0
spec_prior_8041,1,4,1,0,2,1,1,1
not_recom_8042,1,4,1,0,2,1,1,2
spec_prior_8043,1,4,1,0,2,1,2,0
spec_prior_8044,1,4,1,0,2,1,2,1
not_recom_8045,1,4,1,0,2,1,2,2
priority_8046,1,4,1,1,0,0,0,0
spec_prior_8047,1,4,1,1,0,0,0,1
not_recom_8048,1,4,1,1,0,0,0,2
priority_8049,1,4,1,1,0,0,1,0
spec_prior_8050,1,4,1,1,0,0,1,1
not_recom_8051,1,4,1,1,0,0,1,2
spec_prior_8052,1,4,1,1,0,0,2,0
spec_prior_8053,1,4,1,1,0,0,2,1
not_recom_8054,1,4,1,1,0,0,2,2
priority_8055,1,4,1,1,0,1,0,0
spec_prior_8056,1,4,1,1,0,1,0,1
not_recom_8057,1,4,1,1,0,1,0,2
priority_8058,1,4,1,1,0,1,1,0
spec_prior_8059,1,4,1,1,0,1,1,1
not_recom_8060,1,4,1,1,0,1,1,2
spec_prior_8061,1,4,1,1,0,1,2,0
spec_prior_8062,1,4,1,1,0,1,2,1
not_recom_8063,1,4,1,1,0,1,2,2
priority_8064,1,4,1,1,1,0,0,0
spec_prior_8065,1,4,1,1,1,0,0,1
not_recom_8066,1,4,1,1,1,0,0,2
priority_8067,1,4,1,1,1,0,1,0
spec_prior_8068,1,4,1,1,1,0,1,1
not_recom_8069,1,4,1,1,1,0,1,2
spec_prior_8070,1,4,1,1,1,0,2,0
spec_prior_8071,1,4,1,1,1,0,2,1
not_recom_8072,1,4,1,1,1,0,2,2
priority_8073,1,4,1,1,1,1,0,0
spec_prior_8074,1,4,1,1,1,1,0,1
not_recom_8075,1,4,1,1,1,1,0,2
priority_8076,1,4,1,1,1,1,1,0
spec_prior_8077,1,4,1,1,1,1,1,1
not_recom_8078,1,4,1,1,1,1,1,2
spec_prior_8079,1,4,1,1,1,1,2,0
spec_prior_8080,1,4,1,1,1,1,2,1
not_recom_8081,1,4,1,1,1,1,2,2
spec_prior_8082,1,4,1,1,2,0,0,0
spec_prior_8083,1,4,1,1,2,0,0,1
not_recom_8084,1,4,1,1,2,0,0,2
spec_prior_8085,1,4,1,1,2,0,1,0
spec_prior_8086,1,4,1,1,2,0,1,1
not_recom_8087,1,4,1,1,2,0,1,2
spec_prior_8088,1,4,1,1,2,0,2,0
spec_prior_8089,1,4,1,1,2,0,2,1
not_recom_8090,1,4,1,1,2,0,2,2
spec_prior_8091,1,4,1,1,2,1,0,0
spec_prior_8092,1,4,1,1,2,1,0,1
not_recom_8093,1,4,1,1,2,1,0,2
spec_prior_8094,1,4,1,1,2,1,1,0
spec_prior_8095,1,4,1,1,2,1,1,1
not_recom_8096,1,4,1,1,2,1,1,2
spec_prior_8097,1,4,1,1,2,1,2,0
spec_prior_8098,1,4,1,1,2,1,2,1
not_recom_8099,1,4,1,1,2,1,2,2
priority_8100,1,4,1,2,0,0,0,0
spec_prior_8101,1,4,1,2,0,0,0,1
not_recom_8102,1,4,1,2,0,0,0,2
priority_8103,1,4,1,2,0,0,1,0
spec_prior_8104,1,4,1,2,0,0,1,1
not_recom_8105,1,4,1,2,0,0,1,2
spec_prior_8106,1,4,1,2,0,0,2,0
spec_prior_8107,1,4,1,2,0,0,2,1
not_recom_8108,1,4,1,2,0,0,2,2
spec_prior_8109,1,4,1,2,0,1,0,0
spec_prior_8110,1,4,1,2,0,1,0,1
not_recom_8111,1,4,1,2,0,1,0,2
spec_prior_8112,1,4,1,2,0,1,1,0
spec_prior_8113,1,4,1,2,0,1,1,1
not_recom_8114,1,4,1,2,0,1,1,2
spec_prior_8115,1,4,1,2,0,1,2,0
spec_prior_8116,1,4,1,2,0,1,2,1
not_recom_8117,1,4,1,2,0,1,2,2
spec_prior_8118,1,4,1,2,1,0,0,0
spec_prior_8119,1,4,1,2,1,0,0,1
not_recom_8120,1,4,1,2,1,0,0,2
spec_prior_8121,1,4,1,2,1,0,1,0
spec_prior_8122,1,4,1,2,1,0,1,1
not_recom_8123,1,4,1,2,1,0,1,2
spec_prior_8124,1,4,1,2,1,0,2,0
spec_prior_8125,1,4,1,2,1,0,2,1
not_recom_8126,1,4,1,2,1,0,2,2
spec_prior_8127,1,4,1,2,1,1,0,0
spec_prior_8128,1,4,1,2,1,1,0,1
not_recom_8129,1,4,1,2,1,1,0,2
spec_prior_8130,1,4,1,2,1,1,1,0
spec_prior_8131,1,4,1,2,1,1,1,1
not_recom_8132,1,4,1,2,1,1,1,2
spec_prior_8133,1,4,1,2,1,1,2,0
spec_prior_8134,1,4,1,2,1,1,2,1
not_recom_8135,1,4,1,2,1,1,2,2
spec_prior_8136,1,4,1,2,2,0,0,0
spec_prior_8137,1,4,1,2,2,0,0,1
not_recom_8138,1,4,1,2,2,0,0,2
spec_prior_8139,1,4,1,2,2,0,1,0
spec_prior_8140,1,4,1,2,2,0,1,1
not_recom_8141,1,4,1,2,2,0,1,2
spec_prior_8142,1,4,1,2,2,0,2,0
spec_prior_8143,1,4,1,2,2,0,2,1
not_recom_8144,1,4,1,2,2,0,2,2
spec_prior_8145,1,4,1,2,2,1,0,0
spec_prior_8146,1,4,1,2,2,1,0,1
not_recom_8147,1,4,1,2,2,1,0,2
spec_prior_8148,1,4,1,2,2,1,1,0
spec_prior_8149,1,4,1,2,2,1,1,1
not_recom_8150,1,4,1,2,2,1,1,2
spec_prior_8151,1,4,1,2,2,1,2,0
spec_prior_8152,1,4,1,2,2,1,2,1
not_recom_8153,1,4,1,2,2,1,2,2
priority_8154,1,4,1,3,0,0,0,0
spec_prior_8155,1,4,1,3,0,0,0,1
not_recom_8156,1,4,1,3,0,0,0,2
priority_8157,1,4,1,3,0,0,1,0
spec_prior_8158,1,4,1,3,0,0,1,1
not_recom_8159,1,4,1,3,0,0,1,2
spec_prior_8160,1,4,1,3,0,0,2,0
spec_prior_8161,1,4,1,3,0,0,2,1
not_recom_8162,1,4,1,3,0,0,2,2
spec_prior_8163,1,4,1,3,0,1,0,0
spec_prior_8164,1,4,1,3,0,1,0,1
not_recom_8165,1,4,1,3,0,1,0,2
spec_prior_8166,1,4,1,3,0,1,1,0
spec_prior_8167,1,4,1,3,0,1,1,1
not_recom_8168,1,4,1,3,0,1,1,2
spec_prior_8169,1,4,1,3,0,1,2,0
spec_prior_8170,1,4,1,3,0,1,2,1
not_recom_8171,1,4,1,3,0,1,2,2
spec_prior_8172,1,4,1,3,1,0,0,0
spec_prior_8173,1,4,1,3,1,0,0,1
not_recom_8174,1,4,1,3,1,0,0,2
spec_prior_8175,1,4,1,3,1,0,1,0
spec_prior_8176,1,4,1,3,1,0,1,1
not_recom_8177,1,4,1,3,1,0,1,2
spec_prior_8178,1,4,1,3,1,0,2,0
spec_prior_8179,1,4,1,3,1,0,2,1
not_recom_8180,1,4,1,3,1,0,2,2
spec_prior_8181,1,4,1,3,1,1,0,0
spec_prior_8182,1,4,1,3,1,1,0,1
not_recom_8183,1,4,1,3,1,1,0,2
spec_prior_8184,1,4,1,3,1,1,1,0
spec_prior_8185,1,4,1,3,1,1,1,1
not_recom_8186,1,4,1,3,1,1,1,2
spec_prior_8187,1,4,1,3,1,1,2,0
spec_prior_8188,1,4,1,3,1,1,2,1
not_recom_8189,1,4,1,3,1,1,2,2
spec_prior_8190,1,4,1,3,2,0,0,0
spec_prior_8191,1,4,1,3,2,0,0,1
not_recom_8192,1,4,1,3,2,0,0,2
spec_prior_8193,1,4,1,3,2,0,1,0
spec_prior_8194,1,4,1,3,2,0,1,1
not_recom_8195,1,4,1,3,2,0,1,2
spec_prior_8196,1,4,1,3,2,0,2,0
spec_prior_8197,1,4,1,3,2,0,2,1
not_recom_8198,1,4,1,3,2,0,2,2
spec_prior_8199,1,4,1,3,2,1,0,0
spec_prior_8200,1,4,1,3,2,1,0,1
not_recom_8201,1,4,1,3,2,1,0,2
spec_prior_8202,1,4,1,3,2,1,1,0
spec_prior_8203,1,4,1,3,2,1,1,1
not_recom_8204,1,4,1,3,2,1,1,2
spec_prior_8205,1,4,1,3,2,1,2,0
spec_prior_8206,1,4,1,3,2,1,2,1
not_recom_8207,1,4,1,3,2,1,2,2
priority_8208,1,4,2,0,0,0,0,0
spec_prior_8209,1,4,2,0,0,0,0,1
not_recom_8210,1,4,2,0,0,0,0,2
priority_8211,1,4,2,0,0,0,1,0
spec_prior_8212,1,4,2,0,0,0,1,1
not_recom_8213,1,4,2,0,0,0,1,2
spec_prior_8214,1,4,2,0,0,0,2,0
spec_prior_8215,1,4,2,0,0,0,2,1
not_recom_8216,1,4,2,0,0,0,2,2
priority_8217,1,4,2,0,0,1,0,0
spec_prior_8218,1,4,2,0,0,1,0,1
not_recom_8219,1,4,2,0,0,1,0,2
priority_8220,1,4,2,0,0,1,1,0
spec_prior_8221,1,4,2,0,0,1,1,1
not_recom_8222,1,4,2,0,0,1,1,2
spec_prior_8223,1,4,2,0,0,1,2,0
spec_prior_8224,1,4,2,0,0,1,2,1
not_recom_8225,1,4,2,0,0,1,2,2
priority_8226,1,4,2,0,1,0,0,0
spec_prior_8227,1,4,2,0,1,0,0,1
not_recom_8228,1,4,2,0,1,0,0,2
priority_8229,1,4,2,0,1,0,1,0
spec_prior_8230,1,4,2,0,1,0,1,1
not_recom_8231,1,4,2,0,1,0,1,2
spec_prior_8232,1,4,2,0,1,0,2,0
spec_prior_8233,1,4,2,0,1,0,2,1
not_recom_8234,1,4,2,0,1,0,2,2
priority_8235,1,4,2,0,1,1,0,0
spec_prior_8236,1,4,2,0,1,1,0,1
not_recom_8237,1,4,2,0,1,1,0,2
priority_8238,1,4,2,0,1,1,1,0
spec_prior_8239,1,4,2,0,1,1,1,1
not_recom_8240,1,4,2,0,1,1,1,2
spec_prior_8241,1,4,2,0,1,1,2,0
spec_prior_8242,1,4,2,0,1,1,2,1
not_recom_8243,1,4,2,0,1,1,2,2
spec_prior_8244,1,4,2,0,2,0,0,0
spec_prior_8245,1,4,2,0,2,0,0,1
not_recom_8246,1,4,2,0,2,0,0,2
spec_prior_8247,1,4,2,0,2,0,1,0
spec_prior_8248,1,4,2,0,2,0,1,1
not_recom_8249,1,4,2,0,2,0,1,2
spec_prior_8250,1,4,2,0,2,0,2,0
spec_prior_8251,1,4,2,0,2,0,2,1
not_recom_8252,1,4,2,0,2,0,2,2
spec_prior_8253,1,4,2,0,2,1,0,0
spec_prior_8254,1,4,2,0,2,1,0,1
not_recom_8255,1,4,2,0,2,1,0,2
spec_prior_8256,1,4,2,0,2,1,1,0
spec_prior_8257,1,4,2,0,2,1,1,1
not_recom_8258,1,4,2,0,2,1,1,2
spec_prior_8259,1,4,2,0,2,1,2,0
spec_prior_8260,1,4,2,0,2,1,2,1
not_recom_8261,1,4,2,0,2,1,2,2
priority_8262,1,4,2,1,0,0,0,0
spec_prior_8263,1,4,2,1,0,0,0,1
not_recom_8264,1,4,2,1,0,0,0,2
priority_8265,1,4,2,1,0,0,1,0
spec_prior_8266,1,4,2,1,0,0,1,1
not_recom_8267,1,4,2,1,0,0,1,2
spec_prior_8268,1,4,2,1,0,0,2,0
spec_prior_8269,1,4,2,1,0,0,2,1
not_recom_8270,1,4,2,1,0,0,2,2
spec_prior_8271,1,4,2,1,0,1,0,0
spec_prior_8272,1,4,2,1,0,1,0,1
not_recom_8273,1,4,2,1,0,1,0,2
spec_prior_8274,1,4,2,1,0,1,1,0
spec_prior_8275,1,4,2,1,0,1,1,1
not_recom_8276,1,4,2,1,0,1,1,2
spec_prior_8277,1,4,2,1,0,1,2,0
spec_prior_8278,1,4,2,1,0,1,2,1
not_recom_8279,1,4,2,1,0,1,2,2
spec_prior_8280,1,4,2,1,1,0,0,0
spec_prior_8281,1,4,2,1,1,0,0,1
not_recom_8282,1,4,2,1,1,0,0,2
spec_prior_8283,1,4,2,1,1,0,1,0
spec_prior_8284,1,4,2,1,1,0,1,1
not_recom_8285,1,4,2,1,1,0,1,2
spec_prior_8286,1,4,2,1,1,0,2,0
spec_prior_8287,1,4,2,1,1,0,2,1
not_recom_8288,1,4,2,1,1,0,2,2
spec_prior_8289,1,4,2,1,1,1,0,0
spec_prior_8290,1,4,2,1,1,1,0,1
not_recom_8291,1,4,2,1,1,1,0,2
spec_prior_8292,1,4,2,1,1,1,1,0
spec_prior_8293,1,4,2,1,1,1,1,1
not_recom_8294,1,4,2,1,1,1,1,2
spec_prior_8295,1,4,2,1,1,1,2,0
spec_prior_8296,1,4,2,1,1,1,2,1
not_recom_8297,1,4,2,1,1,1,2,2
spec_prior_8298,1,4,2,1,2,0,0,0
spec_prior_8299,1,4,2,1,2,0,0,1
not_recom_8300,1,4,2,1,2,0,0,2
spec_prior_8301,1,4,2,1,2,0,1,0
spec_prior_8302,1,4,2,1,2,0,1,1
not_recom_8303,1,4,2,1,2,0,1,2
spec_prior_8304,1,4,2,1,2,0,2,0
spec_prior_8305,1,4,2,1,2,0,2,1
not_recom_8306,1,4,2,1,2,0,2,2
spec_prior_8307,1,4,2,1,2,1,0,0
spec_prior_8308,1,4,2,1,2,1,0,1
not_recom_8309,1,4,2,1,2,1,0,2
spec_prior_8310,1,4,2,1,2,1,1,0
spec_prior_8311,1,4,2,1,2,1,1,1
not_recom_8312,1,4,2,1,2,1,1,2
spec_prior_8313,1,4,2,1,2,1,2,0
spec_prior_8314,1,4,2,1,2,1,2,1
not_recom_8315,1,4,2,1,2,1,2,2
priority_8316,1,4,2,2,0,0,0,0
spec_prior_8317,1,4,2,2,0,0,0,1
not_recom_8318,1,4,2,2,0,0,0,2
priority_8319,1,4,2,2,0,0,1,0
spec_prior_8320,1,4,2,2,0,0,1,1
not_recom_8321,1,4,2,2,0,0,1,2
spec_prior_8322,1,4,2,2,0,0,2,0
spec_prior_8323,1,4,2,2,0,0,2,1
not_recom_8324,1,4,2,2,0,0,2,2
spec_prior_8325,1,4,2,2,0,1,0,0
spec_prior_8326,1,4,2,2,0,1,0,1
not_recom_8327,1,4,2,2,0,1,0,2
spec_prior_8328,1,4,2,2,0,1,1,0
spec_prior_8329,1,4,2,2,0,1,1,1
not_recom_8330,1,4,2,2,0,1,1,2
spec_prior_8331,1,4,2,2,0,1,2,0
spec_prior_8332,1,4,2,2,0,1,2,1
not_recom_8333,1,4,2,2,0,1,2,2
spec_prior_8334,1,4,2,2,1,0,0,0
spec_prior_8335,1,4,2,2,1,0,0,1
not_recom_8336,1,4,2,2,1,0,0,2
spec_prior_8337,1,4,2,2,1,0,1,0
spec_prior_8338,1,4,2,2,1,0,1,1
not_recom_8339,1,4,2,2,1,0,1,2
spec_prior_8340,1,4,2,2,1,0,2,0
spec_prior_8341,1,4,2,2,1,0,2,1
not_recom_8342,1,4,2,2,1,0,2,2
spec_prior_8343,1,4,2,2,1,1,0,0
spec_prior_8344,1,4,2,2,1,1,0,1
not_recom_8345,1,4,2,2,1,1,0,2
spec_prior_8346,1,4,2,2,1,1,1,0
spec_prior_8347,1,4,2,2,1,1,1,1
not_recom_8348,1,4,2,2,1,1,1,2
spec_prior_8349,1,4,2,2,1,1,2,0
spec_prior_8350,1,4,2,2,1,1,2,1
not_recom_8351,1,4,2,2,1,1,2,2
spec_prior_8352,1,4,2,2,2,0,0,0
spec_prior_8353,1,4,2,2,2,0,0,1
not_recom_8354,1,4,2,2,2,0,0,2
spec_prior_8355,1,4,2,2,2,0,1,0
spec_prior_8356,1,4,2,2,2,0,1,1
not_recom_8357,1,4,2,2,2,0,1,2
spec_prior_8358,1,4,2,2,2,0,2,0
spec_prior_8359,1,4,2,2,2,0,2,1
not_recom_8360,1,4,2,2,2,0,2,2
spec_prior_8361,1,4,2,2,2,1,0,0
spec_prior_8362,1,4,2,2,2,1,0,1
not_recom_8363,1,4,2,2,2,1,0,2
spec_prior_8364,1,4,2,2,2,1,1,0
spec_prior_8365,1,4,2,2,2,1,1,1
not_recom_8366,1,4,2,2,2,1,1,2
spec_prior_8367,1,4,2,2,2,1,2,0
spec_prior_8368,1,4,2,2,2,1,2,1
not_recom_8369,1,4,2,2,2,1,2,2
priority_8370,1,4,2,3,0,0,0,0
spec_prior_8371,1,4,2,3,0,0,0,1
not_recom_8372,1,4,2,3,0,0,0,2
priority_8373,1,4,2,3,0,0,1,0
spec_prior_8374,1,4,2,3,0,0,1,1
not_recom_8375,1,4,2,3,0,0,1,2
spec_prior_8376,1,4,2,3,0,0,2,0
spec_prior_8377,1,4,2,3,0,0,2,1
not_recom_8378,1,4,2,3,0,0,2,2
spec_prior_8379,1,4,2,3,0,1,0,0
spec_prior_8380,1,4,2,3,0,1,0,1
not_recom_8381,1,4,2,3,0,1,0,2
spec_prior_8382,1,4,2,3,0,1,1,0
spec_prior_8383,1,4,2,3,0,1,1,1
not_recom_8384,1,4,2,3,0,1,1,2
spec_prior_8385,1,4,2,3,0,1,2,0
spec_prior_8386,1,4,2,3,0,1,2,1
not_recom_8387,1,4,2,3,0,1,2,2
spec_prior_8388,1,4,2,3,1,0,0,0
spec_prior_8389,1,4,2,3,1,0,0,1
not_recom_8390,1,4,2,3,1,0,0,2
spec_prior_8391,1,4,2,3,1,0,1,0
spec_prior_8392,1,4,2,3,1,0,1,1
not_recom_8393,1,4,2,3,1,0,1,2
spec_prior_8394,1,4,2,3,1,0,2,0
spec_prior_8395,1,4,2,3,1,0,2,1
not_recom_8396,1,4,2,3,1,0,2,2
spec_prior_8397,1,4,2,3,1,1,0,0
spec_prior_8398,1,4,2,3,1,1,0,1
not_recom_8399,1,4,2,3,1,1,0,2
spec_prior_8400,1,4,2,3,1,1,1,0
spec_prior_8401,1,4,2,3,1,1,1,1
not_recom_8402,1,4,2,3,1,1,1,2
spec_prior_8403,1,4,2,3,1,1,2,0
spec_prior_8404,1,4,2,3,1,1,2,1
not_recom_8405,1,4,2,3,1,1,2,2
spec_prior_8406,1,4,2,3,2,0,0,0
spec_prior_8407,1,4,2,3,2,0,0,1
not_recom_8408,1,4,2,3,2,0,0,2
spec_prior_8409,1,4,2,3,2,0,1,0
spec_prior_8410,1,4,2,3,2,0,1,1
not_recom_8411,1,4,2,3,2,0,1,2
spec_prior_8412,1,4,2,3,2,0,2,0
spec_prior_8413,1,4,2,3,2,0,2,1
not_recom_8414,1,4,2,3,2,0,2,2
spec_prior_8415,1,4,2,3,2,1,0,0
spec_prior_8416,1,4,2,3,2,1,0,1
not_recom_8417,1,4,2,3,2,1,0,2
spec_prior_8418,1,4,2,3,2,1,1,0
spec_prior_8419,1,4,2,3,2,1,1,1
not_recom_8420,1,4,2,3,2,1,1,2
spec_prior_8421,1,4,2,3,2,1,2,0
spec_prior_8422,1,4,2,3,2,1,2,1
not_recom_8423,1,4,2,3,2,1,2,2
priority_8424,1,4,3,0,0,0,0,0
spec_prior_8425,1,4,3,0,0,0,0,1
not_recom_8426,1,4,3,0,0,0,0,2
priority_8427,1,4,3,0,0,0,1,0
spec_prior_8428,1,4,3,0,0,0,1,1
not_recom_8429,1,4,3,0,0,0,1,2
spec_prior_8430,1,4,3,0,0,0,2,0
spec_prior_8431,1,4,3,0,0,0,2,1
not_recom_8432,1,4,3,0,0,0,2,2
spec_prior_8433,1,4,3,0,0,1,0,0
spec_prior_8434,1,4,3,0,0,1,0,1
not_recom_8435,1,4,3,0,0,1,0,2
spec_prior_8436,1,4,3,0,0,1,1,0
spec_prior_8437,1,4,3,0,0,1,1,1
not_recom_8438,1,4,3,0,0,1,1,2
spec_prior_8439,1,4,3,0,0,1,2,0
spec_prior_8440,1,4,3,0,0,1,2,1
not_recom_8441,1,4,3,0,0,1,2,2
spec_prior_8442,1,4,3,0,1,0,0,0
spec_prior_8443,1,4,3,0,1,0,0,1
not_recom_8444,1,4,3,0,1,0,0,2
spec_prior_8445,1,4,3,0,1,0,1,0
spec_prior_8446,1,4,3,0,1,0,1,1
not_recom_8447,1,4,3,0,1,0,1,2
spec_prior_8448,1,4,3,0,1,0,2,0
spec_prior_8449,1,4,3,0,1,0,2,1
not_recom_8450,1,4,3,0,1,0,2,2
spec_prior_8451,1,4,3,0,1,1,0,0
spec_prior_8452,1,4,3,0,1,1,0,1
not_recom_8453,1,4,3,0,1,1,0,2
spec_prior_8454,1,4,3,0,1,1,1,0
spec_prior_8455,1,4,3,0,1,1,1,1
not_recom_8456,1,4,3,0,1,1,1,2
spec_prior_8457,1,4,3,0,1,1,2,0
spec_prior_8458,1,4,3,0,1,1,2,1
not_recom_8459,1,4,3,0,1,1,2,2
spec_prior_8460,1,4,3,0,2,0,0,0
spec_prior_8461,1,4,3,0,2,0,0,1
not_recom_8462,1,4,3,0,2,0,0,2
spec_prior_8463,1,4,3,0,2,0,1,0
spec_prior_8464,1,4,3,0,2,0,1,1
not_recom_8465,1,4,3,0,2,0,1,2
spec_prior_8466,1,4,3,0,2,0,2,0
spec_prior_8467,1,4,3,0,2,0,2,1
not_recom_8468,1,4,3,0,2,0,2,2
spec_prior_8469,1,4,3,0,2,1,0,0
spec_prior_8470,1,4,3,0,2,1,0,1
not_recom_8471,1,4,3,0,2,1,0,2
spec_prior_8472,1,4,3,0,2,1,1,0
spec_prior_8473,1,4,3,0,2,1,1,1
not_recom_8474,1,4,3,0,2,1,1,2
spec_prior_8475,1,4,3,0,2,1,2,0
spec_prior_8476,1,4,3,0,2,1,2,1
not_recom_8477,1,4,3,0,2,1,2,2
priority_8478,1,4,3,1,0,0,0,0
spec_prior_8479,1,4,3,1,0,0,0,1
not_recom_8480,1,4,3,1,0,0,0,2
priority_8481,1,4,3,1,0,0,1,0
spec_prior_8482,1,4,3,1,0,0,1,1
not_recom_8483,1,4,3,1,0,0,1,2
spec_prior_8484,1,4,3,1,0,0,2,0
spec_prior_8485,1,4,3,1,0,0,2,1
not_recom_8486,1,4,3,1,0,0,2,2
spec_prior_8487,1,4,3,1,0,1,0,0
spec_prior_8488,1,4,3,1,0,1,0,1
not_recom_8489,1,4,3,1,0,1,0,2
spec_prior_8490,1,4,3,1,0,1,1,0
spec_prior_8491,1,4,3,1,0,1,1,1
not_recom_8492,1,4,3,1,0,1,1,2
spec_prior_8493,1,4,3,1,0,1,2,0
spec_prior_8494,1,4,3,1,0,1,2,1
not_recom_8495,1,4,3,1,0,1,2,2
spec_prior_8496,1,4,3,1,1,0,0,0
spec_prior_8497,1,4,3,1,1,0,0,1
not_recom_8498,1,4,3,1,1,0,0,2
spec_prior_8499,1,4,3,1,1,0,1,0
spec_prior_8500,1,4,3,1,1,0,1,1
not_recom_8501,1,4,3,1,1,0,1,2
spec_prior_8502,1,4,3,1,1,0,2,0
spec_prior_8503,1,4,3,1,1,0,2,1
not_recom_8504,1,4,3,1,1,0,2,2
spec_prior_8505,1,4,3,1,1,1,0,0
spec_prior_8506,1,4,3,1,1,1,0,1
not_recom_8507,1,4,3,1,1,1,0,2
spec_prior_8508,1,4,3,1,1,1,1,0
spec_prior_8509,1,4,3,1,1,1,1,1
not_recom_8510,1,4,3,1,1,1,1,2
spec_prior_8511,1,4,3,1,1,1,2,0
spec_prior_8512,1,4,3,1,1,1,2,1
not_recom_8513,1,4,3,1,1,1,2,2
spec_prior_8514,1,4,3,1,2,0,0,0
spec_prior_8515,1,4,3,1,2,0,0,1
not_recom_8516,1,4,3,1,2,0,0,2
spec_prior_8517,1,4,3,1,2,0,1,0
spec_prior_8518,1,4,3,1,2,0,1,1
not_recom_8519,1,4,3,1,2,0,1,2
spec_prior_8520,1,4,3,1,2,0,2,0
spec_prior_8521,1,4,3,1,2,0,2,1
not_recom_8522,1,4,3,1,2,0,2,2
spec_prior_8523,1,4,3,1,2,1,0,0
spec_prior_8524,1,4,3,1,2,1,0,1
not_recom_8525,1,4,3,1,2,1,0,2
spec_prior_8526,1,4,3,1,2,1,1,0
spec_prior_8527,1,4,3,1,2,1,1,1
not_recom_8528,1,4,3,1,2,1,1,2
spec_prior_8529,1,4,3,1,2,1,2,0
spec_prior_8530,1,4,3,1,2,1,2,1
not_recom_8531,1,4,3,1,2,1,2,2
priority_8532,1,4,3,2,0,0,0,0
spec_prior_8533,1,4,3,2,0,0,0,1
not_recom_8534,1,4,3,2,0,0,0,2
priority_8535,1,4,3,2,0,0,1,0
spec_prior_8536,1,4,3,2,0,0,1,1
not_recom_8537,1,4,3,2,0,0,1,2
spec_prior_8538,1,4,3,2,0,0,2,0
spec_prior_8539,1,4,3,2,0,0,2,1
not_recom_8540,1,4,3,2,0,0,2,2
spec_prior_8541,1,4,3,2,0,1,0,0
spec_prior_8542,1,4,3,2,0,1,0,1
not_recom_8543,1,4,3,2,0,1,0,2
spec_prior_8544,1,4,3,2,0,1,1,0
spec_prior_8545,1,4,3,2,0,1,1,1
not_recom_8546,1,4,3,2,0,1,1,2
spec_prior_8547,1,4,3,2,0,1,2,0
spec_prior_8548,1,4,3,2,0,1,2,1
not_recom_8549,1,4,3,2,0,1,2,2
spec_prior_8550,1,4,3,2,1,0,0,0
spec_prior_8551,1,4,3,2,1,0,0,1
not_recom_8552,1,4,3,2,1,0,0,2
spec_prior_8553,1,4,3,2,1,0,1,0
spec_prior_8554,1,4,3,2,1,0,1,1
not_recom_8555,1,4,3,2,1,0,1,2
spec_prior_8556,1,4,3,2,1,0,2,0
spec_prior_8557,1,4,3,2,1,0,2,1
not_recom_8558,1,4,3,2,1,0,2,2
spec_prior_8559,1,4,3,2,1,1,0,0
spec_prior_8560,1,4,3,2,1,1,0,1
not_recom_8561,1,4,3,2,1,1,0,2
spec_prior_8562,1,4,3,2,1,1,1,0
spec_prior_8563,1,4,3,2,1,1,1,1
not_recom_8564,1,4,3,2,1,1,1,2
spec_prior_8565,1,4,3,2,1,1,2,0
spec_prior_8566,1,4,3,2,1,1,2,1
not_recom_8567,1,4,3,2,1,1,2,2
spec_prior_8568,1,4,3,2,2,0,0,0
spec_prior_8569,1,4,3,2,2,0,0,1
not_recom_8570,1,4,3,2,2,0,0,2
spec_prior_8571,1,4,3,2,2,0,1,0
spec_prior_8572,1,4,3,2,2,0,1,1
not_recom_8573,1,4,3,2,2,0,1,2
spec_prior_8574,1,4,3,2,2,0,2,0
spec_prior_8575,1,4,3,2,2,0,2,1
not_recom_8576,1,4,3,2,2,0,2,2
spec_prior_8577,1,4,3,2,2,1,0,0
spec_prior_8578,1,4,3,2,2,1,0,1
not_recom_8579,1,4,3,2,2,1,0,2
spec_prior_8580,1,4,3,2,2,1,1,0
spec_prior_8581,1,4,3,2,2,1,1,1
not_recom_8582,1,4,3,2,2,1,1,2
spec_prior_8583,1,4,3,2,2,1,2,0
spec_prior_8584,1,4,3,2,2,1,2,1
not_recom_8585,1,4,3,2,2,1,2,2
priority_8586,1,4,3,3,0,0,0,0
spec_prior_8587,1,4,3,3,0,0,0,1
not_recom_8588,1,4,3,3,0,0,0,2
priority_8589,1,4,3,3,0,0,1,0
spec_prior_8590,1,4,3,3,0,0,1,1
not_recom_8591,1,4,3,3,0,0,1,2
spec_prior_8592,1,4,3,3,0,0,2,0
spec_prior_8593,1,4,3,3,0,0,2,1
not_recom_8594,1,4,3,3,0,0,2,2
spec_prior_8595,1,4,3,3,0,1,0,0
spec_prior_8596,1,4,3,3,0,1,0,1
not_recom_8597,1,4,3,3,0,1,0,2
spec_prior_8598,1,4,3,3,0,1,1,0
spec_prior_8599,1,4,3,3,0,1,1,1
not_recom_8600,1,4,3,3,0,1,1,2
spec_prior_8601,1,4,3,3,0,1,2,0
spec_prior_8602,1,4,3,3,0,1,2,1
not_recom_8603,1,4,3,3,0,1,2,2
spec_prior_8604,1,4,3,3,1,0,0,0
spec_prior_8605,1,4,3,3,1,0,0,1
not_recom_8606,1,4,3,3,1,0,0,2
spec_prior_8607,1,4,3,3,1,0,1,0
spec_prior_8608,1,4,3,3,1,0,1,1
not_recom_8609,1,4,3,3,1,0,1,2
spec_prior_8610,1,4,3,3,1,0,2,0
spec_prior_8611,1,4,3,3,1,0,2,1
not_recom_8612,1,4,3,3,1,0,2,2
spec_prior_8613,1,4,3,3,1,1,0,0
spec_prior_8614,1,4,3,3,1,1,0,1
not_recom_8615,1,4,3,3,1,1,0,2
spec_prior_8616,1,4,3,3,1,1,1,0
spec_prior_8617,1,4,3,3,1,1,1,1
not_recom_8618,1,4,3,3,1,1,1,2
spec_prior_8619,1,4,3,3,1,1,2,0
spec_prior_8620,1,4,3,3,1,1,2,1
not_recom_8621,1,4,3,3,1,1,2,2
spec_prior_8622,1,4,3,3,2,0,0,0
spec_prior_8623,1,4,3,3,2,0,0,1
not_recom_8624,1,4,3,3,2,0,0,2
spec_prior_8625,1,4,3,3,2,0,1,0
spec_prior_8626,1,4,3,3,2,0,1,1
not_recom_8627,1,4,3,3,2,0,1,2
spec_prior_8628,1,4,3,3,2,0,2,0
spec_prior_8629,1,4,3,3,2,0,2,1
not_recom_8630,1,4,3,3,2,0,2,2
spec_prior_8631,1,4,3,3,2,1,0,0
spec_prior_8632,1,4,3,3,2,1,0,1
not_recom_8633,1,4,3,3,2,1,0,2
spec_prior_8634,1,4,3,3,2,1,1,0
spec_prior_8635,1,4,3,3,2,1,1,1
not_recom_8636,1,4,3,3,2,1,1,2
spec_prior_8637,1,4,3,3,2,1,2,0
spec_prior_8638,1,4,3,3,2,1,2,1
not_recom_8639,1,4,3,3,2,1,2,2
priority_8640,2,0,0,0,0,0,0,0
priority_8641,2,0,0,0,0,0,0,1
not_recom_8642,2,0,0,0,0,0,0,2
priority_8643,2,0,0,0,0,0,1,0
priority_8644,2,0,0,0,0,0,1,1
not_recom_8645,2,0,0,0,0,0,1,2
priority_8646,2,0,0,0,0,0,2,0
priority_8647,2,0,0,0,0,0,2,1
not_recom_8648,2,0,0,0,0,0,2,2
priority_8649,2,0,0,0,0,1,0,0
priority_8650,2,0,0,0,0,1,0,1
not_recom_8651,2,0,0,0,0,1,0,2
priority_8652,2,0,0,0,0,1,1,0
priority_8653,2,0,0,0,0,1,1,1
not_recom_8654,2,0,0,0,0,1,1,2
priority_8655,2,0,0,0,0,1,2,0
priority_8656,2,0,0,0,0,1,2,1
not_recom_8657,2,0,0,0,0,1,2,2
priority_8658,2,0,0,0,1,0,0,0
priority_8659,2,0,0,0,1,0,0,1
not_recom_8660,2,0,0,0,1,0,0,2
priority_8661,2,0,0,0,1,0,1,0
priority_8662,2,0,0,0,1,0,1,1
not_recom_8663,2,0,0,0,1,0,1,2
priority_8664,2,0,0,0,1,0,2,0
priority_8665,2,0,0,0,1,0,2,1
not_recom_8666,2,0,0,0,1,0,2,2
priority_8667,2,0,0,0,1,1,0,0
priority_8668,2,0,0,0,1,1,0,1
not_recom_8669,2,0,0,0,1,1,0,2
priority_8670,2,0,0,0,1,1,1,0
priority_8671,2,0,0,0,1,1,1,1
not_recom_8672,2,0,0,0,1,1,1,2
priority_8673,2,0,0,0,1,1,2,0
priority_8674,2,0,0,0,1,1,2,1
not_recom_8675,2,0,0,0,1,1,2,2
priority_8676,2,0,0,0,2,0,0,0
priority_8677,2,0,0,0,2,0,0,1
not_recom_8678,2,0,0,0,2,0,0,2
priority_8679,2,0,0,0,2,0,1,0
priority_8680,2,0,0,0,2,0,1,1
not_recom_8681,2,0,0,0,2,0,1,2
priority_8682,2,0,0,0,2,0,2,0
priority_8683,2,0,0,0,2,0,2,1
not_recom_8684,2,0,0,0,2,0,2,2
priority_8685,2,0,0,0,2,1,0,0
priority_8686,2,0,0,0,2,1,0,1
not_recom_8687,2,0,0,0,2,1,0,2
priority_8688,2,0,0,0,2,1,1,0
priority_8689,2,0,0,0,2,1,1,1
not_recom_8690,2,0,0,0,2,1,1,2
priority_8691,2,0,0,0,2,1,2,0
priority_8692,2,0,0,0,2,1,2,1
not_recom_8693,2,0,0,0,2,1,2,2
priority_8694,2,0,0,1,0,0,0,0
priority_8695,2,0,0,1,0,0,0,1
not_recom_8696,2,0,0,1,0,0,0,2
priority_8697,2,0,0,1,0,0,1,0
priority_8698,2,0,0,1,0,0,1,1
not_recom_8699,2,0,0,1,0,0,1,2
priority_8700,2,0,0,1,0,0,2,0
priority_8701,2,0,0,1,0,0,2,1
not_recom_8702,2,0,0,1,0,0,2,2
priority_8703,2,0,0,1,0,1,0,0
priority_8704,2,0,0,1,0,1,0,1
not_recom_8705,2,0,0,1,0,1,0,2
priority_8706,2,0,0,1,0,1,1,0
priority_8707,2,0,0,1,0,1,1,1
not_recom_8708,2,0,0,1,0,1,1,2
priority_8709,2,0,0,1,0,1,2,0
priority_8710,2,0,0,1,0,1,2,1
not_recom_8711,2,0,0,1,0,1,2,2
priority_8712,2,0,0,1,1,0,0,0
priority_8713,2,0,0,1,1,0,0,1
not_recom_8714,2,0,0,1,1,0,0,2
priority_8715,2,0,0,1,1,0,1,0
priority_8716,2,0,0,1,1,0,1,1
not_recom_8717,2,0,0,1,1,0,1,2
priority_8718,2,0,0,1,1,0,2,0
priority_8719,2,0,0,1,1,0,2,1
not_recom_8720,2,0,0,1,1,0,2,2
priority_8721,2,0,0,1,1,1,0,0
priority_8722,2,0,0,1,1,1,0,1
not_recom_8723,2,0,0,1,1,1,0,2
priority_8724,2,0,0,1,1,1,1,0
priority_8725,2,0,0,1,1,1,1,1
not_recom_8726,2,0,0,1,1,1,1,2
priority_8727,2,0,0,1,1,1,2,0
priority_8728,2,0,0,1,1,1,2,1
not_recom_8729,2,0,0,1,1,1,2,2
priority_8730,2,0,0,1,2,0,0,0
spec_prior_8731,2,0,0,1,2,0,0,1
not_recom_8732,2,0,0,1,2,0,0,2
priority_8733,2,0,0,1,2,0,1,0
spec_prior_8734,2,0,0,1,2,0,1,1
not_recom_8735,2,0,0,1,2,0,1,2
spec_prior_8736,2,0,0,1,2,0,2,0
spec_prior_8737,2,0,0,1,2,0,2,1
not_recom_8738,2,0,0,1,2,0,2,2
priority_8739,2,0,0,1,2,1,0,0
spec_prior_8740,2,0,0,1,2,1,0,1
not_recom_8741,2,0,0,1,2,1,0,2
priority_8742,2,0,0,1,2,1,1,0
spec_prior_8743,2,0,0,1,2,1,1,1
not_recom_8744,2,0,0,1,2,1,1,2
spec_prior_8745,2,0,0,1,2,1,2,0
spec_prior_8746,2,0,0,1,2,1,2,1
not_recom_8747,2,0,0,1,2,1,2,2
priority_8748,2,0,0,2,0,0,0,0
priority_8749,2,0,0,2,0,0,0,1
not_recom_8750,2,0,0,2,0,0,0,2
priority_8751,2,0,0,2,0,0,1,0
priority_8752,2,0,0,2,0,0,1,1
not_recom_8753,2,0,0,2,0,0,1,2
priority_8754,2,0,0,2,0,0,2,0
priority_8755,2,0,0,2,0,0,2,1
not_recom_8756,2,0,0,2,0,0,2,2
priority_8757,2,0,0,2,0,1,0,0
spec_prior_8758,2,0,0,2,0,1,0,1
not_recom_8759,2,0,0,2,0,1,0,2
priority_8760,2,0,0,2,0,1,1,0
spec_prior_8761,2,0,0,2,0,1,1,1
not_recom_8762,2,0,0,2,0,1,1,2
spec_prior_8763,2,0,0,2,0,1,2,0
spec_prior_8764,2,0,0,2,0,1,2,1
not_recom_8765,2,0,0,2,0,1,2,2
priority_8766,2,0,0,2,1,0,0,0
spec_prior_8767,2,0,0,2,1,0,0,1
not_recom_8768,2,0,0,2,1,0,0,2
priority_8769,2,0,0,2,1,0,1,0
spec_prior_8770,2,0,0,2,1,0,1,1
not_recom_8771,2,0,0,2,1,0,1,2
spec_prior_8772,2,0,0,2,1,0,2,0
spec_prior_8773,2,0,0,2,1,0,2,1
not_recom_8774,2,0,0,2,1,0,2,2
priority_8775,2,0,0,2,1,1,0,0
spec_prior_8776,2,0,0,2,1,1,0,1
not_recom_8777,2,0,0,2,1,1,0,2
priority_8778,2,0,0,2,1,1,1,0
spec_prior_8779,2,0,0,2,1,1,1,1
not_recom_8780,2,0,0,2,1,1,1,2
spec_prior_8781,2,0,0,2,1,1,2,0
spec_prior_8782,2,0,0,2,1,1,2,1
not_recom_8783,2,0,0,2,1,1,2,2
priority_8784,2,0,0,2,2,0,0,0
spec_prior_8785,2,0,0,2,2,0,0,1
not_recom_8786,2,0,0,2,2,0,0,2
priority_8787,2,0,0,2,2,0,1,0
spec_prior_8788,2,0,0,2,2,0,1,1
not_recom_8789,2,0,0,2,2,0,1,2
spec_prior_8790,2,0,0,2,2,0,2,0
spec_prior_8791,2,0,0,2,2,0,2,1
not_recom_8792,2,0,0,2,2,0,2,2
priority_8793,2,0,0,2,2,1,0,0
spec_prior_8794,2,0,0,2,2,1,0,1
not_recom_8795,2,0,0,2,2,1,0,2
priority_8796,2,0,0,2,2,1,1,0
spec_prior_8797,2,0,0,2,2,1,1,1
not_recom_8798,2,0,0,2,2,1,1,2
spec_prior_8799,2,0,0,2,2,1,2,0
spec_prior_8800,2,0,0,2,2,1,2,1
not_recom_8801,2,0,0,2,2,1,2,2
priority_8802,2,0,0,3,0,0,0,0
priority_8803,2,0,0,3,0,0,0,1
not_recom_8804,2,0,0,3,0,0,0,2
priority_8805,2,0,0,3,0,0,1,0
priority_8806,2,0,0,3,0,0,1,1
not_recom_8807,2,0,0,3,0,0,1,2
priority_8808,2,0,0,3,0,0,2,0
priority_8809,2,0,0,3,0,0,2,1
not_recom_8810,2,0,0,3,0,0,2,2
priority_8811,2,0,0,3,0,1,0,0
spec_prior_8812,2,0,0,3,0,1,0,1
not_recom_8813,2,0,0,3,0,1,0,2
priority_8814,2,0,0,3,0,1,1,0
spec_prior_8815,2,0,0,3,0,1,1,1
not_recom_8816,2,0,0,3,0,1,1,2
spec_prior_8817,2,0,0,3,0,1,2,0
spec_prior_8818,2,0,0,3,0,1,2,1
not_recom_8819,2,0,0,3,0,1,2,2
priority_8820,2,0,0,3,1,0,0,0
spec_prior_8821,2,0,0,3,1,0,0,1
not_recom_8822,2,0,0,3,1,0,0,2
priority_8823,2,0,0,3,1,0,1,0
spec_prior_8824,2,0,0,3,1,0,1,1
not_recom_8825,2,0,0,3,1,0,1,2
spec_prior_8826,2,0,0,3,1,0,2,0
spec_prior_8827,2,0,0,3,1,0,2,1
not_recom_8828,2,0,0,3,1,0,2,2
priority_8829,2,0,0,3,1,1,0,0
spec_prior_8830,2,0,0,3,1,1,0,1
not_recom_8831,2,0,0,3,1,1,0,2
priority_8832,2,0,0,3,1,1,1,0
spec_prior_8833,2,0,0,3,1,1,1,1
not_recom_8834,2,0,0,3,1,1,1,2
spec_prior_8835,2,0,0,3,1,1,2,0
spec_prior_8836,2,0,0,3,1,1,2,1
not_recom_8837,2,0,0,3,1,1,2,2
priority_8838,2,0,0,3,2,0,0,0
spec_prior_8839,2,0,0,3,2,0,0,1
not_recom_8840,2,0,0,3,2,0,0,2
priority_8841,2,0,0,3,2,0,1,0
spec_prior_8842,2,0,0,3,2,0,1,1
not_recom_8843,2,0,0,3,2,0,1,2
spec_prior_8844,2,0,0,3,2,0,2,0
spec_prior_8845,2,0,0,3,2,0,2,1
not_recom_8846,2,0,0,3,2,0,2,2
priority_8847,2,0,0,3,2,1,0,0
spec_prior_8848,2,0,0,3,2,1,0,1
not_recom_8849,2,0,0,3,2,1,0,2
priority_8850,2,0,0,3,2,1,1,0
spec_prior_8851,2,0,0,3,2,1,1,1
not_recom_8852,2,0,0,3,2,1,1,2
spec_prior_8853,2,0,0,3,2,1,2,0
spec_prior_8854,2,0,0,3,2,1,2,1
not_recom_8855,2,0,0,3,2,1,2,2
priority_8856,2,0,1,0,0,0,0,0
priority_8857,2,0,1,0,0,0,0,1
not_recom_8858,2,0,1,0,0,0,0,2
priority_8859,2,0,1,0,0,0,1,0
priority_8860,2,0,1,0,0,0,1,1
not_recom_8861,2,0,1,0,0,0,1,2
priority_8862,2,0,1,0,0,0,2,0
priority_8863,2,0,1,0,0,0,2,1
not_recom_8864,2,0,1,0,0,0,2,2
priority_8865,2,0,1,0,0,1,0,0
priority_8866,2,0,1,0,0,1,0,1
not_recom_8867,2,0,1,0,0,1,0,2
priority_8868,2,0,1,0,0,1,1,0
priority_8869,2,0,1,0,0,1,1,1
not_recom_8870,2,0,1,0,0,1,1,2
priority_8871,2,0,1,0,0,1,2,0
priority_8872,2,0,1,0,0,1,2,1
not_recom_8873,2,0,1,0,0,1,2,2
priority_8874,2,0,1,0,1,0,0,0
priority_8875,2,0,1,0,1,0,0,1
not_recom_8876,2,0,1,0,1,0,0,2
priority_8877,2,0,1,0,1,0,1,0
priority_8878,2,0,1,0,1,0,1,1
not_recom_8879,2,0,1,0,1,0,1,2
priority_8880,2,0,1,0,1,0,2,0
priority_8881,2,0,1,0,1,0,2,1
not_recom_8882,2,0,1,0,1,0,2,2
priority_8883,2,0,1,0,1,1,0,0
priority_8884,2,0,1,0,1,1,0,1
not_recom_8885,2,0,1,0,1,1,0,2
priority_8886,2,0,1,0,1,1,1,0
priority_8887,2,0,1,0,1,1,1,1
not_recom_8888,2,0,1,0,1,1,1,2
priority_8889,2,0,1,0,1,1,2,0
priority_8890,2,0,1,0,1,1,2,1
not_recom_8891,2,0,1,0,1,1,2,2
priority_8892,2,0,1,0,2,0,0,0
spec_prior_8893,2,0,1,0,2,0,0,1
not_recom_8894,2,0,1,0,2,0,0,2
priority_8895,2,0,1,0,2,0,1,0
spec_prior_8896,2,0,1,0,2,0,1,1
not_recom_8897,2,0,1,0,2,0,1,2
spec_prior_8898,2,0,1,0,2,0,2,0
spec_prior_8899,2,0,1,0,2,0,2,1
not_recom_8900,2,0,1,0,2,0,2,2
priority_8901,2,0,1,0,2,1,0,0
spec_prior_8902,2,0,1,0,2,1,0,1
not_recom_8903,2,0,1,0,2,1,0,2
priority_8904,2,0,1,0,2,1,1,0
spec_prior_8905,2,0,1,0,2,1,1,1
not_recom_8906,2,0,1,0,2,1,1,2
spec_prior_8907,2,0,1,0,2,1,2,0
spec_prior_8908,2,0,1,0,2,1,2,1
not_recom_8909,2,0,1,0,2,1,2,2
priority_8910,2,0,1,1,0,0,0,0
priority_8911,2,0,1,1,0,0,0,1
not_recom_8912,2,0,1,1,0,0,0,2
priority_8913,2,0,1,1,0,0,1,0
priority_8914,2,0,1,1,0,0,1,1
not_recom_8915,2,0,1,1,0,0,1,2
priority_8916,2,0,1,1,0,0,2,0
priority_8917,2,0,1,1,0,0,2,1
not_recom_8918,2,0,1,1,0,0,2,2
priority_8919,2,0,1,1,0,1,0,0
priority_8920,2,0,1,1,0,1,0,1
not_recom_8921,2,0,1,1,0,1,0,2
priority_8922,2,0,1,1,0,1,1,0
priority_8923,2,0,1,1,0,1,1,1
not_recom_8924,2,0,1,1,0,1,1,2
priority_8925,2,0,1,1,0,1,2,0
priority_8926,2,0,1,1,0,1,2,1
not_recom_8927,2,0,1,1,0,1,2,2
priority_8928,2,0,1,1,1,0,0,0
priority_8929,2,0,1,1,1,0,0,1
not_recom_8930,2,0,1,1,1,0,0,2
priority_8931,2,0,1,1,1,0,1,0
priority_8932,2,0,1,1,1,0,1,1
not_recom_8933,2,0,1,1,1,0,1,2
priority_8934,2,0,1,1,1,0,2,0
priority_8935,2,0,1,1,1,0,2,1
not_recom_8936,2,0,1,1,1,0,2,2
priority_8937,2,0,1,1,1,1,0,0
priority_8938,2,0,1,1,1,1,0,1
not_recom_8939,2,0,1,1,1,1,0,2
priority_8940,2,0,1,1,1,1,1,0
priority_8941,2,0,1,1,1,1,1,1
not_recom_8942,2,0,1,1,1,1,1,2
priority_8943,2,0,1,1,1,1,2,0
priority_8944,2,0,1,1,1,1,2,1
not_recom_8945,2,0,1,1,1,1,2,2
priority_8946,2,0,1,1,2,0,0,0
spec_prior_8947,2,0,1,1,2,0,0,1
not_recom_8948,2,0,1,1,2,0,0,2
priority_8949,2,0,1,1,2,0,1,0
spec_prior_8950,2,0,1,1,2,0,1,1
not_recom_8951,2,0,1,1,2,0,1,2
spec_prior_8952,2,0,1,1,2,0,2,0
spec_prior_8953,2,0,1,1,2,0,2,1
not_recom_8954,2,0,1,1,2,0,2,2
priority_8955,2,0,1,1,2,1,0,0
spec_prior_8956,2,0,1,1,2,1,0,1
not_recom_8957,2,0,1,1,2,1,0,2
priority_8958,2,0,1,1,2,1,1,0
spec_prior_8959,2,0,1,1,2,1,1,1
not_recom_8960,2,0,1,1,2,1,1,2
spec_prior_8961,2,0,1,1,2,1,2,0
spec_prior_8962,2,0,1,1,2,1,2,1
not_recom_8963,2,0,1,1,2,1,2,2
priority_8964,2,0,1,2,0,0,0,0
priority_8965,2,0,1,2,0,0,0,1
not_recom_8966,2,0,1,2,0,0,0,2
priority_8967,2,0,1,2,0,0,1,0
priority_8968,2,0,1,2,0,0,1,1
not_recom_8969,2,0,1,2,0,0,1,2
priority_8970,2,0,1,2,0,0,2,0
priority_8971,2,0,1,2,0,0,2,1
not_recom_8972,2,0,1,2,0,0,2,2
priority_8973,2,0,1,2,0,1,0,0
spec_prior_8974,2,0,1,2,0,1,0,1
not_recom_8975,2,0,1,2,0,1,0,2
priority_8976,2,0,1,2,0,1,1,0
spec_prior_8977,2,0,1,2,0,1,1,1
not_recom_8978,2,0,1,2,0,1,1,2
spec_prior_8979,2,0,1,2,0,1,2,0
spec_prior_8980,2,0,1,2,0,1,2,1
not_recom_8981,2,0,1,2,0,1,2,2
priority_8982,2,0,1,2,1,0,0,0
spec_prior_8983,2,0,1,2,1,0,0,1
not_recom_8984,2,0,1,2,1,0,0,2
priority_8985,2,0,1,2,1,0,1,0
spec_prior_8986,2,0,1,2,1,0,1,1
not_recom_8987,2,0,1,2,1,0,1,2
spec_prior_8988,2,0,1,2,1,0,2,0
spec_prior_8989,2,0,1,2,1,0,2,1
not_recom_8990,2,0,1,2,1,0,2,2
priority_8991,2,0,1,2,1,1,0,0
spec_prior_8992,2,0,1,2,1,1,0,1
not_recom_8993,2,0,1,2,1,1,0,2
priority_8994,2,0,1,2,1,1,1,0
spec_prior_8995,2,0,1,2,1,1,1,1
not_recom_8996,2,0,1,2,1,1,1,2
spec_prior_8997,2,0,1,2,1,1,2,0
spec_prior_8998,2,0,1,2,1,1,2,1
not_recom_8999,2,0,1,2,1,1,2,2
priority_9000,2,0,1,2,2,0,0,0
spec_prior_9001,2,0,1,2,2,0,0,1
not_recom_9002,2,0,1,2,2,0,0,2
priority_9003,2,0,1,2,2,0,1,0
spec_prior_9004,2,0,1,2,2,0,1,1
not_recom_9005,2,0,1,2,2,0,1,2
spec_prior_9006,2,0,1,2,2,0,2,0
spec_prior_9007,2,0,1,2,2,0,2,1
not_recom_9008,2,0,1,2,2,0,2,2
priority_9009,2,0,1,2,2,1,0,0
spec_prior_9010,2,0,1,2,2,1,0,1
not_recom_9011,2,0,1,2,2,1,0,2
priority_9012,2,0,1,2,2,1,1,0
spec_prior_9013,2,0,1,2,2,1,1,1
not_recom_9014,2,0,1,2,2,1,1,2
spec_prior_9015,2,0,1,2,2,1,2,0
spec_prior_9016,2,0,1,2,2,1,2,1
not_recom_9017,2,0,1,2,2,1,2,2
priority_9018,2,0,1,3,0,0,0,0
priority_9019,2,0,1,3,0,0,0,1
not_recom_9020,2,0,1,3,0,0,0,2
priority_9021,2,0,1,3,0,0,1,0
priority_9022,2,0,1,3,0,0,1,1
not_recom_9023,2,0,1,3,0,0,1,2
priority_9024,2,0,1,3,0,0,2,0
priority_9025,2,0,1,3,0,0,2,1
not_recom_9026,2,0,1,3,0,0,2,2
priority_9027,2,0,1,3,0,1,0,0
spec_prior_9028,2,0,1,3,0,1,0,1
not_recom_9029,2,0,1,3,0,1,0,2
priority_9030,2,0,1,3,0,1,1,0
spec_prior_9031,2,0,1,3,0,1,1,1
not_recom_9032,2,0,1,3,0,1,1,2
spec_prior_9033,2,0,1,3,0,1,2,0
spec_prior_9034,2,0,1,3,0,1,2,1
not_recom_9035,2,0,1,3,0,1,2,2
priority_9036,2,0,1,3,1,0,0,0
spec_prior_9037,2,0,1,3,1,0,0,1
not_recom_9038,2,0,1,3,1,0,0,2
priority_9039,2,0,1,3,1,0,1,0
spec_prior_9040,2,0,1,3,1,0,1,1
not_recom_9041,2,0,1,3,1,0,1,2
spec_prior_9042,2,0,1,3,1,0,2,0
spec_prior_9043,2,0,1,3,1,0,2,1
not_recom_9044,2,0,1,3,1,0,2,2
priority_9045,2,0,1,3,1,1,0,0
spec_prior_9046,2,0,1,3,1,1,0,1
not_recom_9047,2,0,1,3,1,1,0,2
priority_9048,2,0,1,3,1,1,1,0
spec_prior_9049,2,0,1,3,1,1,1,1
not_recom_9050,2,0,1,3,1,1,1,2
spec_prior_9051,2,0,1,3,1,1,2,0
spec_prior_9052,2,0,1,3,1,1,2,1
not_recom_9053,2,0,1,3,1,1,2,2
priority_9054,2,0,1,3,2,0,0,0
spec_prior_9055,2,0,1,3,2,0,0,1
not_recom_9056,2,0,1,3,2,0,0,2
priority_9057,2,0,1,3,2,0,1,0
spec_prior_9058,2,0,1,3,2,0,1,1
not_recom_9059,2,0,1,3,2,0,1,2
spec_prior_9060,2,0,1,3,2,0,2,0
spec_prior_9061,2,0,1,3,2,0,2,1
not_recom_9062,2,0,1,3,2,0,2,2
priority_9063,2,0,1,3,2,1,0,0
spec_prior_9064,2,0,1,3,2,1,0,1
not_recom_9065,2,0,1,3,2,1,0,2
priority_9066,2,0,1,3,2,1,1,0
spec_prior_9067,2,0,1,3,2,1,1,1
not_recom_9068,2,0,1,3,2,1,1,2
spec_prior_9069,2,0,1,3,2,1,2,0
spec_prior_9070,2,0,1,3,2,1,2,1
not_recom_9071,2,0,1,3,2,1,2,2
priority_9072,2,0,2,0,0,0,0,0
priority_9073,2,0,2,0,0,0,0,1
not_recom_9074,2,0,2,0,0,0,0,2
priority_9075,2,0,2,0,0,0,1,0
priority_9076,2,0,2,0,0,0,1,1
not_recom_9077,2,0,2,0,0,0,1,2
priority_9078,2,0,2,0,0,0,2,0
priority_9079,2,0,2,0,0,0,2,1
not_recom_9080,2,0,2,0,0,0,2,2
priority_9081,2,0,2,0,0,1,0,0
priority_9082,2,0,2,0,0,1,0,1
not_recom_9083,2,0,2,0,0,1,0,2
priority_9084,2,0,2,0,0,1,1,0
priority_9085,2,0,2,0,0,1,1,1
not_recom_9086,2,0,2,0,0,1,1,2
priority_9087,2,0,2,0,0,1,2,0
priority_9088,2,0,2,0,0,1,2,1
not_recom_9089,2,0,2,0,0,1,2,2
priority_9090,2,0,2,0,1,0,0,0
priority_9091,2,0,2,0,1,0,0,1
not_recom_9092,2,0,2,0,1,0,0,2
priority_9093,2,0,2,0,1,0,1,0
priority_9094,2,0,2,0,1,0,1,1
not_recom_9095,2,0,2,0,1,0,1,2
priority_9096,2,0,2,0,1,0,2,0
priority_9097,2,0,2,0,1,0,2,1
not_recom_9098,2,0,2,0,1,0,2,2
priority_9099,2,0,2,0,1,1,0,0
priority_9100,2,0,2,0,1,1,0,1
not_recom_9101,2,0,2,0,1,1,0,2
priority_9102,2,0,2,0,1,1,1,0
priority_9103,2,0,2,0,1,1,1,1
not_recom_9104,2,0,2,0,1,1,1,2
priority_9105,2,0,2,0,1,1,2,0
priority_9106,2,0,2,0,1,1,2,1
not_recom_9107,2,0,2,0,1,1,2,2
priority_9108,2,0,2,0,2,0,0,0
spec_prior_9109,2,0,2,0,2,0,0,1
not_recom_9110,2,0,2,0,2,0,0,2
priority_9111,2,0,2,0,2,0,1,0
spec_prior_9112,2,0,2,0,2,0,1,1
not_recom_9113,2,0,2,0,2,0,1,2
spec_prior_9114,2,0,2,0,2,0,2,0
spec_prior_9115,2,0,2,0,2,0,2,1
not_recom_9116,2,0,2,0,2,0,2,2
priority_9117,2,0,2,0,2,1,0,0
spec_prior_9118,2,0,2,0,2,1,0,1
not_recom_9119,2,0,2,0,2,1,0,2
priority_9120,2,0,2,0,2,1,1,0
spec_prior_9121,2,0,2,0,2,1,1,1
not_recom_9122,2,0,2,0,2,1,1,2
spec_prior_9123,2,0,2,0,2,1,2,0
spec_prior_9124,2,0,2,0,2,1,2,1
not_recom_9125,2,0,2,0,2,1,2,2
priority_9126,2,0,2,1,0,0,0,0
priority_9127,2,0,2,1,0,0,0,1
not_recom_9128,2,0,2,1,0,0,0,2
priority_9129,2,0,2,1,0,0,1,0
priority_9130,2,0,2,1,0,0,1,1
not_recom_9131,2,0,2,1,0,0,1,2
priority_9132,2,0,2,1,0,0,2,0
priority_9133,2,0,2,1,0,0,2,1
not_recom_9134,2,0,2,1,0,0,2,2
priority_9135,2,0,2,1,0,1,0,0
spec_prior_9136,2,0,2,1,0,1,0,1
not_recom_9137,2,0,2,1,0,1,0,2
priority_9138,2,0,2,1,0,1,1,0
spec_prior_9139,2,0,2,1,0,1,1,1
not_recom_9140,2,0,2,1,0,1,1,2
spec_prior_9141,2,0,2,1,0,1,2,0
spec_prior_9142,2,0,2,1,0,1,2,1
not_recom_9143,2,0,2,1,0,1,2,2
priority_9144,2,0,2,1,1,0,0,0
spec_prior_9145,2,0,2,1,1,0,0,1
not_recom_9146,2,0,2,1,1,0,0,2
priority_9147,2,0,2,1,1,0,1,0
spec_prior_9148,2,0,2,1,1,0,1,1
not_recom_9149,2,0,2,1,1,0,1,2
spec_prior_9150,2,0,2,1,1,0,2,0
spec_prior_9151,2,0,2,1,1,0,2,1
not_recom_9152,2,0,2,1,1,0,2,2
priority_9153,2,0,2,1,1,1,0,0
spec_prior_9154,2,0,2,1,1,1,0,1
not_recom_9155,2,0,2,1,1,1,0,2
priority_9156,2,0,2,1,1,1,1,0
spec_prior_9157,2,0,2,1,1,1,1,1
not_recom_9158,2,0,2,1,1,1,1,2
spec_prior_9159,2,0,2,1,1,1,2,0
spec_prior_9160,2,0,2,1,1,1,2,1
not_recom_9161,2,0,2,1,1,1,2,2
priority_9162,2,0,2,1,2,0,0,0
spec_prior_9163,2,0,2,1,2,0,0,1
not_recom_9164,2,0,2,1,2,0,0,2
priority_9165,2,0,2,1,2,0,1,0
spec_prior_9166,2,0,2,1,2,0,1,1
not_recom_9167,2,0,2,1,2,0,1,2
spec_prior_9168,2,0,2,1,2,0,2,0
spec_prior_9169,2,0,2,1,2,0,2,1
not_recom_9170,2,0,2,1,2,0,2,2
priority_9171,2,0,2,1,2,1,0,0
spec_prior_9172,2,0,2,1,2,1,0,1
not_recom_9173,2,0,2,1,2,1,0,2
priority_9174,2,0,2,1,2,1,1,0
spec_prior_9175,2,0,2,1,2,1,1,1
not_recom_9176,2,0,2,1,2,1,1,2
spec_prior_9177,2,0,2,1,2,1,2,0
spec_prior_9178,2,0,2,1,2,1,2,1
not_recom_9179,2,0,2,1,2,1,2,2
priority_9180,2,0,2,2,0,0,0,0
priority_9181,2,0,2,2,0,0,0,1
not_recom_9182,2,0,2,2,0,0,0,2
priority_9183,2,0,2,2,0,0,1,0
priority_9184,2,0,2,2,0,0,1,1
not_recom_9185,2,0,2,2,0,0,1,2
priority_9186,2,0,2,2,0,0,2,0
priority_9187,2,0,2,2,0,0,2,1
not_recom_9188,2,0,2,2,0,0,2,2
priority_9189,2,0,2,2,0,1,0,0
spec_prior_9190,2,0,2,2,0,1,0,1
not_recom_9191,2,0,2,2,0,1,0,2
priority_9192,2,0,2,2,0,1,1,0
spec_prior_9193,2,0,2,2,0,1,1,1
not_recom_9194,2,0,2,2,0,1,1,2
spec_prior_9195,2,0,2,2,0,1,2,0
spec_prior_9196,2,0,2,2,0,1,2,1
not_recom_9197,2,0,2,2,0,1,2,2
priority_9198,2,0,2,2,1,0,0,0
spec_prior_9199,2,0,2,2,1,0,0,1
not_recom_9200,2,0,2,2,1,0,0,2
priority_9201,2,0,2,2,1,0,1,0
spec_prior_9202,2,0,2,2,1,0,1,1
not_recom_9203,2,0,2,2,1,0,1,2
spec_prior_9204,2,0,2,2,1,0,2,0
spec_prior_9205,2,0,2,2,1,0,2,1
not_recom_9206,2,0,2,2,1,0,2,2
priority_9207,2,0,2,2,1,1,0,0
spec_prior_9208,2,0,2,2,1,1,0,1
not_recom_9209,2,0,2,2,1,1,0,2
priority_9210,2,0,2,2,1,1,1,0
spec_prior_9211,2,0,2,2,1,1,1,1
not_recom_9212,2,0,2,2,1,1,1,2
spec_prior_9213,2,0,2,2,1,1,2,0
spec_prior_9214,2,0,2,2,1,1,2,1
not_recom_9215,2,0,2,2,1,1,2,2
priority_9216,2,0,2,2,2,0,0,0
spec_prior_9217,2,0,2,2,2,0,0,1
not_recom_9218,2,0,2,2,2,0,0,2
priority_9219,2,0,2,2,2,0,1,0
spec_prior_9220,2,0,2,2,2,0,1,1
not_recom_9221,2,0,2,2,2,0,1,2
spec_prior_9222,2,0,2,2,2,0,2,0
spec_prior_9223,2,0,2,2,2,0,2,1
not_recom_9224,2,0,2,2,2,0,2,2
priority_9225,2,0,2,2,2,1,0,0
spec_prior_9226,2,0,2,2,2,1,0,1
not_recom_9227,2,0,2,2,2,1,0,2
priority_9228,2,0,2,2,2,1,1,0
spec_prior_9229,2,0,2,2,2,1,1,1
not_recom_9230,2,0,2,2,2,1,1,2
spec_prior_9231,2,0,2,2,2,1,2,0
spec_prior_9232,2,0,2,2,2,1,2,1
not_recom_9233,2,0,2,2,2,1,2,2
priority_9234,2,0,2,3,0,0,0,0
priority_9235,2,0,2,3,0,0,0,1
not_recom_9236,2,0,2,3,0,0,0,2
priority_9237,2,0,2,3,0,0,1,0
priority_9238,2,0,2,3,0,0,1,1
not_recom_9239,2,0,2,3,0,0,1,2
priority_9240,2,0,2,3,0,0,2,0
priority_9241,2,0,2,3,0,0,2,1
not_recom_9242,2,0,2,3,0,0,2,2
priority_9243,2,0,2,3,0,1,0,0
spec_prior_9244,2,0,2,3,0,1,0,1
not_recom_9245,2,0,2,3,0,1,0,2
priority_9246,2,0,2,3,0,1,1,0
spec_prior_9247,2,0,2,3,0,1,1,1
not_recom_9248,2,0,2,3,0,1,1,2
spec_prior_9249,2,0,2,3,0,1,2,0
spec_prior_9250,2,0,2,3,0,1,2,1
not_recom_9251,2,0,2,3,0,1,2,2
priority_9252,2,0,2,3,1,0,0,0
spec_prior_9253,2,0,2,3,1,0,0,1
not_recom_9254,2,0,2,3,1,0,0,2
priority_9255,2,0,2,3,1,0,1,0
spec_prior_9256,2,0,2,3,1,0,1,1
not_recom_9257,2,0,2,3,1,0,1,2
spec_prior_9258,2,0,2,3,1,0,2,0
spec_prior_9259,2,0,2,3,1,0,2,1
not_recom_9260,2,0,2,3,1,0,2,2
priority_9261,2,0,2,3,1,1,0,0
spec_prior_9262,2,0,2,3,1,1,0,1
not_recom_9263,2,0,2,3,1,1,0,2
priority_9264,2,0,2,3,1,1,1,0
spec_prior_9265,2,0,2,3,1,1,1,1
not_recom_9266,2,0,2,3,1,1,1,2
spec_prior_9267,2,0,2,3,1,1,2,0
spec_prior_9268,2,0,2,3,1,1,2,1
not_recom_9269,2,0,2,3,1,1,2,2
priority_9270,2,0,2,3,2,0,0,0
spec_prior_9271,2,0,2,3,2,0,0,1
not_recom_9272,2,0,2,3,2,0,0,2
priority_9273,2,0,2,3,2,0,1,0
spec_prior_9274,2,0,2,3,2,0,1,1
not_recom_9275,2,0,2,3,2,0,1,2
spec_prior_9276,2,0,2,3,2,0,2,0
spec_prior_9277,2,0,2,3,2,0,2,1
not_recom_9278,2,0,2,3,2,0,2,2
priority_9279,2,0,2,3,2,1,0,0
spec_prior_9280,2,0,2,3,2,1,0,1
not_recom_9281,2,0,2,3,2,1,0,2
priority_9282,2,0,2,3,2,1,1,0
spec_prior_9283,2,0,2,3,2,1,1,1
not_recom_9284,2,0,2,3,2,1,1,2
spec_prior_9285,2,0,2,3,2,1,2,0
spec_prior_9286,2,0,2,3,2,1,2,1
not_recom_9287,2,0,2,3,2,1,2,2
priority_9288,2,0,3,0,0,0,0,0
priority_9289,2,0,3,0,0,0,0,1
not_recom_9290,2,0,3,0,0,0,0,2
priority_9291,2,0,3,0,0,0,1,0
priority_9292,2,0,3,0,0,0,1,1
not_recom_9293,2,0,3,0,0,0,1,2
priority_9294,2,0,3,0,0,0,2,0
priority_9295,2,0,3,0,0,0,2,1
not_recom_9296,2,0,3,0,0,0,2,2
priority_9297,2,0,3,0,0,1,0,0
spec_prior_9298,2,0,3,0,0,1,0,1
not_recom_9299,2,0,3,0,0,1,0,2
priority_9300,2,0,3,0,0,1,1,0
spec_prior_9301,2,0,3,0,0,1,1,1
not_recom_9302,2,0,3,0,0,1,1,2
spec_prior_9303,2,0,3,0,0,1,2,0
spec_prior_9304,2,0,3,0,0,1,2,1
not_recom_9305,2,0,3,0,0,1,2,2
priority_9306,2,0,3,0,1,0,0,0
spec_prior_9307,2,0,3,0,1,0,0,1
not_recom_9308,2,0,3,0,1,0,0,2
priority_9309,2,0,3,0,1,0,1,0
spec_prior_9310,2,0,3,0,1,0,1,1
not_recom_9311,2,0,3,0,1,0,1,2
spec_prior_9312,2,0,3,0,1,0,2,0
spec_prior_9313,2,0,3,0,1,0,2,1
not_recom_9314,2,0,3,0,1,0,2,2
priority_9315,2,0,3,0,1,1,0,0
spec_prior_9316,2,0,3,0,1,1,0,1
not_recom_9317,2,0,3,0,1,1,0,2
priority_9318,2,0,3,0,1,1,1,0
spec_prior_9319,2,0,3,0,1,1,1,1
not_recom_9320,2,0,3,0,1,1,1,2
spec_prior_9321,2,0,3,0,1,1,2,0
spec_prior_9322,2,0,3,0,1,1,2,1
not_recom_9323,2,0,3,0,1,1,2,2
priority_9324,2,0,3,0,2,0,0,0
spec_prior_9325,2,0,3,0,2,0,0,1
not_recom_9326,2,0,3,0,2,0,0,2
priority_9327,2,0,3,0,2,0,1,0
spec_prior_9328,2,0,3,0,2,0,1,1
not_recom_9329,2,0,3,0,2,0,1,2
spec_prior_9330,2,0,3,0,2,0,2,0
spec_prior_9331,2,0,3,0,2,0,2,1
not_recom_9332,2,0,3,0,2,0,2,2
priority_9333,2,0,3,0,2,1,0,0
spec_prior_9334,2,0,3,0,2,1,0,1
not_recom_9335,2,0,3,0,2,1,0,2
priority_9336,2,0,3,0,2,1,1,0
spec_prior_9337,2,0,3,0,2,1,1,1
not_recom_9338,2,0,3,0,2,1,1,2
spec_prior_9339,2,0,3,0,2,1,2,0
spec_prior_9340,2,0,3,0,2,1,2,1
not_recom_9341,2,0,3,0,2,1,2,2
priority_9342,2,0,3,1,0,0,0,0
priority_9343,2,0,3,1,0,0,0,1
not_recom_9344,2,0,3,1,0,0,0,2
priority_9345,2,0,3,1,0,0,1,0
priority_9346,2,0,3,1,0,0,1,1
not_recom_9347,2,0,3,1,0,0,1,2
priority_9348,2,0,3,1,0,0,2,0
priority_9349,2,0,3,1,0,0,2,1
not_recom_9350,2,0,3,1,0,0,2,2
priority_9351,2,0,3,1,0,1,0,0
spec_prior_9352,2,0,3,1,0,1,0,1
not_recom_9353,2,0,3,1,0,1,0,2
priority_9354,2,0,3,1,0,1,1,0
spec_prior_9355,2,0,3,1,0,1,1,1
not_recom_9356,2,0,3,1,0,1,1,2
spec_prior_9357,2,0,3,1,0,1,2,0
spec_prior_9358,2,0,3,1,0,1,2,1
not_recom_9359,2,0,3,1,0,1,2,2
priority_9360,2,0,3,1,1,0,0,0
spec_prior_9361,2,0,3,1,1,0,0,1
not_recom_9362,2,0,3,1,1,0,0,2
priority_9363,2,0,3,1,1,0,1,0
spec_prior_9364,2,0,3,1,1,0,1,1
not_recom_9365,2,0,3,1,1,0,1,2
spec_prior_9366,2,0,3,1,1,0,2,0
spec_prior_9367,2,0,3,1,1,0,2,1
not_recom_9368,2,0,3,1,1,0,2,2
priority_9369,2,0,3,1,1,1,0,0
spec_prior_9370,2,0,3,1,1,1,0,1
not_recom_9371,2,0,3,1,1,1,0,2
priority_9372,2,0,3,1,1,1,1,0
spec_prior_9373,2,0,3,1,1,1,1,1
not_recom_9374,2,0,3,1,1,1,1,2
spec_prior_9375,2,0,3,1,1,1,2,0
spec_prior_9376,2,0,3,1,1,1,2,1
not_recom_9377,2,0,3,1,1,1,2,2
priority_9378,2,0,3,1,2,0,0,0
spec_prior_9379,2,0,3,1,2,0,0,1
not_recom_9380,2,0,3,1,2,0,0,2
priority_9381,2,0,3,1,2,0,1,0
spec_prior_9382,2,0,3,1,2,0,1,1
not_recom_9383,2,0,3,1,2,0,1,2
spec_prior_9384,2,0,3,1,2,0,2,0
spec_prior_9385,2,0,3,1,2,0,2,1
not_recom_9386,2,0,3,1,2,0,2,2
priority_9387,2,0,3,1,2,1,0,0
spec_prior_9388,2,0,3,1,2,1,0,1
not_recom_9389,2,0,3,1,2,1,0,2
priority_9390,2,0,3,1,2,1,1,0
spec_prior_9391,2,0,3,1,2,1,1,1
not_recom_9392,2,0,3,1,2,1,1,2
spec_prior_9393,2,0,3,1,2,1,2,0
spec_prior_9394,2,0,3,1,2,1,2,1
not_recom_9395,2,0,3,1,2,1,2,2
priority_9396,2,0,3,2,0,0,0,0
priority_9397,2,0,3,2,0,0,0,1
not_recom_9398,2,0,3,2,0,0,0,2
priority_9399,2,0,3,2,0,0,1,0
priority_9400,2,0,3,2,0,0,1,1
not_recom_9401,2,0,3,2,0,0,1,2
priority_9402,2,0,3,2,0,0,2,0
priority_9403,2,0,3,2,0,0,2,1
not_recom_9404,2,0,3,2,0,0,2,2
priority_9405,2,0,3,2,0,1,0,0
spec_prior_9406,2,0,3,2,0,1,0,1
not_recom_9407,2,0,3,2,0,1,0,2
priority_9408,2,0,3,2,0,1,1,0
spec_prior_9409,2,0,3,2,0,1,1,1
not_recom_9410,2,0,3,2,0,1,1,2
spec_prior_9411,2,0,3,2,0,1,2,0
spec_prior_9412,2,0,3,2,0,1,2,1
not_recom_9413,2,0,3,2,0,1,2,2
priority_9414,2,0,3,2,1,0,0,0
spec_prior_9415,2,0,3,2,1,0,0,1
not_recom_9416,2,0,3,2,1,0,0,2
priority_9417,2,0,3,2,1,0,1,0
spec_prior_9418,2,0,3,2,1,0,1,1
not_recom_9419,2,0,3,2,1,0,1,2
spec_prior_9420,2,0,3,2,1,0,2,0
spec_prior_9421,2,0,3,2,1,0,2,1
not_recom_9422,2,0,3,2,1,0,2,2
priority_9423,2,0,3,2,1,1,0,0
spec_prior_9424,2,0,3,2,1,1,0,1
not_recom_9425,2,0,3,2,1,1,0,2
priority_9426,2,0,3,2,1,1,1,0
spec_prior_9427,2,0,3,2,1,1,1,1
not_recom_9428,2,0,3,2,1,1,1,2
spec_prior_9429,2,0,3,2,1,1,2,0
spec_prior_9430,2,0,3,2,1,1,2,1
not_recom_9431,2,0,3,2,1,1,2,2
priority_9432,2,0,3,2,2,0,0,0
spec_prior_9433,2,0,3,2,2,0,0,1
not_recom_9434,2,0,3,2,2,0,0,2
priority_9435,2,0,3,2,2,0,1,0
spec_prior_9436,2,0,3,2,2,0,1,1
not_recom_9437,2,0,3,2,2,0,1,2
spec_prior_9438,2,0,3,2,2,0,2,0
spec_prior_9439,2,0,3,2,2,0,2,1
not_recom_9440,2,0,3,2,2,0,2,2
priority_9441,2,0,3,2,2,1,0,0
spec_prior_9442,2,0,3,2,2,1,0,1
not_recom_9443,2,0,3,2,2,1,0,2
priority_9444,2,0,3,2,2,1,1,0
spec_prior_9445,2,0,3,2,2,1,1,1
not_recom_9446,2,0,3,2,2,1,1,2
spec_prior_9447,2,0,3,2,2,1,2,0
spec_prior_9448,2,0,3,2,2,1,2,1
not_recom_9449,2,0,3,2,2,1,2,2
priority_9450,2,0,3,3,0,0,0,0
priority_9451,2,0,3,3,0,0,0,1
not_recom_9452,2,0,3,3,0,0,0,2
priority_9453,2,0,3,3,0,0,1,0
priority_9454,2,0,3,3,0,0,1,1
not_recom_9455,2,0,3,3,0,0,1,2
priority_9456,2,0,3,3,0,0,2,0
priority_9457,2,0,3,3,0,0,2,1
not_recom_9458,2,0,3,3,0,0,2,2
priority_9459,2,0,3,3,0,1,0,0
spec_prior_9460,2,0,3,3,0,1,0,1
not_recom_9461,2,0,3,3,0,1,0,2
priority_9462,2,0,3,3,0,1,1,0
spec_prior_9463,2,0,3,3,0,1,1,1
not_recom_9464,2,0,3,3,0,1,1,2
spec_prior_9465,2,0,3,3,0,1,2,0
spec_prior_9466,2,0,3,3,0,1,2,1
not_recom_9467,2,0,3,3,0,1,2,2
priority_9468,2,0,3,3,1,0,0,0
spec_prior_9469,2,0,3,3,1,0,0,1
not_recom_9470,2,0,3,3,1,0,0,2
priority_9471,2,0,3,3,1,0,1,0
spec_prior_9472,2,0,3,3,1,0,1,1
not_recom_9473,2,0,3,3,1,0,1,2
spec_prior_9474,2,0,3,3,1,0,2,0
spec_prior_9475,2,0,3,3,1,0,2,1
not_recom_9476,2,0,3,3,1,0,2,2
priority_9477,2,0,3,3,1,1,0,0
spec_prior_9478,2,0,3,3,1,1,0,1
not_recom_9479,2,0,3,3,1,1,0,2
priority_9480,2,0,3,3,1,1,1,0
spec_prior_9481,2,0,3,3,1,1,1,1
not_recom_9482,2,0,3,3,1,1,1,2
spec_prior_9483,2,0,3,3,1,1,2,0
spec_prior_9484,2,0,3,3,1,1,2,1
not_recom_9485,2,0,3,3,1,1,2,2
priority_9486,2,0,3,3,2,0,0,0
spec_prior_9487,2,0,3,3,2,0,0,1
not_recom_9488,2,0,3,3,2,0,0,2
priority_9489,2,0,3,3,2,0,1,0
spec_prior_9490,2,0,3,3,2,0,1,1
not_recom_9491,2,0,3,3,2,0,1,2
spec_prior_9492,2,0,3,3,2,0,2,0
spec_prior_9493,2,0,3,3,2,0,2,1
not_recom_9494,2,0,3,3,2,0,2,2
priority_9495,2,0,3,3,2,1,0,0
spec_prior_9496,2,0,3,3,2,1,0,1
not_recom_9497,2,0,3,3,2,1,0,2
priority_9498,2,0,3,3,2,1,1,0
spec_prior_9499,2,0,3,3,2,1,1,1
not_recom_9500,2,0,3,3,2,1,1,2
spec_prior_9501,2,0,3,3,2,1,2,0
spec_prior_9502,2,0,3,3,2,1,2,1
not_recom_9503,2,0,3,3,2,1,2,2
priority_9504,2,1,0,0,0,0,0,0
priority_9505,2,1,0,0,0,0,0,1
not_recom_9506,2,1,0,0,0,0,0,2
priority_9507,2,1,0,0,0,0,1,0
priority_9508,2,1,0,0,0,0,1,1
not_recom_9509,2,1,0,0,0,0,1,2
priority_9510,2,1,0,0,0,0,2,0
priority_9511,2,1,0,0,0,0,2,1
not_recom_9512,2,1,0,0,0,0,2,2
priority_9513,2,1,0,0,0,1,0,0
priority_9514,2,1,0,0,0,1,0,1
not_recom_9515,2,1,0,0,0,1,0,2
priority_9516,2,1,0,0,0,1,1,0
priority_9517,2,1,0,0,0,1,1,1
not_recom_9518,2,1,0,0,0,1,1,2
priority_9519,2,1,0,0,0,1,2,0
priority_9520,2,1,0,0,0,1,2,1
not_recom_9521,2,1,0,0,0,1,2,2
priority_9522,2,1,0,0,1,0,0,0
priority_9523,2,1,0,0,1,0,0,1
not_recom_9524,2,1,0,0,1,0,0,2
priority_9525,2,1,0,0,1,0,1,0
priority_9526,2,1,0,0,1,0,1,1
not_recom_9527,2,1,0,0,1,0,1,2
priority_9528,2,1,0,0,1,0,2,0
priority_9529,2,1,0,0,1,0,2,1
not_recom_9530,2,1,0,0,1,0,2,2
priority_9531,2,1,0,0,1,1,0,0
priority_9532,2,1,0,0,1,1,0,1
not_recom_9533,2,1,0,0,1,1,0,2
priority_9534,2,1,0,0,1,1,1,0
priority_9535,2,1,0,0,1,1,1,1
not_recom_9536,2,1,0,0,1,1,1,2
priority_9537,2,1,0,0,1,1,2,0
priority_9538,2,1,0,0,1,1,2,1
not_recom_9539,2,1,0,0,1,1,2,2
priority_9540,2,1,0,0,2,0,0,0
priority_9541,2,1,0,0,2,0,0,1
not_recom_9542,2,1,0,0,2,0,0,2
priority_9543,2,1,0,0,2,0,1,0
priority_9544,2,1,0,0,2,0,1,1
not_recom_9545,2,1,0,0,2,0,1,2
priority_9546,2,1,0,0,2,0,2,0
priority_9547,2,1,0,0,2,0,2,1
not_recom_9548,2,1,0,0,2,0,2,2
priority_9549,2,1,0,0,2,1,0,0
priority_9550,2,1,0,0,2,1,0,1
not_recom_9551,2,1,0,0,2,1,0,2
priority_9552,2,1,0,0,2,1,1,0
priority_9553,2,1,0,0,2,1,1,1
not_recom_9554,2,1,0,0,2,1,1,2
priority_9555,2,1,0,0,2,1,2,0
priority_9556,2,1,0,0,2,1,2,1
not_recom_9557,2,1,0,0,2,1,2,2
priority_9558,2,1,0,1,0,0,0,0
priority_9559,2,1,0,1,0,0,0,1
not_recom_9560,2,1,0,1,0,0,0,2
priority_9561,2,1,0,1,0,0,1,0
priority_9562,2,1,0,1,0,0,1,1
not_recom_9563,2,1,0,1,0,0,1,2
priority_9564,2,1,0,1,0,0,2,0
priority_9565,2,1,0,1,0,0,2,1
not_recom_9566,2,1,0,1,0,0,2,2
priority_9567,2,1,0,1,0,1,0,0
priority_9568,2,1,0,1,0,1,0,1
not_recom_9569,2,1,0,1,0,1,0,2
priority_9570,2,1,0,1,0,1,1,0
priority_9571,2,1,0,1,0,1,1,1
not_recom_9572,2,1,0,1,0,1,1,2
priority_9573,2,1,0,1,0,1,2,0
priority_9574,2,1,0,1,0,1,2,1
not_recom_9575,2,1,0,1,0,1,2,2
priority_9576,2,1,0,1,1,0,0,0
priority_9577,2,1,0,1,1,0,0,1
not_recom_9578,2,1,0,1,1,0,0,2
priority_9579,2,1,0,1,1,0,1,0
priority_9580,2,1,0,1,1,0,1,1
not_recom_9581,2,1,0,1,1,0,1,2
priority_9582,2,1,0,1,1,0,2,0
priority_9583,2,1,0,1,1,0,2,1
not_recom_9584,2,1,0,1,1,0,2,2
priority_9585,2,1,0,1,1,1,0,0
priority_9586,2,1,0,1,1,1,0,1
not_recom_9587,2,1,0,1,1,1,0,2
priority_9588,2,1,0,1,1,1,1,0
priority_9589,2,1,0,1,1,1,1,1
not_recom_9590,2,1,0,1,1,1,1,2
priority_9591,2,1,0,1,1,1,2,0
priority_9592,2,1,0,1,1,1,2,1
not_recom_9593,2,1,0,1,1,1,2,2
priority_9594,2,1,0,1,2,0,0,0
spec_prior_9595,2,1,0,1,2,0,0,1
not_recom_9596,2,1,0,1,2,0,0,2
priority_9597,2,1,0,1,2,0,1,0
spec_prior_9598,2,1,0,1,2,0,1,1
not_recom_9599,2,1,0,1,2,0,1,2
spec_prior_9600,2,1,0,1,2,0,2,0
spec_prior_9601,2,1,0,1,2,0,2,1
not_recom_9602,2,1,0,1,2,0,2,2
priority_9603,2,1,0,1,2,1,0,0
spec_prior_9604,2,1,0,1,2,1,0,1
not_recom_9605,2,1,0,1,2,1,0,2
priority_9606,2,1,0,1,2,1,1,0
spec_prior_9607,2,1,0,1,2,1,1,1
not_recom_9608,2,1,0,1,2,1,1,2
spec_prior_9609,2,1,0,1,2,1,2,0
spec_prior_9610,2,1,0,1,2,1,2,1
not_recom_9611,2,1,0,1,2,1,2,2
priority_9612,2,1,0,2,0,0,0,0
priority_9613,2,1,0,2,0,0,0,1
not_recom_9614,2,1,0,2,0,0,0,2
priority_9615,2,1,0,2,0,0,1,0
priority_9616,2,1,0,2,0,0,1,1
not_recom_9617,2,1,0,2,0,0,1,2
priority_9618,2,1,0,2,0,0,2,0
priority_9619,2,1,0,2,0,0,2,1
not_recom_9620,2,1,0,2,0,0,2,2
priority_9621,2,1,0,2,0,1,0,0
spec_prior_9622,2,1,0,2,0,1,0,1
not_recom_9623,2,1,0,2,0,1,0,2
priority_9624,2,1,0,2,0,1,1,0
spec_prior_9625,2,1,0,2,0,1,1,1
not_recom_9626,2,1,0,2,0,1,1,2
spec_prior_9627,2,1,0,2,0,1,2,0
spec_prior_9628,2,1,0,2,0,1,2,1
not_recom_9629,2,1,0,2,0,1,2,2
priority_9630,2,1,0,2,1,0,0,0
spec_prior_9631,2,1,0,2,1,0,0,1
not_recom_9632,2,1,0,2,1,0,0,2
priority_9633,2,1,0,2,1,0,1,0
spec_prior_9634,2,1,0,2,1,0,1,1
not_recom_9635,2,1,0,2,1,0,1,2
spec_prior_9636,2,1,0,2,1,0,2,0
spec_prior_9637,2,1,0,2,1,0,2,1
not_recom_9638,2,1,0,2,1,0,2,2
priority_9639,2,1,0,2,1,1,0,0
spec_prior_9640,2,1,0,2,1,1,0,1
not_recom_9641,2,1,0,2,1,1,0,2
priority_9642,2,1,0,2,1,1,1,0
spec_prior_9643,2,1,0,2,1,1,1,1
not_recom_9644,2,1,0,2,1,1,1,2
spec_prior_9645,2,1,0,2,1,1,2,0
spec_prior_9646,2,1,0,2,1,1,2,1
not_recom_9647,2,1,0,2,1,1,2,2
priority_9648,2,1,0,2,2,0,0,0
spec_prior_9649,2,1,0,2,2,0,0,1
not_recom_9650,2,1,0,2,2,0,0,2
priority_9651,2,1,0,2,2,0,1,0
spec_prior_9652,2,1,0,2,2,0,1,1
not_recom_9653,2,1,0,2,2,0,1,2
spec_prior_9654,2,1,0,2,2,0,2,0
spec_prior_9655,2,1,0,2,2,0,2,1
not_recom_9656,2,1,0,2,2,0,2,2
priority_9657,2,1,0,2,2,1,0,0
spec_prior_9658,2,1,0,2,2,1,0,1
not_recom_9659,2,1,0,2,2,1,0,2
priority_9660,2,1,0,2,2,1,1,0
spec_prior_9661,2,1,0,2,2,1,1,1
not_recom_9662,2,1,0,2,2,1,1,2
spec_prior_9663,2,1,0,2,2,1,2,0
spec_prior_9664,2,1,0,2,2,1,2,1
not_recom_9665,2,1,0,2,2,1,2,2
priority_9666,2,1,0,3,0,0,0,0
priority_9667,2,1,0,3,0,0,0,1
not_recom_9668,2,1,0,3,0,0,0,2
priority_9669,2,1,0,3,0,0,1,0
priority_9670,2,1,0,3,0,0,1,1
not_recom_9671,2,1,0,3,0,0,1,2
priority_9672,2,1,0,3,0,0,2,0
priority_9673,2,1,0,3,0,0,2,1
not_recom_9674,2,1,0,3,0,0,2,2
priority_9675,2,1,0,3,0,1,0,0
spec_prior_9676,2,1,0,3,0,1,0,1
not_recom_9677,2,1,0,3,0,1,0,2
priority_9678,2,1,0,3,0,1,1,0
spec_prior_9679,2,1,0,3,0,1,1,1
not_recom_9680,2,1,0,3,0,1,1,2
spec_prior_9681,2,1,0,3,0,1,2,0
spec_prior_9682,2,1,0,3,0,1,2,1
not_recom_9683,2,1,0,3,0,1,2,2
priority_9684,2,1,0,3,1,0,0,0
spec_prior_9685,2,1,0,3,1,0,0,1
not_recom_9686,2,1,0,3,1,0,0,2
priority_9687,2,1,0,3,1,0,1,0
spec_prior_9688,2,1,0,3,1,0,1,1
not_recom_9689,2,1,0,3,1,0,1,2
spec_prior_9690,2,1,0,3,1,0,2,0
spec_prior_9691,2,1,0,3,1,0,2,1
not_recom_9692,2,1,0,3,1,0,2,2
priority_9693,2,1,0,3,1,1,0,0
spec_prior_9694,2,1,0,3,1,1,0,1
not_recom_9695,2,1,0,3,1,1,0,2
priority_9696,2,1,0,3,1,1,1,0
spec_prior_9697,2,1,0,3,1,1,1,1
not_recom_9698,2,1,0,3,1,1,1,2
spec_prior_9699,2,1,0,3,1,1,2,0
spec_prior_9700,2,1,0,3,1,1,2,1
not_recom_9701,2,1,0,3,1,1,2,2
priority_9702,2,1,0,3,2,0,0,0
spec_prior_9703,2,1,0,3,2,0,0,1
not_recom_9704,2,1,0,3,2,0,0,2
priority_9705,2,1,0,3,2,0,1,0
spec_prior_9706,2,1,0,3,2,0,1,1
not_recom_9707,2,1,0,3,2,0,1,2
spec_prior_9708,2,1,0,3,2,0,2,0
spec_prior_9709,2,1,0,3,2,0,2,1
not_recom_9710,2,1,0,3,2,0,2,2
priority_9711,2,1,0,3,2,1,0,0
spec_prior_9712,2,1,0,3,2,1,0,1
not_recom_9713,2,1,0,3,2,1,0,2
priority_9714,2,1,0,3,2,1,1,0
spec_prior_9715,2,1,0,3,2,1,1,1
not_recom_9716,2,1,0,3,2,1,1,2
spec_prior_9717,2,1,0,3,2,1,2,0
spec_prior_9718,2,1,0,3,2,1,2,1
not_recom_9719,2,1,0,3,2,1,2,2
priority_9720,2,1,1,0,0,0,0,0
priority_9721,2,1,1,0,0,0,0,1
not_recom_9722,2,1,1,0,0,0,0,2
priority_9723,2,1,1,0,0,0,1,0
priority_9724,2,1,1,0,0,0,1,1
not_recom_9725,2,1,1,0,0,0,1,2
priority_9726,2,1,1,0,0,0,2,0
priority_9727,2,1,1,0,0,0,2,1
not_recom_9728,2,1,1,0,0,0,2,2
priority_9729,2,1,1,0,0,1,0,0
priority_9730,2,1,1,0,0,1,0,1
not_recom_9731,2,1,1,0,0,1,0,2
priority_9732,2,1,1,0,0,1,1,0
priority_9733,2,1,1,0,0,1,1,1
not_recom_9734,2,1,1,0,0,1,1,2
priority_9735,2,1,1,0,0,1,2,0
priority_9736,2,1,1,0,0,1,2,1
not_recom_9737,2,1,1,0,0,1,2,2
priority_9738,2,1,1,0,1,0,0,0
priority_9739,2,1,1,0,1,0,0,1
not_recom_9740,2,1,1,0,1,0,0,2
priority_9741,2,1,1,0,1,0,1,0
priority_9742,2,1,1,0,1,0,1,1
not_recom_9743,2,1,1,0,1,0,1,2
priority_9744,2,1,1,0,1,0,2,0
priority_9745,2,1,1,0,1,0,2,1
not_recom_9746,2,1,1,0,1,0,2,2
priority_9747,2,1,1,0,1,1,0,0
priority_9748,2,1,1,0,1,1,0,1
not_recom_9749,2,1,1,0,1,1,0,2
priority_9750,2,1,1,0,1,1,1,0
priority_9751,2,1,1,0,1,1,1,1
not_recom_9752,2,1,1,0,1,1,1,2
priority_9753,2,1,1,0,1,1,2,0
priority_9754,2,1,1,0,1,1,2,1
not_recom_9755,2,1,1,0,1,1,2,2
priority_9756,2,1,1,0,2,0,0,0
spec_prior_9757,2,1,1,0,2,0,0,1
not_recom_9758,2,1,1,0,2,0,0,2
priority_9759,2,1,1,0,2,0,1,0
spec_prior_9760,2,1,1,0,2,0,1,1
not_recom_9761,2,1,1,0,2,0,1,2
spec_prior_9762,2,1,1,0,2,0,2,0
spec_prior_9763,2,1,1,0,2,0,2,1
not_recom_9764,2,1,1,0,2,0,2,2
priority_9765,2,1,1,0,2,1,0,0
spec_prior_9766,2,1,1,0,2,1,0,1
not_recom_9767,2,1,1,0,2,1,0,2
priority_9768,2,1,1,0,2,1,1,0
spec_prior_9769,2,1,1,0,2,1,1,1
not_recom_9770,2,1,1,0,2,1,1,2
spec_prior_9771,2,1,1,0,2,1,2,0
spec_prior_9772,2,1,1,0,2,1,2,1
not_recom_9773,2,1,1,0,2,1,2,2
priority_9774,2,1,1,1,0,0,0,0
priority_9775,2,1,1,1,0,0,0,1
not_recom_9776,2,1,1,1,0,0,0,2
priority_9777,2,1,1,1,0,0,1,0
priority_9778,2,1,1,1,0,0,1,1
not_recom_9779,2,1,1,1,0,0,1,2
priority_9780,2,1,1,1,0,0,2,0
priority_9781,2,1,1,1,0,0,2,1
not_recom_9782,2,1,1,1,0,0,2,2
priority_9783,2,1,1,1,0,1,0,0
priority_9784,2,1,1,1,0,1,0,1
not_recom_9785,2,1,1,1,0,1,0,2
priority_9786,2,1,1,1,0,1,1,0
priority_9787,2,1,1,1,0,1,1,1
not_recom_9788,2,1,1,1,0,1,1,2
priority_9789,2,1,1,1,0,1,2,0
priority_9790,2,1,1,1,0,1,2,1
not_recom_9791,2,1,1,1,0,1,2,2
priority_9792,2,1,1,1,1,0,0,0
priority_9793,2,1,1,1,1,0,0,1
not_recom_9794,2,1,1,1,1,0,0,2
priority_9795,2,1,1,1,1,0,1,0
priority_9796,2,1,1,1,1,0,1,1
not_recom_9797,2,1,1,1,1,0,1,2
priority_9798,2,1,1,1,1,0,2,0
priority_9799,2,1,1,1,1,0,2,1
not_recom_9800,2,1,1,1,1,0,2,2
priority_9801,2,1,1,1,1,1,0,0
priority_9802,2,1,1,1,1,1,0,1
not_recom_9803,2,1,1,1,1,1,0,2
priority_9804,2,1,1,1,1,1,1,0
priority_9805,2,1,1,1,1,1,1,1
not_recom_9806,2,1,1,1,1,1,1,2
priority_9807,2,1,1,1,1,1,2,0
priority_9808,2,1,1,1,1,1,2,1
not_recom_9809,2,1,1,1,1,1,2,2
priority_9810,2,1,1,1,2,0,0,0
spec_prior_9811,2,1,1,1,2,0,0,1
not_recom_9812,2,1,1,1,2,0,0,2
priority_9813,2,1,1,1,2,0,1,0
spec_prior_9814,2,1,1,1,2,0,1,1
not_recom_9815,2,1,1,1,2,0,1,2
spec_prior_9816,2,1,1,1,2,0,2,0
spec_prior_9817,2,1,1,1,2,0,2,1
not_recom_9818,2,1,1,1,2,0,2,2
priority_9819,2,1,1,1,2,1,0,0
spec_prior_9820,2,1,1,1,2,1,0,1
not_recom_9821,2,1,1,1,2,1,0,2
priority_9822,2,1,1,1,2,1,1,0
spec_prior_9823,2,1,1,1,2,1,1,1
not_recom_9824,2,1,1,1,2,1,1,2
spec_prior_9825,2,1,1,1,2,1,2,0
spec_prior_9826,2,1,1,1,2,1,2,1
not_recom_9827,2,1,1,1,2,1,2,2
priority_9828,2,1,1,2,0,0,0,0
priority_9829,2,1,1,2,0,0,0,1
not_recom_9830,2,1,1,2,0,0,0,2
priority_9831,2,1,1,2,0,0,1,0
priority_9832,2,1,1,2,0,0,1,1
not_recom_9833,2,1,1,2,0,0,1,2
priority_9834,2,1,1,2,0,0,2,0
priority_9835,2,1,1,2,0,0,2,1
not_recom_9836,2,1,1,2,0,0,2,2
priority_9837,2,1,1,2,0,1,0,0
spec_prior_9838,2,1,1,2,0,1,0,1
not_recom_9839,2,1,1,2,0,1,0,2
priority_9840,2,1,1,2,0,1,1,0
spec_prior_9841,2,1,1,2,0,1,1,1
not_recom_9842,2,1,1,2,0,1,1,2
spec_prior_9843,2,1,1,2,0,1,2,0
spec_prior_9844,2,1,1,2,0,1,2,1
not_recom_9845,2,1,1,2,0,1,2,2
priority_9846,2,1,1,2,1,0,0,0
spec_prior_9847,2,1,1,2,1,0,0,1
not_recom_9848,2,1,1,2,1,0,0,2
priority_9849,2,1,1,2,1,0,1,0
spec_prior_9850,2,1,1,2,1,0,1,1
not_recom_9851,2,1,1,2,1,0,1,2
spec_prior_9852,2,1,1,2,1,0,2,0
spec_prior_9853,2,1,1,2,1,0,2,1
not_recom_9854,2,1,1,2,1,0,2,2
priority_9855,2,1,1,2,1,1,0,0
spec_prior_9856,2,1,1,2,1,1,0,1
not_recom_9857,2,1,1,2,1,1,0,2
priority_9858,2,1,1,2,1,1,1,0
spec_prior_9859,2,1,1,2,1,1,1,1
not_recom_9860,2,1,1,2,1,1,1,2
spec_prior_9861,2,1,1,2,1,1,2,0
spec_prior_9862,2,1,1,2,1,1,2,1
not_recom_9863,2,1,1,2,1,1,2,2
priority_9864,2,1,1,2,2,0,0,0
spec_prior_9865,2,1,1,2,2,0,0,1
not_recom_9866,2,1,1,2,2,0,0,2
priority_9867,2,1,1,2,2,0,1,0
spec_prior_9868,2,1,1,2,2,0,1,1
not_recom_9869,2,1,1,2,2,0,1,2
spec_prior_9870,2,1,1,2,2,0,2,0
spec_prior_9871,2,1,1,2,2,0,2,1
not_recom_9872,2,1,1,2,2,0,2,2
priority_9873,2,1,1,2,2,1,0,0
spec_prior_9874,2,1,1,2,2,1,0,1
not_recom_9875,2,1,1,2,2,1,0,2
priority_9876,2,1,1,2,2,1,1,0
spec_prior_9877,2,1,1,2,2,1,1,1
not_recom_9878,2,1,1,2,2,1,1,2
spec_prior_9879,2,1,1,2,2,1,2,0
spec_prior_9880,2,1,1,2,2,1,2,1
not_recom_9881,2,1,1,2,2,1,2,2
priority_9882,2,1,1,3,0,0,0,0
priority_9883,2,1,1,3,0,0,0,1
not_recom_9884,2,1,1,3,0,0,0,2
priority_9885,2,1,1,3,0,0,1,0
priority_9886,2,1,1,3,0,0,1,1
not_recom_9887,2,1,1,3,0,0,1,2
priority_9888,2,1,1,3,0,0,2,0
priority_9889,2,1,1,3,0,0,2,1
not_recom_9890,2,1,1,3,0,0,2,2
priority_9891,2,1,1,3,0,1,0,0
spec_prior_9892,2,1,1,3,0,1,0,1
not_recom_9893,2,1,1,3,0,1,0,2
priority_9894,2,1,1,3,0,1,1,0
spec_prior_9895,2,1,1,3,0,1,1,1
not_recom_9896,2,1,1,3,0,1,1,2
spec_prior_9897,2,1,1,3,0,1,2,0
spec_prior_9898,2,1,1,3,0,1,2,1
not_recom_9899,2,1,1,3,0,1,2,2
priority_9900,2,1,1,3,1,0,0,0
spec_prior_9901,2,1,1,3,1,0,0,1
not_recom_9902,2,1,1,3,1,0,0,2
priority_9903,2,1,1,3,1,0,1,0
spec_prior_9904,2,1,1,3,1,0,1,1
not_recom_9905,2,1,1,3,1,0,1,2
spec_prior_9906,2,1,1,3,1,0,2,0
spec_prior_9907,2,1,1,3,1,0,2,1
not_recom_9908,2,1,1,3,1,0,2,2
priority_9909,2,1,1,3,1,1,0,0
spec_prior_9910,2,1,1,3,1,1,0,1
not_recom_9911,2,1,1,3,1,1,0,2
priority_9912,2,1,1,3,1,1,1,0
spec_prior_9913,2,1,1,3,1,1,1,1
not_recom_9914,2,1,1,3,1,1,1,2
spec_prior_9915,2,1,1,3,1,1,2,0
spec_prior_9916,2,1,1,3,1,1,2,1
not_recom_9917,2,1,1,3,1,1,2,2
priority_9918,2,1,1,3,2,0,0,0
spec_prior_9919,2,1,1,3,2,0,0,1
not_recom_9920,2,1,1,3,2,0,0,2
priority_9921,2,1,1,3,2,0,1,0
spec_prior_9922,2,1,1,3,2,0,1,1
not_recom_9923,2,1,1,3,2,0,1,2
spec_prior_9924,2,1,1,3,2,0,2,0
spec_prior_9925,2,1,1,3,2,0,2,1
not_recom_9926,2,1,1,3,2,0,2,2
priority_9927,2,1,1,3,2,1,0,0
spec_prior_9928,2,1,1,3,2,1,0,1
not_recom_9929,2,1,1,3,2,1,0,2
priority_9930,2,1,1,3,2,1,1,0
spec_prior_9931,2,1,1,3,2,1,1,1
not_recom_9932,2,1,1,3,2,1,1,2
spec_prior_9933,2,1,1,3,2,1,2,0
spec_prior_9934,2,1,1,3,2,1,2,1
not_recom_9935,2,1,1,3,2,1,2,2
priority_9936,2,1,2,0,0,0,0,0
priority_9937,2,1,2,0,0,0,0,1
not_recom_9938,2,1,2,0,0,0,0,2
priority_9939,2,1,2,0,0,0,1,0
priority_9940,2,1,2,0,0,0,1,1
not_recom_9941,2,1,2,0,0,0,1,2
priority_9942,2,1,2,0,0,0,2,0
priority_9943,2,1,2,0,0,0,2,1
not_recom_9944,2,1,2,0,0,0,2,2
priority_9945,2,1,2,0,0,1,0,0
priority_9946,2,1,2,0,0,1,0,1
not_recom_9947,2,1,2,0,0,1,0,2
priority_9948,2,1,2,0,0,1,1,0
priority_9949,2,1,2,0,0,1,1,1
not_recom_9950,2,1,2,0,0,1,1,2
priority_9951,2,1,2,0,0,1,2,0
priority_9952,2,1,2,0,0,1,2,1
not_recom_9953,2,1,2,0,0,1,2,2
priority_9954,2,1,2,0,1,0,0,0
priority_9955,2,1,2,0,1,0,0,1
not_recom_9956,2,1,2,0,1,0,0,2
priority_9957,2,1,2,0,1,0,1,0
priority_9958,2,1,2,0,1,0,1,1
not_recom_9959,2,1,2,0,1,0,1,2
priority_9960,2,1,2,0,1,0,2,0
priority_9961,2,1,2,0,1,0,2,1
not_recom_9962,2,1,2,0,1,0,2,2
priority_9963,2,1,2,0,1,1,0,0
priority_9964,2,1,2,0,1,1,0,1
not_recom_9965,2,1,2,0,1,1,0,2
priority_9966,2,1,2,0,1,1,1,0
priority_9967,2,1,2,0,1,1,1,1
not_recom_9968,2,1,2,0,1,1,1,2
priority_9969,2,1,2,0,1,1,2,0
priority_9970,2,1,2,0,1,1,2,1
not_recom_9971,2,1,2,0,1,1,2,2
priority_9972,2,1,2,0,2,0,0,0
spec_prior_9973,2,1,2,0,2,0,0,1
not_recom_9974,2,1,2,0,2,0,0,2
priority_9975,2,1,2,0,2,0,1,0
spec_prior_9976,2,1,2,0,2,0,1,1
not_recom_9977,2,1,2,0,2,0,1,2
spec_prior_9978,2,1,2,0,2,0,2,0
spec_prior_9979,2,1,2,0,2,0,2,1
not_recom_9980,2,1,2,0,2,0,2,2
priority_9981,2,1,2,0,2,1,0,0
spec_prior_9982,2,1,2,0,2,1,0,1
not_recom_9983,2,1,2,0,2,1,0,2
priority_9984,2,1,2,0,2,1,1,0
spec_prior_9985,2,1,2,0,2,1,1,1
not_recom_9986,2,1,2,0,2,1,1,2
spec_prior_9987,2,1,2,0,2,1,2,0
spec_prior_9988,2,1,2,0,2,1,2,1
not_recom_9989,2,1,2,0,2,1,2,2
priority_9990,2,1,2,1,0,0,0,0
priority_9991,2,1,2,1,0,0,0,1
not_recom_9992,2,1,2,1,0,0,0,2
priority_9993,2,1,2,1,0,0,1,0
priority_9994,2,1,2,1,0,0,1,1
not_recom_9995,2,1,2,1,0,0,1,2
priority_9996,2,1,2,1,0,0,2,0
priority_9997,2,1,2,1,0,0,2,1
not_recom_9998,2,1,2,1,0,0,2,2
priority_9999,2,1,2,1,0,1,0,0
spec_prior_10000,2,1,2,1,0,1,0,1
not_recom_10001,2,1,2,1,0,1,0,2
priority_10002,2,1,2,1,0,1,1,0
spec_prior_10003,2,1,2,1,0,1,1,1
not_recom_10004,2,1,2,1,0,1,1,2
spec_prior_10005,2,1,2,1,0,1,2,0
spec_prior_10006,2,1,2,1,0,1,2,1
not_recom_10007,2,1,2,1,0,1,2,2
priority_10008,2,1,2,1,1,0,0,0
spec_prior_10009,2,1,2,1,1,0,0,1
not_recom_10010,2,1,2,1,1,0,0,2
priority_10011,2,1,2,1,1,0,1,0
spec_prior_10012,2,1,2,1,1,0,1,1
not_recom_10013,2,1,2,1,1,0,1,2
spec_prior_10014,2,1,2,1,1,0,2,0
spec_prior_10015,2,1,2,1,1,0,2,1
not_recom_10016,2,1,2,1,1,0,2,2
priority_10017,2,1,2,1,1,1,0,0
spec_prior_10018,2,1,2,1,1,1,0,1
not_recom_10019,2,1,2,1,1,1,0,2
priority_10020,2,1,2,1,1,1,1,0
spec_prior_10021,2,1,2,1,1,1,1,1
not_recom_10022,2,1,2,1,1,1,1,2
spec_prior_10023,2,1,2,1,1,1,2,0
spec_prior_10024,2,1,2,1,1,1,2,1
not_recom_10025,2,1,2,1,1,1,2,2
priority_10026,2,1,2,1,2,0,0,0
spec_prior_10027,2,1,2,1,2,0,0,1
not_recom_10028,2,1,2,1,2,0,0,2
priority_10029,2,1,2,1,2,0,1,0
spec_prior_10030,2,1,2,1,2,0,1,1
not_recom_10031,2,1,2,1,2,0,1,2
spec_prior_10032,2,1,2,1,2,0,2,0
spec_prior_10033,2,1,2,1,2,0,2,1
not_recom_10034,2,1,2,1,2,0,2,2
priority_10035,2,1,2,1,2,1,0,0
spec_prior_10036,2,1,2,1,2,1,0,1
not_recom_10037,2,1,2,1,2,1,0,2
priority_10038,2,1,2,1,2,1,1,0
spec_prior_10039,2,1,2,1,2,1,1,1
not_recom_10040,2,1,2,1,2,1,1,2
spec_prior_10041,2,1,2,1,2,1,2,0
spec_prior_10042,2,1,2,1,2,1,2,1
not_recom_10043,2,1,2,1,2,1,2,2
priority_10044,2,1,2,2,0,0,0,0
priority_10045,2,1,2,2,0,0,0,1
not_recom_10046,2,1,2,2,0,0,0,2
priority_10047,2,1,2,2,0,0,1,0
priority_10048,2,1,2,2,0,0,1,1
not_recom_10049,2,1,2,2,0,0,1,2
priority_10050,2,1,2,2,0,0,2,0
priority_10051,2,1,2,2,0,0,2,1
not_recom_10052,2,1,2,2,0,0,2,2
priority_10053,2,1,2,2,0,1,0,0
spec_prior_10054,2,1,2,2,0,1,0,1
not_recom_10055,2,1,2,2,0,1,0,2
priority_10056,2,1,2,2,0,1,1,0
spec_prior_10057,2,1,2,2,0,1,1,1
not_recom_10058,2,1,2,2,0,1,1,2
spec_prior_10059,2,1,2,2,0,1,2,0
spec_prior_10060,2,1,2,2,0,1,2,1
not_recom_10061,2,1,2,2,0,1,2,2
priority_10062,2,1,2,2,1,0,0,0
spec_prior_10063,2,1,2,2,1,0,0,1
not_recom_10064,2,1,2,2,1,0,0,2
priority_10065,2,1,2,2,1,0,1,0
spec_prior_10066,2,1,2,2,1,0,1,1
not_recom_10067,2,1,2,2,1,0,1,2
spec_prior_10068,2,1,2,2,1,0,2,0
spec_prior_10069,2,1,2,2,1,0,2,1
not_recom_10070,2,1,2,2,1,0,2,2
priority_10071,2,1,2,2,1,1,0,0
spec_prior_10072,2,1,2,2,1,1,0,1
not_recom_10073,2,1,2,2,1,1,0,2
priority_10074,2,1,2,2,1,1,1,0
spec_prior_10075,2,1,2,2,1,1,1,1
not_recom_10076,2,1,2,2,1,1,1,2
spec_prior_10077,2,1,2,2,1,1,2,0
spec_prior_10078,2,1,2,2,1,1,2,1
not_recom_10079,2,1,2,2,1,1,2,2
priority_10080,2,1,2,2,2,0,0,0
spec_prior_10081,2,1,2,2,2,0,0,1
not_recom_10082,2,1,2,2,2,0,0,2
priority_10083,2,1,2,2,2,0,1,0
spec_prior_10084,2,1,2,2,2,0,1,1
not_recom_10085,2,1,2,2,2,0,1,2
spec_prior_10086,2,1,2,2,2,0,2,0
spec_prior_10087,2,1,2,2,2,0,2,1
not_recom_10088,2,1,2,2,2,0,2,2
priority_10089,2,1,2,2,2,1,0,0
spec_prior_10090,2,1,2,2,2,1,0,1
not_recom_10091,2,1,2,2,2,1,0,2
priority_10092,2,1,2,2,2,1,1,0
spec_prior_10093,2,1,2,2,2,1,1,1
not_recom_10094,2,1,2,2,2,1,1,2
spec_prior_10095,2,1,2,2,2,1,2,0
spec_prior_10096,2,1,2,2,2,1,2,1
not_recom_10097,2,1,2,2,2,1,2,2
priority_10098,2,1,2,3,0,0,0,0
priority_10099,2,1,2,3,0,0,0,1
not_recom_10100,2,1,2,3,0,0,0,2
priority_10101,2,1,2,3,0,0,1,0
priority_10102,2,1,2,3,0,0,1,1
not_recom_10103,2,1,2,3,0,0,1,2
priority_10104,2,1,2,3,0,0,2,0
priority_10105,2,1,2,3,0,0,2,1
not_recom_10106,2,1,2,3,0,0,2,2
priority_10107,2,1,2,3,0,1,0,0
spec_prior_10108,2,1,2,3,0,1,0,1
not_recom_10109,2,1,2,3,0,1,0,2
priority_10110,2,1,2,3,0,1,1,0
spec_prior_10111,2,1,2,3,0,1,1,1
not_recom_10112,2,1,2,3,0,1,1,2
spec_prior_10113,2,1,2,3,0,1,2,0
spec_prior_10114,2,1,2,3,0,1,2,1
not_recom_10115,2,1,2,3,0,1,2,2
priority_10116,2,1,2,3,1,0,0,0
spec_prior_10117,2,1,2,3,1,0,0,1
not_recom_10118,2,1,2,3,1,0,0,2
priority_10119,2,1,2,3,1,0,1,0
spec_prior_10120,2,1,2,3,1,0,1,1
not_recom_10121,2,1,2,3,1,0,1,2
spec_prior_10122,2,1,2,3,1,0,2,0
spec_prior_10123,2,1,2,3,1,0,2,1
not_recom_10124,2,1,2,3,1,0,2,2
priority_10125,2,1,2,3,1,1,0,0
spec_prior_10126,2,1,2,3,1,1,0,1
not_recom_10127,2,1,2,3,1,1,0,2
priority_10128,2,1,2,3,1,1,1,0
spec_prior_10129,2,1,2,3,1,1,1,1
not_recom_10130,2,1,2,3,1,1,1,2
spec_prior_10131,2,1,2,3,1,1,2,0
spec_prior_10132,2,1,2,3,1,1,2,1
not_recom_10133,2,1,2,3,1,1,2,2
priority_10134,2,1,2,3,2,0,0,0
spec_prior_10135,2,1,2,3,2,0,0,1
not_recom_10136,2,1,2,3,2,0,0,2
priority_10137,2,1,2,3,2,0,1,0
spec_prior_10138,2,1,2,3,2,0,1,1
not_recom_10139,2,1,2,3,2,0,1,2
spec_prior_10140,2,1,2,3,2,0,2,0
spec_prior_10141,2,1,2,3,2,0,2,1
not_recom_10142,2,1,2,3,2,0,2,2
priority_10143,2,1,2,3,2,1,0,0
spec_prior_10144,2,1,2,3,2,1,0,1
not_recom_10145,2,1,2,3,2,1,0,2
priority_10146,2,1,2,3,2,1,1,0
spec_prior_10147,2,1,2,3,2,1,1,1
not_recom_10148,2,1,2,3,2,1,1,2
spec_prior_10149,2,1,2,3,2,1,2,0
spec_prior_10150,2,1,2,3,2,1,2,1
not_recom_10151,2,1,2,3,2,1,2,2
priority_10152,2,1,3,0,0,0,0,0
priority_10153,2,1,3,0,0,0,0,1
not_recom_10154,2,1,3,0,0,0,0,2
priority_10155,2,1,3,0,0,0,1,0
priority_10156,2,1,3,0,0,0,1,1
not_recom_10157,2,1,3,0,0,0,1,2
priority_10158,2,1,3,0,0,0,2,0
priority_10159,2,1,3,0,0,0,2,1
not_recom_10160,2,1,3,0,0,0,2,2
priority_10161,2,1,3,0,0,1,0,0
spec_prior_10162,2,1,3,0,0,1,0,1
not_recom_10163,2,1,3,0,0,1,0,2
priority_10164,2,1,3,0,0,1,1,0
spec_prior_10165,2,1,3,0,0,1,1,1
not_recom_10166,2,1,3,0,0,1,1,2
spec_prior_10167,2,1,3,0,0,1,2,0
spec_prior_10168,2,1,3,0,0,1,2,1
not_recom_10169,2,1,3,0,0,1,2,2
priority_10170,2,1,3,0,1,0,0,0
spec_prior_10171,2,1,3,0,1,0,0,1
not_recom_10172,2,1,3,0,1,0,0,2
priority_10173,2,1,3,0,1,0,1,0
spec_prior_10174,2,1,3,0,1,0,1,1
not_recom_10175,2,1,3,0,1,0,1,2
spec_prior_10176,2,1,3,0,1,0,2,0
spec_prior_10177,2,1,3,0,1,0,2,1
not_recom_10178,2,1,3,0,1,0,2,2
priority_10179,2,1,3,0,1,1,0,0
spec_prior_10180,2,1,3,0,1,1,0,1
not_recom_10181,2,1,3,0,1,1,0,2
priority_10182,2,1,3,0,1,1,1,0
spec_prior_10183,2,1,3,0,1,1,1,1
not_recom_10184,2,1,3,0,1,1,1,2
spec_prior_10185,2,1,3,0,1,1,2,0
spec_prior_10186,2,1,3,0,1,1,2,1
not_recom_10187,2,1,3,0,1,1,2,2
priority_10188,2,1,3,0,2,0,0,0
spec_prior_10189,2,1,3,0,2,0,0,1
not_recom_10190,2,1,3,0,2,0,0,2
priority_10191,2,1,3,0,2,0,1,0
spec_prior_10192,2,1,3,0,2,0,1,1
not_recom_10193,2,1,3,0,2,0,1,2
spec_prior_10194,2,1,3,0,2,0,2,0
spec_prior_10195,2,1,3,0,2,0,2,1
not_recom_10196,2,1,3,0,2,0,2,2
priority_10197,2,1,3,0,2,1,0,0
spec_prior_10198,2,1,3,0,2,1,0,1
not_recom_10199,2,1,3,0,2,1,0,2
priority_10200,2,1,3,0,2,1,1,0
spec_prior_10201,2,1,3,0,2,1,1,1
not_recom_10202,2,1,3,0,2,1,1,2
spec_prior_10203,2,1,3,0,2,1,2,0
spec_prior_10204,2,1,3,0,2,1,2,1
not_recom_10205,2,1,3,0,2,1,2,2
priority_10206,2,1,3,1,0,0,0,0
priority_10207,2,1,3,1,0,0,0,1
not_recom_10208,2,1,3,1,0,0,0,2
priority_10209,2,1,3,1,0,0,1,0
priority_10210,2,1,3,1,0,0,1,1
not_recom_10211,2,1,3,1,0,0,1,2
priority_10212,2,1,3,1,0,0,2,0
priority_10213,2,1,3,1,0,0,2,1
not_recom_10214,2,1,3,1,0,0,2,2
priority_10215,2,1,3,1,0,1,0,0
spec_prior_10216,2,1,3,1,0,1,0,1
not_recom_10217,2,1,3,1,0,1,0,2
priority_10218,2,1,3,1,0,1,1,0
spec_prior_10219,2,1,3,1,0,1,1,1
not_recom_10220,2,1,3,1,0,1,1,2
spec_prior_10221,2,1,3,1,0,1,2,0
spec_prior_10222,2,1,3,1,0,1,2,1
not_recom_10223,2,1,3,1,0,1,2,2
priority_10224,2,1,3,1,1,0,0,0
spec_prior_10225,2,1,3,1,1,0,0,1
not_recom_10226,2,1,3,1,1,0,0,2
priority_10227,2,1,3,1,1,0,1,0
spec_prior_10228,2,1,3,1,1,0,1,1
not_recom_10229,2,1,3,1,1,0,1,2
spec_prior_10230,2,1,3,1,1,0,2,0
spec_prior_10231,2,1,3,1,1,0,2,1
not_recom_10232,2,1,3,1,1,0,2,2
priority_10233,2,1,3,1,1,1,0,0
spec_prior_10234,2,1,3,1,1,1,0,1
not_recom_10235,2,1,3,1,1,1,0,2
priority_10236,2,1,3,1,1,1,1,0
spec_prior_10237,2,1,3,1,1,1,1,1
not_recom_10238,2,1,3,1,1,1,1,2
spec_prior_10239,2,1,3,1,1,1,2,0
spec_prior_10240,2,1,3,1,1,1,2,1
not_recom_10241,2,1,3,1,1,1,2,2
priority_10242,2,1,3,1,2,0,0,0
spec_prior_10243,2,1,3,1,2,0,0,1
not_recom_10244,2,1,3,1,2,0,0,2
priority_10245,2,1,3,1,2,0,1,0
spec_prior_10246,2,1,3,1,2,0,1,1
not_recom_10247,2,1,3,1,2,0,1,2
spec_prior_10248,2,1,3,1,2,0,2,0
spec_prior_10249,2,1,3,1,2,0,2,1
not_recom_10250,2,1,3,1,2,0,2,2
priority_10251,2,1,3,1,2,1,0,0
spec_prior_10252,2,1,3,1,2,1,0,1
not_recom_10253,2,1,3,1,2,1,0,2
priority_10254,2,1,3,1,2,1,1,0
spec_prior_10255,2,1,3,1,2,1,1,1
not_recom_10256,2,1,3,1,2,1,1,2
spec_prior_10257,2,1,3,1,2,1,2,0
spec_prior_10258,2,1,3,1,2,1,2,1
not_recom_10259,2,1,3,1,2,1,2,2
priority_10260,2,1,3,2,0,0,0,0
priority_10261,2,1,3,2,0,0,0,1
not_recom_10262,2,1,3,2,0,0,0,2
priority_10263,2,1,3,2,0,0,1,0
priority_10264,2,1,3,2,0,0,1,1
not_recom_10265,2,1,3,2,0,0,1,2
priority_10266,2,1,3,2,0,0,2,0
priority_10267,2,1,3,2,0,0,2,1
not_recom_10268,2,1,3,2,0,0,2,2
priority_10269,2,1,3,2,0,1,0,0
spec_prior_10270,2,1,3,2,0,1,0,1
not_recom_10271,2,1,3,2,0,1,0,2
priority_10272,2,1,3,2,0,1,1,0
spec_prior_10273,2,1,3,2,0,1,1,1
not_recom_10274,2,1,3,2,0,1,1,2
spec_prior_10275,2,1,3,2,0,1,2,0
spec_prior_10276,2,1,3,2,0,1,2,1
not_recom_10277,2,1,3,2,0,1,2,2
priority_10278,2,1,3,2,1,0,0,0
spec_prior_10279,2,1,3,2,1,0,0,1
not_recom_10280,2,1,3,2,1,0,0,2
priority_10281,2,1,3,2,1,0,1,0
spec_prior_10282,2,1,3,2,1,0,1,1
not_recom_10283,2,1,3,2,1,0,1,2
spec_prior_10284,2,1,3,2,1,0,2,0
spec_prior_10285,2,1,3,2,1,0,2,1
not_recom_10286,2,1,3,2,1,0,2,2
priority_10287,2,1,3,2,1,1,0,0
spec_prior_10288,2,1,3,2,1,1,0,1
not_recom_10289,2,1,3,2,1,1,0,2
priority_10290,2,1,3,2,1,1,1,0
spec_prior_10291,2,1,3,2,1,1,1,1
not_recom_10292,2,1,3,2,1,1,1,2
spec_prior_10293,2,1,3,2,1,1,2,0
spec_prior_10294,2,1,3,2,1,1,2,1
not_recom_10295,2,1,3,2,1,1,2,2
priority_10296,2,1,3,2,2,0,0,0
spec_prior_10297,2,1,3,2,2,0,0,1
not_recom_10298,2,1,3,2,2,0,0,2
priority_10299,2,1,3,2,2,0,1,0
spec_prior_10300,2,1,3,2,2,0,1,1
not_recom_10301,2,1,3,2,2,0,1,2
spec_prior_10302,2,1,3,2,2,0,2,0
spec_prior_10303,2,1,3,2,2,0,2,1
not_recom_10304,2,1,3,2,2,0,2,2
priority_10305,2,1,3,2,2,1,0,0
spec_prior_10306,2,1,3,2,2,1,0,1
not_recom_10307,2,1,3,2,2,1,0,2
priority_10308,2,1,3,2,2,1,1,0
spec_prior_10309,2,1,3,2,2,1,1,1
not_recom_10310,2,1,3,2,2,1,1,2
spec_prior_10311,2,1,3,2,2,1,2,0
spec_prior_10312,2,1,3,2,2,1,2,1
not_recom_10313,2,1,3,2,2,1,2,2
priority_10314,2,1,3,3,0,0,0,0
priority_10315,2,1,3,3,0,0,0,1
not_recom_10316,2,1,3,3,0,0,0,2
priority_10317,2,1,3,3,0,0,1,0
priority_10318,2,1,3,3,0,0,1,1
not_recom_10319,2,1,3,3,0,0,1,2
priority_10320,2,1,3,3,0,0,2,0
priority_10321,2,1,3,3,0,0,2,1
not_recom_10322,2,1,3,3,0,0,2,2
priority_10323,2,1,3,3,0,1,0,0
spec_prior_10324,2,1,3,3,0,1,0,1
not_recom_10325,2,1,3,3,0,1,0,2
priority_10326,2,1,3,3,0,1,1,0
spec_prior_10327,2,1,3,3,0,1,1,1
not_recom_10328,2,1,3,3,0,1,1,2
spec_prior_10329,2,1,3,3,0,1,2,0
spec_prior_10330,2,1,3,3,0,1,2,1
not_recom_10331,2,1,3,3,0,1,2,2
priority_10332,2,1,3,3,1,0,0,0
spec_prior_10333,2,1,3,3,1,0,0,1
not_recom_10334,2,1,3,3,1,0,0,2
priority_10335,2,1,3,3,1,0,1,0
spec_prior_10336,2,1,3,3,1,0,1,1
not_recom_10337,2,1,3,3,1,0,1,2
spec_prior_10338,2,1,3,3,1,0,2,0
spec_prior_10339,2,1,3,3,1,0,2,1
not_recom_10340,2,1,3,3,1,0,2,2
priority_10341,2,1,3,3,1,1,0,0
spec_prior_10342,2,1,3,3,1,1,0,1
not_recom_10343,2,1,3,3,1,1,0,2
priority_10344,2,1,3,3,1,1,1,0
spec_prior_10345,2,1,3,3,1,1,1,1
not_recom_10346,2,1,3,3,1,1,1,2
spec_prior_10347,2,1,3,3,1,1,2,0
spec_prior_10348,2,1,3,3,1,1,2,1
not_recom_10349,2,1,3,3,1,1,2,2
priority_10350,2,1,3,3,2,0,0,0
spec_prior_10351,2,1,3,3,2,0,0,1
not_recom_10352,2,1,3,3,2,0,0,2
priority_10353,2,1,3,3,2,0,1,0
spec_prior_10354,2,1,3,3,2,0,1,1
not_recom_10355,2,1,3,3,2,0,1,2
spec_prior_10356,2,1,3,3,2,0,2,0
spec_prior_10357,2,1,3,3,2,0,2,1
not_recom_10358,2,1,3,3,2,0,2,2
priority_10359,2,1,3,3,2,1,0,0
spec_prior_10360,2,1,3,3,2,1,0,1
not_recom_10361,2,1,3,3,2,1,0,2
priority_10362,2,1,3,3,2,1,1,0
spec_prior_10363,2,1,3,3,2,1,1,1
not_recom_10364,2,1,3,3,2,1,1,2
spec_prior_10365,2,1,3,3,2,1,2,0
spec_prior_10366,2,1,3,3,2,1,2,1
not_recom_10367,2,1,3,3,2,1,2,2
priority_10368,2,2,0,0,0,0,0,0
priority_10369,2,2,0,0,0,0,0,1
not_recom_10370,2,2,0,0,0,0,0,2
priority_10371,2,2,0,0,0,0,1,0
priority_10372,2,2,0,0,0,0,1,1
not_recom_10373,2,2,0,0,0,0,1,2
priority_10374,2,2,0,0,0,0,2,0
priority_10375,2,2,0,0,0,0,2,1
not_recom_10376,2,2,0,0,0,0,2,2
priority_10377,2,2,0,0,0,1,0,0
spec_prior_10378,2,2,0,0,0,1,0,1
not_recom_10379,2,2,0,0,0,1,0,2
priority_10380,2,2,0,0,0,1,1,0
spec_prior_10381,2,2,0,0,0,1,1,1
not_recom_10382,2,2,0,0,0,1,1,2
spec_prior_10383,2,2,0,0,0,1,2,0
spec_prior_10384,2,2,0,0,0,1,2,1
not_recom_10385,2,2,0,0,0,1,2,2
priority_10386,2,2,0,0,1,0,0,0
spec_prior_10387,2,2,0,0,1,0,0,1
not_recom_10388,2,2,0,0,1,0,0,2
priority_10389,2,2,0,0,1,0,1,0
spec_prior_10390,2,2,0,0,1,0,1,1
not_recom_10391,2,2,0,0,1,0,1,2
spec_prior_10392,2,2,0,0,1,0,2,0
spec_prior_10393,2,2,0,0,1,0,2,1
not_recom_10394,2,2,0,0,1,0,2,2
priority_10395,2,2,0,0,1,1,0,0
spec_prior_10396,2,2,0,0,1,1,0,1
not_recom_10397,2,2,0,0,1,1,0,2
priority_10398,2,2,0,0,1,1,1,0
spec_prior_10399,2,2,0,0,1,1,1,1
not_recom_10400,2,2,0,0,1,1,1,2
spec_prior_10401,2,2,0,0,1,1,2,0
spec_prior_10402,2,2,0,0,1,1,2,1
not_recom_10403,2,2,0,0,1,1,2,2
priority_10404,2,2,0,0,2,0,0,0
spec_prior_10405,2,2,0,0,2,0,0,1
not_recom_10406,2,2,0,0,2,0,0,2
priority_10407,2,2,0,0,2,0,1,0
spec_prior_10408,2,2,0,0,2,0,1,1
not_recom_10409,2,2,0,0,2,0,1,2
spec_prior_10410,2,2,0,0,2,0,2,0
spec_prior_10411,2,2,0,0,2,0,2,1
not_recom_10412,2,2,0,0,2,0,2,2
priority_10413,2,2,0,0,2,1,0,0
spec_prior_10414,2,2,0,0,2,1,0,1
not_recom_10415,2,2,0,0,2,1,0,2
priority_10416,2,2,0,0,2,1,1,0
spec_prior_10417,2,2,0,0,2,1,1,1
not_recom_10418,2,2,0,0,2,1,1,2
spec_prior_10419,2,2,0,0,2,1,2,0
spec_prior_10420,2,2,0,0,2,1,2,1
not_recom_10421,2,2,0,0,2,1,2,2
priority_10422,2,2,0,1,0,0,0,0
spec_prior_10423,2,2,0,1,0,0,0,1
not_recom_10424,2,2,0,1,0,0,0,2
priority_10425,2,2,0,1,0,0,1,0
spec_prior_10426,2,2,0,1,0,0,1,1
not_recom_10427,2,2,0,1,0,0,1,2
spec_prior_10428,2,2,0,1,0,0,2,0
spec_prior_10429,2,2,0,1,0,0,2,1
not_recom_10430,2,2,0,1,0,0,2,2
priority_10431,2,2,0,1,0,1,0,0
spec_prior_10432,2,2,0,1,0,1,0,1
not_recom_10433,2,2,0,1,0,1,0,2
priority_10434,2,2,0,1,0,1,1,0
spec_prior_10435,2,2,0,1,0,1,1,1
not_recom_10436,2,2,0,1,0,1,1,2
spec_prior_10437,2,2,0,1,0,1,2,0
spec_prior_10438,2,2,0,1,0,1,2,1
not_recom_10439,2,2,0,1,0,1,2,2
priority_10440,2,2,0,1,1,0,0,0
spec_prior_10441,2,2,0,1,1,0,0,1
not_recom_10442,2,2,0,1,1,0,0,2
priority_10443,2,2,0,1,1,0,1,0
spec_prior_10444,2,2,0,1,1,0,1,1
not_recom_10445,2,2,0,1,1,0,1,2
spec_prior_10446,2,2,0,1,1,0,2,0
spec_prior_10447,2,2,0,1,1,0,2,1
not_recom_10448,2,2,0,1,1,0,2,2
priority_10449,2,2,0,1,1,1,0,0
spec_prior_10450,2,2,0,1,1,1,0,1
not_recom_10451,2,2,0,1,1,1,0,2
priority_10452,2,2,0,1,1,1,1,0
spec_prior_10453,2,2,0,1,1,1,1,1
not_recom_10454,2,2,0,1,1,1,1,2
spec_prior_10455,2,2,0,1,1,1,2,0
spec_prior_10456,2,2,0,1,1,1,2,1
not_recom_10457,2,2,0,1,1,1,2,2
spec_prior_10458,2,2,0,1,2,0,0,0
spec_prior_10459,2,2,0,1,2,0,0,1
not_recom_10460,2,2,0,1,2,0,0,2
spec_prior_10461,2,2,0,1,2,0,1,0
spec_prior_10462,2,2,0,1,2,0,1,1
not_recom_10463,2,2,0,1,2,0,1,2
spec_prior_10464,2,2,0,1,2,0,2,0
spec_prior_10465,2,2,0,1,2,0,2,1
not_recom_10466,2,2,0,1,2,0,2,2
spec_prior_10467,2,2,0,1,2,1,0,0
spec_prior_10468,2,2,0,1,2,1,0,1
not_recom_10469,2,2,0,1,2,1,0,2
spec_prior_10470,2,2,0,1,2,1,1,0
spec_prior_10471,2,2,0,1,2,1,1,1
not_recom_10472,2,2,0,1,2,1,1,2
spec_prior_10473,2,2,0,1,2,1,2,0
spec_prior_10474,2,2,0,1,2,1,2,1
not_recom_10475,2,2,0,1,2,1,2,2
priority_10476,2,2,0,2,0,0,0,0
spec_prior_10477,2,2,0,2,0,0,0,1
not_recom_10478,2,2,0,2,0,0,0,2
priority_10479,2,2,0,2,0,0,1,0
spec_prior_10480,2,2,0,2,0,0,1,1
not_recom_10481,2,2,0,2,0,0,1,2
spec_prior_10482,2,2,0,2,0,0,2,0
spec_prior_10483,2,2,0,2,0,0,2,1
not_recom_10484,2,2,0,2,0,0,2,2
spec_prior_10485,2,2,0,2,0,1,0,0
spec_prior_10486,2,2,0,2,0,1,0,1
not_recom_10487,2,2,0,2,0,1,0,2
spec_prior_10488,2,2,0,2,0,1,1,0
spec_prior_10489,2,2,0,2,0,1,1,1
not_recom_10490,2,2,0,2,0,1,1,2
spec_prior_10491,2,2,0,2,0,1,2,0
spec_prior_10492,2,2,0,2,0,1,2,1
not_recom_10493,2,2,0,2,0,1,2,2
spec_prior_10494,2,2,0,2,1,0,0,0
spec_prior_10495,2,2,0,2,1,0,0,1
not_recom_10496,2,2,0,2,1,0,0,2
spec_prior_10497,2,2,0,2,1,0,1,0
spec_prior_10498,2,2,0,2,1,0,1,1
not_recom_10499,2,2,0,2,1,0,1,2
spec_prior_10500,2,2,0,2,1,0,2,0
spec_prior_10501,2,2,0,2,1,0,2,1
not_recom_10502,2,2,0,2,1,0,2,2
spec_prior_10503,2,2,0,2,1,1,0,0
spec_prior_10504,2,2,0,2,1,1,0,1
not_recom_10505,2,2,0,2,1,1,0,2
spec_prior_10506,2,2,0,2,1,1,1,0
spec_prior_10507,2,2,0,2,1,1,1,1
not_recom_10508,2,2,0,2,1,1,1,2
spec_prior_10509,2,2,0,2,1,1,2,0
spec_prior_10510,2,2,0,2,1,1,2,1
not_recom_10511,2,2,0,2,1,1,2,2
spec_prior_10512,2,2,0,2,2,0,0,0
spec_prior_10513,2,2,0,2,2,0,0,1
not_recom_10514,2,2,0,2,2,0,0,2
spec_prior_10515,2,2,0,2,2,0,1,0
spec_prior_10516,2,2,0,2,2,0,1,1
not_recom_10517,2,2,0,2,2,0,1,2
spec_prior_10518,2,2,0,2,2,0,2,0
spec_prior_10519,2,2,0,2,2,0,2,1
not_recom_10520,2,2,0,2,2,0,2,2
spec_prior_10521,2,2,0,2,2,1,0,0
spec_prior_10522,2,2,0,2,2,1,0,1
not_recom_10523,2,2,0,2,2,1,0,2
spec_prior_10524,2,2,0,2,2,1,1,0
spec_prior_10525,2,2,0,2,2,1,1,1
not_recom_10526,2,2,0,2,2,1,1,2
spec_prior_10527,2,2,0,2,2,1,2,0
spec_prior_10528,2,2,0,2,2,1,2,1
not_recom_10529,2,2,0,2,2,1,2,2
priority_10530,2,2,0,3,0,0,0,0
spec_prior_10531,2,2,0,3,0,0,0,1
not_recom_10532,2,2,0,3,0,0,0,2
priority_10533,2,2,0,3,0,0,1,0
spec_prior_10534,2,2,0,3,0,0,1,1
not_recom_10535,2,2,0,3,0,0,1,2
spec_prior_10536,2,2,0,3,0,0,2,0
spec_prior_10537,2,2,0,3,0,0,2,1
not_recom_10538,2,2,0,3,0,0,2,2
spec_prior_10539,2,2,0,3,0,1,0,0
spec_prior_10540,2,2,0,3,0,1,0,1
not_recom_10541,2,2,0,3,0,1,0,2
spec_prior_10542,2,2,0,3,0,1,1,0
spec_prior_10543,2,2,0,3,0,1,1,1
not_recom_10544,2,2,0,3,0,1,1,2
spec_prior_10545,2,2,0,3,0,1,2,0
spec_prior_10546,2,2,0,3,0,1,2,1
not_recom_10547,2,2,0,3,0,1,2,2
spec_prior_10548,2,2,0,3,1,0,0,0
spec_prior_10549,2,2,0,3,1,0,0,1
not_recom_10550,2,2,0,3,1,0,0,2
spec_prior_10551,2,2,0,3,1,0,1,0
spec_prior_10552,2,2,0,3,1,0,1,1
not_recom_10553,2,2,0,3,1,0,1,2
spec_prior_10554,2,2,0,3,1,0,2,0
spec_prior_10555,2,2,0,3,1,0,2,1
not_recom_10556,2,2,0,3,1,0,2,2
spec_prior_10557,2,2,0,3,1,1,0,0
spec_prior_10558,2,2,0,3,1,1,0,1
not_recom_10559,2,2,0,3,1,1,0,2
spec_prior_10560,2,2,0,3,1,1,1,0
spec_prior_10561,2,2,0,3,1,1,1,1
not_recom_10562,2,2,0,3,1,1,1,2
spec_prior_10563,2,2,0,3,1,1,2,0
spec_prior_10564,2,2,0,3,1,1,2,1
not_recom_10565,2,2,0,3,1,1,2,2
spec_prior_10566,2,2,0,3,2,0,0,0
spec_prior_10567,2,2,0,3,2,0,0,1
not_recom_10568,2,2,0,3,2,0,0,2
spec_prior_10569,2,2,0,3,2,0,1,0
spec_prior_10570,2,2,0,3,2,0,1,1
not_recom_10571,2,2,0,3,2,0,1,2
spec_prior_10572,2,2,0,3,2,0,2,0
spec_prior_10573,2,2,0,3,2,0,2,1
not_recom_10574,2,2,0,3,2,0,2,2
spec_prior_10575,2,2,0,3,2,1,0,0
spec_prior_10576,2,2,0,3,2,1,0,1
not_recom_10577,2,2,0,3,2,1,0,2
spec_prior_10578,2,2,0,3,2,1,1,0
spec_prior_10579,2,2,0,3,2,1,1,1
not_recom_10580,2,2,0,3,2,1,1,2
spec_prior_10581,2,2,0,3,2,1,2,0
spec_prior_10582,2,2,0,3,2,1,2,1
not_recom_10583,2,2,0,3,2,1,2,2
priority_10584,2,2,1,0,0,0,0,0
spec_prior_10585,2,2,1,0,0,0,0,1
not_recom_10586,2,2,1,0,0,0,0,2
priority_10587,2,2,1,0,0,0,1,0
spec_prior_10588,2,2,1,0,0,0,1,1
not_recom_10589,2,2,1,0,0,0,1,2
spec_prior_10590,2,2,1,0,0,0,2,0
spec_prior_10591,2,2,1,0,0,0,2,1
not_recom_10592,2,2,1,0,0,0,2,2
priority_10593,2,2,1,0,0,1,0,0
spec_prior_10594,2,2,1,0,0,1,0,1
not_recom_10595,2,2,1,0,0,1,0,2
priority_10596,2,2,1,0,0,1,1,0
spec_prior_10597,2,2,1,0,0,1,1,1
not_recom_10598,2,2,1,0,0,1,1,2
spec_prior_10599,2,2,1,0,0,1,2,0
spec_prior_10600,2,2,1,0,0,1,2,1
not_recom_10601,2,2,1,0,0,1,2,2
priority_10602,2,2,1,0,1,0,0,0
spec_prior_10603,2,2,1,0,1,0,0,1
not_recom_10604,2,2,1,0,1,0,0,2
priority_10605,2,2,1,0,1,0,1,0
spec_prior_10606,2,2,1,0,1,0,1,1
not_recom_10607,2,2,1,0,1,0,1,2
spec_prior_10608,2,2,1,0,1,0,2,0
spec_prior_10609,2,2,1,0,1,0,2,1
not_recom_10610,2,2,1,0,1,0,2,2
priority_10611,2,2,1,0,1,1,0,0
spec_prior_10612,2,2,1,0,1,1,0,1
not_recom_10613,2,2,1,0,1,1,0,2
priority_10614,2,2,1,0,1,1,1,0
spec_prior_10615,2,2,1,0,1,1,1,1
not_recom_10616,2,2,1,0,1,1,1,2
spec_prior_10617,2,2,1,0,1,1,2,0
spec_prior_10618,2,2,1,0,1,1,2,1
not_recom_10619,2,2,1,0,1,1,2,2
spec_prior_10620,2,2,1,0,2,0,0,0
spec_prior_10621,2,2,1,0,2,0,0,1
not_recom_10622,2,2,1,0,2,0,0,2
spec_prior_10623,2,2,1,0,2,0,1,0
spec_prior_10624,2,2,1,0,2,0,1,1
not_recom_10625,2,2,1,0,2,0,1,2
spec_prior_10626,2,2,1,0,2,0,2,0
spec_prior_10627,2,2,1,0,2,0,2,1
not_recom_10628,2,2,1,0,2,0,2,2
spec_prior_10629,2,2,1,0,2,1,0,0
spec_prior_10630,2,2,1,0,2,1,0,1
not_recom_10631,2,2,1,0,2,1,0,2
spec_prior_10632,2,2,1,0,2,1,1,0
spec_prior_10633,2,2,1,0,2,1,1,1
not_recom_10634,2,2,1,0,2,1,1,2
spec_prior_10635,2,2,1,0,2,1,2,0
spec_prior_10636,2,2,1,0,2,1,2,1
not_recom_10637,2,2,1,0,2,1,2,2
priority_10638,2,2,1,1,0,0,0,0
spec_prior_10639,2,2,1,1,0,0,0,1
not_recom_10640,2,2,1,1,0,0,0,2
priority_10641,2,2,1,1,0,0,1,0
spec_prior_10642,2,2,1,1,0,0,1,1
not_recom_10643,2,2,1,1,0,0,1,2
spec_prior_10644,2,2,1,1,0,0,2,0
spec_prior_10645,2,2,1,1,0,0,2,1
not_recom_10646,2,2,1,1,0,0,2,2
priority_10647,2,2,1,1,0,1,0,0
spec_prior_10648,2,2,1,1,0,1,0,1
not_recom_10649,2,2,1,1,0,1,0,2
priority_10650,2,2,1,1,0,1,1,0
spec_prior_10651,2,2,1,1,0,1,1,1
not_recom_10652,2,2,1,1,0,1,1,2
spec_prior_10653,2,2,1,1,0,1,2,0
spec_prior_10654,2,2,1,1,0,1,2,1
not_recom_10655,2,2,1,1,0,1,2,2
priority_10656,2,2,1,1,1,0,0,0
spec_prior_10657,2,2,1,1,1,0,0,1
not_recom_10658,2,2,1,1,1,0,0,2
priority_10659,2,2,1,1,1,0,1,0
spec_prior_10660,2,2,1,1,1,0,1,1
not_recom_10661,2,2,1,1,1,0,1,2
spec_prior_10662,2,2,1,1,1,0,2,0
spec_prior_10663,2,2,1,1,1,0,2,1
not_recom_10664,2,2,1,1,1,0,2,2
priority_10665,2,2,1,1,1,1,0,0
spec_prior_10666,2,2,1,1,1,1,0,1
not_recom_10667,2,2,1,1,1,1,0,2
priority_10668,2,2,1,1,1,1,1,0
spec_prior_10669,2,2,1,1,1,1,1,1
not_recom_10670,2,2,1,1,1,1,1,2
spec_prior_10671,2,2,1,1,1,1,2,0
spec_prior_10672,2,2,1,1,1,1,2,1
not_recom_10673,2,2,1,1,1,1,2,2
spec_prior_10674,2,2,1,1,2,0,0,0
spec_prior_10675,2,2,1,1,2,0,0,1
not_recom_10676,2,2,1,1,2,0,0,2
spec_prior_10677,2,2,1,1,2,0,1,0
spec_prior_10678,2,2,1,1,2,0,1,1
not_recom_10679,2,2,1,1,2,0,1,2
spec_prior_10680,2,2,1,1,2,0,2,0
spec_prior_10681,2,2,1,1,2,0,2,1
not_recom_10682,2,2,1,1,2,0,2,2
spec_prior_10683,2,2,1,1,2,1,0,0
spec_prior_10684,2,2,1,1,2,1,0,1
not_recom_10685,2,2,1,1,2,1,0,2
spec_prior_10686,2,2,1,1,2,1,1,0
spec_prior_10687,2,2,1,1,2,1,1,1
not_recom_10688,2,2,1,1,2,1,1,2
spec_prior_10689,2,2,1,1,2,1,2,0
spec_prior_10690,2,2,1,1,2,1,2,1
not_recom_10691,2,2,1,1,2,1,2,2
priority_10692,2,2,1,2,0,0,0,0
spec_prior_10693,2,2,1,2,0,0,0,1
not_recom_10694,2,2,1,2,0,0,0,2
priority_10695,2,2,1,2,0,0,1,0
spec_prior_10696,2,2,1,2,0,0,1,1
not_recom_10697,2,2,1,2,0,0,1,2
spec_prior_10698,2,2,1,2,0,0,2,0
spec_prior_10699,2,2,1,2,0,0,2,1
not_recom_10700,2,2,1,2,0,0,2,2
spec_prior_10701,2,2,1,2,0,1,0,0
spec_prior_10702,2,2,1,2,0,1,0,1
not_recom_10703,2,2,1,2,0,1,0,2
spec_prior_10704,2,2,1,2,0,1,1,0
spec_prior_10705,2,2,1,2,0,1,1,1
not_recom_10706,2,2,1,2,0,1,1,2
spec_prior_10707,2,2,1,2,0,1,2,0
spec_prior_10708,2,2,1,2,0,1,2,1
not_recom_10709,2,2,1,2,0,1,2,2
spec_prior_10710,2,2,1,2,1,0,0,0
spec_prior_10711,2,2,1,2,1,0,0,1
not_recom_10712,2,2,1,2,1,0,0,2
spec_prior_10713,2,2,1,2,1,0,1,0
spec_prior_10714,2,2,1,2,1,0,1,1
not_recom_10715,2,2,1,2,1,0,1,2
spec_prior_10716,2,2,1,2,1,0,2,0
spec_prior_10717,2,2,1,2,1,0,2,1
not_recom_10718,2,2,1,2,1,0,2,2
spec_prior_10719,2,2,1,2,1,1,0,0
spec_prior_10720,2,2,1,2,1,1,0,1
not_recom_10721,2,2,1,2,1,1,0,2
spec_prior_10722,2,2,1,2,1,1,1,0
spec_prior_10723,2,2,1,2,1,1,1,1
not_recom_10724,2,2,1,2,1,1,1,2
spec_prior_10725,2,2,1,2,1,1,2,0
spec_prior_10726,2,2,1,2,1,1,2,1
not_recom_10727,2,2,1,2,1,1,2,2
spec_prior_10728,2,2,1,2,2,0,0,0
spec_prior_10729,2,2,1,2,2,0,0,1
not_recom_10730,2,2,1,2,2,0,0,2
spec_prior_10731,2,2,1,2,2,0,1,0
spec_prior_10732,2,2,1,2,2,0,1,1
not_recom_10733,2,2,1,2,2,0,1,2
spec_prior_10734,2,2,1,2,2,0,2,0
spec_prior_10735,2,2,1,2,2,0,2,1
not_recom_10736,2,2,1,2,2,0,2,2
spec_prior_10737,2,2,1,2,2,1,0,0
spec_prior_10738,2,2,1,2,2,1,0,1
not_recom_10739,2,2,1,2,2,1,0,2
spec_prior_10740,2,2,1,2,2,1,1,0
spec_prior_10741,2,2,1,2,2,1,1,1
not_recom_10742,2,2,1,2,2,1,1,2
spec_prior_10743,2,2,1,2,2,1,2,0
spec_prior_10744,2,2,1,2,2,1,2,1
not_recom_10745,2,2,1,2,2,1,2,2
priority_10746,2,2,1,3,0,0,0,0
spec_prior_10747,2,2,1,3,0,0,0,1
not_recom_10748,2,2,1,3,0,0,0,2
priority_10749,2,2,1,3,0,0,1,0
spec_prior_10750,2,2,1,3,0,0,1,1
not_recom_10751,2,2,1,3,0,0,1,2
spec_prior_10752,2,2,1,3,0,0,2,0
spec_prior_10753,2,2,1,3,0,0,2,1
not_recom_10754,2,2,1,3,0,0,2,2
spec_prior_10755,2,2,1,3,0,1,0,0
spec_prior_10756,2,2,1,3,0,1,0,1
not_recom_10757,2,2,1,3,0,1,0,2
spec_prior_10758,2,2,1,3,0,1,1,0
spec_prior_10759,2,2,1,3,0,1,1,1
not_recom_10760,2,2,1,3,0,1,1,2
spec_prior_10761,2,2,1,3,0,1,2,0
spec_prior_10762,2,2,1,3,0,1,2,1
not_recom_10763,2,2,1,3,0,1,2,2
spec_prior_10764,2,2,1,3,1,0,0,0
spec_prior_10765,2,2,1,3,1,0,0,1
not_recom_10766,2,2,1,3,1,0,0,2
spec_prior_10767,2,2,1,3,1,0,1,0
spec_prior_10768,2,2,1,3,1,0,1,1
not_recom_10769,2,2,1,3,1,0,1,2
spec_prior_10770,2,2,1,3,1,0,2,0
spec_prior_10771,2,2,1,3,1,0,2,1
not_recom_10772,2,2,1,3,1,0,2,2
spec_prior_10773,2,2,1,3,1,1,0,0
spec_prior_10774,2,2,1,3,1,1,0,1
not_recom_10775,2,2,1,3,1,1,0,2
spec_prior_10776,2,2,1,3,1,1,1,0
spec_prior_10777,2,2,1,3,1,1,1,1
not_recom_10778,2,2,1,3,1,1,1,2
spec_prior_10779,2,2,1,3,1,1,2,0
spec_prior_10780,2,2,1,3,1,1,2,1
not_recom_10781,2,2,1,3,1,1,2,2
spec_prior_10782,2,2,1,3,2,0,0,0
spec_prior_10783,2,2,1,3,2,0,0,1
not_recom_10784,2,2,1,3,2,0,0,2
spec_prior_10785,2,2,1,3,2,0,1,0
spec_prior_10786,2,2,1,3,2,0,1,1
not_recom_10787,2,2,1,3,2,0,1,2
spec_prior_10788,2,2,1,3,2,0,2,0
spec_prior_10789,2,2,1,3,2,0,2,1
not_recom_10790,2,2,1,3,2,0,2,2
spec_prior_10791,2,2,1,3,2,1,0,0
spec_prior_10792,2,2,1,3,2,1,0,1
not_recom_10793,2,2,1,3,2,1,0,2
spec_prior_10794,2,2,1,3,2,1,1,0
spec_prior_10795,2,2,1,3,2,1,1,1
not_recom_10796,2,2,1,3,2,1,1,2
spec_prior_10797,2,2,1,3,2,1,2,0
spec_prior_10798,2,2,1,3,2,1,2,1
not_recom_10799,2,2,1,3,2,1,2,2
priority_10800,2,2,2,0,0,0,0,0
spec_prior_10801,2,2,2,0,0,0,0,1
not_recom_10802,2,2,2,0,0,0,0,2
priority_10803,2,2,2,0,0,0,1,0
spec_prior_10804,2,2,2,0,0,0,1,1
not_recom_10805,2,2,2,0,0,0,1,2
spec_prior_10806,2,2,2,0,0,0,2,0
spec_prior_10807,2,2,2,0,0,0,2,1
not_recom_10808,2,2,2,0,0,0,2,2
priority_10809,2,2,2,0,0,1,0,0
spec_prior_10810,2,2,2,0,0,1,0,1
not_recom_10811,2,2,2,0,0,1,0,2
priority_10812,2,2,2,0,0,1,1,0
spec_prior_10813,2,2,2,0,0,1,1,1
not_recom_10814,2,2,2,0,0,1,1,2
spec_prior_10815,2,2,2,0,0,1,2,0
spec_prior_10816,2,2,2,0,0,1,2,1
not_recom_10817,2,2,2,0,0,1,2,2
priority_10818,2,2,2,0,1,0,0,0
spec_prior_10819,2,2,2,0,1,0,0,1
not_recom_10820,2,2,2,0,1,0,0,2
priority_10821,2,2,2,0,1,0,1,0
spec_prior_10822,2,2,2,0,1,0,1,1
not_recom_10823,2,2,2,0,1,0,1,2
spec_prior_10824,2,2,2,0,1,0,2,0
spec_prior_10825,2,2,2,0,1,0,2,1
not_recom_10826,2,2,2,0,1,0,2,2
priority_10827,2,2,2,0,1,1,0,0
spec_prior_10828,2,2,2,0,1,1,0,1
not_recom_10829,2,2,2,0,1,1,0,2
priority_10830,2,2,2,0,1,1,1,0
spec_prior_10831,2,2,2,0,1,1,1,1
not_recom_10832,2,2,2,0,1,1,1,2
spec_prior_10833,2,2,2,0,1,1,2,0
spec_prior_10834,2,2,2,0,1,1,2,1
not_recom_10835,2,2,2,0,1,1,2,2
spec_prior_10836,2,2,2,0,2,0,0,0
spec_prior_10837,2,2,2,0,2,0,0,1
not_recom_10838,2,2,2,0,2,0,0,2
spec_prior_10839,2,2,2,0,2,0,1,0
spec_prior_10840,2,2,2,0,2,0,1,1
not_recom_10841,2,2,2,0,2,0,1,2
spec_prior_10842,2,2,2,0,2,0,2,0
spec_prior_10843,2,2,2,0,2,0,2,1
not_recom_10844,2,2,2,0,2,0,2,2
spec_prior_10845,2,2,2,0,2,1,0,0
spec_prior_10846,2,2,2,0,2,1,0,1
not_recom_10847,2,2,2,0,2,1,0,2
spec_prior_10848,2,2,2,0,2,1,1,0
spec_prior_10849,2,2,2,0,2,1,1,1
not_recom_10850,2,2,2,0,2,1,1,2
spec_prior_10851,2,2,2,0,2,1,2,0
spec_prior_10852,2,2,2,0,2,1,2,1
not_recom_10853,2,2,2,0,2,1,2,2
priority_10854,2,2,2,1,0,0,0,0
spec_prior_10855,2,2,2,1,0,0,0,1
not_recom_10856,2,2,2,1,0,0,0,2
priority_10857,2,2,2,1,0,0,1,0
spec_prior_10858,2,2,2,1,0,0,1,1
not_recom_10859,2,2,2,1,0,0,1,2
spec_prior_10860,2,2,2,1,0,0,2,0
spec_prior_10861,2,2,2,1,0,0,2,1
not_recom_10862,2,2,2,1,0,0,2,2
spec_prior_10863,2,2,2,1,0,1,0,0
spec_prior_10864,2,2,2,1,0,1,0,1
not_recom_10865,2,2,2,1,0,1,0,2
spec_prior_10866,2,2,2,1,0,1,1,0
spec_prior_10867,2,2,2,1,0,1,1,1
not_recom_10868,2,2,2,1,0,1,1,2
spec_prior_10869,2,2,2,1,0,1,2,0
spec_prior_10870,2,2,2,1,0,1,2,1
not_recom_10871,2,2,2,1,0,1,2,2
spec_prior_10872,2,2,2,1,1,0,0,0
spec_prior_10873,2,2,2,1,1,0,0,1
not_recom_10874,2,2,2,1,1,0,0,2
spec_prior_10875,2,2,2,1,1,0,1,0
spec_prior_10876,2,2,2,1,1,0,1,1
not_recom_10877,2,2,2,1,1,0,1,2
spec_prior_10878,2,2,2,1,1,0,2,0
spec_prior_10879,2,2,2,1,1,0,2,1
not_recom_10880,2,2,2,1,1,0,2,2
spec_prior_10881,2,2,2,1,1,1,0,0
spec_prior_10882,2,2,2,1,1,1,0,1
not_recom_10883,2,2,2,1,1,1,0,2
spec_prior_10884,2,2,2,1,1,1,1,0
spec_prior_10885,2,2,2,1,1,1,1,1
not_recom_10886,2,2,2,1,1,1,1,2
spec_prior_10887,2,2,2,1,1,1,2,0
spec_prior_10888,2,2,2,1,1,1,2,1
not_recom_10889,2,2,2,1,1,1,2,2
spec_prior_10890,2,2,2,1,2,0,0,0
spec_prior_10891,2,2,2,1,2,0,0,1
not_recom_10892,2,2,2,1,2,0,0,2
spec_prior_10893,2,2,2,1,2,0,1,0
spec_prior_10894,2,2,2,1,2,0,1,1
not_recom_10895,2,2,2,1,2,0,1,2
spec_prior_10896,2,2,2,1,2,0,2,0
spec_prior_10897,2,2,2,1,2,0,2,1
not_recom_10898,2,2,2,1,2,0,2,2
spec_prior_10899,2,2,2,1,2,1,0,0
spec_prior_10900,2,2,2,1,2,1,0,1
not_recom_10901,2,2,2,1,2,1,0,2
spec_prior_10902,2,2,2,1,2,1,1,0
spec_prior_10903,2,2,2,1,2,1,1,1
not_recom_10904,2,2,2,1,2,1,1,2
spec_prior_10905,2,2,2,1,2,1,2,0
spec_prior_10906,2,2,2,1,2,1,2,1
not_recom_10907,2,2,2,1,2,1,2,2
priority_10908,2,2,2,2,0,0,0,0
spec_prior_10909,2,2,2,2,0,0,0,1
not_recom_10910,2,2,2,2,0,0,0,2
priority_10911,2,2,2,2,0,0,1,0
spec_prior_10912,2,2,2,2,0,0,1,1
not_recom_10913,2,2,2,2,0,0,1,2
spec_prior_10914,2,2,2,2,0,0,2,0
spec_prior_10915,2,2,2,2,0,0,2,1
not_recom_10916,2,2,2,2,0,0,2,2
spec_prior_10917,2,2,2,2,0,1,0,0
spec_prior_10918,2,2,2,2,0,1,0,1
not_recom_10919,2,2,2,2,0,1,0,2
spec_prior_10920,2,2,2,2,0,1,1,0
spec_prior_10921,2,2,2,2,0,1,1,1
not_recom_10922,2,2,2,2,0,1,1,2
spec_prior_10923,2,2,2,2,0,1,2,0
spec_prior_10924,2,2,2,2,0,1,2,1
not_recom_10925,2,2,2,2,0,1,2,2
spec_prior_10926,2,2,2,2,1,0,0,0
spec_prior_10927,2,2,2,2,1,0,0,1
not_recom_10928,2,2,2,2,1,0,0,2
spec_prior_10929,2,2,2,2,1,0,1,0
spec_prior_10930,2,2,2,2,1,0,1,1
not_recom_10931,2,2,2,2,1,0,1,2
spec_prior_10932,2,2,2,2,1,0,2,0
spec_prior_10933,2,2,2,2,1,0,2,1
not_recom_10934,2,2,2,2,1,0,2,2
spec_prior_10935,2,2,2,2,1,1,0,0
spec_prior_10936,2,2,2,2,1,1,0,1
not_recom_10937,2,2,2,2,1,1,0,2
spec_prior_10938,2,2,2,2,1,1,1,0
spec_prior_10939,2,2,2,2,1,1,1,1
not_recom_10940,2,2,2,2,1,1,1,2
spec_prior_10941,2,2,2,2,1,1,2,0
spec_prior_10942,2,2,2,2,1,1,2,1
not_recom_10943,2,2,2,2,1,1,2,2
spec_prior_10944,2,2,2,2,2,0,0,0
spec_prior_10945,2,2,2,2,2,0,0,1
not_recom_10946,2,2,2,2,2,0,0,2
spec_prior_10947,2,2,2,2,2,0,1,0
spec_prior_10948,2,2,2,2,2,0,1,1
not_recom_10949,2,2,2,2,2,0,1,2
spec_prior_10950,2,2,2,2,2,0,2,0
spec_prior_10951,2,2,2,2,2,0,2,1
not_recom_10952,2,2,2,2,2,0,2,2
spec_prior_10953,2,2,2,2,2,1,0,0
spec_prior_10954,2,2,2,2,2,1,0,1
not_recom_10955,2,2,2,2,2,1,0,2
spec_prior_10956,2,2,2,2,2,1,1,0
spec_prior_10957,2,2,2,2,2,1,1,1
not_recom_10958,2,2,2,2,2,1,1,2
spec_prior_10959,2,2,2,2,2,1,2,0
spec_prior_10960,2,2,2,2,2,1,2,1
not_recom_10961,2,2,2,2,2,1,2,2
priority_10962,2,2,2,3,0,0,0,0
spec_prior_10963,2,2,2,3,0,0,0,1
not_recom_10964,2,2,2,3,0,0,0,2
priority_10965,2,2,2,3,0,0,1,0
spec_prior_10966,2,2,2,3,0,0,1,1
not_recom_10967,2,2,2,3,0,0,1,2
spec_prior_10968,2,2,2,3,0,0,2,0
spec_prior_10969,2,2,2,3,0,0,2,1
not_recom_10970,2,2,2,3,0,0,2,2
spec_prior_10971,2,2,2,3,0,1,0,0
spec_prior_10972,2,2,2,3,0,1,0,1
not_recom_10973,2,2,2,3,0,1,0,2
spec_prior_10974,2,2,2,3,0,1,1,0
spec_prior_10975,2,2,2,3,0,1,1,1
not_recom_10976,2,2,2,3,0,1,1,2
spec_prior_10977,2,2,2,3,0,1,2,0
spec_prior_10978,2,2,2,3,0,1,2,1
not_recom_10979,2,2,2,3,0,1,2,2
spec_prior_10980,2,2,2,3,1,0,0,0
spec_prior_10981,2,2,2,3,1,0,0,1
not_recom_10982,2,2,2,3,1,0,0,2
spec_prior_10983,2,2,2,3,1,0,1,0
spec_prior_10984,2,2,2,3,1,0,1,1
not_recom_10985,2,2,2,3,1,0,1,2
spec_prior_10986,2,2,2,3,1,0,2,0
spec_prior_10987,2,2,2,3,1,0,2,1
not_recom_10988,2,2,2,3,1,0,2,2
spec_prior_10989,2,2,2,3,1,1,0,0
spec_prior_10990,2,2,2,3,1,1,0,1
not_recom_10991,2,2,2,3,1,1,0,2
spec_prior_10992,2,2,2,3,1,1,1,0
spec_prior_10993,2,2,2,3,1,1,1,1
not_recom_10994,2,2,2,3,1,1,1,2
spec_prior_10995,2,2,2,3,1,1,2,0
spec_prior_10996,2,2,2,3,1,1,2,1
not_recom_10997,2,2,2,3,1,1,2,2
spec_prior_10998,2,2,2,3,2,0,0,0
spec_prior_10999,2,2,2,3,2,0,0,1
not_recom_11000,2,2,2,3,2,0,0,2
spec_prior_11001,2,2,2,3,2,0,1,0
spec_prior_11002,2,2,2,3,2,0,1,1
not_recom_11003,2,2,2,3,2,0,1,2
spec_prior_11004,2,2,2,3,2,0,2,0
spec_prior_11005,2,2,2,3,2,0,2,1
not_recom_11006,2,2,2,3,2,0,2,2
spec_prior_11007,2,2,2,3,2,1,0,0
spec_prior_11008,2,2,2,3,2,1,0,1
not_recom_11009,2,2,2,3,2,1,0,2
spec_prior_11010,2,2,2,3,2,1,1,0
spec_prior_11011,2,2,2,3,2,1,1,1
not_recom_11012,2,2,2,3,2,1,1,2
spec_prior_11013,2,2,2,3,2,1,2,0
spec_prior_11014,2,2,2,3,2,1,2,1
not_recom_11015,2,2,2,3,2,1,2,2
priority_11016,2,2,3,0,0,0,0,0
spec_prior_11017,2,2,3,0,0,0,0,1
not_recom_11018,2,2,3,0,0,0,0,2
priority_11019,2,2,3,0,0,0,1,0
spec_prior_11020,2,2,3,0,0,0,1,1
not_recom_11021,2,2,3,0,0,0,1,2
spec_prior_11022,2,2,3,0,0,0,2,0
spec_prior_11023,2,2,3,0,0,0,2,1
not_recom_11024,2,2,3,0,0,0,2,2
spec_prior_11025,2,2,3,0,0,1,0,0
spec_prior_11026,2,2,3,0,0,1,0,1
not_recom_11027,2,2,3,0,0,1,0,2
spec_prior_11028,2,2,3,0,0,1,1,0
spec_prior_11029,2,2,3,0,0,1,1,1
not_recom_11030,2,2,3,0,0,1,1,2
spec_prior_11031,2,2,3,0,0,1,2,0
spec_prior_11032,2,2,3,0,0,1,2,1
not_recom_11033,2,2,3,0,0,1,2,2
spec_prior_11034,2,2,3,0,1,0,0,0
spec_prior_11035,2,2,3,0,1,0,0,1
not_recom_11036,2,2,3,0,1,0,0,2
spec_prior_11037,2,2,3,0,1,0,1,0
spec_prior_11038,2,2,3,0,1,0,1,1
not_recom_11039,2,2,3,0,1,0,1,2
spec_prior_11040,2,2,3,0,1,0,2,0
spec_prior_11041,2,2,3,0,1,0,2,1
not_recom_11042,2,2,3,0,1,0,2,2
spec_prior_11043,2,2,3,0,1,1,0,0
spec_prior_11044,2,2,3,0,1,1,0,1
not_recom_11045,2,2,3,0,1,1,0,2
spec_prior_11046,2,2,3,0,1,1,1,0
spec_prior_11047,2,2,3,0,1,1,1,1
not_recom_11048,2,2,3,0,1,1,1,2
spec_prior_11049,2,2,3,0,1,1,2,0
spec_prior_11050,2,2,3,0,1,1,2,1
not_recom_11051,2,2,3,0,1,1,2,2
spec_prior_11052,2,2,3,0,2,0,0,0
spec_prior_11053,2,2,3,0,2,0,0,1
not_recom_11054,2,2,3,0,2,0,0,2
spec_prior_11055,2,2,3,0,2,0,1,0
spec_prior_11056,2,2,3,0,2,0,1,1
not_recom_11057,2,2,3,0,2,0,1,2
spec_prior_11058,2,2,3,0,2,0,2,0
spec_prior_11059,2,2,3,0,2,0,2,1
not_recom_11060,2,2,3,0,2,0,2,2
spec_prior_11061,2,2,3,0,2,1,0,0
spec_prior_11062,2,2,3,0,2,1,0,1
not_recom_11063,2,2,3,0,2,1,0,2
spec_prior_11064,2,2,3,0,2,1,1,0
spec_prior_11065,2,2,3,0,2,1,1,1
not_recom_11066,2,2,3,0,2,1,1,2
spec_prior_11067,2,2,3,0,2,1,2,0
spec_prior_11068,2,2,3,0,2,1,2,1
not_recom_11069,2,2,3,0,2,1,2,2
priority_11070,2,2,3,1,0,0,0,0
spec_prior_11071,2,2,3,1,0,0,0,1
not_recom_11072,2,2,3,1,0,0,0,2
priority_11073,2,2,3,1,0,0,1,0
spec_prior_11074,2,2,3,1,0,0,1,1
not_recom_11075,2,2,3,1,0,0,1,2
spec_prior_11076,2,2,3,1,0,0,2,0
spec_prior_11077,2,2,3,1,0,0,2,1
not_recom_11078,2,2,3,1,0,0,2,2
spec_prior_11079,2,2,3,1,0,1,0,0
spec_prior_11080,2,2,3,1,0,1,0,1
not_recom_11081,2,2,3,1,0,1,0,2
spec_prior_11082,2,2,3,1,0,1,1,0
spec_prior_11083,2,2,3,1,0,1,1,1
not_recom_11084,2,2,3,1,0,1,1,2
spec_prior_11085,2,2,3,1,0,1,2,0
spec_prior_11086,2,2,3,1,0,1,2,1
not_recom_11087,2,2,3,1,0,1,2,2
spec_prior_11088,2,2,3,1,1,0,0,0
spec_prior_11089,2,2,3,1,1,0,0,1
not_recom_11090,2,2,3,1,1,0,0,2
spec_prior_11091,2,2,3,1,1,0,1,0
spec_prior_11092,2,2,3,1,1,0,1,1
not_recom_11093,2,2,3,1,1,0,1,2
spec_prior_11094,2,2,3,1,1,0,2,0
spec_prior_11095,2,2,3,1,1,0,2,1
not_recom_11096,2,2,3,1,1,0,2,2
spec_prior_11097,2,2,3,1,1,1,0,0
spec_prior_11098,2,2,3,1,1,1,0,1
not_recom_11099,2,2,3,1,1,1,0,2
spec_prior_11100,2,2,3,1,1,1,1,0
spec_prior_11101,2,2,3,1,1,1,1,1
not_recom_11102,2,2,3,1,1,1,1,2
spec_prior_11103,2,2,3,1,1,1,2,0
spec_prior_11104,2,2,3,1,1,1,2,1
not_recom_11105,2,2,3,1,1,1,2,2
spec_prior_11106,2,2,3,1,2,0,0,0
spec_prior_11107,2,2,3,1,2,0,0,1
not_recom_11108,2,2,3,1,2,0,0,2
spec_prior_11109,2,2,3,1,2,0,1,0
spec_prior_11110,2,2,3,1,2,0,1,1
not_recom_11111,2,2,3,1,2,0,1,2
spec_prior_11112,2,2,3,1,2,0,2,0
spec_prior_11113,2,2,3,1,2,0,2,1
not_recom_11114,2,2,3,1,2,0,2,2
spec_prior_11115,2,2,3,1,2,1,0,0
spec_prior_11116,2,2,3,1,2,1,0,1
not_recom_11117,2,2,3,1,2,1,0,2
spec_prior_11118,2,2,3,1,2,1,1,0
spec_prior_11119,2,2,3,1,2,1,1,1
not_recom_11120,2,2,3,1,2,1,1,2
spec_prior_11121,2,2,3,1,2,1,2,0
spec_prior_11122,2,2,3,1,2,1,2,1
not_recom_11123,2,2,3,1,2,1,2,2
priority_11124,2,2,3,2,0,0,0,0
spec_prior_11125,2,2,3,2,0,0,0,1
not_recom_11126,2,2,3,2,0,0,0,2
priority_11127,2,2,3,2,0,0,1,0
spec_prior_11128,2,2,3,2,0,0,1,1
not_recom_11129,2,2,3,2,0,0,1,2
spec_prior_11130,2,2,3,2,0,0,2,0
spec_prior_11131,2,2,3,2,0,0,2,1
not_recom_11132,2,2,3,2,0,0,2,2
spec_prior_11133,2,2,3,2,0,1,0,0
spec_prior_11134,2,2,3,2,0,1,0,1
not_recom_11135,2,2,3,2,0,1,0,2
spec_prior_11136,2,2,3,2,0,1,1,0
spec_prior_11137,2,2,3,2,0,1,1,1
not_recom_11138,2,2,3,2,0,1,1,2
spec_prior_11139,2,2,3,2,0,1,2,0
spec_prior_11140,2,2,3,2,0,1,2,1
not_recom_11141,2,2,3,2,0,1,2,2
spec_prior_11142,2,2,3,2,1,0,0,0
spec_prior_11143,2,2,3,2,1,0,0,1
not_recom_11144,2,2,3,2,1,0,0,2
spec_prior_11145,2,2,3,2,1,0,1,0
spec_prior_11146,2,2,3,2,1,0,1,1
not_recom_11147,2,2,3,2,1,0,1,2
spec_prior_11148,2,2,3,2,1,0,2,0
spec_prior_11149,2,2,3,2,1,0,2,1
not_recom_11150,2,2,3,2,1,0,2,2
spec_prior_11151,2,2,3,2,1,1,0,0
spec_prior_11152,2,2,3,2,1,1,0,1
not_recom_11153,2,2,3,2,1,1,0,2
spec_prior_11154,2,2,3,2,1,1,1,0
spec_prior_11155,2,2,3,2,1,1,1,1
not_recom_11156,2,2,3,2,1,1,1,2
spec_prior_11157,2,2,3,2,1,1,2,0
spec_prior_11158,2,2,3,2,1,1,2,1
not_recom_11159,2,2,3,2,1,1,2,2
spec_prior_11160,2,2,3,2,2,0,0,0
spec_prior_11161,2,2,3,2,2,0,0,1
not_recom_11162,2,2,3,2,2,0,0,2
spec_prior_11163,2,2,3,2,2,0,1,0
spec_prior_11164,2,2,3,2,2,0,1,1
not_recom_11165,2,2,3,2,2,0,1,2
spec_prior_11166,2,2,3,2,2,0,2,0
spec_prior_11167,2,2,3,2,2,0,2,1
not_recom_11168,2,2,3,2,2,0,2,2
spec_prior_11169,2,2,3,2,2,1,0,0
spec_prior_11170,2,2,3,2,2,1,0,1
not_recom_11171,2,2,3,2,2,1,0,2
spec_prior_11172,2,2,3,2,2,1,1,0
spec_prior_11173,2,2,3,2,2,1,1,1
not_recom_11174,2,2,3,2,2,1,1,2
spec_prior_11175,2,2,3,2,2,1,2,0
spec_prior_11176,2,2,3,2,2,1,2,1
not_recom_11177,2,2,3,2,2,1,2,2
priority_11178,2,2,3,3,0,0,0,0
spec_prior_11179,2,2,3,3,0,0,0,1
not_recom_11180,2,2,3,3,0,0,0,2
priority_11181,2,2,3,3,0,0,1,0
spec_prior_11182,2,2,3,3,0,0,1,1
not_recom_11183,2,2,3,3,0,0,1,2
spec_prior_11184,2,2,3,3,0,0,2,0
spec_prior_11185,2,2,3,3,0,0,2,1
not_recom_11186,2,2,3,3,0,0,2,2
spec_prior_11187,2,2,3,3,0,1,0,0
spec_prior_11188,2,2,3,3,0,1,0,1
not_recom_11189,2,2,3,3,0,1,0,2
spec_prior_11190,2,2,3,3,0,1,1,0
spec_prior_11191,2,2,3,3,0,1,1,1
not_recom_11192,2,2,3,3,0,1,1,2
spec_prior_11193,2,2,3,3,0,1,2,0
spec_prior_11194,2,2,3,3,0,1,2,1
not_recom_11195,2,2,3,3,0,1,2,2
spec_prior_11196,2,2,3,3,1,0,0,0
spec_prior_11197,2,2,3,3,1,0,0,1
not_recom_11198,2,2,3,3,1,0,0,2
spec_prior_11199,2,2,3,3,1,0,1,0
spec_prior_11200,2,2,3,3,1,0,1,1
not_recom_11201,2,2,3,3,1,0,1,2
spec_prior_11202,2,2,3,3,1,0,2,0
spec_prior_11203,2,2,3,3,1,0,2,1
not_recom_11204,2,2,3,3,1,0,2,2
spec_prior_11205,2,2,3,3,1,1,0,0
spec_prior_11206,2,2,3,3,1,1,0,1
not_recom_11207,2,2,3,3,1,1,0,2
spec_prior_11208,2,2,3,3,1,1,1,0
spec_prior_11209,2,2,3,3,1,1,1,1
not_recom_11210,2,2,3,3,1,1,1,2
spec_prior_11211,2,2,3,3,1,1,2,0
spec_prior_11212,2,2,3,3,1,1,2,1
not_recom_11213,2,2,3,3,1,1,2,2
spec_prior_11214,2,2,3,3,2,0,0,0
spec_prior_11215,2,2,3,3,2,0,0,1
not_recom_11216,2,2,3,3,2,0,0,2
spec_prior_11217,2,2,3,3,2,0,1,0
spec_prior_11218,2,2,3,3,2,0,1,1
not_recom_11219,2,2,3,3,2,0,1,2
spec_prior_11220,2,2,3,3,2,0,2,0
spec_prior_11221,2,2,3,3,2,0,2,1
not_recom_11222,2,2,3,3,2,0,2,2
spec_prior_11223,2,2,3,3,2,1,0,0
spec_prior_11224,2,2,3,3,2,1,0,1
not_recom_11225,2,2,3,3,2,1,0,2
spec_prior_11226,2,2,3,3,2,1,1,0
spec_prior_11227,2,2,3,3,2,1,1,1
not_recom_11228,2,2,3,3,2,1,1,2
spec_prior_11229,2,2,3,3,2,1,2,0
spec_prior_11230,2,2,3,3,2,1,2,1
not_recom_11231,2,2,3,3,2,1,2,2
priority_11232,2,3,0,0,0,0,0,0
priority_11233,2,3,0,0,0,0,0,1
not_recom_11234,2,3,0,0,0,0,0,2
priority_11235,2,3,0,0,0,0,1,0
priority_11236,2,3,0,0,0,0,1,1
not_recom_11237,2,3,0,0,0,0,1,2
priority_11238,2,3,0,0,0,0,2,0
priority_11239,2,3,0,0,0,0,2,1
not_recom_11240,2,3,0,0,0,0,2,2
priority_11241,2,3,0,0,0,1,0,0
spec_prior_11242,2,3,0,0,0,1,0,1
not_recom_11243,2,3,0,0,0,1,0,2
priority_11244,2,3,0,0,0,1,1,0
spec_prior_11245,2,3,0,0,0,1,1,1
not_recom_11246,2,3,0,0,0,1,1,2
spec_prior_11247,2,3,0,0,0,1,2,0
spec_prior_11248,2,3,0,0,0,1,2,1
not_recom_11249,2,3,0,0,0,1,2,2
priority_11250,2,3,0,0,1,0,0,0
spec_prior_11251,2,3,0,0,1,0,0,1
not_recom_11252,2,3,0,0,1,0,0,2
priority_11253,2,3,0,0,1,0,1,0
spec_prior_11254,2,3,0,0,1,0,1,1
not_recom_11255,2,3,0,0,1,0,1,2
spec_prior_11256,2,3,0,0,1,0,2,0
spec_prior_11257,2,3,0,0,1,0,2,1
not_recom_11258,2,3,0,0,1,0,2,2
priority_11259,2,3,0,0,1,1,0,0
spec_prior_11260,2,3,0,0,1,1,0,1
not_recom_11261,2,3,0,0,1,1,0,2
priority_11262,2,3,0,0,1,1,1,0
spec_prior_11263,2,3,0,0,1,1,1,1
not_recom_11264,2,3,0,0,1,1,1,2
spec_prior_11265,2,3,0,0,1,1,2,0
spec_prior_11266,2,3,0,0,1,1,2,1
not_recom_11267,2,3,0,0,1,1,2,2
priority_11268,2,3,0,0,2,0,0,0
spec_prior_11269,2,3,0,0,2,0,0,1
not_recom_11270,2,3,0,0,2,0,0,2
priority_11271,2,3,0,0,2,0,1,0
spec_prior_11272,2,3,0,0,2,0,1,1
not_recom_11273,2,3,0,0,2,0,1,2
spec_prior_11274,2,3,0,0,2,0,2,0
spec_prior_11275,2,3,0,0,2,0,2,1
not_recom_11276,2,3,0,0,2,0,2,2
priority_11277,2,3,0,0,2,1,0,0
spec_prior_11278,2,3,0,0,2,1,0,1
not_recom_11279,2,3,0,0,2,1,0,2
priority_11280,2,3,0,0,2,1,1,0
spec_prior_11281,2,3,0,0,2,1,1,1
not_recom_11282,2,3,0,0,2,1,1,2
spec_prior_11283,2,3,0,0,2,1,2,0
spec_prior_11284,2,3,0,0,2,1,2,1
not_recom_11285,2,3,0,0,2,1,2,2
priority_11286,2,3,0,1,0,0,0,0
spec_prior_11287,2,3,0,1,0,0,0,1
not_recom_11288,2,3,0,1,0,0,0,2
priority_11289,2,3,0,1,0,0,1,0
spec_prior_11290,2,3,0,1,0,0,1,1
not_recom_11291,2,3,0,1,0,0,1,2
spec_prior_11292,2,3,0,1,0,0,2,0
spec_prior_11293,2,3,0,1,0,0,2,1
not_recom_11294,2,3,0,1,0,0,2,2
priority_11295,2,3,0,1,0,1,0,0
spec_prior_11296,2,3,0,1,0,1,0,1
not_recom_11297,2,3,0,1,0,1,0,2
priority_11298,2,3,0,1,0,1,1,0
spec_prior_11299,2,3,0,1,0,1,1,1
not_recom_11300,2,3,0,1,0,1,1,2
spec_prior_11301,2,3,0,1,0,1,2,0
spec_prior_11302,2,3,0,1,0,1,2,1
not_recom_11303,2,3,0,1,0,1,2,2
priority_11304,2,3,0,1,1,0,0,0
spec_prior_11305,2,3,0,1,1,0,0,1
not_recom_11306,2,3,0,1,1,0,0,2
priority_11307,2,3,0,1,1,0,1,0
spec_prior_11308,2,3,0,1,1,0,1,1
not_recom_11309,2,3,0,1,1,0,1,2
spec_prior_11310,2,3,0,1,1,0,2,0
spec_prior_11311,2,3,0,1,1,0,2,1
not_recom_11312,2,3,0,1,1,0,2,2
priority_11313,2,3,0,1,1,1,0,0
spec_prior_11314,2,3,0,1,1,1,0,1
not_recom_11315,2,3,0,1,1,1,0,2
priority_11316,2,3,0,1,1,1,1,0
spec_prior_11317,2,3,0,1,1,1,1,1
not_recom_11318,2,3,0,1,1,1,1,2
spec_prior_11319,2,3,0,1,1,1,2,0
spec_prior_11320,2,3,0,1,1,1,2,1
not_recom_11321,2,3,0,1,1,1,2,2
spec_prior_11322,2,3,0,1,2,0,0,0
spec_prior_11323,2,3,0,1,2,0,0,1
not_recom_11324,2,3,0,1,2,0,0,2
spec_prior_11325,2,3,0,1,2,0,1,0
spec_prior_11326,2,3,0,1,2,0,1,1
not_recom_11327,2,3,0,1,2,0,1,2
spec_prior_11328,2,3,0,1,2,0,2,0
spec_prior_11329,2,3,0,1,2,0,2,1
not_recom_11330,2,3,0,1,2,0,2,2
spec_prior_11331,2,3,0,1,2,1,0,0
spec_prior_11332,2,3,0,1,2,1,0,1
not_recom_11333,2,3,0,1,2,1,0,2
spec_prior_11334,2,3,0,1,2,1,1,0
spec_prior_11335,2,3,0,1,2,1,1,1
not_recom_11336,2,3,0,1,2,1,1,2
spec_prior_11337,2,3,0,1,2,1,2,0
spec_prior_11338,2,3,0,1,2,1,2,1
not_recom_11339,2,3,0,1,2,1,2,2
priority_11340,2,3,0,2,0,0,0,0
spec_prior_11341,2,3,0,2,0,0,0,1
not_recom_11342,2,3,0,2,0,0,0,2
priority_11343,2,3,0,2,0,0,1,0
spec_prior_11344,2,3,0,2,0,0,1,1
not_recom_11345,2,3,0,2,0,0,1,2
spec_prior_11346,2,3,0,2,0,0,2,0
spec_prior_11347,2,3,0,2,0,0,2,1
not_recom_11348,2,3,0,2,0,0,2,2
spec_prior_11349,2,3,0,2,0,1,0,0
spec_prior_11350,2,3,0,2,0,1,0,1
not_recom_11351,2,3,0,2,0,1,0,2
spec_prior_11352,2,3,0,2,0,1,1,0
spec_prior_11353,2,3,0,2,0,1,1,1
not_recom_11354,2,3,0,2,0,1,1,2
spec_prior_11355,2,3,0,2,0,1,2,0
spec_prior_11356,2,3,0,2,0,1,2,1
not_recom_11357,2,3,0,2,0,1,2,2
spec_prior_11358,2,3,0,2,1,0,0,0
spec_prior_11359,2,3,0,2,1,0,0,1
not_recom_11360,2,3,0,2,1,0,0,2
spec_prior_11361,2,3,0,2,1,0,1,0
spec_prior_11362,2,3,0,2,1,0,1,1
not_recom_11363,2,3,0,2,1,0,1,2
spec_prior_11364,2,3,0,2,1,0,2,0
spec_prior_11365,2,3,0,2,1,0,2,1
not_recom_11366,2,3,0,2,1,0,2,2
spec_prior_11367,2,3,0,2,1,1,0,0
spec_prior_11368,2,3,0,2,1,1,0,1
not_recom_11369,2,3,0,2,1,1,0,2
spec_prior_11370,2,3,0,2,1,1,1,0
spec_prior_11371,2,3,0,2,1,1,1,1
not_recom_11372,2,3,0,2,1,1,1,2
spec_prior_11373,2,3,0,2,1,1,2,0
spec_prior_11374,2,3,0,2,1,1,2,1
not_recom_11375,2,3,0,2,1,1,2,2
spec_prior_11376,2,3,0,2,2,0,0,0
spec_prior_11377,2,3,0,2,2,0,0,1
not_recom_11378,2,3,0,2,2,0,0,2
spec_prior_11379,2,3,0,2,2,0,1,0
spec_prior_11380,2,3,0,2,2,0,1,1
not_recom_11381,2,3,0,2,2,0,1,2
spec_prior_11382,2,3,0,2,2,0,2,0
spec_prior_11383,2,3,0,2,2,0,2,1
not_recom_11384,2,3,0,2,2,0,2,2
spec_prior_11385,2,3,0,2,2,1,0,0
spec_prior_11386,2,3,0,2,2,1,0,1
not_recom_11387,2,3,0,2,2,1,0,2
spec_prior_11388,2,3,0,2,2,1,1,0
spec_prior_11389,2,3,0,2,2,1,1,1
not_recom_11390,2,3,0,2,2,1,1,2
spec_prior_11391,2,3,0,2,2,1,2,0
spec_prior_11392,2,3,0,2,2,1,2,1
not_recom_11393,2,3,0,2,2,1,2,2
priority_11394,2,3,0,3,0,0,0,0
spec_prior_11395,2,3,0,3,0,0,0,1
not_recom_11396,2,3,0,3,0,0,0,2
priority_11397,2,3,0,3,0,0,1,0
spec_prior_11398,2,3,0,3,0,0,1,1
not_recom_11399,2,3,0,3,0,0,1,2
spec_prior_11400,2,3,0,3,0,0,2,0
spec_prior_11401,2,3,0,3,0,0,2,1
not_recom_11402,2,3,0,3,0,0,2,2
spec_prior_11403,2,3,0,3,0,1,0,0
spec_prior_11404,2,3,0,3,0,1,0,1
not_recom_11405,2,3,0,3,0,1,0,2
spec_prior_11406,2,3,0,3,0,1,1,0
spec_prior_11407,2,3,0,3,0,1,1,1
not_recom_11408,2,3,0,3,0,1,1,2
spec_prior_11409,2,3,0,3,0,1,2,0
spec_prior_11410,2,3,0,3,0,1,2,1
not_recom_11411,2,3,0,3,0,1,2,2
spec_prior_11412,2,3,0,3,1,0,0,0
spec_prior_11413,2,3,0,3,1,0,0,1
not_recom_11414,2,3,0,3,1,0,0,2
spec_prior_11415,2,3,0,3,1,0,1,0
spec_prior_11416,2,3,0,3,1,0,1,1
not_recom_11417,2,3,0,3,1,0,1,2
spec_prior_11418,2,3,0,3,1,0,2,0
spec_prior_11419,2,3,0,3,1,0,2,1
not_recom_11420,2,3,0,3,1,0,2,2
spec_prior_11421,2,3,0,3,1,1,0,0
spec_prior_11422,2,3,0,3,1,1,0,1
not_recom_11423,2,3,0,3,1,1,0,2
spec_prior_11424,2,3,0,3,1,1,1,0
spec_prior_11425,2,3,0,3,1,1,1,1
not_recom_11426,2,3,0,3,1,1,1,2
spec_prior_11427,2,3,0,3,1,1,2,0
spec_prior_11428,2,3,0,3,1,1,2,1
not_recom_11429,2,3,0,3,1,1,2,2
spec_prior_11430,2,3,0,3,2,0,0,0
spec_prior_11431,2,3,0,3,2,0,0,1
not_recom_11432,2,3,0,3,2,0,0,2
spec_prior_11433,2,3,0,3,2,0,1,0
spec_prior_11434,2,3,0,3,2,0,1,1
not_recom_11435,2,3,0,3,2,0,1,2
spec_prior_11436,2,3,0,3,2,0,2,0
spec_prior_11437,2,3,0,3,2,0,2,1
not_recom_11438,2,3,0,3,2,0,2,2
spec_prior_11439,2,3,0,3,2,1,0,0
spec_prior_11440,2,3,0,3,2,1,0,1
not_recom_11441,2,3,0,3,2,1,0,2
spec_prior_11442,2,3,0,3,2,1,1,0
spec_prior_11443,2,3,0,3,2,1,1,1
not_recom_11444,2,3,0,3,2,1,1,2
spec_prior_11445,2,3,0,3,2,1,2,0
spec_prior_11446,2,3,0,3,2,1,2,1
not_recom_11447,2,3,0,3,2,1,2,2
priority_11448,2,3,1,0,0,0,0,0
spec_prior_11449,2,3,1,0,0,0,0,1
not_recom_11450,2,3,1,0,0,0,0,2
priority_11451,2,3,1,0,0,0,1,0
spec_prior_11452,2,3,1,0,0,0,1,1
not_recom_11453,2,3,1,0,0,0,1,2
spec_prior_11454,2,3,1,0,0,0,2,0
spec_prior_11455,2,3,1,0,0,0,2,1
not_recom_11456,2,3,1,0,0,0,2,2
priority_11457,2,3,1,0,0,1,0,0
spec_prior_11458,2,3,1,0,0,1,0,1
not_recom_11459,2,3,1,0,0,1,0,2
priority_11460,2,3,1,0,0,1,1,0
spec_prior_11461,2,3,1,0,0,1,1,1
not_recom_11462,2,3,1,0,0,1,1,2
spec_prior_11463,2,3,1,0,0,1,2,0
spec_prior_11464,2,3,1,0,0,1,2,1
not_recom_11465,2,3,1,0,0,1,2,2
priority_11466,2,3,1,0,1,0,0,0
spec_prior_11467,2,3,1,0,1,0,0,1
not_recom_11468,2,3,1,0,1,0,0,2
priority_11469,2,3,1,0,1,0,1,0
spec_prior_11470,2,3,1,0,1,0,1,1
not_recom_11471,2,3,1,0,1,0,1,2
spec_prior_11472,2,3,1,0,1,0,2,0
spec_prior_11473,2,3,1,0,1,0,2,1
not_recom_11474,2,3,1,0,1,0,2,2
priority_11475,2,3,1,0,1,1,0,0
spec_prior_11476,2,3,1,0,1,1,0,1
not_recom_11477,2,3,1,0,1,1,0,2
priority_11478,2,3,1,0,1,1,1,0
spec_prior_11479,2,3,1,0,1,1,1,1
not_recom_11480,2,3,1,0,1,1,1,2
spec_prior_11481,2,3,1,0,1,1,2,0
spec_prior_11482,2,3,1,0,1,1,2,1
not_recom_11483,2,3,1,0,1,1,2,2
spec_prior_11484,2,3,1,0,2,0,0,0
spec_prior_11485,2,3,1,0,2,0,0,1
not_recom_11486,2,3,1,0,2,0,0,2
spec_prior_11487,2,3,1,0,2,0,1,0
spec_prior_11488,2,3,1,0,2,0,1,1
not_recom_11489,2,3,1,0,2,0,1,2
spec_prior_11490,2,3,1,0,2,0,2,0
spec_prior_11491,2,3,1,0,2,0,2,1
not_recom_11492,2,3,1,0,2,0,2,2
spec_prior_11493,2,3,1,0,2,1,0,0
spec_prior_11494,2,3,1,0,2,1,0,1
not_recom_11495,2,3,1,0,2,1,0,2
spec_prior_11496,2,3,1,0,2,1,1,0
spec_prior_11497,2,3,1,0,2,1,1,1
not_recom_11498,2,3,1,0,2,1,1,2
spec_prior_11499,2,3,1,0,2,1,2,0
spec_prior_11500,2,3,1,0,2,1,2,1
not_recom_11501,2,3,1,0,2,1,2,2
priority_11502,2,3,1,1,0,0,0,0
spec_prior_11503,2,3,1,1,0,0,0,1
not_recom_11504,2,3,1,1,0,0,0,2
priority_11505,2,3,1,1,0,0,1,0
spec_prior_11506,2,3,1,1,0,0,1,1
not_recom_11507,2,3,1,1,0,0,1,2
spec_prior_11508,2,3,1,1,0,0,2,0
spec_prior_11509,2,3,1,1,0,0,2,1
not_recom_11510,2,3,1,1,0,0,2,2
priority_11511,2,3,1,1,0,1,0,0
spec_prior_11512,2,3,1,1,0,1,0,1
not_recom_11513,2,3,1,1,0,1,0,2
priority_11514,2,3,1,1,0,1,1,0
spec_prior_11515,2,3,1,1,0,1,1,1
not_recom_11516,2,3,1,1,0,1,1,2
spec_prior_11517,2,3,1,1,0,1,2,0
spec_prior_11518,2,3,1,1,0,1,2,1
not_recom_11519,2,3,1,1,0,1,2,2
priority_11520,2,3,1,1,1,0,0,0
spec_prior_11521,2,3,1,1,1,0,0,1
not_recom_11522,2,3,1,1,1,0,0,2
priority_11523,2,3,1,1,1,0,1,0
spec_prior_11524,2,3,1,1,1,0,1,1
not_recom_11525,2,3,1,1,1,0,1,2
spec_prior_11526,2,3,1,1,1,0,2,0
spec_prior_11527,2,3,1,1,1,0,2,1
not_recom_11528,2,3,1,1,1,0,2,2
priority_11529,2,3,1,1,1,1,0,0
spec_prior_11530,2,3,1,1,1,1,0,1
not_recom_11531,2,3,1,1,1,1,0,2
priority_11532,2,3,1,1,1,1,1,0
spec_prior_11533,2,3,1,1,1,1,1,1
not_recom_11534,2,3,1,1,1,1,1,2
spec_prior_11535,2,3,1,1,1,1,2,0
spec_prior_11536,2,3,1,1,1,1,2,1
not_recom_11537,2,3,1,1,1,1,2,2
spec_prior_11538,2,3,1,1,2,0,0,0
spec_prior_11539,2,3,1,1,2,0,0,1
not_recom_11540,2,3,1,1,2,0,0,2
spec_prior_11541,2,3,1,1,2,0,1,0
spec_prior_11542,2,3,1,1,2,0,1,1
not_recom_11543,2,3,1,1,2,0,1,2
spec_prior_11544,2,3,1,1,2,0,2,0
spec_prior_11545,2,3,1,1,2,0,2,1
not_recom_11546,2,3,1,1,2,0,2,2
spec_prior_11547,2,3,1,1,2,1,0,0
spec_prior_11548,2,3,1,1,2,1,0,1
not_recom_11549,2,3,1,1,2,1,0,2
spec_prior_11550,2,3,1,1,2,1,1,0
spec_prior_11551,2,3,1,1,2,1,1,1
not_recom_11552,2,3,1,1,2,1,1,2
spec_prior_11553,2,3,1,1,2,1,2,0
spec_prior_11554,2,3,1,1,2,1,2,1
not_recom_11555,2,3,1,1,2,1,2,2
priority_11556,2,3,1,2,0,0,0,0
spec_prior_11557,2,3,1,2,0,0,0,1
not_recom_11558,2,3,1,2,0,0,0,2
priority_11559,2,3,1,2,0,0,1,0
spec_prior_11560,2,3,1,2,0,0,1,1
not_recom_11561,2,3,1,2,0,0,1,2
spec_prior_11562,2,3,1,2,0,0,2,0
spec_prior_11563,2,3,1,2,0,0,2,1
not_recom_11564,2,3,1,2,0,0,2,2
spec_prior_11565,2,3,1,2,0,1,0,0
spec_prior_11566,2,3,1,2,0,1,0,1
not_recom_11567,2,3,1,2,0,1,0,2
spec_prior_11568,2,3,1,2,0,1,1,0
spec_prior_11569,2,3,1,2,0,1,1,1
not_recom_11570,2,3,1,2,0,1,1,2
spec_prior_11571,2,3,1,2,0,1,2,0
spec_prior_11572,2,3,1,2,0,1,2,1
not_recom_11573,2,3,1,2,0,1,2,2
spec_prior_11574,2,3,1,2,1,0,0,0
spec_prior_11575,2,3,1,2,1,0,0,1
not_recom_11576,2,3,1,2,1,0,0,2
spec_prior_11577,2,3,1,2,1,0,1,0
spec_prior_11578,2,3,1,2,1,0,1,1
not_recom_11579,2,3,1,2,1,0,1,2
spec_prior_11580,2,3,1,2,1,0,2,0
spec_prior_11581,2,3,1,2,1,0,2,1
not_recom_11582,2,3,1,2,1,0,2,2
spec_prior_11583,2,3,1,2,1,1,0,0
spec_prior_11584,2,3,1,2,1,1,0,1
not_recom_11585,2,3,1,2,1,1,0,2
spec_prior_11586,2,3,1,2,1,1,1,0
spec_prior_11587,2,3,1,2,1,1,1,1
not_recom_11588,2,3,1,2,1,1,1,2
spec_prior_11589,2,3,1,2,1,1,2,0
spec_prior_11590,2,3,1,2,1,1,2,1
not_recom_11591,2,3,1,2,1,1,2,2
spec_prior_11592,2,3,1,2,2,0,0,0
spec_prior_11593,2,3,1,2,2,0,0,1
not_recom_11594,2,3,1,2,2,0,0,2
spec_prior_11595,2,3,1,2,2,0,1,0
spec_prior_11596,2,3,1,2,2,0,1,1
not_recom_11597,2,3,1,2,2,0,1,2
spec_prior_11598,2,3,1,2,2,0,2,0
spec_prior_11599,2,3,1,2,2,0,2,1
not_recom_11600,2,3,1,2,2,0,2,2
spec_prior_11601,2,3,1,2,2,1,0,0
spec_prior_11602,2,3,1,2,2,1,0,1
not_recom_11603,2,3,1,2,2,1,0,2
spec_prior_11604,2,3,1,2,2,1,1,0
spec_prior_11605,2,3,1,2,2,1,1,1
not_recom_11606,2,3,1,2,2,1,1,2
spec_prior_11607,2,3,1,2,2,1,2,0
spec_prior_11608,2,3,1,2,2,1,2,1
not_recom_11609,2,3,1,2,2,1,2,2
priority_11610,2,3,1,3,0,0,0,0
spec_prior_11611,2,3,1,3,0,0,0,1
not_recom_11612,2,3,1,3,0,0,0,2
priority_11613,2,3,1,3,0,0,1,0
spec_prior_11614,2,3,1,3,0,0,1,1
not_recom_11615,2,3,1,3,0,0,1,2
spec_prior_11616,2,3,1,3,0,0,2,0
spec_prior_11617,2,3,1,3,0,0,2,1
not_recom_11618,2,3,1,3,0,0,2,2
spec_prior_11619,2,3,1,3,0,1,0,0
spec_prior_11620,2,3,1,3,0,1,0,1
not_recom_11621,2,3,1,3,0,1,0,2
spec_prior_11622,2,3,1,3,0,1,1,0
spec_prior_11623,2,3,1,3,0,1,1,1
not_recom_11624,2,3,1,3,0,1,1,2
spec_prior_11625,2,3,1,3,0,1,2,0
spec_prior_11626,2,3,1,3,0,1,2,1
not_recom_11627,2,3,1,3,0,1,2,2
spec_prior_11628,2,3,1,3,1,0,0,0
spec_prior_11629,2,3,1,3,1,0,0,1
not_recom_11630,2,3,1,3,1,0,0,2
spec_prior_11631,2,3,1,3,1,0,1,0
spec_prior_11632,2,3,1,3,1,0,1,1
not_recom_11633,2,3,1,3,1,0,1,2
spec_prior_11634,2,3,1,3,1,0,2,0
spec_prior_11635,2,3,1,3,1,0,2,1
not_recom_11636,2,3,1,3,1,0,2,2
spec_prior_11637,2,3,1,3,1,1,0,0
spec_prior_11638,2,3,1,3,1,1,0,1
not_recom_11639,2,3,1,3,1,1,0,2
spec_prior_11640,2,3,1,3,1,1,1,0
spec_prior_11641,2,3,1,3,1,1,1,1
not_recom_11642,2,3,1,3,1,1,1,2
spec_prior_11643,2,3,1,3,1,1,2,0
spec_prior_11644,2,3,1,3,1,1,2,1
not_recom_11645,2,3,1,3,1,1,2,2
spec_prior_11646,2,3,1,3,2,0,0,0
spec_prior_11647,2,3,1,3,2,0,0,1
not_recom_11648,2,3,1,3,2,0,0,2
spec_prior_11649,2,3,1,3,2,0,1,0
spec_prior_11650,2,3,1,3,2,0,1,1
not_recom_11651,2,3,1,3,2,0,1,2
spec_prior_11652,2,3,1,3,2,0,2,0
spec_prior_11653,2,3,1,3,2,0,2,1
not_recom_11654,2,3,1,3,2,0,2,2
spec_prior_11655,2,3,1,3,2,1,0,0
spec_prior_11656,2,3,1,3,2,1,0,1
not_recom_11657,2,3,1,3,2,1,0,2
spec_prior_11658,2,3,1,3,2,1,1,0
spec_prior_11659,2,3,1,3,2,1,1,1
not_recom_11660,2,3,1,3,2,1,1,2
spec_prior_11661,2,3,1,3,2,1,2,0
spec_prior_11662,2,3,1,3,2,1,2,1
not_recom_11663,2,3,1,3,2,1,2,2
priority_11664,2,3,2,0,0,0,0,0
spec_prior_11665,2,3,2,0,0,0,0,1
not_recom_11666,2,3,2,0,0,0,0,2
priority_11667,2,3,2,0,0,0,1,0
spec_prior_11668,2,3,2,0,0,0,1,1
not_recom_11669,2,3,2,0,0,0,1,2
spec_prior_11670,2,3,2,0,0,0,2,0
spec_prior_11671,2,3,2,0,0,0,2,1
not_recom_11672,2,3,2,0,0,0,2,2
priority_11673,2,3,2,0,0,1,0,0
spec_prior_11674,2,3,2,0,0,1,0,1
not_recom_11675,2,3,2,0,0,1,0,2
priority_11676,2,3,2,0,0,1,1,0
spec_prior_11677,2,3,2,0,0,1,1,1
not_recom_11678,2,3,2,0,0,1,1,2
spec_prior_11679,2,3,2,0,0,1,2,0
spec_prior_11680,2,3,2,0,0,1,2,1
not_recom_11681,2,3,2,0,0,1,2,2
priority_11682,2,3,2,0,1,0,0,0
spec_prior_11683,2,3,2,0,1,0,0,1
not_recom_11684,2,3,2,0,1,0,0,2
priority_11685,2,3,2,0,1,0,1,0
spec_prior_11686,2,3,2,0,1,0,1,1
not_recom_11687,2,3,2,0,1,0,1,2
spec_prior_11688,2,3,2,0,1,0,2,0
spec_prior_11689,2,3,2,0,1,0,2,1
not_recom_11690,2,3,2,0,1,0,2,2
priority_11691,2,3,2,0,1,1,0,0
spec_prior_11692,2,3,2,0,1,1,0,1
not_recom_11693,2,3,2,0,1,1,0,2
priority_11694,2,3,2,0,1,1,1,0
spec_prior_11695,2,3,2,0,1,1,1,1
not_recom_11696,2,3,2,0,1,1,1,2
spec_prior_11697,2,3,2,0,1,1,2,0
spec_prior_11698,2,3,2,0,1,1,2,1
not_recom_11699,2,3,2,0,1,1,2,2
spec_prior_11700,2,3,2,0,2,0,0,0
spec_prior_11701,2,3,2,0,2,0,0,1
not_recom_11702,2,3,2,0,2,0,0,2
spec_prior_11703,2,3,2,0,2,0,1,0
spec_prior_11704,2,3,2,0,2,0,1,1
not_recom_11705,2,3,2,0,2,0,1,2
spec_prior_11706,2,3,2,0,2,0,2,0
spec_prior_11707,2,3,2,0,2,0,2,1
not_recom_11708,2,3,2,0,2,0,2,2
spec_prior_11709,2,3,2,0,2,1,0,0
spec_prior_11710,2,3,2,0,2,1,0,1
not_recom_11711,2,3,2,0,2,1,0,2
spec_prior_11712,2,3,2,0,2,1,1,0
spec_prior_11713,2,3,2,0,2,1,1,1
not_recom_11714,2,3,2,0,2,1,1,2
spec_prior_11715,2,3,2,0,2,1,2,0
spec_prior_11716,2,3,2,0,2,1,2,1
not_recom_11717,2,3,2,0,2,1,2,2
priority_11718,2,3,2,1,0,0,0,0
spec_prior_11719,2,3,2,1,0,0,0,1
not_recom_11720,2,3,2,1,0,0,0,2
priority_11721,2,3,2,1,0,0,1,0
spec_prior_11722,2,3,2,1,0,0,1,1
not_recom_11723,2,3,2,1,0,0,1,2
spec_prior_11724,2,3,2,1,0,0,2,0
spec_prior_11725,2,3,2,1,0,0,2,1
not_recom_11726,2,3,2,1,0,0,2,2
spec_prior_11727,2,3,2,1,0,1,0,0
spec_prior_11728,2,3,2,1,0,1,0,1
not_recom_11729,2,3,2,1,0,1,0,2
spec_prior_11730,2,3,2,1,0,1,1,0
spec_prior_11731,2,3,2,1,0,1,1,1
not_recom_11732,2,3,2,1,0,1,1,2
spec_prior_11733,2,3,2,1,0,1,2,0
spec_prior_11734,2,3,2,1,0,1,2,1
not_recom_11735,2,3,2,1,0,1,2,2
spec_prior_11736,2,3,2,1,1,0,0,0
spec_prior_11737,2,3,2,1,1,0,0,1
not_recom_11738,2,3,2,1,1,0,0,2
spec_prior_11739,2,3,2,1,1,0,1,0
spec_prior_11740,2,3,2,1,1,0,1,1
not_recom_11741,2,3,2,1,1,0,1,2
spec_prior_11742,2,3,2,1,1,0,2,0
spec_prior_11743,2,3,2,1,1,0,2,1
not_recom_11744,2,3,2,1,1,0,2,2
spec_prior_11745,2,3,2,1,1,1,0,0
spec_prior_11746,2,3,2,1,1,1,0,1
not_recom_11747,2,3,2,1,1,1,0,2
spec_prior_11748,2,3,2,1,1,1,1,0
spec_prior_11749,2,3,2,1,1,1,1,1
not_recom_11750,2,3,2,1,1,1,1,2
spec_prior_11751,2,3,2,1,1,1,2,0
spec_prior_11752,2,3,2,1,1,1,2,1
not_recom_11753,2,3,2,1,1,1,2,2
spec_prior_11754,2,3,2,1,2,0,0,0
spec_prior_11755,2,3,2,1,2,0,0,1
not_recom_11756,2,3,2,1,2,0,0,2
spec_prior_11757,2,3,2,1,2,0,1,0
spec_prior_11758,2,3,2,1,2,0,1,1
not_recom_11759,2,3,2,1,2,0,1,2
spec_prior_11760,2,3,2,1,2,0,2,0
spec_prior_11761,2,3,2,1,2,0,2,1
not_recom_11762,2,3,2,1,2,0,2,2
spec_prior_11763,2,3,2,1,2,1,0,0
spec_prior_11764,2,3,2,1,2,1,0,1
not_recom_11765,2,3,2,1,2,1,0,2
spec_prior_11766,2,3,2,1,2,1,1,0
spec_prior_11767,2,3,2,1,2,1,1,1
not_recom_11768,2,3,2,1,2,1,1,2
spec_prior_11769,2,3,2,1,2,1,2,0
spec_prior_11770,2,3,2,1,2,1,2,1
not_recom_11771,2,3,2,1,2,1,2,2
priority_11772,2,3,2,2,0,0,0,0
spec_prior_11773,2,3,2,2,0,0,0,1
not_recom_11774,2,3,2,2,0,0,0,2
priority_11775,2,3,2,2,0,0,1,0
spec_prior_11776,2,3,2,2,0,0,1,1
not_recom_11777,2,3,2,2,0,0,1,2
spec_prior_11778,2,3,2,2,0,0,2,0
spec_prior_11779,2,3,2,2,0,0,2,1
not_recom_11780,2,3,2,2,0,0,2,2
spec_prior_11781,2,3,2,2,0,1,0,0
spec_prior_11782,2,3,2,2,0,1,0,1
not_recom_11783,2,3,2,2,0,1,0,2
spec_prior_11784,2,3,2,2,0,1,1,0
spec_prior_11785,2,3,2,2,0,1,1,1
not_recom_11786,2,3,2,2,0,1,1,2
spec_prior_11787,2,3,2,2,0,1,2,0
spec_prior_11788,2,3,2,2,0,1,2,1
not_recom_11789,2,3,2,2,0,1,2,2
spec_prior_11790,2,3,2,2,1,0,0,0
spec_prior_11791,2,3,2,2,1,0,0,1
not_recom_11792,2,3,2,2,1,0,0,2
spec_prior_11793,2,3,2,2,1,0,1,0
spec_prior_11794,2,3,2,2,1,0,1,1
not_recom_11795,2,3,2,2,1,0,1,2
spec_prior_11796,2,3,2,2,1,0,2,0
spec_prior_11797,2,3,2,2,1,0,2,1
not_recom_11798,2,3,2,2,1,0,2,2
spec_prior_11799,2,3,2,2,1,1,0,0
spec_prior_11800,2,3,2,2,1,1,0,1
not_recom_11801,2,3,2,2,1,1,0,2
spec_prior_11802,2,3,2,2,1,1,1,0
spec_prior_11803,2,3,2,2,1,1,1,1
not_recom_11804,2,3,2,2,1,1,1,2
spec_prior_11805,2,3,2,2,1,1,2,0
spec_prior_11806,2,3,2,2,1,1,2,1
not_recom_11807,2,3,2,2,1,1,2,2
spec_prior_11808,2,3,2,2,2,0,0,0
spec_prior_11809,2,3,2,2,2,0,0,1
not_recom_11810,2,3,2,2,2,0,0,2
spec_prior_11811,2,3,2,2,2,0,1,0
spec_prior_11812,2,3,2,2,2,0,1,1
not_recom_11813,2,3,2,2,2,0,1,2
spec_prior_11814,2,3,2,2,2,0,2,0
spec_prior_11815,2,3,2,2,2,0,2,1
not_recom_11816,2,3,2,2,2,0,2,2
spec_prior_11817,2,3,2,2,2,1,0,0
spec_prior_11818,2,3,2,2,2,1,0,1
not_recom_11819,2,3,2,2,2,1,0,2
spec_prior_11820,2,3,2,2,2,1,1,0
spec_prior_11821,2,3,2,2,2,1,1,1
not_recom_11822,2,3,2,2,2,1,1,2
spec_prior_11823,2,3,2,2,2,1,2,0
spec_prior_11824,2,3,2,2,2,1,2,1
not_recom_11825,2,3,2,2,2,1,2,2
priority_11826,2,3,2,3,0,0,0,0
spec_prior_11827,2,3,2,3,0,0,0,1
not_recom_11828,2,3,2,3,0,0,0,2
priority_11829,2,3,2,3,0,0,1,0
spec_prior_11830,2,3,2,3,0,0,1,1
not_recom_11831,2,3,2,3,0,0,1,2
spec_prior_11832,2,3,2,3,0,0,2,0
spec_prior_11833,2,3,2,3,0,0,2,1
not_recom_11834,2,3,2,3,0,0,2,2
spec_prior_11835,2,3,2,3,0,1,0,0
spec_prior_11836,2,3,2,3,0,1,0,1
not_recom_11837,2,3,2,3,0,1,0,2
spec_prior_11838,2,3,2,3,0,1,1,0
spec_prior_11839,2,3,2,3,0,1,1,1
not_recom_11840,2,3,2,3,0,1,1,2
spec_prior_11841,2,3,2,3,0,1,2,0
spec_prior_11842,2,3,2,3,0,1,2,1
not_recom_11843,2,3,2,3,0,1,2,2
spec_prior_11844,2,3,2,3,1,0,0,0
spec_prior_11845,2,3,2,3,1,0,0,1
not_recom_11846,2,3,2,3,1,0,0,2
spec_prior_11847,2,3,2,3,1,0,1,0
spec_prior_11848,2,3,2,3,1,0,1,1
not_recom_11849,2,3,2,3,1,0,1,2
spec_prior_11850,2,3,2,3,1,0,2,0
spec_prior_11851,2,3,2,3,1,0,2,1
not_recom_11852,2,3,2,3,1,0,2,2
spec_prior_11853,2,3,2,3,1,1,0,0
spec_prior_11854,2,3,2,3,1,1,0,1
not_recom_11855,2,3,2,3,1,1,0,2
spec_prior_11856,2,3,2,3,1,1,1,0
spec_prior_11857,2,3,2,3,1,1,1,1
not_recom_11858,2,3,2,3,1,1,1,2
spec_prior_11859,2,3,2,3,1,1,2,0
spec_prior_11860,2,3,2,3,1,1,2,1
not_recom_11861,2,3,2,3,1,1,2,2
spec_prior_11862,2,3,2,3,2,0,0,0
spec_prior_11863,2,3,2,3,2,0,0,1
not_recom_11864,2,3,2,3,2,0,0,2
spec_prior_11865,2,3,2,3,2,0,1,0
spec_prior_11866,2,3,2,3,2,0,1,1
not_recom_11867,2,3,2,3,2,0,1,2
spec_prior_11868,2,3,2,3,2,0,2,0
spec_prior_11869,2,3,2,3,2,0,2,1
not_recom_11870,2,3,2,3,2,0,2,2
spec_prior_11871,2,3,2,3,2,1,0,0
spec_prior_11872,2,3,2,3,2,1,0,1
not_recom_11873,2,3,2,3,2,1,0,2
spec_prior_11874,2,3,2,3,2,1,1,0
spec_prior_11875,2,3,2,3,2,1,1,1
not_recom_11876,2,3,2,3,2,1,1,2
spec_prior_11877,2,3,2,3,2,1,2,0
spec_prior_11878,2,3,2,3,2,1,2,1
not_recom_11879,2,3,2,3,2,1,2,2
priority_11880,2,3,3,0,0,0,0,0
spec_prior_11881,2,3,3,0,0,0,0,1
not_recom_11882,2,3,3,0,0,0,0,2
priority_11883,2,3,3,0,0,0,1,0
spec_prior_11884,2,3,3,0,0,0,1,1
not_recom_11885,2,3,3,0,0,0,1,2
spec_prior_11886,2,3,3,0,0,0,2,0
spec_prior_11887,2,3,3,0,0,0,2,1
not_recom_11888,2,3,3,0,0,0,2,2
spec_prior_11889,2,3,3,0,0,1,0,0
spec_prior_11890,2,3,3,0,0,1,0,1
not_recom_11891,2,3,3,0,0,1,0,2
spec_prior_11892,2,3,3,0,0,1,1,0
spec_prior_11893,2,3,3,0,0,1,1,1
not_recom_11894,2,3,3,0,0,1,1,2
spec_prior_11895,2,3,3,0,0,1,2,0
spec_prior_11896,2,3,3,0,0,1,2,1
not_recom_11897,2,3,3,0,0,1,2,2
spec_prior_11898,2,3,3,0,1,0,0,0
spec_prior_11899,2,3,3,0,1,0,0,1
not_recom_11900,2,3,3,0,1,0,0,2
spec_prior_11901,2,3,3,0,1,0,1,0
spec_prior_11902,2,3,3,0,1,0,1,1
not_recom_11903,2,3,3,0,1,0,1,2
spec_prior_11904,2,3,3,0,1,0,2,0
spec_prior_11905,2,3,3,0,1,0,2,1
not_recom_11906,2,3,3,0,1,0,2,2
spec_prior_11907,2,3,3,0,1,1,0,0
spec_prior_11908,2,3,3,0,1,1,0,1
not_recom_11909,2,3,3,0,1,1,0,2
spec_prior_11910,2,3,3,0,1,1,1,0
spec_prior_11911,2,3,3,0,1,1,1,1
not_recom_11912,2,3,3,0,1,1,1,2
spec_prior_11913,2,3,3,0,1,1,2,0
spec_prior_11914,2,3,3,0,1,1,2,1
not_recom_11915,2,3,3,0,1,1,2,2
spec_prior_11916,2,3,3,0,2,0,0,0
spec_prior_11917,2,3,3,0,2,0,0,1
not_recom_11918,2,3,3,0,2,0,0,2
spec_prior_11919,2,3,3,0,2,0,1,0
spec_prior_11920,2,3,3,0,2,0,1,1
not_recom_11921,2,3,3,0,2,0,1,2
spec_prior_11922,2,3,3,0,2,0,2,0
spec_prior_11923,2,3,3,0,2,0,2,1
not_recom_11924,2,3,3,0,2,0,2,2
spec_prior_11925,2,3,3,0,2,1,0,0
spec_prior_11926,2,3,3,0,2,1,0,1
not_recom_11927,2,3,3,0,2,1,0,2
spec_prior_11928,2,3,3,0,2,1,1,0
spec_prior_11929,2,3,3,0,2,1,1,1
not_recom_11930,2,3,3,0,2,1,1,2
spec_prior_11931,2,3,3,0,2,1,2,0
spec_prior_11932,2,3,3,0,2,1,2,1
not_recom_11933,2,3,3,0,2,1,2,2
priority_11934,2,3,3,1,0,0,0,0
spec_prior_11935,2,3,3,1,0,0,0,1
not_recom_11936,2,3,3,1,0,0,0,2
priority_11937,2,3,3,1,0,0,1,0
spec_prior_11938,2,3,3,1,0,0,1,1
not_recom_11939,2,3,3,1,0,0,1,2
spec_prior_11940,2,3,3,1,0,0,2,0
spec_prior_11941,2,3,3,1,0,0,2,1
not_recom_11942,2,3,3,1,0,0,2,2
spec_prior_11943,2,3,3,1,0,1,0,0
spec_prior_11944,2,3,3,1,0,1,0,1
not_recom_11945,2,3,3,1,0,1,0,2
spec_prior_11946,2,3,3,1,0,1,1,0
spec_prior_11947,2,3,3,1,0,1,1,1
not_recom_11948,2,3,3,1,0,1,1,2
spec_prior_11949,2,3,3,1,0,1,2,0
spec_prior_11950,2,3,3,1,0,1,2,1
not_recom_11951,2,3,3,1,0,1,2,2
spec_prior_11952,2,3,3,1,1,0,0,0
spec_prior_11953,2,3,3,1,1,0,0,1
not_recom_11954,2,3,3,1,1,0,0,2
spec_prior_11955,2,3,3,1,1,0,1,0
spec_prior_11956,2,3,3,1,1,0,1,1
not_recom_11957,2,3,3,1,1,0,1,2
spec_prior_11958,2,3,3,1,1,0,2,0
spec_prior_11959,2,3,3,1,1,0,2,1
not_recom_11960,2,3,3,1,1,0,2,2
spec_prior_11961,2,3,3,1,1,1,0,0
spec_prior_11962,2,3,3,1,1,1,0,1
not_recom_11963,2,3,3,1,1,1,0,2
spec_prior_11964,2,3,3,1,1,1,1,0
spec_prior_11965,2,3,3,1,1,1,1,1
not_recom_11966,2,3,3,1,1,1,1,2
spec_prior_11967,2,3,3,1,1,1,2,0
spec_prior_11968,2,3,3,1,1,1,2,1
not_recom_11969,2,3,3,1,1,1,2,2
spec_prior_11970,2,3,3,1,2,0,0,0
spec_prior_11971,2,3,3,1,2,0,0,1
not_recom_11972,2,3,3,1,2,0,0,2
spec_prior_11973,2,3,3,1,2,0,1,0
spec_prior_11974,2,3,3,1,2,0,1,1
not_recom_11975,2,3,3,1,2,0,1,2
spec_prior_11976,2,3,3,1,2,0,2,0
spec_prior_11977,2,3,3,1,2,0,2,1
not_recom_11978,2,3,3,1,2,0,2,2
spec_prior_11979,2,3,3,1,2,1,0,0
spec_prior_11980,2,3,3,1,2,1,0,1
not_recom_11981,2,3,3,1,2,1,0,2
spec_prior_11982,2,3,3,1,2,1,1,0
spec_prior_11983,2,3,3,1,2,1,1,1
not_recom_11984,2,3,3,1,2,1,1,2
spec_prior_11985,2,3,3,1,2,1,2,0
spec_prior_11986,2,3,3,1,2,1,2,1
not_recom_11987,2,3,3,1,2,1,2,2
priority_11988,2,3,3,2,0,0,0,0
spec_prior_11989,2,3,3,2,0,0,0,1
not_recom_11990,2,3,3,2,0,0,0,2
priority_11991,2,3,3,2,0,0,1,0
spec_prior_11992,2,3,3,2,0,0,1,1
not_recom_11993,2,3,3,2,0,0,1,2
spec_prior_11994,2,3,3,2,0,0,2,0
spec_prior_11995,2,3,3,2,0,0,2,1
not_recom_11996,2,3,3,2,0,0,2,2
spec_prior_11997,2,3,3,2,0,1,0,0
spec_prior_11998,2,3,3,2,0,1,0,1
not_recom_11999,2,3,3,2,0,1,0,2
spec_prior_12000,2,3,3,2,0,1,1,0
spec_prior_12001,2,3,3,2,0,1,1,1
not_recom_12002,2,3,3,2,0,1,1,2
spec_prior_12003,2,3,3,2,0,1,2,0
spec_prior_12004,2,3,3,2,0,1,2,1
not_recom_12005,2,3,3,2,0,1,2,2
spec_prior_12006,2,3,3,2,1,0,0,0
spec_prior_12007,2,3,3,2,1,0,0,1
not_recom_12008,2,3,3,2,1,0,0,2
spec_prior_12009,2,3,3,2,1,0,1,0
spec_prior_12010,2,3,3,2,1,0,1,1
not_recom_12011,2,3,3,2,1,0,1,2
spec_prior_12012,2,3,3,2,1,0,2,0
spec_prior_12013,2,3,3,2,1,0,2,1
not_recom_12014,2,3,3,2,1,0,2,2
spec_prior_12015,2,3,3,2,1,1,0,0
spec_prior_12016,2,3,3,2,1,1,0,1
not_recom_12017,2,3,3,2,1,1,0,2
spec_prior_12018,2,3,3,2,1,1,1,0
spec_prior_12019,2,3,3,2,1,1,1,1
not_recom_12020,2,3,3,2,1,1,1,2
spec_prior_12021,2,3,3,2,1,1,2,0
spec_prior_12022,2,3,3,2,1,1,2,1
not_recom_12023,2,3,3,2,1,1,2,2
spec_prior_12024,2,3,3,2,2,0,0,0
spec_prior_12025,2,3,3,2,2,0,0,1
not_recom_12026,2,3,3,2,2,0,0,2
spec_prior_12027,2,3,3,2,2,0,1,0
spec_prior_12028,2,3,3,2,2,0,1,1
not_recom_12029,2,3,3,2,2,0,1,2
spec_prior_12030,2,3,3,2,2,0,2,0
spec_prior_12031,2,3,3,2,2,0,2,1
not_recom_12032,2,3,3,2,2,0,2,2
spec_prior_12033,2,3,3,2,2,1,0,0
spec_prior_12034,2,3,3,2,2,1,0,1
not_recom_12035,2,3,3,2,2,1,0,2
spec_prior_12036,2,3,3,2,2,1,1,0
spec_prior_12037,2,3,3,2,2,1,1,1
not_recom_12038,2,3,3,2,2,1,1,2
spec_prior_12039,2,3,3,2,2,1,2,0
spec_prior_12040,2,3,3,2,2,1,2,1
not_recom_12041,2,3,3,2,2,1,2,2
priority_12042,2,3,3,3,0,0,0,0
spec_prior_12043,2,3,3,3,0,0,0,1
not_recom_12044,2,3,3,3,0,0,0,2
priority_12045,2,3,3,3,0,0,1,0
spec_prior_12046,2,3,3,3,0,0,1,1
not_recom_12047,2,3,3,3,0,0,1,2
spec_prior_12048,2,3,3,3,0,0,2,0
spec_prior_12049,2,3,3,3,0,0,2,1
not_recom_12050,2,3,3,3,0,0,2,2
spec_prior_12051,2,3,3,3,0,1,0,0
spec_prior_12052,2,3,3,3,0,1,0,1
not_recom_12053,2,3,3,3,0,1,0,2
spec_prior_12054,2,3,3,3,0,1,1,0
spec_prior_12055,2,3,3,3,0,1,1,1
not_recom_12056,2,3,3,3,0,1,1,2
spec_prior_12057,2,3,3,3,0,1,2,0
spec_prior_12058,2,3,3,3,0,1,2,1
not_recom_12059,2,3,3,3,0,1,2,2
spec_prior_12060,2,3,3,3,1,0,0,0
spec_prior_12061,2,3,3,3,1,0,0,1
not_recom_12062,2,3,3,3,1,0,0,2
spec_prior_12063,2,3,3,3,1,0,1,0
spec_prior_12064,2,3,3,3,1,0,1,1
not_recom_12065,2,3,3,3,1,0,1,2
spec_prior_12066,2,3,3,3,1,0,2,0
spec_prior_12067,2,3,3,3,1,0,2,1
not_recom_12068,2,3,3,3,1,0,2,2
spec_prior_12069,2,3,3,3,1,1,0,0
spec_prior_12070,2,3,3,3,1,1,0,1
not_recom_12071,2,3,3,3,1,1,0,2
spec_prior_12072,2,3,3,3,1,1,1,0
spec_prior_12073,2,3,3,3,1,1,1,1
not_recom_12074,2,3,3,3,1,1,1,2
spec_prior_12075,2,3,3,3,1,1,2,0
spec_prior_12076,2,3,3,3,1,1,2,1
not_recom_12077,2,3,3,3,1,1,2,2
spec_prior_12078,2,3,3,3,2,0,0,0
spec_prior_12079,2,3,3,3,2,0,0,1
not_recom_12080,2,3,3,3,2,0,0,2
spec_prior_12081,2,3,3,3,2,0,1,0
spec_prior_12082,2,3,3,3,2,0,1,1
not_recom_12083,2,3,3,3,2,0,1,2
spec_prior_12084,2,3,3,3,2,0,2,0
spec_prior_12085,2,3,3,3,2,0,2,1
not_recom_12086,2,3,3,3,2,0,2,2
spec_prior_12087,2,3,3,3,2,1,0,0
spec_prior_12088,2,3,3,3,2,1,0,1
not_recom_12089,2,3,3,3,2,1,0,2
spec_prior_12090,2,3,3,3,2,1,1,0
spec_prior_12091,2,3,3,3,2,1,1,1
not_recom_12092,2,3,3,3,2,1,1,2
spec_prior_12093,2,3,3,3,2,1,2,0
spec_prior_12094,2,3,3,3,2,1,2,1
not_recom_12095,2,3,3,3,2,1,2,2
priority_12096,2,4,0,0,0,0,0,0
priority_12097,2,4,0,0,0,0,0,1
not_recom_12098,2,4,0,0,0,0,0,2
priority_12099,2,4,0,0,0,0,1,0
priority_12100,2,4,0,0,0,0,1,1
not_recom_12101,2,4,0,0,0,0,1,2
priority_12102,2,4,0,0,0,0,2,0
priority_12103,2,4,0,0,0,0,2,1
not_recom_12104,2,4,0,0,0,0,2,2
priority_12105,2,4,0,0,0,1,0,0
spec_prior_12106,2,4,0,0,0,1,0,1
not_recom_12107,2,4,0,0,0,1,0,2
priority_12108,2,4,0,0,0,1,1,0
spec_prior_12109,2,4,0,0,0,1,1,1
not_recom_12110,2,4,0,0,0,1,1,2
spec_prior_12111,2,4,0,0,0,1,2,0
spec_prior_12112,2,4,0,0,0,1,2,1
not_recom_12113,2,4,0,0,0,1,2,2
priority_12114,2,4,0,0,1,0,0,0
spec_prior_12115,2,4,0,0,1,0,0,1
not_recom_12116,2,4,0,0,1,0,0,2
priority_12117,2,4,0,0,1,0,1,0
spec_prior_12118,2,4,0,0,1,0,1,1
not_recom_12119,2,4,0,0,1,0,1,2
spec_prior_12120,2,4,0,0,1,0,2,0
spec_prior_12121,2,4,0,0,1,0,2,1
not_recom_12122,2,4,0,0,1,0,2,2
priority_12123,2,4,0,0,1,1,0,0
spec_prior_12124,2,4,0,0,1,1,0,1
not_recom_12125,2,4,0,0,1,1,0,2
priority_12126,2,4,0,0,1,1,1,0
spec_prior_12127,2,4,0,0,1,1,1,1
not_recom_12128,2,4,0,0,1,1,1,2
spec_prior_12129,2,4,0,0,1,1,2,0
spec_prior_12130,2,4,0,0,1,1,2,1
not_recom_12131,2,4,0,0,1,1,2,2
priority_12132,2,4,0,0,2,0,0,0
spec_prior_12133,2,4,0,0,2,0,0,1
not_recom_12134,2,4,0,0,2,0,0,2
priority_12135,2,4,0,0,2,0,1,0
spec_prior_12136,2,4,0,0,2,0,1,1
not_recom_12137,2,4,0,0,2,0,1,2
spec_prior_12138,2,4,0,0,2,0,2,0
spec_prior_12139,2,4,0,0,2,0,2,1
not_recom_12140,2,4,0,0,2,0,2,2
priority_12141,2,4,0,0,2,1,0,0
spec_prior_12142,2,4,0,0,2,1,0,1
not_recom_12143,2,4,0,0,2,1,0,2
priority_12144,2,4,0,0,2,1,1,0
spec_prior_12145,2,4,0,0,2,1,1,1
not_recom_12146,2,4,0,0,2,1,1,2
spec_prior_12147,2,4,0,0,2,1,2,0
spec_prior_12148,2,4,0,0,2,1,2,1
not_recom_12149,2,4,0,0,2,1,2,2
priority_12150,2,4,0,1,0,0,0,0
spec_prior_12151,2,4,0,1,0,0,0,1
not_recom_12152,2,4,0,1,0,0,0,2
priority_12153,2,4,0,1,0,0,1,0
spec_prior_12154,2,4,0,1,0,0,1,1
not_recom_12155,2,4,0,1,0,0,1,2
spec_prior_12156,2,4,0,1,0,0,2,0
spec_prior_12157,2,4,0,1,0,0,2,1
not_recom_12158,2,4,0,1,0,0,2,2
priority_12159,2,4,0,1,0,1,0,0
spec_prior_12160,2,4,0,1,0,1,0,1
not_recom_12161,2,4,0,1,0,1,0,2
priority_12162,2,4,0,1,0,1,1,0
spec_prior_12163,2,4,0,1,0,1,1,1
not_recom_12164,2,4,0,1,0,1,1,2
spec_prior_12165,2,4,0,1,0,1,2,0
spec_prior_12166,2,4,0,1,0,1,2,1
not_recom_12167,2,4,0,1,0,1,2,2
priority_12168,2,4,0,1,1,0,0,0
spec_prior_12169,2,4,0,1,1,0,0,1
not_recom_12170,2,4,0,1,1,0,0,2
priority_12171,2,4,0,1,1,0,1,0
spec_prior_12172,2,4,0,1,1,0,1,1
not_recom_12173,2,4,0,1,1,0,1,2
spec_prior_12174,2,4,0,1,1,0,2,0
spec_prior_12175,2,4,0,1,1,0,2,1
not_recom_12176,2,4,0,1,1,0,2,2
priority_12177,2,4,0,1,1,1,0,0
spec_prior_12178,2,4,0,1,1,1,0,1
not_recom_12179,2,4,0,1,1,1,0,2
priority_12180,2,4,0,1,1,1,1,0
spec_prior_12181,2,4,0,1,1,1,1,1
not_recom_12182,2,4,0,1,1,1,1,2
spec_prior_12183,2,4,0,1,1,1,2,0
spec_prior_12184,2,4,0,1,1,1,2,1
not_recom_12185,2,4,0,1,1,1,2,2
spec_prior_12186,2,4,0,1,2,0,0,0
spec_prior_12187,2,4,0,1,2,0,0,1
not_recom_12188,2,4,0,1,2,0,0,2
spec_prior_12189,2,4,0,1,2,0,1,0
spec_prior_12190,2,4,0,1,2,0,1,1
not_recom_12191,2,4,0,1,2,0,1,2
spec_prior_12192,2,4,0,1,2,0,2,0
spec_prior_12193,2,4,0,1,2,0,2,1
not_recom_12194,2,4,0,1,2,0,2,2
spec_prior_12195,2,4,0,1,2,1,0,0
spec_prior_12196,2,4,0,1,2,1,0,1
not_recom_12197,2,4,0,1,2,1,0,2
spec_prior_12198,2,4,0,1,2,1,1,0
spec_prior_12199,2,4,0,1,2,1,1,1
not_recom_12200,2,4,0,1,2,1,1,2
spec_prior_12201,2,4,0,1,2,1,2,0
spec_prior_12202,2,4,0,1,2,1,2,1
not_recom_12203,2,4,0,1,2,1,2,2
priority_12204,2,4,0,2,0,0,0,0
spec_prior_12205,2,4,0,2,0,0,0,1
not_recom_12206,2,4,0,2,0,0,0,2
priority_12207,2,4,0,2,0,0,1,0
spec_prior_12208,2,4,0,2,0,0,1,1
not_recom_12209,2,4,0,2,0,0,1,2
spec_prior_12210,2,4,0,2,0,0,2,0
spec_prior_12211,2,4,0,2,0,0,2,1
not_recom_12212,2,4,0,2,0,0,2,2
spec_prior_12213,2,4,0,2,0,1,0,0
spec_prior_12214,2,4,0,2,0,1,0,1
not_recom_12215,2,4,0,2,0,1,0,2
spec_prior_12216,2,4,0,2,0,1,1,0
spec_prior_12217,2,4,0,2,0,1,1,1
not_recom_12218,2,4,0,2,0,1,1,2
spec_prior_12219,2,4,0,2,0,1,2,0
spec_prior_12220,2,4,0,2,0,1,2,1
not_recom_12221,2,4,0,2,0,1,2,2
spec_prior_12222,2,4,0,2,1,0,0,0
spec_prior_12223,2,4,0,2,1,0,0,1
not_recom_12224,2,4,0,2,1,0,0,2
spec_prior_12225,2,4,0,2,1,0,1,0
spec_prior_12226,2,4,0,2,1,0,1,1
not_recom_12227,2,4,0,2,1,0,1,2
spec_prior_12228,2,4,0,2,1,0,2,0
spec_prior_12229,2,4,0,2,1,0,2,1
not_recom_12230,2,4,0,2,1,0,2,2
spec_prior_12231,2,4,0,2,1,1,0,0
spec_prior_12232,2,4,0,2,1,1,0,1
not_recom_12233,2,4,0,2,1,1,0,2
spec_prior_12234,2,4,0,2,1,1,1,0
spec_prior_12235,2,4,0,2,1,1,1,1
not_recom_12236,2,4,0,2,1,1,1,2
spec_prior_12237,2,4,0,2,1,1,2,0
spec_prior_12238,2,4,0,2,1,1,2,1
not_recom_12239,2,4,0,2,1,1,2,2
spec_prior_12240,2,4,0,2,2,0,0,0
spec_prior_12241,2,4,0,2,2,0,0,1
not_recom_12242,2,4,0,2,2,0,0,2
spec_prior_12243,2,4,0,2,2,0,1,0
spec_prior_12244,2,4,0,2,2,0,1,1
not_recom_12245,2,4,0,2,2,0,1,2
spec_prior_12246,2,4,0,2,2,0,2,0
spec_prior_12247,2,4,0,2,2,0,2,1
not_recom_12248,2,4,0,2,2,0,2,2
spec_prior_12249,2,4,0,2,2,1,0,0
spec_prior_12250,2,4,0,2,2,1,0,1
not_recom_12251,2,4,0,2,2,1,0,2
spec_prior_12252,2,4,0,2,2,1,1,0
spec_prior_12253,2,4,0,2,2,1,1,1
not_recom_12254,2,4,0,2,2,1,1,2
spec_prior_12255,2,4,0,2,2,1,2,0
spec_prior_12256,2,4,0,2,2,1,2,1
not_recom_12257,2,4,0,2,2,1,2,2
priority_12258,2,4,0,3,0,0,0,0
spec_prior_12259,2,4,0,3,0,0,0,1
not_recom_12260,2,4,0,3,0,0,0,2
priority_12261,2,4,0,3,0,0,1,0
spec_prior_12262,2,4,0,3,0,0,1,1
not_recom_12263,2,4,0,3,0,0,1,2
spec_prior_12264,2,4,0,3,0,0,2,0
spec_prior_12265,2,4,0,3,0,0,2,1
not_recom_12266,2,4,0,3,0,0,2,2
spec_prior_12267,2,4,0,3,0,1,0,0
spec_prior_12268,2,4,0,3,0,1,0,1
not_recom_12269,2,4,0,3,0,1,0,2
spec_prior_12270,2,4,0,3,0,1,1,0
spec_prior_12271,2,4,0,3,0,1,1,1
not_recom_12272,2,4,0,3,0,1,1,2
spec_prior_12273,2,4,0,3,0,1,2,0
spec_prior_12274,2,4,0,3,0,1,2,1
not_recom_12275,2,4,0,3,0,1,2,2
spec_prior_12276,2,4,0,3,1,0,0,0
spec_prior_12277,2,4,0,3,1,0,0,1
not_recom_12278,2,4,0,3,1,0,0,2
spec_prior_12279,2,4,0,3,1,0,1,0
spec_prior_12280,2,4,0,3,1,0,1,1
not_recom_12281,2,4,0,3,1,0,1,2
spec_prior_12282,2,4,0,3,1,0,2,0
spec_prior_12283,2,4,0,3,1,0,2,1
not_recom_12284,2,4,0,3,1,0,2,2
spec_prior_12285,2,4,0,3,1,1,0,0
spec_prior_12286,2,4,0,3,1,1,0,1
not_recom_12287,2,4,0,3,1,1,0,2
spec_prior_12288,2,4,0,3,1,1,1,0
spec_prior_12289,2,4,0,3,1,1,1,1
not_recom_12290,2,4,0,3,1,1,1,2
spec_prior_12291,2,4,0,3,1,1,2,0
spec_prior_12292,2,4,0,3,1,1,2,1
not_recom_12293,2,4,0,3,1,1,2,2
spec_prior_12294,2,4,0,3,2,0,0,0
spec_prior_12295,2,4,0,3,2,0,0,1
not_recom_12296,2,4,0,3,2,0,0,2
spec_prior_12297,2,4,0,3,2,0,1,0
spec_prior_12298,2,4,0,3,2,0,1,1
not_recom_12299,2,4,0,3,2,0,1,2
spec_prior_12300,2,4,0,3,2,0,2,0
spec_prior_12301,2,4,0,3,2,0,2,1
not_recom_12302,2,4,0,3,2,0,2,2
spec_prior_12303,2,4,0,3,2,1,0,0
spec_prior_12304,2,4,0,3,2,1,0,1
not_recom_12305,2,4,0,3,2,1,0,2
spec_prior_12306,2,4,0,3,2,1,1,0
spec_prior_12307,2,4,0,3,2,1,1,1
not_recom_12308,2,4,0,3,2,1,1,2
spec_prior_12309,2,4,0,3,2,1,2,0
spec_prior_12310,2,4,0,3,2,1,2,1
not_recom_12311,2,4,0,3,2,1,2,2
priority_12312,2,4,1,0,0,0,0,0
spec_prior_12313,2,4,1,0,0,0,0,1
not_recom_12314,2,4,1,0,0,0,0,2
priority_12315,2,4,1,0,0,0,1,0
spec_prior_12316,2,4,1,0,0,0,1,1
not_recom_12317,2,4,1,0,0,0,1,2
spec_prior_12318,2,4,1,0,0,0,2,0
spec_prior_12319,2,4,1,0,0,0,2,1
not_recom_12320,2,4,1,0,0,0,2,2
priority_12321,2,4,1,0,0,1,0,0
spec_prior_12322,2,4,1,0,0,1,0,1
not_recom_12323,2,4,1,0,0,1,0,2
priority_12324,2,4,1,0,0,1,1,0
spec_prior_12325,2,4,1,0,0,1,1,1
not_recom_12326,2,4,1,0,0,1,1,2
spec_prior_12327,2,4,1,0,0,1,2,0
spec_prior_12328,2,4,1,0,0,1,2,1
not_recom_12329,2,4,1,0,0,1,2,2
priority_12330,2,4,1,0,1,0,0,0
spec_prior_12331,2,4,1,0,1,0,0,1
not_recom_12332,2,4,1,0,1,0,0,2
priority_12333,2,4,1,0,1,0,1,0
spec_prior_12334,2,4,1,0,1,0,1,1
not_recom_12335,2,4,1,0,1,0,1,2
spec_prior_12336,2,4,1,0,1,0,2,0
spec_prior_12337,2,4,1,0,1,0,2,1
not_recom_12338,2,4,1,0,1,0,2,2
priority_12339,2,4,1,0,1,1,0,0
spec_prior_12340,2,4,1,0,1,1,0,1
not_recom_12341,2,4,1,0,1,1,0,2
priority_12342,2,4,1,0,1,1,1,0
spec_prior_12343,2,4,1,0,1,1,1,1
not_recom_12344,2,4,1,0,1,1,1,2
spec_prior_12345,2,4,1,0,1,1,2,0
spec_prior_12346,2,4,1,0,1,1,2,1
not_recom_12347,2,4,1,0,1,1,2,2
spec_prior_12348,2,4,1,0,2,0,0,0
spec_prior_12349,2,4,1,0,2,0,0,1
not_recom_12350,2,4,1,0,2,0,0,2
spec_prior_12351,2,4,1,0,2,0,1,0
spec_prior_12352,2,4,1,0,2,0,1,1
not_recom_12353,2,4,1,0,2,0,1,2
spec_prior_12354,2,4,1,0,2,0,2,0
spec_prior_12355,2,4,1,0,2,0,2,1
not_recom_12356,2,4,1,0,2,0,2,2
spec_prior_12357,2,4,1,0,2,1,0,0
spec_prior_12358,2,4,1,0,2,1,0,1
not_recom_12359,2,4,1,0,2,1,0,2
spec_prior_12360,2,4,1,0,2,1,1,0
spec_prior_12361,2,4,1,0,2,1,1,1
not_recom_12362,2,4,1,0,2,1,1,2
spec_prior_12363,2,4,1,0,2,1,2,0
spec_prior_12364,2,4,1,0,2,1,2,1
not_recom_12365,2,4,1,0,2,1,2,2
priority_12366,2,4,1,1,0,0,0,0
spec_prior_12367,2,4,1,1,0,0,0,1
not_recom_12368,2,4,1,1,0,0,0,2
priority_12369,2,4,1,1,0,0,1,0
spec_prior_12370,2,4,1,1,0,0,1,1
not_recom_12371,2,4,1,1,0,0,1,2
spec_prior_12372,2,4,1,1,0,0,2,0
spec_prior_12373,2,4,1,1,0,0,2,1
not_recom_12374,2,4,1,1,0,0,2,2
priority_12375,2,4,1,1,0,1,0,0
spec_prior_12376,2,4,1,1,0,1,0,1
not_recom_12377,2,4,1,1,0,1,0,2
priority_12378,2,4,1,1,0,1,1,0
spec_prior_12379,2,4,1,1,0,1,1,1
not_recom_12380,2,4,1,1,0,1,1,2
spec_prior_12381,2,4,1,1,0,1,2,0
spec_prior_12382,2,4,1,1,0,1,2,1
not_recom_12383,2,4,1,1,0,1,2,2
priority_12384,2,4,1,1,1,0,0,0
spec_prior_12385,2,4,1,1,1,0,0,1
not_recom_12386,2,4,1,1,1,0,0,2
priority_12387,2,4,1,1,1,0,1,0
spec_prior_12388,2,4,1,1,1,0,1,1
not_recom_12389,2,4,1,1,1,0,1,2
spec_prior_12390,2,4,1,1,1,0,2,0
spec_prior_12391,2,4,1,1,1,0,2,1
not_recom_12392,2,4,1,1,1,0,2,2
priority_12393,2,4,1,1,1,1,0,0
spec_prior_12394,2,4,1,1,1,1,0,1
not_recom_12395,2,4,1,1,1,1,0,2
priority_12396,2,4,1,1,1,1,1,0
spec_prior_12397,2,4,1,1,1,1,1,1
not_recom_12398,2,4,1,1,1,1,1,2
spec_prior_12399,2,4,1,1,1,1,2,0
spec_prior_12400,2,4,1,1,1,1,2,1
not_recom_12401,2,4,1,1,1,1,2,2
spec_prior_12402,2,4,1,1,2,0,0,0
spec_prior_12403,2,4,1,1,2,0,0,1
not_recom_12404,2,4,1,1,2,0,0,2
spec_prior_12405,2,4,1,1,2,0,1,0
spec_prior_12406,2,4,1,1,2,0,1,1
not_recom_12407,2,4,1,1,2,0,1,2
spec_prior_12408,2,4,1,1,2,0,2,0
spec_prior_12409,2,4,1,1,2,0,2,1
not_recom_12410,2,4,1,1,2,0,2,2
spec_prior_12411,2,4,1,1,2,1,0,0
spec_prior_12412,2,4,1,1,2,1,0,1
not_recom_12413,2,4,1,1,2,1,0,2
spec_prior_12414,2,4,1,1,2,1,1,0
spec_prior_12415,2,4,1,1,2,1,1,1
not_recom_12416,2,4,1,1,2,1,1,2
spec_prior_12417,2,4,1,1,2,1,2,0
spec_prior_12418,2,4,1,1,2,1,2,1
not_recom_12419,2,4,1,1,2,1,2,2
priority_12420,2,4,1,2,0,0,0,0
spec_prior_12421,2,4,1,2,0,0,0,1
not_recom_12422,2,4,1,2,0,0,0,2
priority_12423,2,4,1,2,0,0,1,0
spec_prior_12424,2,4,1,2,0,0,1,1
not_recom_12425,2,4,1,2,0,0,1,2
spec_prior_12426,2,4,1,2,0,0,2,0
spec_prior_12427,2,4,1,2,0,0,2,1
not_recom_12428,2,4,1,2,0,0,2,2
spec_prior_12429,2,4,1,2,0,1,0,0
spec_prior_12430,2,4,1,2,0,1,0,1
not_recom_12431,2,4,1,2,0,1,0,2
spec_prior_12432,2,4,1,2,0,1,1,0
spec_prior_12433,2,4,1,2,0,1,1,1
not_recom_12434,2,4,1,2,0,1,1,2
spec_prior_12435,2,4,1,2,0,1,2,0
spec_prior_12436,2,4,1,2,0,1,2,1
not_recom_12437,2,4,1,2,0,1,2,2
spec_prior_12438,2,4,1,2,1,0,0,0
spec_prior_12439,2,4,1,2,1,0,0,1
not_recom_12440,2,4,1,2,1,0,0,2
spec_prior_12441,2,4,1,2,1,0,1,0
spec_prior_12442,2,4,1,2,1,0,1,1
not_recom_12443,2,4,1,2,1,0,1,2
spec_prior_12444,2,4,1,2,1,0,2,0
spec_prior_12445,2,4,1,2,1,0,2,1
not_recom_12446,2,4,1,2,1,0,2,2
spec_prior_12447,2,4,1,2,1,1,0,0
spec_prior_12448,2,4,1,2,1,1,0,1
not_recom_12449,2,4,1,2,1,1,0,2
spec_prior_12450,2,4,1,2,1,1,1,0
spec_prior_12451,2,4,1,2,1,1,1,1
not_recom_12452,2,4,1,2,1,1,1,2
spec_prior_12453,2,4,1,2,1,1,2,0
spec_prior_12454,2,4,1,2,1,1,2,1
not_recom_12455,2,4,1,2,1,1,2,2
spec_prior_12456,2,4,1,2,2,0,0,0
spec_prior_12457,2,4,1,2,2,0,0,1
not_recom_12458,2,4,1,2,2,0,0,2
spec_prior_12459,2,4,1,2,2,0,1,0
spec_prior_12460,2,4,1,2,2,0,1,1
not_recom_12461,2,4,1,2,2,0,1,2
spec_prior_12462,2,4,1,2,2,0,2,0
spec_prior_12463,2,4,1,2,2,0,2,1
not_recom_12464,2,4,1,2,2,0,2,2
spec_prior_12465,2,4,1,2,2,1,0,0
spec_prior_12466,2,4,1,2,2,1,0,1
not_recom_12467,2,4,1,2,2,1,0,2
spec_prior_12468,2,4,1,2,2,1,1,0
spec_prior_12469,2,4,1,2,2,1,1,1
not_recom_12470,2,4,1,2,2,1,1,2
spec_prior_12471,2,4,1,2,2,1,2,0
spec_prior_12472,2,4,1,2,2,1,2,1
not_recom_12473,2,4,1,2,2,1,2,2
priority_12474,2,4,1,3,0,0,0,0
spec_prior_12475,2,4,1,3,0,0,0,1
not_recom_12476,2,4,1,3,0,0,0,2
priority_12477,2,4,1,3,0,0,1,0
spec_prior_12478,2,4,1,3,0,0,1,1
not_recom_12479,2,4,1,3,0,0,1,2
spec_prior_12480,2,4,1,3,0,0,2,0
spec_prior_12481,2,4,1,3,0,0,2,1
not_recom_12482,2,4,1,3,0,0,2,2
spec_prior_12483,2,4,1,3,0,1,0,0
spec_prior_12484,2,4,1,3,0,1,0,1
not_recom_12485,2,4,1,3,0,1,0,2
spec_prior_12486,2,4,1,3,0,1,1,0
spec_prior_12487,2,4,1,3,0,1,1,1
not_recom_12488,2,4,1,3,0,1,1,2
spec_prior_12489,2,4,1,3,0,1,2,0
spec_prior_12490,2,4,1,3,0,1,2,1
not_recom_12491,2,4,1,3,0,1,2,2
spec_prior_12492,2,4,1,3,1,0,0,0
spec_prior_12493,2,4,1,3,1,0,0,1
not_recom_12494,2,4,1,3,1,0,0,2
spec_prior_12495,2,4,1,3,1,0,1,0
spec_prior_12496,2,4,1,3,1,0,1,1
not_recom_12497,2,4,1,3,1,0,1,2
spec_prior_12498,2,4,1,3,1,0,2,0
spec_prior_12499,2,4,1,3,1,0,2,1
not_recom_12500,2,4,1,3,1,0,2,2
spec_prior_12501,2,4,1,3,1,1,0,0
spec_prior_12502,2,4,1,3,1,1,0,1
not_recom_12503,2,4,1,3,1,1,0,2
spec_prior_12504,2,4,1,3,1,1,1,0
spec_prior_12505,2,4,1,3,1,1,1,1
not_recom_12506,2,4,1,3,1,1,1,2
spec_prior_12507,2,4,1,3,1,1,2,0
spec_prior_12508,2,4,1,3,1,1,2,1
not_recom_12509,2,4,1,3,1,1,2,2
spec_prior_12510,2,4,1,3,2,0,0,0
spec_prior_12511,2,4,1,3,2,0,0,1
not_recom_12512,2,4,1,3,2,0,0,2
spec_prior_12513,2,4,1,3,2,0,1,0
spec_prior_12514,2,4,1,3,2,0,1,1
not_recom_12515,2,4,1,3,2,0,1,2
spec_prior_12516,2,4,1,3,2,0,2,0
spec_prior_12517,2,4,1,3,2,0,2,1
not_recom_12518,2,4,1,3,2,0,2,2
spec_prior_12519,2,4,1,3,2,1,0,0
spec_prior_12520,2,4,1,3,2,1,0,1
not_recom_12521,2,4,1,3,2,1,0,2
spec_prior_12522,2,4,1,3,2,1,1,0
spec_prior_12523,2,4,1,3,2,1,1,1
not_recom_12524,2,4,1,3,2,1,1,2
spec_prior_12525,2,4,1,3,2,1,2,0
spec_prior_12526,2,4,1,3,2,1,2,1
not_recom_12527,2,4,1,3,2,1,2,2
priority_12528,2,4,2,0,0,0,0,0
spec_prior_12529,2,4,2,0,0,0,0,1
not_recom_12530,2,4,2,0,0,0,0,2
priority_12531,2,4,2,0,0,0,1,0
spec_prior_12532,2,4,2,0,0,0,1,1
not_recom_12533,2,4,2,0,0,0,1,2
spec_prior_12534,2,4,2,0,0,0,2,0
spec_prior_12535,2,4,2,0,0,0,2,1
not_recom_12536,2,4,2,0,0,0,2,2
priority_12537,2,4,2,0,0,1,0,0
spec_prior_12538,2,4,2,0,0,1,0,1
not_recom_12539,2,4,2,0,0,1,0,2
priority_12540,2,4,2,0,0,1,1,0
spec_prior_12541,2,4,2,0,0,1,1,1
not_recom_12542,2,4,2,0,0,1,1,2
spec_prior_12543,2,4,2,0,0,1,2,0
spec_prior_12544,2,4,2,0,0,1,2,1
not_recom_12545,2,4,2,0,0,1,2,2
priority_12546,2,4,2,0,1,0,0,0
spec_prior_12547,2,4,2,0,1,0,0,1
not_recom_12548,2,4,2,0,1,0,0,2
priority_12549,2,4,2,0,1,0,1,0
spec_prior_12550,2,4,2,0,1,0,1,1
not_recom_12551,2,4,2,0,1,0,1,2
spec_prior_12552,2,4,2,0,1,0,2,0
spec_prior_12553,2,4,2,0,1,0,2,1
not_recom_12554,2,4,2,0,1,0,2,2
priority_12555,2,4,2,0,1,1,0,0
spec_prior_12556,2,4,2,0,1,1,0,1
not_recom_12557,2,4,2,0,1,1,0,2
priority_12558,2,4,2,0,1,1,1,0
spec_prior_12559,2,4,2,0,1,1,1,1
not_recom_12560,2,4,2,0,1,1,1,2
spec_prior_12561,2,4,2,0,1,1,2,0
spec_prior_12562,2,4,2,0,1,1,2,1
not_recom_12563,2,4,2,0,1,1,2,2
spec_prior_12564,2,4,2,0,2,0,0,0
spec_prior_12565,2,4,2,0,2,0,0,1
not_recom_12566,2,4,2,0,2,0,0,2
spec_prior_12567,2,4,2,0,2,0,1,0
spec_prior_12568,2,4,2,0,2,0,1,1
not_recom_12569,2,4,2,0,2,0,1,2
spec_prior_12570,2,4,2,0,2,0,2,0
spec_prior_12571,2,4,2,0,2,0,2,1
not_recom_12572,2,4,2,0,2,0,2,2
spec_prior_12573,2,4,2,0,2,1,0,0
spec_prior_12574,2,4,2,0,2,1,0,1
not_recom_12575,2,4,2,0,2,1,0,2
spec_prior_12576,2,4,2,0,2,1,1,0
spec_prior_12577,2,4,2,0,2,1,1,1
not_recom_12578,2,4,2,0,2,1,1,2
spec_prior_12579,2,4,2,0,2,1,2,0
spec_prior_12580,2,4,2,0,2,1,2,1
not_recom_12581,2,4,2,0,2,1,2,2
priority_12582,2,4,2,1,0,0,0,0
spec_prior_12583,2,4,2,1,0,0,0,1
not_recom_12584,2,4,2,1,0,0,0,2
priority_12585,2,4,2,1,0,0,1,0
spec_prior_12586,2,4,2,1,0,0,1,1
not_recom_12587,2,4,2,1,0,0,1,2
spec_prior_12588,2,4,2,1,0,0,2,0
spec_prior_12589,2,4,2,1,0,0,2,1
not_recom_12590,2,4,2,1,0,0,2,2
spec_prior_12591,2,4,2,1,0,1,0,0
spec_prior_12592,2,4,2,1,0,1,0,1
not_recom_12593,2,4,2,1,0,1,0,2
spec_prior_12594,2,4,2,1,0,1,1,0
spec_prior_12595,2,4,2,1,0,1,1,1
not_recom_12596,2,4,2,1,0,1,1,2
spec_prior_12597,2,4,2,1,0,1,2,0
spec_prior_12598,2,4,2,1,0,1,2,1
not_recom_12599,2,4,2,1,0,1,2,2
spec_prior_12600,2,4,2,1,1,0,0,0
spec_prior_12601,2,4,2,1,1,0,0,1
not_recom_12602,2,4,2,1,1,0,0,2
spec_prior_12603,2,4,2,1,1,0,1,0
spec_prior_12604,2,4,2,1,1,0,1,1
not_recom_12605,2,4,2,1,1,0,1,2
spec_prior_12606,2,4,2,1,1,0,2,0
spec_prior_12607,2,4,2,1,1,0,2,1
not_recom_12608,2,4,2,1,1,0,2,2
spec_prior_12609,2,4,2,1,1,1,0,0
spec_prior_12610,2,4,2,1,1,1,0,1
not_recom_12611,2,4,2,1,1,1,0,2
spec_prior_12612,2,4,2,1,1,1,1,0
spec_prior_12613,2,4,2,1,1,1,1,1
not_recom_12614,2,4,2,1,1,1,1,2
spec_prior_12615,2,4,2,1,1,1,2,0
spec_prior_12616,2,4,2,1,1,1,2,1
not_recom_12617,2,4,2,1,1,1,2,2
spec_prior_12618,2,4,2,1,2,0,0,0
spec_prior_12619,2,4,2,1,2,0,0,1
not_recom_12620,2,4,2,1,2,0,0,2
spec_prior_12621,2,4,2,1,2,0,1,0
spec_prior_12622,2,4,2,1,2,0,1,1
not_recom_12623,2,4,2,1,2,0,1,2
spec_prior_12624,2,4,2,1,2,0,2,0
spec_prior_12625,2,4,2,1,2,0,2,1
not_recom_12626,2,4,2,1,2,0,2,2
spec_prior_12627,2,4,2,1,2,1,0,0
spec_prior_12628,2,4,2,1,2,1,0,1
not_recom_12629,2,4,2,1,2,1,0,2
spec_prior_12630,2,4,2,1,2,1,1,0
spec_prior_12631,2,4,2,1,2,1,1,1
not_recom_12632,2,4,2,1,2,1,1,2
spec_prior_12633,2,4,2,1,2,1,2,0
spec_prior_12634,2,4,2,1,2,1,2,1
not_recom_12635,2,4,2,1,2,1,2,2
priority_12636,2,4,2,2,0,0,0,0
spec_prior_12637,2,4,2,2,0,0,0,1
not_recom_12638,2,4,2,2,0,0,0,2
priority_12639,2,4,2,2,0,0,1,0
spec_prior_12640,2,4,2,2,0,0,1,1
not_recom_12641,2,4,2,2,0,0,1,2
spec_prior_12642,2,4,2,2,0,0,2,0
spec_prior_12643,2,4,2,2,0,0,2,1
not_recom_12644,2,4,2,2,0,0,2,2
spec_prior_12645,2,4,2,2,0,1,0,0
spec_prior_12646,2,4,2,2,0,1,0,1
not_recom_12647,2,4,2,2,0,1,0,2
spec_prior_12648,2,4,2,2,0,1,1,0
spec_prior_12649,2,4,2,2,0,1,1,1
not_recom_12650,2,4,2,2,0,1,1,2
spec_prior_12651,2,4,2,2,0,1,2,0
spec_prior_12652,2,4,2,2,0,1,2,1
not_recom_12653,2,4,2,2,0,1,2,2
spec_prior_12654,2,4,2,2,1,0,0,0
spec_prior_12655,2,4,2,2,1,0,0,1
not_recom_12656,2,4,2,2,1,0,0,2
spec_prior_12657,2,4,2,2,1,0,1,0
spec_prior_12658,2,4,2,2,1,0,1,1
not_recom_12659,2,4,2,2,1,0,1,2
spec_prior_12660,2,4,2,2,1,0,2,0
spec_prior_12661,2,4,2,2,1,0,2,1
not_recom_12662,2,4,2,2,1,0,2,2
spec_prior_12663,2,4,2,2,1,1,0,0
spec_prior_12664,2,4,2,2,1,1,0,1
not_recom_12665,2,4,2,2,1,1,0,2
spec_prior_12666,2,4,2,2,1,1,1,0
spec_prior_12667,2,4,2,2,1,1,1,1
not_recom_12668,2,4,2,2,1,1,1,2
spec_prior_12669,2,4,2,2,1,1,2,0
spec_prior_12670,2,4,2,2,1,1,2,1
not_recom_12671,2,4,2,2,1,1,2,2
spec_prior_12672,2,4,2,2,2,0,0,0
spec_prior_12673,2,4,2,2,2,0,0,1
not_recom_12674,2,4,2,2,2,0,0,2
spec_prior_12675,2,4,2,2,2,0,1,0
spec_prior_12676,2,4,2,2,2,0,1,1
not_recom_12677,2,4,2,2,2,0,1,2
spec_prior_12678,2,4,2,2,2,0,2,0
spec_prior_12679,2,4,2,2,2,0,2,1
not_recom_12680,2,4,2,2,2,0,2,2
spec_prior_12681,2,4,2,2,2,1,0,0
spec_prior_12682,2,4,2,2,2,1,0,1
not_recom_12683,2,4,2,2,2,1,0,2
spec_prior_12684,2,4,2,2,2,1,1,0
spec_prior_12685,2,4,2,2,2,1,1,1
not_recom_12686,2,4,2,2,2,1,1,2
spec_prior_12687,2,4,2,2,2,1,2,0
spec_prior_12688,2,4,2,2,2,1,2,1
not_recom_12689,2,4,2,2,2,1,2,2
priority_12690,2,4,2,3,0,0,0,0
spec_prior_12691,2,4,2,3,0,0,0,1
not_recom_12692,2,4,2,3,0,0,0,2
priority_12693,2,4,2,3,0,0,1,0
spec_prior_12694,2,4,2,3,0,0,1,1
not_recom_12695,2,4,2,3,0,0,1,2
spec_prior_12696,2,4,2,3,0,0,2,0
spec_prior_12697,2,4,2,3,0,0,2,1
not_recom_12698,2,4,2,3,0,0,2,2
spec_prior_12699,2,4,2,3,0,1,0,0
spec_prior_12700,2,4,2,3,0,1,0,1
not_recom_12701,2,4,2,3,0,1,0,2
spec_prior_12702,2,4,2,3,0,1,1,0
spec_prior_12703,2,4,2,3,0,1,1,1
not_recom_12704,2,4,2,3,0,1,1,2
spec_prior_12705,2,4,2,3,0,1,2,0
spec_prior_12706,2,4,2,3,0,1,2,1
not_recom_12707,2,4,2,3,0,1,2,2
spec_prior_12708,2,4,2,3,1,0,0,0
spec_prior_12709,2,4,2,3,1,0,0,1
not_recom_12710,2,4,2,3,1,0,0,2
spec_prior_12711,2,4,2,3,1,0,1,0
spec_prior_12712,2,4,2,3,1,0,1,1
not_recom_12713,2,4,2,3,1,0,1,2
spec_prior_12714,2,4,2,3,1,0,2,0
spec_prior_12715,2,4,2,3,1,0,2,1
not_recom_12716,2,4,2,3,1,0,2,2
spec_prior_12717,2,4,2,3,1,1,0,0
spec_prior_12718,2,4,2,3,1,1,0,1
not_recom_12719,2,4,2,3,1,1,0,2
spec_prior_12720,2,4,2,3,1,1,1,0
spec_prior_12721,2,4,2,3,1,1,1,1
not_recom_12722,2,4,2,3,1,1,1,2
spec_prior_12723,2,4,2,3,1,1,2,0
spec_prior_12724,2,4,2,3,1,1,2,1
not_recom_12725,2,4,2,3,1,1,2,2
spec_prior_12726,2,4,2,3,2,0,0,0
spec_prior_12727,2,4,2,3,2,0,0,1
not_recom_12728,2,4,2,3,2,0,0,2
spec_prior_12729,2,4,2,3,2,0,1,0
spec_prior_12730,2,4,2,3,2,0,1,1
not_recom_12731,2,4,2,3,2,0,1,2
spec_prior_12732,2,4,2,3,2,0,2,0
spec_prior_12733,2,4,2,3,2,0,2,1
not_recom_12734,2,4,2,3,2,0,2,2
spec_prior_12735,2,4,2,3,2,1,0,0
spec_prior_12736,2,4,2,3,2,1,0,1
not_recom_12737,2,4,2,3,2,1,0,2
spec_prior_12738,2,4,2,3,2,1,1,0
spec_prior_12739,2,4,2,3,2,1,1,1
not_recom_12740,2,4,2,3,2,1,1,2
spec_prior_12741,2,4,2,3,2,1,2,0
spec_prior_12742,2,4,2,3,2,1,2,1
not_recom_12743,2,4,2,3,2,1,2,2
priority_12744,2,4,3,0,0,0,0,0
spec_prior_12745,2,4,3,0,0,0,0,1
not_recom_12746,2,4,3,0,0,0,0,2
priority_12747,2,4,3,0,0,0,1,0
spec_prior_12748,2,4,3,0,0,0,1,1
not_recom_12749,2,4,3,0,0,0,1,2
spec_prior_12750,2,4,3,0,0,0,2,0
spec_prior_12751,2,4,3,0,0,0,2,1
not_recom_12752,2,4,3,0,0,0,2,2
spec_prior_12753,2,4,3,0,0,1,0,0
spec_prior_12754,2,4,3,0,0,1,0,1
not_recom_12755,2,4,3,0,0,1,0,2
spec_prior_12756,2,4,3,0,0,1,1,0
spec_prior_12757,2,4,3,0,0,1,1,1
not_recom_12758,2,4,3,0,0,1,1,2
spec_prior_12759,2,4,3,0,0,1,2,0
spec_prior_12760,2,4,3,0,0,1,2,1
not_recom_12761,2,4,3,0,0,1,2,2
spec_prior_12762,2,4,3,0,1,0,0,0
spec_prior_12763,2,4,3,0,1,0,0,1
not_recom_12764,2,4,3,0,1,0,0,2
spec_prior_12765,2,4,3,0,1,0,1,0
spec_prior_12766,2,4,3,0,1,0,1,1
not_recom_12767,2,4,3,0,1,0,1,2
spec_prior_12768,2,4,3,0,1,0,2,0
spec_prior_12769,2,4,3,0,1,0,2,1
not_recom_12770,2,4,3,0,1,0,2,2
spec_prior_12771,2,4,3,0,1,1,0,0
spec_prior_12772,2,4,3,0,1,1,0,1
not_recom_12773,2,4,3,0,1,1,0,2
spec_prior_12774,2,4,3,0,1,1,1,0
spec_prior_12775,2,4,3,0,1,1,1,1
not_recom_12776,2,4,3,0,1,1,1,2
spec_prior_12777,2,4,3,0,1,1,2,0
spec_prior_12778,2,4,3,0,1,1,2,1
not_recom_12779,2,4,3,0,1,1,2,2
spec_prior_12780,2,4,3,0,2,0,0,0
spec_prior_12781,2,4,3,0,2,0,0,1
not_recom_12782,2,4,3,0,2,0,0,2
spec_prior_12783,2,4,3,0,2,0,1,0
spec_prior_12784,2,4,3,0,2,0,1,1
not_recom_12785,2,4,3,0,2,0,1,2
spec_prior_12786,2,4,3,0,2,0,2,0
spec_prior_12787,2,4,3,0,2,0,2,1
not_recom_12788,2,4,3,0,2,0,2,2
spec_prior_12789,2,4,3,0,2,1,0,0
spec_prior_12790,2,4,3,0,2,1,0,1
not_recom_12791,2,4,3,0,2,1,0,2
spec_prior_12792,2,4,3,0,2,1,1,0
spec_prior_12793,2,4,3,0,2,1,1,1
not_recom_12794,2,4,3,0,2,1,1,2
spec_prior_12795,2,4,3,0,2,1,2,0
spec_prior_12796,2,4,3,0,2,1,2,1
not_recom_12797,2,4,3,0,2,1,2,2
priority_12798,2,4,3,1,0,0,0,0
spec_prior_12799,2,4,3,1,0,0,0,1
not_recom_12800,2,4,3,1,0,0,0,2
priority_12801,2,4,3,1,0,0,1,0
spec_prior_12802,2,4,3,1,0,0,1,1
not_recom_12803,2,4,3,1,0,0,1,2
spec_prior_12804,2,4,3,1,0,0,2,0
spec_prior_12805,2,4,3,1,0,0,2,1
not_recom_12806,2,4,3,1,0,0,2,2
spec_prior_12807,2,4,3,1,0,1,0,0
spec_prior_12808,2,4,3,1,0,1,0,1
not_recom_12809,2,4,3,1,0,1,0,2
spec_prior_12810,2,4,3,1,0,1,1,0
spec_prior_12811,2,4,3,1,0,1,1,1
not_recom_12812,2,4,3,1,0,1,1,2
spec_prior_12813,2,4,3,1,0,1,2,0
spec_prior_12814,2,4,3,1,0,1,2,1
not_recom_12815,2,4,3,1,0,1,2,2
spec_prior_12816,2,4,3,1,1,0,0,0
spec_prior_12817,2,4,3,1,1,0,0,1
not_recom_12818,2,4,3,1,1,0,0,2
spec_prior_12819,2,4,3,1,1,0,1,0
spec_prior_12820,2,4,3,1,1,0,1,1
not_recom_12821,2,4,3,1,1,0,1,2
spec_prior_12822,2,4,3,1,1,0,2,0
spec_prior_12823,2,4,3,1,1,0,2,1
not_recom_12824,2,4,3,1,1,0,2,2
spec_prior_12825,2,4,3,1,1,1,0,0
spec_prior_12826,2,4,3,1,1,1,0,1
not_recom_12827,2,4,3,1,1,1,0,2
spec_prior_12828,2,4,3,1,1,1,1,0
spec_prior_12829,2,4,3,1,1,1,1,1
not_recom_12830,2,4,3,1,1,1,1,2
spec_prior_12831,2,4,3,1,1,1,2,0
spec_prior_12832,2,4,3,1,1,1,2,1
not_recom_12833,2,4,3,1,1,1,2,2
spec_prior_12834,2,4,3,1,2,0,0,0
spec_prior_12835,2,4,3,1,2,0,0,1
not_recom_12836,2,4,3,1,2,0,0,2
spec_prior_12837,2,4,3,1,2,0,1,0
spec_prior_12838,2,4,3,1,2,0,1,1
not_recom_12839,2,4,3,1,2,0,1,2
spec_prior_12840,2,4,3,1,2,0,2,0
spec_prior_12841,2,4,3,1,2,0,2,1
not_recom_12842,2,4,3,1,2,0,2,2
spec_prior_12843,2,4,3,1,2,1,0,0
spec_prior_12844,2,4,3,1,2,1,0,1
not_recom_12845,2,4,3,1,2,1,0,2
spec_prior_12846,2,4,3,1,2,1,1,0
spec_prior_12847,2,4,3,1,2,1,1,1
not_recom_12848,2,4,3,1,2,1,1,2
spec_prior_12849,2,4,3,1,2,1,2,0
spec_prior_12850,2,4,3,1,2,1,2,1
not_recom_12851,2,4,3,1,2,1,2,2
priority_12852,2,4,3,2,0,0,0,0
spec_prior_12853,2,4,3,2,0,0,0,1
not_recom_12854,2,4,3,2,0,0,0,2
priority_12855,2,4,3,2,0,0,1,0
spec_prior_12856,2,4,3,2,0,0,1,1
not_recom_12857,2,4,3,2,0,0,1,2
spec_prior_12858,2,4,3,2,0,0,2,0
spec_prior_12859,2,4,3,2,0,0,2,1
not_recom_12860,2,4,3,2,0,0,2,2
spec_prior_12861,2,4,3,2,0,1,0,0
spec_prior_12862,2,4,3,2,0,1,0,1
not_recom_12863,2,4,3,2,0,1,0,2
spec_prior_12864,2,4,3,2,0,1,1,0
spec_prior_12865,2,4,3,2,0,1,1,1
not_recom_12866,2,4,3,2,0,1,1,2
spec_prior_12867,2,4,3,2,0,1,2,0
spec_prior_12868,2,4,3,2,0,1,2,1
not_recom_12869,2,4,3,2,0,1,2,2
spec_prior_12870,2,4,3,2,1,0,0,0
spec_prior_12871,2,4,3,2,1,0,0,1
not_recom_12872,2,4,3,2,1,0,0,2
spec_prior_12873,2,4,3,2,1,0,1,0
spec_prior_12874,2,4,3,2,1,0,1,1
not_recom_12875,2,4,3,2,1,0,1,2
spec_prior_12876,2,4,3,2,1,0,2,0
spec_prior_12877,2,4,3,2,1,0,2,1
not_recom_12878,2,4,3,2,1,0,2,2
spec_prior_12879,2,4,3,2,1,1,0,0
spec_prior_12880,2,4,3,2,1,1,0,1
not_recom_12881,2,4,3,2,1,1,0,2
spec_prior_12882,2,4,3,2,1,1,1,0
spec_prior_12883,2,4,3,2,1,1,1,1
not_recom_12884,2,4,3,2,1,1,1,2
spec_prior_12885,2,4,3,2,1,1,2,0
spec_prior_12886,2,4,3,2,1,1,2,1
not_recom_12887,2,4,3,2,1,1,2,2
spec_prior_12888,2,4,3,2,2,0,0,0
spec_prior_12889,2,4,3,2,2,0,0,1
not_recom_12890,2,4,3,2,2,0,0,2
spec_prior_12891,2,4,3,2,2,0,1,0
spec_prior_12892,2,4,3,2,2,0,1,1
not_recom_12893,2,4,3,2,2,0,1,2
spec_prior_12894,2,4,3,2,2,0,2,0
spec_prior_12895,2,4,3,2,2,0,2,1
not_recom_12896,2,4,3,2,2,0,2,2
spec_prior_12897,2,4,3,2,2,1,0,0
spec_prior_12898,2,4,3,2,2,1,0,1
not_recom_12899,2,4,3,2,2,1,0,2
spec_prior_12900,2,4,3,2,2,1,1,0
spec_prior_12901,2,4,3,2,2,1,1,1
not_recom_12902,2,4,3,2,2,1,1,2
spec_prior_12903,2,4,3,2,2,1,2,0
spec_prior_12904,2,4,3,2,2,1,2,1
not_recom_12905,2,4,3,2,2,1,2,2
priority_12906,2,4,3,3,0,0,0,0
spec_prior_12907,2,4,3,3,0,0,0,1
not_recom_12908,2,4,3,3,0,0,0,2
priority_12909,2,4,3,3,0,0,1,0
spec_prior_12910,2,4,3,3,0,0,1,1
not_recom_12911,2,4,3,3,0,0,1,2
spec_prior_12912,2,4,3,3,0,0,2,0
spec_prior_12913,2,4,3,3,0,0,2,1
not_recom_12914,2,4,3,3,0,0,2,2
spec_prior_12915,2,4,3,3,0,1,0,0
spec_prior_12916,2,4,3,3,0,1,0,1
not_recom_12917,2,4,3,3,0,1,0,2
spec_prior_12918,2,4,3,3,0,1,1,0
spec_prior_12919,2,4,3,3,0,1,1,1
not_recom_12920,2,4,3,3,0,1,1,2
spec_prior_12921,2,4,3,3,0,1,2,0
spec_prior_12922,2,4,3,3,0,1,2,1
not_recom_12923,2,4,3,3,0,1,2,2
spec_prior_12924,2,4,3,3,1,0,0,0
spec_prior_12925,2,4,3,3,1,0,0,1
not_recom_12926,2,4,3,3,1,0,0,2
spec_prior_12927,2,4,3,3,1,0,1,0
spec_prior_12928,2,4,3,3,1,0,1,1
not_recom_12929,2,4,3,3,1,0,1,2
spec_prior_12930,2,4,3,3,1,0,2,0
spec_prior_12931,2,4,3,3,1,0,2,1
not_recom_12932,2,4,3,3,1,0,2,2
spec_prior_12933,2,4,3,3,1,1,0,0
spec_prior_12934,2,4,3,3,1,1,0,1
not_recom_12935,2,4,3,3,1,1,0,2
spec_prior_12936,2,4,3,3,1,1,1,0
spec_prior_12937,2,4,3,3,1,1,1,1
not_recom_12938,2,4,3,3,1,1,1,2
spec_prior_12939,2,4,3,3,1,1,2,0
spec_prior_12940,2,4,3,3,1,1,2,1
not_recom_12941,2,4,3,3,1,1,2,2
spec_prior_12942,2,4,3,3,2,0,0,0
spec_prior_12943,2,4,3,3,2,0,0,1
not_recom_12944,2,4,3,3,2,0,0,2
spec_prior_12945,2,4,3,3,2,0,1,0
spec_prior_12946,2,4,3,3,2,0,1,1
not_recom_12947,2,4,3,3,2,0,1,2
spec_prior_12948,2,4,3,3,2,0,2,0
spec_prior_12949,2,4,3,3,2,0,2,1
not_recom_12950,2,4,3,3,2,0,2,2
spec_prior_12951,2,4,3,3,2,1,0,0
spec_prior_12952,2,4,3,3,2,1,0,1
not_recom_12953,2,4,3,3,2,1,0,2
spec_prior_12954,2,4,3,3,2,1,1,0
spec_prior_12955,2,4,3,3,2,1,1,1
not_recom_12956,2,4,3,3,2,1,1,2
spec_prior_12957,2,4,3,3,2,1,2,0
spec_prior_12958,2,4,3,3,2,1,2,1
not_recom_12959,2,4,3,3,2,1,2,2
