target,wk_col,wk_row,wr_col,wr_row,bk_col,bk_row
draw_0,0,0,0,0,0,0
draw_1,0,0,1,1,0,0
draw_2,0,0,1,1,1,1
draw_3,0,0,1,1,1,0
draw_4,0,0,1,2,0,1
draw_5,0,0,1,2,0,2
draw_6,0,0,1,2,1,1
draw_7,0,0,1,2,1,0
draw_8,0,0,1,2,1,2
draw_9,0,0,1,0,0,0
draw_10,0,0,1,0,1,0
draw_11,0,0,1,0,1,2
draw_12,0,0,1,0,1,3
draw_13,0,0,1,3,1,2
draw_14,0,0,2,1,0,1
draw_15,0,0,2,1,0,0
draw_16,0,0,2,1,1,0
draw_17,0,0,2,1,2,1
draw_18,0,0,2,1,2,0
draw_19,0,0,2,2,0,1
draw_20,0,0,2,2,0,0
draw_21,0,0,2,2,0,2
draw_22,0,0,2,2,1,1
draw_23,0,0,2,2,1,2
draw_24,0,0,2,2,2,1
draw_25,0,0,2,2,2,0
draw_26,0,0,2,2,2,2
draw_27,0,0,2,0,0,0
draw_28,0,0,2,0,0,2
draw_29,0,0,2,0,1,0
draw_30,0,0,2,0,1,3
draw_31,0,0,2,0,2,0
draw_32,0,0,2,0,2,2
draw_33,0,0,2,0,2,3
draw_34,0,0,2,3,0,2
draw_35,0,0,2,3,1,2
draw_36,0,0,2,3,2,2
draw_37,0,0,2,3,2,3
draw_38,0,0,2,3,2,4
draw_39,0,0,2,4,2,3
draw_40,0,0,3,1,1,1
draw_41,0,0,3,1,1,0
draw_42,0,0,3,1,2,0
draw_43,0,0,3,1,3,1
draw_44,0,0,3,1,3,0
draw_45,0,0,3,2,1,1
draw_46,0,0,3,2,1,0
draw_47,0,0,3,2,1,2
draw_48,0,0,3,2,2,1
draw_49,0,0,3,2,2,2
draw_50,0,0,3,2,3,1
draw_51,0,0,3,2,3,0
draw_52,0,0,3,2,3,2
draw_53,0,0,3,0,1,0
draw_54,0,0,3,0,1,2
draw_55,0,0,3,0,1,3
draw_56,0,0,3,0,2,0
draw_57,0,0,3,0,2,3
draw_58,0,0,3,0,3,0
draw_59,0,0,3,0,3,2
draw_60,0,0,3,0,3,3
draw_61,0,0,3,3,1,2
draw_62,0,0,3,3,1,3
draw_63,0,0,3,3,2,2
draw_64,0,0,3,3,2,4
draw_65,0,0,3,3,3,2
draw_66,0,0,3,3,3,3
draw_67,0,0,3,3,3,4
draw_68,0,0,3,4,1,3
draw_69,0,0,3,4,2,3
draw_70,0,0,3,4,3,3
draw_71,0,0,3,4,3,4
draw_72,0,0,3,4,3,5
draw_73,0,0,3,5,3,4
draw_74,0,0,4,1,2,1
draw_75,0,0,4,1,2,0
draw_76,0,0,4,1,3,0
draw_77,0,0,4,1,4,1
draw_78,0,0,4,1,4,0
draw_79,0,0,4,2,2,1
draw_80,0,0,4,2,2,0
draw_81,0,0,4,2,2,2
draw_82,0,0,4,2,3,1
draw_83,0,0,4,2,3,2
draw_84,0,0,4,2,4,1
draw_85,0,0,4,2,4,0
draw_86,0,0,4,2,4,2
draw_87,0,0,4,0,2,0
draw_88,0,0,4,0,2,2
draw_89,0,0,4,0,2,3
draw_90,0,0,4,0,3,0
draw_91,0,0,4,0,3,3
draw_92,0,0,4,0,4,0
draw_93,0,0,4,0,4,2
draw_94,0,0,4,0,4,3
draw_95,0,0,4,3,2,2
draw_96,0,0,4,3,2,3
draw_97,0,0,4,3,2,4
draw_98,0,0,4,3,3,2
draw_99,0,0,4,3,3,4
draw_100,0,0,4,3,4,2
draw_101,0,0,4,3,4,3
draw_102,0,0,4,3,4,4
draw_103,0,0,4,4,2,3
draw_104,0,0,4,4,2,4
draw_105,0,0,4,4,3,3
draw_106,0,0,4,4,3,5
draw_107,0,0,4,4,4,3
draw_108,0,0,4,4,4,4
draw_109,0,0,4,4,4,5
draw_110,0,0,4,5,2,4
draw_111,0,0,4,5,3,4
draw_112,0,0,4,5,4,4
draw_113,0,0,4,5,4,5
draw_114,0,0,4,5,4,6
draw_115,0,0,4,6,4,5
draw_116,0,0,5,1,3,1
draw_117,0,0,5,1,3,0
draw_118,0,0,5,1,4,0
draw_119,0,0,5,1,5,1
draw_120,0,0,5,1,5,0
draw_121,0,0,5,2,3,1
draw_122,0,0,5,2,3,0
draw_123,0,0,5,2,3,2
draw_124,0,0,5,2,4,1
draw_125,0,0,5,2,4,2
draw_126,0,0,5,2,5,1
draw_127,0,0,5,2,5,0
draw_128,0,0,5,2,5,2
draw_129,0,0,5,0,3,0
draw_130,0,0,5,0,3,2
draw_131,0,0,5,0,3,3
draw_132,0,0,5,0,4,0
draw_133,0,0,5,0,4,3
draw_134,0,0,5,0,5,0
draw_135,0,0,5,0,5,2
draw_136,0,0,5,0,5,3
draw_137,0,0,5,3,3,2
draw_138,0,0,5,3,3,3
draw_139,0,0,5,3,3,4
draw_140,0,0,5,3,4,2
draw_141,0,0,5,3,4,4
draw_142,0,0,5,3,5,2
draw_143,0,0,5,3,5,3
draw_144,0,0,5,3,5,4
draw_145,0,0,5,4,3,3
draw_146,0,0,5,4,3,4
draw_147,0,0,5,4,3,5
draw_148,0,0,5,4,4,3
draw_149,0,0,5,4,4,5
draw_150,0,0,5,4,5,3
draw_151,0,0,5,4,5,4
draw_152,0,0,5,4,5,5
draw_153,0,0,5,5,3,4
draw_154,0,0,5,5,3,5
draw_155,0,0,5,5,4,4
draw_156,0,0,5,5,4,6
draw_157,0,0,5,5,5,4
draw_158,0,0,5,5,5,5
draw_159,0,0,5,5,5,6
draw_160,0,0,5,6,3,5
draw_161,0,0,5,6,4,5
draw_162,0,0,5,6,5,5
draw_163,0,0,5,6,5,6
draw_164,0,0,5,6,5,7
draw_165,0,0,5,7,5,6
draw_166,0,0,6,1,4,1
draw_167,0,0,6,1,4,0
draw_168,0,0,6,1,5,0
draw_169,0,0,6,2,4,1
draw_170,0,0,6,2,4,0
draw_171,0,0,6,2,4,2
draw_172,0,0,6,2,5,1
draw_173,0,0,6,2,5,2
draw_174,0,0,6,0,4,0
draw_175,0,0,6,0,4,2
draw_176,0,0,6,0,4,3
draw_177,0,0,6,0,5,0
draw_178,0,0,6,0,5,3
draw_179,0,0,6,3,4,2
draw_180,0,0,6,3,4,3
draw_181,0,0,6,3,4,4
draw_182,0,0,6,3,5,2
draw_183,0,0,6,3,5,4
draw_184,0,0,6,4,4,3
draw_185,0,0,6,4,4,4
draw_186,0,0,6,4,4,5
draw_187,0,0,6,4,5,3
draw_188,0,0,6,4,5,5
draw_189,0,0,6,5,4,4
draw_190,0,0,6,5,4,5
draw_191,0,0,6,5,4,6
draw_192,0,0,6,5,5,4
draw_193,0,0,6,5,5,6
draw_194,0,0,6,6,4,5
draw_195,0,0,6,6,4,6
draw_196,0,0,6,6,5,5
draw_197,0,0,6,6,5,7
draw_198,0,0,6,7,4,6
draw_199,0,0,6,7,5,6
draw_200,1,0,7,0,6,3
draw_201,1,0,7,0,7,2
draw_202,1,0,7,0,7,3
draw_203,1,0,7,3,6,2
draw_204,1,0,7,3,6,4
draw_205,1,0,7,3,7,2
draw_206,1,0,7,3,7,3
draw_207,1,0,7,3,7,4
draw_208,1,0,7,4,6,3
draw_209,1,0,7,4,6,5
draw_210,1,0,7,4,7,3
draw_211,1,0,7,4,7,4
draw_212,1,0,7,4,7,5
draw_213,1,0,7,5,6,4
draw_214,1,0,7,5,6,6
draw_215,1,0,7,5,7,4
draw_216,1,0,7,5,7,5
draw_217,1,0,7,5,7,6
draw_218,1,0,7,6,6,5
draw_219,1,0,7,6,6,7
draw_220,1,0,7,6,7,5
draw_221,1,0,7,6,7,6
draw_222,1,0,7,6,7,7
draw_223,1,0,7,7,6,6
draw_224,1,0,7,7,7,6
draw_225,1,0,7,7,7,7
draw_226,1,0,0,0,6,2
draw_227,1,0,0,0,6,3
draw_228,1,0,0,0,7,3
draw_229,1,0,0,0,0,2
draw_230,1,0,0,0,0,3
draw_231,1,0,0,3,6,2
draw_232,1,0,0,3,6,3
draw_233,1,0,0,3,6,4
draw_234,1,0,0,3,7,2
draw_235,1,0,0,3,7,4
draw_236,1,0,0,3,0,2
draw_237,1,0,0,3,0,3
draw_238,1,0,0,3,0,4
draw_239,1,0,0,4,6,3
draw_240,1,0,0,4,6,4
draw_241,1,0,0,4,6,5
draw_242,1,0,0,4,7,3
draw_243,1,0,0,4,7,5
draw_244,1,0,0,4,0,3
draw_245,1,0,0,4,0,4
draw_246,1,0,0,4,0,5
draw_247,1,0,0,5,6,4
draw_248,1,0,0,5,6,5
draw_249,1,0,0,5,6,6
draw_250,1,0,0,5,7,4
draw_251,1,0,0,5,7,6
draw_252,1,0,0,5,0,4
draw_253,1,0,0,5,0,5
draw_254,1,0,0,5,0,6
draw_255,1,0,0,6,6,5
draw_256,1,0,0,6,6,6
draw_257,1,0,0,6,6,7
draw_258,1,0,0,6,7,5
draw_259,1,0,0,6,7,7
draw_260,1,0,0,6,0,5
draw_261,1,0,0,6,0,6
draw_262,1,0,0,6,0,7
draw_263,1,0,0,7,6,6
draw_264,1,0,0,7,6,7
draw_265,1,0,0,7,7,6
draw_266,1,0,0,7,0,6
draw_267,1,0,0,7,0,7
draw_268,1,0,1,0,7,2
draw_269,1,0,1,0,7,3
draw_270,1,0,1,0,0,3
draw_271,1,0,1,0,1,0
draw_272,1,0,1,0,1,2
draw_273,1,0,1,0,1,3
draw_274,1,0,1,3,7,2
draw_275,1,0,1,3,7,3
draw_276,1,0,1,3,7,4
draw_277,1,0,1,3,0,2
draw_278,1,0,1,3,0,4
draw_279,1,0,1,3,1,2
draw_280,1,0,1,3,1,3
draw_281,1,0,1,3,1,4
draw_282,1,0,1,4,7,3
draw_283,1,0,1,4,7,4
draw_284,1,0,1,4,7,5
draw_285,1,0,1,4,0,3
draw_286,1,0,1,4,0,5
draw_287,1,0,1,4,1,3
draw_288,1,0,1,4,1,4
draw_289,1,0,1,4,1,5
draw_290,1,0,1,5,7,4
draw_291,1,0,1,5,7,5
draw_292,1,0,1,5,7,6
draw_293,1,0,1,5,0,4
draw_294,1,0,1,5,0,6
draw_295,1,0,1,5,1,4
draw_296,1,0,1,5,1,5
draw_297,1,0,1,5,1,6
draw_298,1,0,1,6,7,5
draw_299,1,0,1,6,7,6
draw_300,1,0,1,6,7,7
draw_301,1,0,1,6,0,5
draw_302,1,0,1,6,0,7
draw_303,1,0,1,6,1,5
draw_304,1,0,1,6,1,6
draw_305,1,0,1,6,1,7
draw_306,1,0,1,7,7,6
draw_307,1,0,1,7,7,7
draw_308,1,0,1,7,0,6
draw_309,1,0,1,7,1,6
draw_310,1,0,1,7,1,7
draw_311,1,0,2,1,1,0
draw_312,1,0,2,1,2,1
draw_313,1,0,2,1,2,0
draw_314,1,0,2,2,0,2
draw_315,1,0,2,2,1,1
draw_316,1,0,2,2,1,2
draw_317,1,0,2,2,2,1
draw_318,1,0,2,2,2,0
draw_319,1,0,2,2,2,2
draw_320,1,0,2,0,0,2
draw_321,1,0,2,0,0,3
draw_322,1,0,2,0,1,0
draw_323,1,0,2,0,1,3
draw_324,1,0,2,0,2,0
draw_325,1,0,2,0,2,2
draw_326,1,0,2,0,2,3
draw_327,1,0,2,3,0,2
draw_328,1,0,2,3,0,3
draw_329,1,0,2,3,0,4
draw_330,1,0,2,3,1,2
draw_331,1,0,2,3,1,4
draw_332,1,0,2,3,2,2
draw_333,1,0,2,3,2,3
draw_334,1,0,2,3,2,4
draw_335,1,0,2,4,0,3
draw_336,1,0,2,4,0,4
draw_337,1,0,2,4,0,5
draw_338,1,0,2,4,1,3
draw_339,1,0,2,4,1,5
draw_340,1,0,2,4,2,3
draw_341,1,0,2,4,2,4
draw_342,1,0,2,4,2,5
draw_343,1,0,2,5,0,4
draw_344,1,0,2,5,0,5
draw_345,1,0,2,5,0,6
draw_346,1,0,2,5,1,4
draw_347,1,0,2,5,1,6
draw_348,1,0,2,5,2,4
draw_349,1,0,2,5,2,5
draw_350,1,0,2,5,2,6
draw_351,1,0,2,6,0,5
draw_352,1,0,2,6,0,6
draw_353,1,0,2,6,0,7
draw_354,1,0,2,6,1,5
draw_355,1,0,2,6,1,7
draw_356,1,0,2,6,2,5
draw_357,1,0,2,6,2,6
draw_358,1,0,2,6,2,7
draw_359,1,0,2,7,0,6
draw_360,1,0,2,7,0,7
draw_361,1,0,2,7,1,6
draw_362,1,0,2,7,2,6
draw_363,1,0,2,7,2,7
draw_364,1,0,3,1,1,1
draw_365,1,0,3,1,1,0
draw_366,1,0,3,1,2,0
draw_367,1,0,3,1,3,1
draw_368,1,0,3,1,3,0
draw_369,1,0,3,2,1,1
draw_370,1,0,3,2,1,0
draw_371,1,0,3,2,1,2
draw_372,1,0,3,2,2,1
draw_373,1,0,3,2,2,2
draw_374,1,0,3,2,3,1
draw_375,1,0,3,2,3,0
draw_376,1,0,3,2,3,2
draw_377,1,0,3,0,1,0
draw_378,1,0,3,0,1,2
draw_379,1,0,3,0,1,3
draw_380,1,0,3,0,2,0
draw_381,1,0,3,0,2,3
draw_382,1,0,3,0,3,0
draw_383,1,0,3,0,3,2
draw_384,1,0,3,0,3,3
draw_385,1,0,3,3,1,2
draw_386,1,0,3,3,1,3
draw_387,1,0,3,3,1,4
draw_388,1,0,3,3,2,2
draw_389,1,0,3,3,2,4
draw_390,1,0,3,3,3,2
draw_391,1,0,3,3,3,3
draw_392,1,0,3,3,3,4
draw_393,1,0,3,4,1,3
draw_394,1,0,3,4,1,4
draw_395,1,0,3,4,1,5
draw_396,1,0,3,4,2,3
draw_397,1,0,3,4,2,5
draw_398,1,0,3,4,3,3
draw_399,1,0,3,4,3,4
draw_400,1,0,3,4,3,5
draw_401,1,0,3,5,1,4
draw_402,1,0,3,5,1,5
draw_403,1,0,3,5,1,6
draw_404,1,0,3,5,2,4
draw_405,1,0,3,5,2,6
draw_406,1,0,3,5,3,4
draw_407,1,0,3,5,3,5
draw_408,1,0,3,5,3,6
draw_409,1,0,3,6,1,5
draw_410,1,0,3,6,1,6
draw_411,1,0,3,6,1,7
draw_412,1,0,3,6,2,5
draw_413,1,0,3,6,2,7
draw_414,1,0,3,6,3,5
draw_415,1,0,3,6,3,6
draw_416,1,0,3,6,3,7
draw_417,1,0,3,7,1,6
draw_418,1,0,3,7,1,7
draw_419,1,0,3,7,2,6
draw_420,1,0,3,7,3,6
draw_421,1,0,3,7,3,7
draw_422,1,0,4,1,2,1
draw_423,1,0,4,1,2,0
draw_424,1,0,4,1,3,0
draw_425,1,0,4,1,4,1
draw_426,1,0,4,1,4,0
draw_427,1,0,4,2,2,1
draw_428,1,0,4,2,2,0
draw_429,1,0,4,2,2,2
draw_430,1,0,4,2,3,1
draw_431,1,0,4,2,3,2
draw_432,1,0,4,2,4,1
draw_433,1,0,4,2,4,0
draw_434,1,0,4,2,4,2
draw_435,1,0,4,0,2,0
draw_436,1,0,4,0,2,2
draw_437,1,0,4,0,2,3
draw_438,1,0,4,0,3,0
draw_439,1,0,4,0,3,3
draw_440,1,0,4,0,4,0
draw_441,1,0,4,0,4,2
draw_442,1,0,4,0,4,3
draw_443,1,0,4,3,2,2
draw_444,1,0,4,3,2,3
draw_445,1,0,4,3,2,4
draw_446,1,0,4,3,3,2
draw_447,1,0,4,3,3,4
draw_448,1,0,4,3,4,2
draw_449,1,0,4,3,4,3
draw_450,1,0,4,3,4,4
draw_451,1,0,4,4,2,3
draw_452,1,0,4,4,2,4
draw_453,1,0,4,4,2,5
draw_454,1,0,4,4,3,3
draw_455,1,0,4,4,3,5
draw_456,1,0,4,4,4,3
draw_457,1,0,4,4,4,4
draw_458,1,0,4,4,4,5
draw_459,1,0,4,5,2,4
draw_460,1,0,4,5,2,5
draw_461,1,0,4,5,2,6
draw_462,1,0,4,5,3,4
draw_463,1,0,4,5,3,6
draw_464,1,0,4,5,4,4
draw_465,1,0,4,5,4,5
draw_466,1,0,4,5,4,6
draw_467,1,0,4,6,2,5
draw_468,1,0,4,6,2,6
draw_469,1,0,4,6,2,7
draw_470,1,0,4,6,3,5
draw_471,1,0,4,6,3,7
draw_472,1,0,4,6,4,5
draw_473,1,0,4,6,4,6
draw_474,1,0,4,6,4,7
draw_475,1,0,4,7,2,6
draw_476,1,0,4,7,2,7
draw_477,1,0,4,7,3,6
draw_478,1,0,4,7,4,6
draw_479,1,0,4,7,4,7
draw_480,1,0,5,1,3,1
draw_481,1,0,5,1,3,0
draw_482,1,0,5,1,4,0
draw_483,1,0,5,1,5,1
draw_484,1,0,5,1,5,0
draw_485,1,0,5,2,3,1
draw_486,1,0,5,2,3,0
draw_487,1,0,5,2,3,2
draw_488,1,0,5,2,4,1
draw_489,1,0,5,2,4,2
draw_490,1,0,5,2,5,1
draw_491,1,0,5,2,5,0
draw_492,1,0,5,2,5,2
draw_493,1,0,5,0,3,0
draw_494,1,0,5,0,3,2
draw_495,1,0,5,0,3,3
draw_496,1,0,5,0,4,0
draw_497,1,0,5,0,4,3
draw_498,1,0,5,0,5,0
draw_499,1,0,5,0,5,2
draw_500,1,0,5,0,5,3
draw_501,1,0,5,3,3,2
draw_502,1,0,5,3,3,3
draw_503,1,0,5,3,3,4
draw_504,1,0,5,3,4,2
draw_505,1,0,5,3,4,4
draw_506,1,0,5,3,5,2
draw_507,1,0,5,3,5,3
draw_508,1,0,5,3,5,4
draw_509,1,0,5,4,3,3
draw_510,1,0,5,4,3,4
draw_511,1,0,5,4,3,5
draw_512,1,0,5,4,4,3
draw_513,1,0,5,4,4,5
draw_514,1,0,5,4,5,3
draw_515,1,0,5,4,5,4
draw_516,1,0,5,4,5,5
draw_517,1,0,5,5,3,4
draw_518,1,0,5,5,3,5
draw_519,1,0,5,5,3,6
draw_520,1,0,5,5,4,4
draw_521,1,0,5,5,4,6
draw_522,1,0,5,5,5,4
draw_523,1,0,5,5,5,5
draw_524,1,0,5,5,5,6
draw_525,1,0,5,6,3,5
draw_526,1,0,5,6,3,6
draw_527,1,0,5,6,3,7
draw_528,1,0,5,6,4,5
draw_529,1,0,5,6,4,7
draw_530,1,0,5,6,5,5
draw_531,1,0,5,6,5,6
draw_532,1,0,5,6,5,7
draw_533,1,0,5,7,3,6
draw_534,1,0,5,7,3,7
draw_535,1,0,5,7,4,6
draw_536,1,0,5,7,5,6
draw_537,1,0,5,7,5,7
draw_538,1,0,6,1,4,1
draw_539,1,0,6,1,4,0
draw_540,1,0,6,1,5,0
draw_541,1,0,6,2,4,1
draw_542,1,0,6,2,4,0
draw_543,1,0,6,2,4,2
draw_544,1,0,6,2,5,1
draw_545,1,0,6,2,5,2
draw_546,1,0,6,0,4,0
draw_547,1,0,6,0,4,2
draw_548,1,0,6,0,4,3
draw_549,1,0,6,0,5,0
draw_550,1,0,6,0,5,3
draw_551,1,0,6,3,4,2
draw_552,1,0,6,3,4,3
draw_553,1,0,6,3,4,4
draw_554,1,0,6,3,5,2
draw_555,1,0,6,3,5,4
draw_556,1,0,6,4,4,3
draw_557,1,0,6,4,4,4
draw_558,1,0,6,4,4,5
draw_559,1,0,6,4,5,3
draw_560,1,0,6,4,5,5
draw_561,1,0,6,5,4,4
draw_562,1,0,6,5,4,5
draw_563,1,0,6,5,4,6
draw_564,1,0,6,5,5,4
draw_565,1,0,6,5,5,6
draw_566,1,0,6,6,4,5
draw_567,1,0,6,6,4,6
draw_568,1,0,6,6,4,7
draw_569,1,0,6,6,5,5
draw_570,1,0,6,6,5,7
draw_571,1,0,6,7,4,6
draw_572,1,0,6,7,4,7
draw_573,1,0,6,7,5,6
draw_574,1,1,1,3,1,2
draw_575,1,1,2,1,1,0
draw_576,1,1,2,1,2,1
draw_577,1,1,2,1,2,0
draw_578,1,1,2,2,1,1
draw_579,1,1,2,2,1,2
draw_580,1,1,2,2,2,1
draw_581,1,1,2,2,2,0
draw_582,1,1,2,2,2,2
draw_583,1,1,2,0,1,0
draw_584,1,1,2,0,1,3
draw_585,1,1,2,0,2,0
draw_586,1,1,2,0,2,2
draw_587,1,1,2,0,2,3
draw_588,1,1,2,3,1,2
draw_589,1,1,2,3,2,2
draw_590,1,1,2,3,2,3
draw_591,1,1,2,3,2,4
draw_592,1,1,2,4,2,3
draw_593,1,1,3,1,1,1
draw_594,1,1,3,1,1,0
draw_595,1,1,3,1,2,0
draw_596,1,1,3,1,3,1
draw_597,1,1,3,1,3,0
draw_598,1,1,3,2,1,1
draw_599,1,1,3,2,1,0
draw_600,1,1,3,2,1,2
draw_601,1,1,3,2,2,1
draw_602,1,1,3,2,2,2
draw_603,1,1,3,2,3,1
draw_604,1,1,3,2,3,0
draw_605,1,1,3,2,3,2
draw_606,1,1,3,0,1,0
draw_607,1,1,3,0,1,2
draw_608,1,1,3,0,1,3
draw_609,1,1,3,0,2,0
draw_610,1,1,3,0,2,3
draw_611,1,1,3,0,3,0
draw_612,1,1,3,0,3,2
draw_613,1,1,3,0,3,3
draw_614,1,1,3,3,1,2
draw_615,1,1,3,3,1,3
draw_616,1,1,3,3,2,2
draw_617,1,1,3,3,2,4
draw_618,1,1,3,3,3,2
draw_619,1,1,3,3,3,3
draw_620,1,1,3,3,3,4
draw_621,1,1,3,4,1,3
draw_622,1,1,3,4,2,3
draw_623,1,1,3,4,3,3
draw_624,1,1,3,4,3,4
draw_625,1,1,3,4,3,5
draw_626,1,1,3,5,3,4
draw_627,1,1,4,1,2,1
draw_628,1,1,4,1,2,0
draw_629,1,1,4,1,3,0
draw_630,1,1,4,1,4,1
draw_631,1,1,4,1,4,0
draw_632,1,1,4,2,2,1
draw_633,1,1,4,2,2,0
draw_634,1,1,4,2,2,2
draw_635,1,1,4,2,3,1
draw_636,1,1,4,2,3,2
draw_637,1,1,4,2,4,1
draw_638,1,1,4,2,4,0
draw_639,1,1,4,2,4,2
draw_640,1,1,4,0,2,0
draw_641,1,1,4,0,2,2
draw_642,1,1,4,0,2,3
draw_643,1,1,4,0,3,0
draw_644,1,1,4,0,3,3
draw_645,1,1,4,0,4,0
draw_646,1,1,4,0,4,2
draw_647,1,1,4,0,4,3
draw_648,1,1,4,3,2,2
draw_649,1,1,4,3,2,3
draw_650,1,1,4,3,2,4
draw_651,1,1,4,3,3,2
draw_652,1,1,4,3,3,4
draw_653,1,1,4,3,4,2
draw_654,1,1,4,3,4,3
draw_655,1,1,4,3,4,4
draw_656,1,1,4,4,2,3
draw_657,1,1,4,4,2,4
draw_658,1,1,4,4,3,3
draw_659,1,1,4,4,3,5
draw_660,1,1,4,4,4,3
draw_661,1,1,4,4,4,4
draw_662,1,1,4,4,4,5
draw_663,1,1,4,5,2,4
draw_664,1,1,4,5,3,4
draw_665,1,1,4,5,4,4
draw_666,1,1,4,5,4,5
draw_667,1,1,4,5,4,6
draw_668,1,1,4,6,4,5
draw_669,1,1,5,1,3,1
draw_670,1,1,5,1,3,0
draw_671,1,1,5,1,4,0
draw_672,1,1,5,1,5,1
draw_673,1,1,5,1,5,0
draw_674,1,1,5,2,3,1
draw_675,1,1,5,2,3,0
draw_676,1,1,5,2,3,2
draw_677,1,1,5,2,4,1
draw_678,1,1,5,2,4,2
draw_679,1,1,5,2,5,1
draw_680,1,1,5,2,5,0
draw_681,1,1,5,2,5,2
draw_682,1,1,5,0,3,0
draw_683,1,1,5,0,3,2
draw_684,1,1,5,0,3,3
draw_685,1,1,5,0,4,0
draw_686,1,1,5,0,4,3
draw_687,1,1,5,0,5,0
draw_688,1,1,5,0,5,2
draw_689,1,1,5,0,5,3
draw_690,1,1,5,3,3,2
draw_691,1,1,5,3,3,3
draw_692,1,1,5,3,3,4
draw_693,1,1,5,3,4,2
draw_694,1,1,5,3,4,4
draw_695,1,1,5,3,5,2
draw_696,1,1,5,3,5,3
draw_697,1,1,5,3,5,4
draw_698,1,1,5,4,3,3
draw_699,1,1,5,4,3,4
draw_700,1,1,5,4,3,5
draw_701,1,1,5,4,4,3
draw_702,1,1,5,4,4,5
draw_703,1,1,5,4,5,3
draw_704,1,1,5,4,5,4
draw_705,1,1,5,4,5,5
draw_706,1,1,5,5,3,4
draw_707,1,1,5,5,3,5
draw_708,1,1,5,5,4,4
draw_709,1,1,5,5,4,6
draw_710,1,1,5,5,5,4
draw_711,1,1,5,5,5,5
draw_712,1,1,5,5,5,6
draw_713,1,1,5,6,3,5
draw_714,1,1,5,6,4,5
draw_715,1,1,5,6,5,5
draw_716,1,1,5,6,5,6
draw_717,1,1,5,6,5,7
draw_718,1,1,5,7,5,6
draw_719,1,1,6,1,4,1
draw_720,1,1,6,1,4,0
draw_721,1,1,6,1,5,0
draw_722,1,1,6,2,4,1
draw_723,1,1,6,2,4,0
draw_724,1,1,6,2,4,2
draw_725,1,1,6,2,5,1
draw_726,1,1,6,2,5,2
draw_727,1,1,6,0,4,0
draw_728,1,1,6,0,4,2
draw_729,1,1,6,0,4,3
draw_730,1,1,6,0,5,0
draw_731,1,1,6,0,5,3
draw_732,1,1,6,3,4,2
draw_733,1,1,6,3,4,3
draw_734,1,1,6,3,4,4
draw_735,1,1,6,3,5,2
draw_736,1,1,6,3,5,4
draw_737,1,1,6,4,4,3
draw_738,1,1,6,4,4,4
draw_739,1,1,6,4,4,5
draw_740,1,1,6,4,5,3
draw_741,1,1,6,4,5,5
draw_742,1,1,6,5,4,4
draw_743,1,1,6,5,4,5
draw_744,1,1,6,5,4,6
draw_745,1,1,6,5,5,4
draw_746,1,1,6,5,5,6
draw_747,1,1,6,6,4,5
draw_748,1,1,6,6,4,6
draw_749,1,1,6,6,5,5
draw_750,1,1,6,6,5,7
draw_751,1,1,6,7,4,6
draw_752,1,1,6,7,5,6
draw_753,2,0,7,1,6,0
draw_754,2,0,7,2,6,1
draw_755,2,0,7,2,6,2
draw_756,2,0,7,2,7,2
draw_757,2,0,7,0,6,0
draw_758,2,0,7,0,6,3
draw_759,2,0,7,0,7,2
draw_760,2,0,7,0,7,3
draw_761,2,0,7,3,6,2
draw_762,2,0,7,3,6,4
draw_763,2,0,7,3,7,2
draw_764,2,0,7,3,7,3
draw_765,2,0,7,3,7,4
draw_766,2,0,7,4,6,3
draw_767,2,0,7,4,6,5
draw_768,2,0,7,4,7,3
draw_769,2,0,7,4,7,4
draw_770,2,0,7,4,7,5
draw_771,2,0,7,5,6,4
draw_772,2,0,7,5,6,6
draw_773,2,0,7,5,7,4
draw_774,2,0,7,5,7,5
draw_775,2,0,7,5,7,6
draw_776,2,0,7,6,6,5
draw_777,2,0,7,6,6,7
draw_778,2,0,7,6,7,5
draw_779,2,0,7,6,7,6
draw_780,2,0,7,6,7,7
draw_781,2,0,7,7,6,6
draw_782,2,0,7,7,7,6
draw_783,2,0,7,7,7,7
draw_784,2,0,0,2,6,1
draw_785,2,0,0,0,6,0
draw_786,2,0,0,0,6,2
draw_787,2,0,0,0,6,3
draw_788,2,0,0,0,7,3
draw_789,2,0,0,0,0,2
draw_790,2,0,0,0,0,3
draw_791,2,0,0,3,6,2
draw_792,2,0,0,3,6,3
draw_793,2,0,0,3,6,4
draw_794,2,0,0,3,7,2
draw_795,2,0,0,3,7,4
draw_796,2,0,0,3,0,2
draw_797,2,0,0,3,0,3
draw_798,2,0,0,3,0,4
draw_799,2,0,0,4,6,3
draw_800,2,0,0,4,6,4
draw_801,2,0,0,4,6,5
draw_802,2,0,0,4,7,3
draw_803,2,0,0,4,7,5
draw_804,2,0,0,4,0,3
draw_805,2,0,0,4,0,4
draw_806,2,0,0,4,0,5
draw_807,2,0,0,5,6,4
draw_808,2,0,0,5,6,5
draw_809,2,0,0,5,6,6
draw_810,2,0,0,5,7,4
draw_811,2,0,0,5,7,6
draw_812,2,0,0,5,0,4
draw_813,2,0,0,5,0,5
draw_814,2,0,0,5,0,6
draw_815,2,0,0,6,6,5
draw_816,2,0,0,6,6,6
draw_817,2,0,0,6,6,7
draw_818,2,0,0,6,7,5
draw_819,2,0,0,6,7,7
draw_820,2,0,0,6,0,5
draw_821,2,0,0,6,0,6
draw_822,2,0,0,6,0,7
draw_823,2,0,0,7,6,6
draw_824,2,0,0,7,6,7
draw_825,2,0,0,7,7,6
draw_826,2,0,0,7,0,6
draw_827,2,0,0,7,0,7
draw_828,2,0,1,2,6,1
draw_829,2,0,1,0,7,2
draw_830,2,0,1,0,7,3
draw_831,2,0,1,0,0,3
draw_832,2,0,1,0,1,2
draw_833,2,0,1,0,1,3
draw_834,2,0,1,3,7,2
draw_835,2,0,1,3,7,3
draw_836,2,0,1,3,7,4
draw_837,2,0,1,3,0,2
draw_838,2,0,1,3,0,4
draw_839,2,0,1,3,1,2
draw_840,2,0,1,3,1,3
draw_841,2,0,1,3,1,4
draw_842,2,0,1,4,7,3
draw_843,2,0,1,4,7,4
draw_844,2,0,1,4,7,5
draw_845,2,0,1,4,0,3
draw_846,2,0,1,4,0,5
draw_847,2,0,1,4,1,3
draw_848,2,0,1,4,1,4
draw_849,2,0,1,4,1,5
draw_850,2,0,1,5,7,4
draw_851,2,0,1,5,7,5
draw_852,2,0,1,5,7,6
draw_853,2,0,1,5,0,4
draw_854,2,0,1,5,0,6
draw_855,2,0,1,5,1,4
draw_856,2,0,1,5,1,5
draw_857,2,0,1,5,1,6
draw_858,2,0,1,6,7,5
draw_859,2,0,1,6,7,6
draw_860,2,0,1,6,7,7
draw_861,2,0,1,6,0,5
draw_862,2,0,1,6,0,7
draw_863,2,0,1,6,1,5
draw_864,2,0,1,6,1,6
draw_865,2,0,1,6,1,7
draw_866,2,0,1,7,7,6
draw_867,2,0,1,7,7,7
draw_868,2,0,1,7,0,6
draw_869,2,0,1,7,1,6
draw_870,2,0,1,7,1,7
draw_871,2,0,2,2,6,1
draw_872,2,0,2,0,0,2
draw_873,2,0,2,0,0,3
draw_874,2,0,2,0,1,3
draw_875,2,0,2,0,2,0
draw_876,2,0,2,0,2,2
draw_877,2,0,2,0,2,3
draw_878,2,0,2,3,0,2
draw_879,2,0,2,3,0,3
draw_880,2,0,2,3,0,4
draw_881,2,0,2,3,1,2
draw_882,2,0,2,3,1,4
draw_883,2,0,2,3,2,2
draw_884,2,0,2,3,2,3
draw_885,2,0,2,3,2,4
draw_886,2,0,2,4,0,3
draw_887,2,0,2,4,0,4
draw_888,2,0,2,4,0,5
draw_889,2,0,2,4,1,3
draw_890,2,0,2,4,1,5
draw_891,2,0,2,4,2,3
draw_892,2,0,2,4,2,4
draw_893,2,0,2,4,2,5
draw_894,2,0,2,5,0,4
draw_895,2,0,2,5,0,5
draw_896,2,0,2,5,0,6
draw_897,2,0,2,5,1,4
draw_898,2,0,2,5,1,6
draw_899,2,0,2,5,2,4
draw_900,2,0,2,5,2,5
draw_901,2,0,2,5,2,6
draw_902,2,0,2,6,0,5
draw_903,2,0,2,6,0,6
draw_904,2,0,2,6,0,7
draw_905,2,0,2,6,1,5
draw_906,2,0,2,6,1,7
draw_907,2,0,2,6,2,5
draw_908,2,0,2,6,2,6
draw_909,2,0,2,6,2,7
draw_910,2,0,2,7,0,6
draw_911,2,0,2,7,0,7
draw_912,2,0,2,7,1,6
draw_913,2,0,2,7,2,6
draw_914,2,0,2,7,2,7
draw_915,2,0,3,1,2,0
draw_916,2,0,3,1,3,1
draw_917,2,0,3,1,3,0
draw_918,2,0,3,2,6,1
draw_919,2,0,3,2,1,2
draw_920,2,0,3,2,2,1
draw_921,2,0,3,2,2,2
draw_922,2,0,3,2,3,1
draw_923,2,0,3,2,3,0
draw_924,2,0,3,2,3,2
draw_925,2,0,3,0,1,2
draw_926,2,0,3,0,1,3
draw_927,2,0,3,0,2,0
draw_928,2,0,3,0,2,3
draw_929,2,0,3,0,3,0
draw_930,2,0,3,0,3,2
draw_931,2,0,3,0,3,3
draw_932,2,0,3,3,1,2
draw_933,2,0,3,3,1,3
draw_934,2,0,3,3,1,4
draw_935,2,0,3,3,2,2
draw_936,2,0,3,3,2,4
draw_937,2,0,3,3,3,2
draw_938,2,0,3,3,3,3
draw_939,2,0,3,3,3,4
draw_940,2,0,3,4,1,3
draw_941,2,0,3,4,1,4
draw_942,2,0,3,4,1,5
draw_943,2,0,3,4,2,3
draw_944,2,0,3,4,2,5
draw_945,2,0,3,4,3,3
draw_946,2,0,3,4,3,4
draw_947,2,0,3,4,3,5
draw_948,2,0,3,5,1,4
draw_949,2,0,3,5,1,5
draw_950,2,0,3,5,1,6
draw_951,2,0,3,5,2,4
draw_952,2,0,3,5,2,6
draw_953,2,0,3,5,3,4
draw_954,2,0,3,5,3,5
draw_955,2,0,3,5,3,6
draw_956,2,0,3,6,1,5
draw_957,2,0,3,6,1,6
draw_958,2,0,3,6,1,7
draw_959,2,0,3,6,2,5
draw_960,2,0,3,6,2,7
draw_961,2,0,3,6,3,5
draw_962,2,0,3,6,3,6
draw_963,2,0,3,6,3,7
draw_964,2,0,3,7,1,6
draw_965,2,0,3,7,1,7
draw_966,2,0,3,7,2,6
draw_967,2,0,3,7,3,6
draw_968,2,0,3,7,3,7
draw_969,2,0,4,1,2,1
draw_970,2,0,4,1,2,0
draw_971,2,0,4,1,3,0
draw_972,2,0,4,1,4,1
draw_973,2,0,4,1,4,0
draw_974,2,0,4,2,6,1
draw_975,2,0,4,2,2,1
draw_976,2,0,4,2,2,0
draw_977,2,0,4,2,2,2
draw_978,2,0,4,2,3,1
draw_979,2,0,4,2,3,2
draw_980,2,0,4,2,4,1
draw_981,2,0,4,2,4,0
draw_982,2,0,4,2,4,2
draw_983,2,0,4,0,2,0
draw_984,2,0,4,0,2,2
draw_985,2,0,4,0,2,3
draw_986,2,0,4,0,3,0
draw_987,2,0,4,0,3,3
draw_988,2,0,4,0,4,0
draw_989,2,0,4,0,4,2
draw_990,2,0,4,0,4,3
draw_991,2,0,4,3,2,2
draw_992,2,0,4,3,2,3
draw_993,2,0,4,3,2,4
draw_994,2,0,4,3,3,2
draw_995,2,0,4,3,3,4
draw_996,2,0,4,3,4,2
draw_997,2,0,4,3,4,3
draw_998,2,0,4,3,4,4
draw_999,2,0,4,4,2,3
draw_1000,2,0,4,4,2,4
draw_1001,2,0,4,4,2,5
draw_1002,2,0,4,4,3,3
draw_1003,2,0,4,4,3,5
draw_1004,2,0,4,4,4,3
draw_1005,2,0,4,4,4,4
draw_1006,2,0,4,4,4,5
draw_1007,2,0,4,5,2,4
draw_1008,2,0,4,5,2,5
draw_1009,2,0,4,5,2,6
draw_1010,2,0,4,5,3,4
draw_1011,2,0,4,5,3,6
draw_1012,2,0,4,5,4,4
draw_1013,2,0,4,5,4,5
draw_1014,2,0,4,5,4,6
draw_1015,2,0,4,6,2,5
draw_1016,2,0,4,6,2,6
draw_1017,2,0,4,6,2,7
draw_1018,2,0,4,6,3,5
draw_1019,2,0,4,6,3,7
draw_1020,2,0,4,6,4,5
draw_1021,2,0,4,6,4,6
draw_1022,2,0,4,6,4,7
draw_1023,2,0,4,7,2,6
draw_1024,2,0,4,7,2,7
draw_1025,2,0,4,7,3,6
draw_1026,2,0,4,7,4,6
draw_1027,2,0,4,7,4,7
draw_1028,2,0,5,1,3,1
draw_1029,2,0,5,1,3,0
draw_1030,2,0,5,1,4,0
draw_1031,2,0,5,1,5,1
draw_1032,2,0,5,1,5,0
draw_1033,2,0,5,2,6,1
draw_1034,2,0,5,2,3,1
draw_1035,2,0,5,2,3,0
draw_1036,2,0,5,2,3,2
draw_1037,2,0,5,2,4,1
draw_1038,2,0,5,2,4,2
draw_1039,2,0,5,2,5,1
draw_1040,2,0,5,2,5,0
draw_1041,2,0,5,2,5,2
draw_1042,2,0,5,0,3,0
draw_1043,2,0,5,0,3,2
draw_1044,2,0,5,0,3,3
draw_1045,2,0,5,0,4,0
draw_1046,2,0,5,0,4,3
draw_1047,2,0,5,0,5,0
draw_1048,2,0,5,0,5,2
draw_1049,2,0,5,0,5,3
draw_1050,2,0,5,3,3,2
draw_1051,2,0,5,3,3,3
draw_1052,2,0,5,3,3,4
draw_1053,2,0,5,3,4,2
draw_1054,2,0,5,3,4,4
draw_1055,2,0,5,3,5,2
draw_1056,2,0,5,3,5,3
draw_1057,2,0,5,3,5,4
draw_1058,2,0,5,4,3,3
draw_1059,2,0,5,4,3,4
draw_1060,2,0,5,4,3,5
draw_1061,2,0,5,4,4,3
draw_1062,2,0,5,4,4,5
draw_1063,2,0,5,4,5,3
draw_1064,2,0,5,4,5,4
draw_1065,2,0,5,4,5,5
draw_1066,2,0,5,5,3,4
draw_1067,2,0,5,5,3,5
draw_1068,2,0,5,5,3,6
draw_1069,2,0,5,5,4,4
draw_1070,2,0,5,5,4,6
draw_1071,2,0,5,5,5,4
draw_1072,2,0,5,5,5,5
draw_1073,2,0,5,5,5,6
draw_1074,2,0,5,6,3,5
draw_1075,2,0,5,6,3,6
draw_1076,2,0,5,6,3,7
draw_1077,2,0,5,6,4,5
draw_1078,2,0,5,6,4,7
draw_1079,2,0,5,6,5,5
draw_1080,2,0,5,6,5,6
draw_1081,2,0,5,6,5,7
draw_1082,2,0,5,7,3,6
draw_1083,2,0,5,7,3,7
draw_1084,2,0,5,7,4,6
draw_1085,2,0,5,7,5,6
draw_1086,2,0,5,7,5,7
draw_1087,2,0,6,1,4,1
draw_1088,2,0,6,1,4,0
draw_1089,2,0,6,1,5,0
draw_1090,2,0,6,2,6,1
draw_1091,2,0,6,2,4,1
draw_1092,2,0,6,2,4,0
draw_1093,2,0,6,2,4,2
draw_1094,2,0,6,2,5,1
draw_1095,2,0,6,2,5,2
draw_1096,2,0,6,0,4,0
draw_1097,2,0,6,0,4,2
draw_1098,2,0,6,0,4,3
draw_1099,2,0,6,0,5,0
draw_1100,2,0,6,0,5,3
draw_1101,2,0,6,3,4,2
draw_1102,2,0,6,3,4,3
draw_1103,2,0,6,3,4,4
draw_1104,2,0,6,3,5,2
draw_1105,2,0,6,3,5,4
draw_1106,2,0,6,4,4,3
draw_1107,2,0,6,4,4,4
draw_1108,2,0,6,4,4,5
draw_1109,2,0,6,4,5,3
draw_1110,2,0,6,4,5,5
draw_1111,2,0,6,5,4,4
draw_1112,2,0,6,5,4,5
draw_1113,2,0,6,5,4,6
draw_1114,2,0,6,5,5,4
draw_1115,2,0,6,5,5,6
draw_1116,2,0,6,6,4,5
draw_1117,2,0,6,6,4,6
draw_1118,2,0,6,6,4,7
draw_1119,2,0,6,6,5,5
draw_1120,2,0,6,6,5,7
draw_1121,2,0,6,7,4,6
draw_1122,2,0,6,7,4,7
draw_1123,2,0,6,7,5,6
draw_1124,2,1,7,1,6,0
draw_1125,2,1,7,2,6,1
draw_1126,2,1,7,2,6,2
draw_1127,2,1,7,0,6,0
draw_1128,2,1,7,0,6,3
draw_1129,2,1,7,0,7,3
draw_1130,2,1,7,3,6,2
draw_1131,2,1,7,3,6,4
draw_1132,2,1,7,3,7,3
draw_1133,2,1,7,3,7,4
draw_1134,2,1,7,4,6,3
draw_1135,2,1,7,4,6,5
draw_1136,2,1,7,4,7,3
draw_1137,2,1,7,4,7,4
draw_1138,2,1,7,4,7,5
draw_1139,2,1,7,5,6,4
draw_1140,2,1,7,5,6,6
draw_1141,2,1,7,5,7,4
draw_1142,2,1,7,5,7,5
draw_1143,2,1,7,5,7,6
draw_1144,2,1,7,6,6,5
draw_1145,2,1,7,6,6,7
draw_1146,2,1,7,6,7,5
draw_1147,2,1,7,6,7,6
draw_1148,2,1,7,6,7,7
draw_1149,2,1,7,7,6,6
draw_1150,2,1,7,7,7,6
draw_1151,2,1,7,7,7,7
draw_1152,2,1,0,2,6,1
draw_1153,2,1,0,3,6,2
draw_1154,2,1,0,3,6,3
draw_1155,2,1,0,3,6,4
draw_1156,2,1,0,3,7,4
draw_1157,2,1,0,3,0,3
draw_1158,2,1,0,3,0,4
draw_1159,2,1,0,4,6,3
draw_1160,2,1,0,4,6,4
draw_1161,2,1,0,4,6,5
draw_1162,2,1,0,4,7,3
draw_1163,2,1,0,4,7,5
draw_1164,2,1,0,4,0,3
draw_1165,2,1,0,4,0,4
draw_1166,2,1,0,4,0,5
draw_1167,2,1,0,5,6,4
draw_1168,2,1,0,5,6,5
draw_1169,2,1,0,5,6,6
draw_1170,2,1,0,5,7,4
draw_1171,2,1,0,5,7,6
draw_1172,2,1,0,5,0,4
draw_1173,2,1,0,5,0,5
draw_1174,2,1,0,5,0,6
draw_1175,2,1,0,6,6,5
draw_1176,2,1,0,6,6,6
draw_1177,2,1,0,6,6,7
draw_1178,2,1,0,6,7,5
draw_1179,2,1,0,6,7,7
draw_1180,2,1,0,6,0,5
draw_1181,2,1,0,6,0,6
draw_1182,2,1,0,6,0,7
draw_1183,2,1,0,7,6,6
draw_1184,2,1,0,7,6,7
draw_1185,2,1,0,7,7,6
draw_1186,2,1,0,7,0,6
draw_1187,2,1,0,7,0,7
draw_1188,2,1,1,3,7,3
draw_1189,2,1,1,3,7,4
draw_1190,2,1,1,3,0,4
draw_1191,2,1,1,3,1,3
draw_1192,2,1,1,3,1,4
draw_1193,2,1,1,4,7,3
draw_1194,2,1,1,4,7,4
draw_1195,2,1,1,4,7,5
draw_1196,2,1,1,4,0,3
draw_1197,2,1,1,4,0,5
draw_1198,2,1,1,4,1,3
draw_1199,2,1,1,4,1,4
draw_1200,2,1,1,4,1,5
draw_1201,2,1,1,5,7,4
draw_1202,2,1,1,5,7,5
draw_1203,2,1,1,5,7,6
draw_1204,2,1,1,5,0,4
draw_1205,2,1,1,5,0,6
draw_1206,2,1,1,5,1,4
draw_1207,2,1,1,5,1,5
draw_1208,2,1,1,5,1,6
draw_1209,2,1,1,6,7,5
draw_1210,2,1,1,6,7,6
draw_1211,2,1,1,6,7,7
draw_1212,2,1,1,6,0,5
draw_1213,2,1,1,6,0,7
draw_1214,2,1,1,6,1,5
draw_1215,2,1,1,6,1,6
draw_1216,2,1,1,6,1,7
draw_1217,2,1,1,7,7,6
draw_1218,2,1,1,7,7,7
draw_1219,2,1,1,7,0,6
draw_1220,2,1,1,7,1,6
draw_1221,2,1,1,7,1,7
draw_1222,2,1,2,3,0,3
draw_1223,2,1,2,3,0,4
draw_1224,2,1,2,3,1,4
draw_1225,2,1,2,3,2,2
draw_1226,2,1,2,3,2,3
draw_1227,2,1,2,3,2,4
draw_1228,2,1,2,4,0,3
draw_1229,2,1,2,4,0,4
draw_1230,2,1,2,4,0,5
draw_1231,2,1,2,4,1,3
draw_1232,2,1,2,4,1,5
draw_1233,2,1,2,4,2,3
draw_1234,2,1,2,4,2,4
draw_1235,2,1,2,4,2,5
draw_1236,2,1,2,5,0,4
draw_1237,2,1,2,5,0,5
draw_1238,2,1,2,5,0,6
draw_1239,2,1,2,5,1,4
draw_1240,2,1,2,5,1,6
draw_1241,2,1,2,5,2,4
draw_1242,2,1,2,5,2,5
draw_1243,2,1,2,5,2,6
draw_1244,2,1,2,6,0,5
draw_1245,2,1,2,6,0,6
draw_1246,2,1,2,6,0,7
draw_1247,2,1,2,6,1,5
draw_1248,2,1,2,6,1,7
draw_1249,2,1,2,6,2,5
draw_1250,2,1,2,6,2,6
draw_1251,2,1,2,6,2,7
draw_1252,2,1,2,7,0,6
draw_1253,2,1,2,7,0,7
draw_1254,2,1,2,7,1,6
draw_1255,2,1,2,7,2,6
draw_1256,2,1,2,7,2,7
draw_1257,2,1,3,1,2,0
draw_1258,2,1,3,1,3,1
draw_1259,2,1,3,1,3,0
draw_1260,2,1,3,2,2,1
draw_1261,2,1,3,2,2,2
draw_1262,2,1,3,2,3,1
draw_1263,2,1,3,2,3,0
draw_1264,2,1,3,2,3,2
draw_1265,2,1,3,0,1,3
draw_1266,2,1,3,0,2,0
draw_1267,2,1,3,0,2,3
draw_1268,2,1,3,0,3,0
draw_1269,2,1,3,0,3,2
draw_1270,2,1,3,0,3,3
draw_1271,2,1,3,3,1,3
draw_1272,2,1,3,3,1,4
draw_1273,2,1,3,3,2,2
draw_1274,2,1,3,3,2,4
draw_1275,2,1,3,3,3,2
draw_1276,2,1,3,3,3,3
draw_1277,2,1,3,3,3,4
draw_1278,2,1,3,4,1,3
draw_1279,2,1,3,4,1,4
draw_1280,2,1,3,4,1,5
draw_1281,2,1,3,4,2,3
draw_1282,2,1,3,4,2,5
draw_1283,2,1,3,4,3,3
draw_1284,2,1,3,4,3,4
draw_1285,2,1,3,4,3,5
draw_1286,2,1,3,5,1,4
draw_1287,2,1,3,5,1,5
draw_1288,2,1,3,5,1,6
draw_1289,2,1,3,5,2,4
draw_1290,2,1,3,5,2,6
draw_1291,2,1,3,5,3,4
draw_1292,2,1,3,5,3,5
draw_1293,2,1,3,5,3,6
draw_1294,2,1,3,6,1,5
draw_1295,2,1,3,6,1,6
draw_1296,2,1,3,6,1,7
draw_1297,2,1,3,6,2,5
draw_1298,2,1,3,6,2,7
draw_1299,2,1,3,6,3,5
draw_1300,2,1,3,6,3,6
draw_1301,2,1,3,6,3,7
draw_1302,2,1,3,7,1,6
draw_1303,2,1,3,7,1,7
draw_1304,2,1,3,7,2,6
draw_1305,2,1,3,7,3,6
draw_1306,2,1,3,7,3,7
draw_1307,2,1,4,1,2,1
draw_1308,2,1,4,1,2,0
draw_1309,2,1,4,1,3,0
draw_1310,2,1,4,1,4,1
draw_1311,2,1,4,1,4,0
draw_1312,2,1,4,2,2,1
draw_1313,2,1,4,2,2,0
draw_1314,2,1,4,2,2,2
draw_1315,2,1,4,2,3,1
draw_1316,2,1,4,2,3,2
draw_1317,2,1,4,2,4,1
draw_1318,2,1,4,2,4,0
draw_1319,2,1,4,2,4,2
draw_1320,2,1,4,0,2,0
draw_1321,2,1,4,0,2,2
draw_1322,2,1,4,0,2,3
draw_1323,2,1,4,0,3,0
draw_1324,2,1,4,0,3,3
draw_1325,2,1,4,0,4,0
draw_1326,2,1,4,0,4,2
draw_1327,2,1,4,0,4,3
draw_1328,2,1,4,3,2,2
draw_1329,2,1,4,3,2,3
draw_1330,2,1,4,3,2,4
draw_1331,2,1,4,3,3,2
draw_1332,2,1,4,3,3,4
draw_1333,2,1,4,3,4,2
draw_1334,2,1,4,3,4,3
draw_1335,2,1,4,3,4,4
draw_1336,2,1,4,4,2,3
draw_1337,2,1,4,4,2,4
draw_1338,2,1,4,4,2,5
draw_1339,2,1,4,4,3,3
draw_1340,2,1,4,4,3,5
draw_1341,2,1,4,4,4,3
draw_1342,2,1,4,4,4,4
draw_1343,2,1,4,4,4,5
draw_1344,2,1,4,5,2,4
draw_1345,2,1,4,5,2,5
draw_1346,2,1,4,5,2,6
draw_1347,2,1,4,5,3,4
draw_1348,2,1,4,5,3,6
draw_1349,2,1,4,5,4,4
draw_1350,2,1,4,5,4,5
draw_1351,2,1,4,5,4,6
draw_1352,2,1,4,6,2,5
draw_1353,2,1,4,6,2,6
draw_1354,2,1,4,6,2,7
draw_1355,2,1,4,6,3,5
draw_1356,2,1,4,6,3,7
draw_1357,2,1,4,6,4,5
draw_1358,2,1,4,6,4,6
draw_1359,2,1,4,6,4,7
draw_1360,2,1,4,7,2,6
draw_1361,2,1,4,7,2,7
draw_1362,2,1,4,7,3,6
draw_1363,2,1,4,7,4,6
draw_1364,2,1,4,7,4,7
draw_1365,2,1,5,1,3,1
draw_1366,2,1,5,1,3,0
draw_1367,2,1,5,1,4,0
draw_1368,2,1,5,1,5,1
draw_1369,2,1,5,1,5,0
draw_1370,2,1,5,2,3,1
draw_1371,2,1,5,2,3,0
draw_1372,2,1,5,2,3,2
draw_1373,2,1,5,2,4,1
draw_1374,2,1,5,2,4,2
draw_1375,2,1,5,2,5,1
draw_1376,2,1,5,2,5,0
draw_1377,2,1,5,2,5,2
draw_1378,2,1,5,0,3,0
draw_1379,2,1,5,0,3,2
draw_1380,2,1,5,0,3,3
draw_1381,2,1,5,0,4,0
draw_1382,2,1,5,0,4,3
draw_1383,2,1,5,0,5,0
draw_1384,2,1,5,0,5,2
draw_1385,2,1,5,0,5,3
draw_1386,2,1,5,3,3,2
draw_1387,2,1,5,3,3,3
draw_1388,2,1,5,3,3,4
draw_1389,2,1,5,3,4,2
draw_1390,2,1,5,3,4,4
draw_1391,2,1,5,3,5,2
draw_1392,2,1,5,3,5,3
draw_1393,2,1,5,3,5,4
draw_1394,2,1,5,4,3,3
draw_1395,2,1,5,4,3,4
draw_1396,2,1,5,4,3,5
draw_1397,2,1,5,4,4,3
draw_1398,2,1,5,4,4,5
draw_1399,2,1,5,4,5,3
draw_1400,2,1,5,4,5,4
draw_1401,2,1,5,4,5,5
draw_1402,2,1,5,5,3,4
draw_1403,2,1,5,5,3,5
draw_1404,2,1,5,5,3,6
draw_1405,2,1,5,5,4,4
draw_1406,2,1,5,5,4,6
draw_1407,2,1,5,5,5,4
draw_1408,2,1,5,5,5,5
draw_1409,2,1,5,5,5,6
draw_1410,2,1,5,6,3,5
draw_1411,2,1,5,6,3,6
draw_1412,2,1,5,6,3,7
draw_1413,2,1,5,6,4,5
draw_1414,2,1,5,6,4,7
draw_1415,2,1,5,6,5,5
draw_1416,2,1,5,6,5,6
draw_1417,2,1,5,6,5,7
draw_1418,2,1,5,7,3,6
draw_1419,2,1,5,7,3,7
draw_1420,2,1,5,7,4,6
draw_1421,2,1,5,7,5,6
draw_1422,2,1,5,7,5,7
draw_1423,2,1,6,1,4,1
draw_1424,2,1,6,1,4,0
draw_1425,2,1,6,1,5,0
draw_1426,2,1,6,2,4,1
draw_1427,2,1,6,2,4,0
draw_1428,2,1,6,2,4,2
draw_1429,2,1,6,2,5,1
draw_1430,2,1,6,2,5,2
draw_1431,2,1,6,0,4,0
draw_1432,2,1,6,0,4,2
draw_1433,2,1,6,0,4,3
draw_1434,2,1,6,0,5,0
draw_1435,2,1,6,0,5,3
draw_1436,2,1,6,3,4,2
draw_1437,2,1,6,3,4,3
draw_1438,2,1,6,3,4,4
draw_1439,2,1,6,3,5,2
draw_1440,2,1,6,3,5,4
draw_1441,2,1,6,4,4,3
draw_1442,2,1,6,4,4,4
draw_1443,2,1,6,4,4,5
draw_1444,2,1,6,4,5,3
draw_1445,2,1,6,4,5,5
draw_1446,2,1,6,5,4,4
draw_1447,2,1,6,5,4,5
draw_1448,2,1,6,5,4,6
draw_1449,2,1,6,5,5,4
draw_1450,2,1,6,5,5,6
draw_1451,2,1,6,6,4,5
draw_1452,2,1,6,6,4,6
draw_1453,2,1,6,6,4,7
draw_1454,2,1,6,6,5,5
draw_1455,2,1,6,6,5,7
draw_1456,2,1,6,7,4,6
draw_1457,2,1,6,7,4,7
draw_1458,2,1,6,7,5,6
draw_1459,2,2,7,1,7,1
draw_1460,2,2,7,2,7,1
draw_1461,2,2,0,1,6,1
draw_1462,2,2,0,1,0,1
draw_1463,2,2,0,2,6,1
draw_1464,2,2,1,1,7,1
draw_1465,2,2,1,1,1,1
draw_1466,2,2,2,1,0,1
draw_1467,2,2,2,1,2,1
draw_1468,2,2,2,1,2,0
draw_1469,2,2,2,4,2,3
draw_1470,2,2,3,1,1,1
draw_1471,2,2,3,1,2,0
draw_1472,2,2,3,1,3,1
draw_1473,2,2,3,1,3,0
draw_1474,2,2,3,2,1,1
draw_1475,2,2,3,2,2,1
draw_1476,2,2,3,2,2,2
draw_1477,2,2,3,2,3,1
draw_1478,2,2,3,2,3,0
draw_1479,2,2,3,2,3,2
draw_1480,2,2,3,0,2,0
draw_1481,2,2,3,0,2,3
draw_1482,2,2,3,0,3,0
draw_1483,2,2,3,0,3,2
draw_1484,2,2,3,0,3,3
draw_1485,2,2,3,3,2,2
draw_1486,2,2,3,3,2,4
draw_1487,2,2,3,3,3,2
draw_1488,2,2,3,3,3,3
draw_1489,2,2,3,3,3,4
draw_1490,2,2,3,4,2,3
draw_1491,2,2,3,4,3,3
draw_1492,2,2,3,4,3,4
draw_1493,2,2,3,4,3,5
draw_1494,2,2,3,5,3,4
draw_1495,2,2,4,1,2,1
draw_1496,2,2,4,1,2,0
draw_1497,2,2,4,1,3,0
draw_1498,2,2,4,1,4,1
draw_1499,2,2,4,1,4,0
draw_1500,2,2,4,2,2,1
draw_1501,2,2,4,2,2,0
draw_1502,2,2,4,2,2,2
draw_1503,2,2,4,2,3,1
draw_1504,2,2,4,2,3,2
draw_1505,2,2,4,2,4,1
draw_1506,2,2,4,2,4,0
draw_1507,2,2,4,2,4,2
draw_1508,2,2,4,0,2,0
draw_1509,2,2,4,0,2,2
draw_1510,2,2,4,0,2,3
draw_1511,2,2,4,0,3,0
draw_1512,2,2,4,0,3,3
draw_1513,2,2,4,0,4,0
draw_1514,2,2,4,0,4,2
draw_1515,2,2,4,0,4,3
draw_1516,2,2,4,3,2,2
draw_1517,2,2,4,3,2,3
draw_1518,2,2,4,3,2,4
draw_1519,2,2,4,3,3,2
draw_1520,2,2,4,3,3,4
draw_1521,2,2,4,3,4,2
draw_1522,2,2,4,3,4,3
draw_1523,2,2,4,3,4,4
draw_1524,2,2,4,4,2,3
draw_1525,2,2,4,4,2,4
draw_1526,2,2,4,4,3,3
draw_1527,2,2,4,4,3,5
draw_1528,2,2,4,4,4,3
draw_1529,2,2,4,4,4,4
draw_1530,2,2,4,4,4,5
draw_1531,2,2,4,5,2,4
draw_1532,2,2,4,5,3,4
draw_1533,2,2,4,5,4,4
draw_1534,2,2,4,5,4,5
draw_1535,2,2,4,5,4,6
draw_1536,2,2,4,6,4,5
draw_1537,2,2,5,1,3,1
draw_1538,2,2,5,1,3,0
draw_1539,2,2,5,1,4,0
draw_1540,2,2,5,1,5,1
draw_1541,2,2,5,1,5,0
draw_1542,2,2,5,2,3,1
draw_1543,2,2,5,2,3,0
draw_1544,2,2,5,2,3,2
draw_1545,2,2,5,2,4,1
draw_1546,2,2,5,2,4,2
draw_1547,2,2,5,2,5,1
draw_1548,2,2,5,2,5,0
draw_1549,2,2,5,2,5,2
draw_1550,2,2,5,0,3,0
draw_1551,2,2,5,0,3,2
draw_1552,2,2,5,0,3,3
draw_1553,2,2,5,0,4,0
draw_1554,2,2,5,0,4,3
draw_1555,2,2,5,0,5,0
draw_1556,2,2,5,0,5,2
draw_1557,2,2,5,0,5,3
draw_1558,2,2,5,3,3,2
draw_1559,2,2,5,3,3,3
draw_1560,2,2,5,3,3,4
draw_1561,2,2,5,3,4,2
draw_1562,2,2,5,3,4,4
draw_1563,2,2,5,3,5,2
draw_1564,2,2,5,3,5,3
draw_1565,2,2,5,3,5,4
draw_1566,2,2,5,4,3,3
draw_1567,2,2,5,4,3,4
draw_1568,2,2,5,4,3,5
draw_1569,2,2,5,4,4,3
draw_1570,2,2,5,4,4,5
draw_1571,2,2,5,4,5,3
draw_1572,2,2,5,4,5,4
draw_1573,2,2,5,4,5,5
draw_1574,2,2,5,5,3,4
draw_1575,2,2,5,5,3,5
draw_1576,2,2,5,5,4,4
draw_1577,2,2,5,5,4,6
draw_1578,2,2,5,5,5,4
draw_1579,2,2,5,5,5,5
draw_1580,2,2,5,5,5,6
draw_1581,2,2,5,6,3,5
draw_1582,2,2,5,6,4,5
draw_1583,2,2,5,6,5,5
draw_1584,2,2,5,6,5,6
draw_1585,2,2,5,6,5,7
draw_1586,2,2,5,7,5,6
draw_1587,2,2,6,1,4,1
draw_1588,2,2,6,1,4,0
draw_1589,2,2,6,1,5,0
draw_1590,2,2,6,2,4,1
draw_1591,2,2,6,2,4,0
draw_1592,2,2,6,2,4,2
draw_1593,2,2,6,2,5,1
draw_1594,2,2,6,2,5,2
draw_1595,2,2,6,0,4,0
draw_1596,2,2,6,0,4,2
draw_1597,2,2,6,0,4,3
draw_1598,2,2,6,0,5,0
draw_1599,2,2,6,0,5,3
draw_1600,2,2,6,3,4,2
draw_1601,2,2,6,3,4,3
draw_1602,2,2,6,3,4,4
draw_1603,2,2,6,3,5,2
draw_1604,2,2,6,3,5,4
draw_1605,2,2,6,4,4,3
draw_1606,2,2,6,4,4,4
draw_1607,2,2,6,4,4,5
draw_1608,2,2,6,4,5,3
draw_1609,2,2,6,4,5,5
draw_1610,2,2,6,5,4,4
draw_1611,2,2,6,5,4,5
draw_1612,2,2,6,5,4,6
draw_1613,2,2,6,5,5,4
draw_1614,2,2,6,5,5,6
draw_1615,2,2,6,6,4,5
draw_1616,2,2,6,6,4,6
draw_1617,2,2,6,6,5,5
draw_1618,2,2,6,6,5,7
draw_1619,2,2,6,7,4,6
draw_1620,2,2,6,7,5,6
draw_1621,3,0,7,1,6,0
draw_1622,3,0,7,1,7,1
draw_1623,3,0,7,1,7,0
draw_1624,3,0,7,2,6,1
draw_1625,3,0,7,2,6,2
draw_1626,3,0,7,2,7,1
draw_1627,3,0,7,2,7,0
draw_1628,3,0,7,2,7,2
draw_1629,3,0,7,0,6,0
draw_1630,3,0,7,0,6,3
draw_1631,3,0,7,0,7,0
draw_1632,3,0,7,0,7,2
draw_1633,3,0,7,0,7,3
draw_1634,3,0,7,3,6,2
draw_1635,3,0,7,3,6,4
draw_1636,3,0,7,3,7,2
draw_1637,3,0,7,3,7,3
draw_1638,3,0,7,3,7,4
draw_1639,3,0,7,4,6,3
draw_1640,3,0,7,4,6,5
draw_1641,3,0,7,4,7,3
draw_1642,3,0,7,4,7,4
draw_1643,3,0,7,4,7,5
draw_1644,3,0,7,5,6,4
draw_1645,3,0,7,5,6,6
draw_1646,3,0,7,5,7,4
draw_1647,3,0,7,5,7,5
draw_1648,3,0,7,5,7,6
draw_1649,3,0,7,6,6,5
draw_1650,3,0,7,6,6,7
draw_1651,3,0,7,6,7,5
draw_1652,3,0,7,6,7,6
draw_1653,3,0,7,6,7,7
draw_1654,3,0,7,7,6,6
draw_1655,3,0,7,7,7,6
draw_1656,3,0,7,7,7,7
draw_1657,3,0,0,1,6,1
draw_1658,3,0,0,1,6,0
draw_1659,3,0,0,1,7,0
draw_1660,3,0,0,2,6,1
draw_1661,3,0,0,2,6,0
draw_1662,3,0,0,2,6,2
draw_1663,3,0,0,2,7,1
draw_1664,3,0,0,2,7,2
draw_1665,3,0,0,2,0,2
draw_1666,3,0,0,0,6,0
draw_1667,3,0,0,0,6,2
draw_1668,3,0,0,0,6,3
draw_1669,3,0,0,0,7,0
draw_1670,3,0,0,0,7,3
draw_1671,3,0,0,0,0,2
draw_1672,3,0,0,0,0,3
draw_1673,3,0,0,3,6,2
draw_1674,3,0,0,3,6,3
draw_1675,3,0,0,3,6,4
draw_1676,3,0,0,3,7,2
draw_1677,3,0,0,3,7,4
draw_1678,3,0,0,3,0,2
draw_1679,3,0,0,3,0,3
draw_1680,3,0,0,3,0,4
draw_1681,3,0,0,4,6,3
draw_1682,3,0,0,4,6,4
draw_1683,3,0,0,4,6,5
draw_1684,3,0,0,4,7,3
draw_1685,3,0,0,4,7,5
draw_1686,3,0,0,4,0,3
draw_1687,3,0,0,4,0,4
draw_1688,3,0,0,4,0,5
draw_1689,3,0,0,5,6,4
draw_1690,3,0,0,5,6,5
draw_1691,3,0,0,5,6,6
draw_1692,3,0,0,5,7,4
draw_1693,3,0,0,5,7,6
draw_1694,3,0,0,5,0,4
draw_1695,3,0,0,5,0,5
draw_1696,3,0,0,5,0,6
draw_1697,3,0,0,6,6,5
draw_1698,3,0,0,6,6,6
draw_1699,3,0,0,6,6,7
draw_1700,3,0,0,6,7,5
draw_1701,3,0,0,6,7,7
draw_1702,3,0,0,6,0,5
draw_1703,3,0,0,6,0,6
draw_1704,3,0,0,6,0,7
draw_1705,3,0,0,7,6,6
draw_1706,3,0,0,7,6,7
draw_1707,3,0,0,7,7,6
draw_1708,3,0,0,7,0,6
draw_1709,3,0,0,7,0,7
draw_1710,3,0,1,0,7,0
draw_1711,3,0,1,0,7,2
draw_1712,3,0,1,0,7,3
draw_1713,3,0,1,0,0,3
draw_1714,3,0,1,0,1,2
draw_1715,3,0,1,0,1,3
draw_1716,3,0,1,3,7,2
draw_1717,3,0,1,3,7,3
draw_1718,3,0,1,3,7,4
draw_1719,3,0,1,3,0,2
draw_1720,3,0,1,3,0,4
draw_1721,3,0,1,3,1,2
draw_1722,3,0,1,3,1,3
draw_1723,3,0,1,3,1,4
draw_1724,3,0,1,4,7,3
draw_1725,3,0,1,4,7,4
draw_1726,3,0,1,4,7,5
draw_1727,3,0,1,4,0,3
draw_1728,3,0,1,4,0,5
draw_1729,3,0,1,4,1,3
draw_1730,3,0,1,4,1,4
draw_1731,3,0,1,4,1,5
draw_1732,3,0,1,5,7,4
draw_1733,3,0,1,5,7,5
draw_1734,3,0,1,5,7,6
draw_1735,3,0,1,5,0,4
draw_1736,3,0,1,5,0,6
draw_1737,3,0,1,5,1,4
draw_1738,3,0,1,5,1,5
draw_1739,3,0,1,5,1,6
draw_1740,3,0,1,6,7,5
draw_1741,3,0,1,6,7,6
draw_1742,3,0,1,6,7,7
draw_1743,3,0,1,6,0,5
draw_1744,3,0,1,6,0,7
draw_1745,3,0,1,6,1,5
draw_1746,3,0,1,6,1,6
draw_1747,3,0,1,6,1,7
draw_1748,3,0,1,7,7,6
draw_1749,3,0,1,7,7,7
draw_1750,3,0,1,7,0,6
draw_1751,3,0,1,7,1,6
draw_1752,3,0,1,7,1,7
draw_1753,3,0,2,0,0,2
draw_1754,3,0,2,0,0,3
draw_1755,3,0,2,0,1,3
draw_1756,3,0,2,0,2,2
draw_1757,3,0,2,0,2,3
draw_1758,3,0,2,3,0,2
draw_1759,3,0,2,3,0,3
draw_1760,3,0,2,3,0,4
draw_1761,3,0,2,3,1,2
draw_1762,3,0,2,3,1,4
draw_1763,3,0,2,3,2,2
draw_1764,3,0,2,3,2,3
draw_1765,3,0,2,3,2,4
draw_1766,3,0,2,4,0,3
draw_1767,3,0,2,4,0,4
draw_1768,3,0,2,4,0,5
draw_1769,3,0,2,4,1,3
draw_1770,3,0,2,4,1,5
draw_1771,3,0,2,4,2,3
draw_1772,3,0,2,4,2,4
draw_1773,3,0,2,4,2,5
draw_1774,3,0,2,5,0,4
draw_1775,3,0,2,5,0,5
draw_1776,3,0,2,5,0,6
draw_1777,3,0,2,5,1,4
draw_1778,3,0,2,5,1,6
draw_1779,3,0,2,5,2,4
draw_1780,3,0,2,5,2,5
draw_1781,3,0,2,5,2,6
draw_1782,3,0,2,6,0,5
draw_1783,3,0,2,6,0,6
draw_1784,3,0,2,6,0,7
draw_1785,3,0,2,6,1,5
draw_1786,3,0,2,6,1,7
draw_1787,3,0,2,6,2,5
draw_1788,3,0,2,6,2,6
draw_1789,3,0,2,6,2,7
draw_1790,3,0,2,7,0,6
draw_1791,3,0,2,7,0,7
draw_1792,3,0,2,7,1,6
draw_1793,3,0,2,7,2,6
draw_1794,3,0,2,7,2,7
draw_1795,3,0,3,0,1,2
draw_1796,3,0,3,0,1,3
draw_1797,3,0,3,0,2,3
draw_1798,3,0,3,0,3,0
draw_1799,3,0,3,0,3,2
draw_1800,3,0,3,0,3,3
draw_1801,3,0,3,3,1,2
draw_1802,3,0,3,3,1,3
draw_1803,3,0,3,3,1,4
draw_1804,3,0,3,3,2,2
draw_1805,3,0,3,3,2,4
draw_1806,3,0,3,3,3,2
draw_1807,3,0,3,3,3,3
draw_1808,3,0,3,3,3,4
draw_1809,3,0,3,4,1,3
draw_1810,3,0,3,4,1,4
draw_1811,3,0,3,4,1,5
draw_1812,3,0,3,4,2,3
draw_1813,3,0,3,4,2,5
draw_1814,3,0,3,4,3,3
draw_1815,3,0,3,4,3,4
draw_1816,3,0,3,4,3,5
draw_1817,3,0,3,5,1,4
draw_1818,3,0,3,5,1,5
draw_1819,3,0,3,5,1,6
draw_1820,3,0,3,5,2,4
draw_1821,3,0,3,5,2,6
draw_1822,3,0,3,5,3,4
draw_1823,3,0,3,5,3,5
draw_1824,3,0,3,5,3,6
draw_1825,3,0,3,6,1,5
draw_1826,3,0,3,6,1,6
draw_1827,3,0,3,6,1,7
draw_1828,3,0,3,6,2,5
draw_1829,3,0,3,6,2,7
draw_1830,3,0,3,6,3,5
draw_1831,3,0,3,6,3,6
draw_1832,3,0,3,6,3,7
draw_1833,3,0,3,7,1,6
draw_1834,3,0,3,7,1,7
draw_1835,3,0,3,7,2,6
draw_1836,3,0,3,7,3,6
draw_1837,3,0,3,7,3,7
draw_1838,3,0,4,1,3,0
draw_1839,3,0,4,1,4,1
draw_1840,3,0,4,1,4,0
draw_1841,3,0,4,2,2,2
draw_1842,3,0,4,2,3,1
draw_1843,3,0,4,2,3,2
draw_1844,3,0,4,2,4,1
draw_1845,3,0,4,2,4,0
draw_1846,3,0,4,2,4,2
draw_1847,3,0,4,0,2,2
draw_1848,3,0,4,0,2,3
draw_1849,3,0,4,0,3,0
draw_1850,3,0,4,0,3,3
draw_1851,3,0,4,0,4,0
draw_1852,3,0,4,0,4,2
draw_1853,3,0,4,0,4,3
draw_1854,3,0,4,3,2,2
draw_1855,3,0,4,3,2,3
draw_1856,3,0,4,3,2,4
draw_1857,3,0,4,3,3,2
draw_1858,3,0,4,3,3,4
draw_1859,3,0,4,3,4,2
draw_1860,3,0,4,3,4,3
draw_1861,3,0,4,3,4,4
draw_1862,3,0,4,4,2,3
draw_1863,3,0,4,4,2,4
draw_1864,3,0,4,4,2,5
draw_1865,3,0,4,4,3,3
draw_1866,3,0,4,4,3,5
draw_1867,3,0,4,4,4,3
draw_1868,3,0,4,4,4,4
draw_1869,3,0,4,4,4,5
draw_1870,3,0,4,5,2,4
draw_1871,3,0,4,5,2,5
draw_1872,3,0,4,5,2,6
draw_1873,3,0,4,5,3,4
draw_1874,3,0,4,5,3,6
draw_1875,3,0,4,5,4,4
draw_1876,3,0,4,5,4,5
draw_1877,3,0,4,5,4,6
draw_1878,3,0,4,6,2,5
draw_1879,3,0,4,6,2,6
draw_1880,3,0,4,6,2,7
draw_1881,3,0,4,6,3,5
draw_1882,3,0,4,6,3,7
draw_1883,3,0,4,6,4,5
draw_1884,3,0,4,6,4,6
draw_1885,3,0,4,6,4,7
draw_1886,3,0,4,7,2,6
draw_1887,3,0,4,7,2,7
draw_1888,3,0,4,7,3,6
draw_1889,3,0,4,7,4,6
draw_1890,3,0,4,7,4,7
draw_1891,3,0,5,1,3,1
draw_1892,3,0,5,1,3,0
draw_1893,3,0,5,1,4,0
draw_1894,3,0,5,1,5,1
draw_1895,3,0,5,1,5,0
draw_1896,3,0,5,2,3,1
draw_1897,3,0,5,2,3,0
draw_1898,3,0,5,2,3,2
draw_1899,3,0,5,2,4,1
draw_1900,3,0,5,2,4,2
draw_1901,3,0,5,2,5,1
draw_1902,3,0,5,2,5,0
draw_1903,3,0,5,2,5,2
draw_1904,3,0,5,0,3,0
draw_1905,3,0,5,0,3,2
draw_1906,3,0,5,0,3,3
draw_1907,3,0,5,0,4,0
draw_1908,3,0,5,0,4,3
draw_1909,3,0,5,0,5,0
draw_1910,3,0,5,0,5,2
draw_1911,3,0,5,0,5,3
draw_1912,3,0,5,3,3,2
draw_1913,3,0,5,3,3,3
draw_1914,3,0,5,3,3,4
draw_1915,3,0,5,3,4,2
draw_1916,3,0,5,3,4,4
draw_1917,3,0,5,3,5,2
draw_1918,3,0,5,3,5,3
draw_1919,3,0,5,3,5,4
draw_1920,3,0,5,4,3,3
draw_1921,3,0,5,4,3,4
draw_1922,3,0,5,4,3,5
draw_1923,3,0,5,4,4,3
draw_1924,3,0,5,4,4,5
draw_1925,3,0,5,4,5,3
draw_1926,3,0,5,4,5,4
draw_1927,3,0,5,4,5,5
draw_1928,3,0,5,5,3,4
draw_1929,3,0,5,5,3,5
draw_1930,3,0,5,5,3,6
draw_1931,3,0,5,5,4,4
draw_1932,3,0,5,5,4,6
draw_1933,3,0,5,5,5,4
draw_1934,3,0,5,5,5,5
draw_1935,3,0,5,5,5,6
draw_1936,3,0,5,6,3,5
draw_1937,3,0,5,6,3,6
draw_1938,3,0,5,6,3,7
draw_1939,3,0,5,6,4,5
draw_1940,3,0,5,6,4,7
draw_1941,3,0,5,6,5,5
draw_1942,3,0,5,6,5,6
draw_1943,3,0,5,6,5,7
draw_1944,3,0,5,7,3,6
draw_1945,3,0,5,7,3,7
draw_1946,3,0,5,7,4,6
draw_1947,3,0,5,7,5,6
draw_1948,3,0,5,7,5,7
draw_1949,3,0,6,1,4,1
draw_1950,3,0,6,1,4,0
draw_1951,3,0,6,1,5,0
draw_1952,3,0,6,2,4,1
draw_1953,3,0,6,2,4,0
draw_1954,3,0,6,2,4,2
draw_1955,3,0,6,2,5,1
draw_1956,3,0,6,2,5,2
draw_1957,3,0,6,0,4,0
draw_1958,3,0,6,0,4,2
draw_1959,3,0,6,0,4,3
draw_1960,3,0,6,0,5,0
draw_1961,3,0,6,0,5,3
draw_1962,3,0,6,3,4,2
draw_1963,3,0,6,3,4,3
draw_1964,3,0,6,3,4,4
draw_1965,3,0,6,3,5,2
draw_1966,3,0,6,3,5,4
draw_1967,3,0,6,4,4,3
draw_1968,3,0,6,4,4,4
draw_1969,3,0,6,4,4,5
draw_1970,3,0,6,4,5,3
draw_1971,3,0,6,4,5,5
draw_1972,3,0,6,5,4,4
draw_1973,3,0,6,5,4,5
draw_1974,3,0,6,5,4,6
draw_1975,3,0,6,5,5,4
draw_1976,3,0,6,5,5,6
draw_1977,3,0,6,6,4,5
draw_1978,3,0,6,6,4,6
draw_1979,3,0,6,6,4,7
draw_1980,3,0,6,6,5,5
draw_1981,3,0,6,6,5,7
draw_1982,3,0,6,7,4,6
draw_1983,3,0,6,7,4,7
draw_1984,3,0,6,7,5,6
draw_1985,3,1,7,1,6,0
draw_1986,3,1,7,1,7,1
draw_1987,3,1,7,1,7,0
draw_1988,3,1,7,2,6,1
draw_1989,3,1,7,2,6,2
draw_1990,3,1,7,2,7,1
draw_1991,3,1,7,2,7,0
draw_1992,3,1,7,2,7,2
draw_1993,3,1,7,0,6,0
draw_1994,3,1,7,0,6,3
draw_1995,3,1,7,0,7,0
draw_1996,3,1,7,0,7,2
draw_1997,3,1,7,0,7,3
draw_1998,3,1,7,3,6,2
draw_1999,3,1,7,3,6,4
draw_2000,3,1,7,3,7,2
draw_2001,3,1,7,3,7,3
draw_2002,3,1,7,3,7,4
draw_2003,3,1,7,4,6,3
draw_2004,3,1,7,4,6,5
draw_2005,3,1,7,4,7,3
draw_2006,3,1,7,4,7,4
draw_2007,3,1,7,4,7,5
draw_2008,3,1,7,5,6,4
draw_2009,3,1,7,5,6,6
draw_2010,3,1,7,5,7,4
draw_2011,3,1,7,5,7,5
draw_2012,3,1,7,5,7,6
draw_2013,3,1,7,6,6,5
draw_2014,3,1,7,6,6,7
draw_2015,3,1,7,6,7,5
draw_2016,3,1,7,6,7,6
draw_2017,3,1,7,6,7,7
draw_2018,3,1,7,7,6,6
draw_2019,3,1,7,7,7,6
draw_2020,3,1,7,7,7,7
draw_2021,3,1,0,1,6,1
draw_2022,3,1,0,1,6,0
draw_2023,3,1,0,1,7,0
draw_2024,3,1,0,2,6,1
draw_2025,3,1,0,2,6,0
draw_2026,3,1,0,2,6,2
draw_2027,3,1,0,2,7,1
draw_2028,3,1,0,2,7,2
draw_2029,3,1,0,0,6,0
draw_2030,3,1,0,0,6,2
draw_2031,3,1,0,0,6,3
draw_2032,3,1,0,0,7,0
draw_2033,3,1,0,0,7,3
draw_2034,3,1,0,0,0,3
draw_2035,3,1,0,3,6,2
draw_2036,3,1,0,3,6,3
draw_2037,3,1,0,3,6,4
draw_2038,3,1,0,3,7,2
draw_2039,3,1,0,3,7,4
draw_2040,3,1,0,3,0,3
draw_2041,3,1,0,3,0,4
draw_2042,3,1,0,4,6,3
draw_2043,3,1,0,4,6,4
draw_2044,3,1,0,4,6,5
draw_2045,3,1,0,4,7,3
draw_2046,3,1,0,4,7,5
draw_2047,3,1,0,4,0,3
draw_2048,3,1,0,4,0,4
draw_2049,3,1,0,4,0,5
draw_2050,3,1,0,5,6,4
draw_2051,3,1,0,5,6,5
draw_2052,3,1,0,5,6,6
draw_2053,3,1,0,5,7,4
draw_2054,3,1,0,5,7,6
draw_2055,3,1,0,5,0,4
draw_2056,3,1,0,5,0,5
draw_2057,3,1,0,5,0,6
draw_2058,3,1,0,6,6,5
draw_2059,3,1,0,6,6,6
draw_2060,3,1,0,6,6,7
draw_2061,3,1,0,6,7,5
draw_2062,3,1,0,6,7,7
draw_2063,3,1,0,6,0,5
draw_2064,3,1,0,6,0,6
draw_2065,3,1,0,6,0,7
draw_2066,3,1,0,7,6,6
draw_2067,3,1,0,7,6,7
draw_2068,3,1,0,7,7,6
draw_2069,3,1,0,7,0,6
draw_2070,3,1,0,7,0,7
draw_2071,3,1,1,3,7,2
draw_2072,3,1,1,3,7,3
draw_2073,3,1,1,3,7,4
draw_2074,3,1,1,3,0,4
draw_2075,3,1,1,3,1,3
draw_2076,3,1,1,3,1,4
draw_2077,3,1,1,4,7,3
draw_2078,3,1,1,4,7,4
draw_2079,3,1,1,4,7,5
draw_2080,3,1,1,4,0,3
draw_2081,3,1,1,4,0,5
draw_2082,3,1,1,4,1,3
draw_2083,3,1,1,4,1,4
draw_2084,3,1,1,4,1,5
draw_2085,3,1,1,5,7,4
draw_2086,3,1,1,5,7,5
draw_2087,3,1,1,5,7,6
draw_2088,3,1,1,5,0,4
draw_2089,3,1,1,5,0,6
draw_2090,3,1,1,5,1,4
draw_2091,3,1,1,5,1,5
draw_2092,3,1,1,5,1,6
draw_2093,3,1,1,6,7,5
draw_2094,3,1,1,6,7,6
draw_2095,3,1,1,6,7,7
draw_2096,3,1,1,6,0,5
draw_2097,3,1,1,6,0,7
draw_2098,3,1,1,6,1,5
draw_2099,3,1,1,6,1,6
draw_2100,3,1,1,6,1,7
draw_2101,3,1,1,7,7,6
draw_2102,3,1,1,7,7,7
draw_2103,3,1,1,7,0,6
draw_2104,3,1,1,7,1,6
draw_2105,3,1,1,7,1,7
draw_2106,3,1,2,3,0,3
draw_2107,3,1,2,3,0,4
draw_2108,3,1,2,3,1,4
draw_2109,3,1,2,3,2,3
draw_2110,3,1,2,3,2,4
draw_2111,3,1,2,4,0,3
draw_2112,3,1,2,4,0,4
draw_2113,3,1,2,4,0,5
draw_2114,3,1,2,4,1,3
draw_2115,3,1,2,4,1,5
draw_2116,3,1,2,4,2,3
draw_2117,3,1,2,4,2,4
draw_2118,3,1,2,4,2,5
draw_2119,3,1,2,5,0,4
draw_2120,3,1,2,5,0,5
draw_2121,3,1,2,5,0,6
draw_2122,3,1,2,5,1,4
draw_2123,3,1,2,5,1,6
draw_2124,3,1,2,5,2,4
draw_2125,3,1,2,5,2,5
draw_2126,3,1,2,5,2,6
draw_2127,3,1,2,6,0,5
draw_2128,3,1,2,6,0,6
draw_2129,3,1,2,6,0,7
draw_2130,3,1,2,6,1,5
draw_2131,3,1,2,6,1,7
draw_2132,3,1,2,6,2,5
draw_2133,3,1,2,6,2,6
draw_2134,3,1,2,6,2,7
draw_2135,3,1,2,7,0,6
draw_2136,3,1,2,7,0,7
draw_2137,3,1,2,7,1,6
draw_2138,3,1,2,7,2,6
draw_2139,3,1,2,7,2,7
draw_2140,3,1,3,3,1,3
draw_2141,3,1,3,3,1,4
draw_2142,3,1,3,3,2,4
draw_2143,3,1,3,3,3,2
draw_2144,3,1,3,3,3,3
draw_2145,3,1,3,3,3,4
draw_2146,3,1,3,4,1,3
draw_2147,3,1,3,4,1,4
draw_2148,3,1,3,4,1,5
draw_2149,3,1,3,4,2,3
draw_2150,3,1,3,4,2,5
draw_2151,3,1,3,4,3,3
draw_2152,3,1,3,4,3,4
draw_2153,3,1,3,4,3,5
draw_2154,3,1,3,5,1,4
draw_2155,3,1,3,5,1,5
draw_2156,3,1,3,5,1,6
draw_2157,3,1,3,5,2,4
draw_2158,3,1,3,5,2,6
draw_2159,3,1,3,5,3,4
draw_2160,3,1,3,5,3,5
draw_2161,3,1,3,5,3,6
draw_2162,3,1,3,6,1,5
draw_2163,3,1,3,6,1,6
draw_2164,3,1,3,6,1,7
draw_2165,3,1,3,6,2,5
draw_2166,3,1,3,6,2,7
draw_2167,3,1,3,6,3,5
draw_2168,3,1,3,6,3,6
draw_2169,3,1,3,6,3,7
draw_2170,3,1,3,7,1,6
draw_2171,3,1,3,7,1,7
draw_2172,3,1,3,7,2,6
draw_2173,3,1,3,7,3,6
draw_2174,3,1,3,7,3,7
draw_2175,3,1,4,1,3,0
draw_2176,3,1,4,1,4,1
draw_2177,3,1,4,1,4,0
draw_2178,3,1,4,2,3,1
draw_2179,3,1,4,2,3,2
draw_2180,3,1,4,2,4,1
draw_2181,3,1,4,2,4,0
draw_2182,3,1,4,2,4,2
draw_2183,3,1,4,0,2,3
draw_2184,3,1,4,0,3,0
draw_2185,3,1,4,0,3,3
draw_2186,3,1,4,0,4,0
draw_2187,3,1,4,0,4,2
draw_2188,3,1,4,0,4,3
draw_2189,3,1,4,3,2,3
draw_2190,3,1,4,3,2,4
draw_2191,3,1,4,3,3,2
draw_2192,3,1,4,3,3,4
draw_2193,3,1,4,3,4,2
draw_2194,3,1,4,3,4,3
draw_2195,3,1,4,3,4,4
draw_2196,3,1,4,4,2,3
draw_2197,3,1,4,4,2,4
draw_2198,3,1,4,4,2,5
draw_2199,3,1,4,4,3,3
draw_2200,3,1,4,4,3,5
draw_2201,3,1,4,4,4,3
draw_2202,3,1,4,4,4,4
draw_2203,3,1,4,4,4,5
draw_2204,3,1,4,5,2,4
draw_2205,3,1,4,5,2,5
draw_2206,3,1,4,5,2,6
draw_2207,3,1,4,5,3,4
draw_2208,3,1,4,5,3,6
draw_2209,3,1,4,5,4,4
draw_2210,3,1,4,5,4,5
draw_2211,3,1,4,5,4,6
draw_2212,3,1,4,6,2,5
draw_2213,3,1,4,6,2,6
draw_2214,3,1,4,6,2,7
draw_2215,3,1,4,6,3,5
draw_2216,3,1,4,6,3,7
draw_2217,3,1,4,6,4,5
draw_2218,3,1,4,6,4,6
draw_2219,3,1,4,6,4,7
draw_2220,3,1,4,7,2,6
draw_2221,3,1,4,7,2,7
draw_2222,3,1,4,7,3,6
draw_2223,3,1,4,7,4,6
draw_2224,3,1,4,7,4,7
draw_2225,3,1,5,1,3,1
draw_2226,3,1,5,1,3,0
draw_2227,3,1,5,1,4,0
draw_2228,3,1,5,1,5,1
draw_2229,3,1,5,1,5,0
draw_2230,3,1,5,2,3,1
draw_2231,3,1,5,2,3,0
draw_2232,3,1,5,2,3,2
draw_2233,3,1,5,2,4,1
draw_2234,3,1,5,2,4,2
draw_2235,3,1,5,2,5,1
draw_2236,3,1,5,2,5,0
draw_2237,3,1,5,2,5,2
draw_2238,3,1,5,0,3,0
draw_2239,3,1,5,0,3,2
draw_2240,3,1,5,0,3,3
draw_2241,3,1,5,0,4,0
draw_2242,3,1,5,0,4,3
draw_2243,3,1,5,0,5,0
draw_2244,3,1,5,0,5,2
draw_2245,3,1,5,0,5,3
draw_2246,3,1,5,3,3,2
draw_2247,3,1,5,3,3,3
draw_2248,3,1,5,3,3,4
draw_2249,3,1,5,3,4,2
draw_2250,3,1,5,3,4,4
draw_2251,3,1,5,3,5,2
draw_2252,3,1,5,3,5,3
draw_2253,3,1,5,3,5,4
draw_2254,3,1,5,4,3,3
draw_2255,3,1,5,4,3,4
draw_2256,3,1,5,4,3,5
draw_2257,3,1,5,4,4,3
draw_2258,3,1,5,4,4,5
draw_2259,3,1,5,4,5,3
draw_2260,3,1,5,4,5,4
draw_2261,3,1,5,4,5,5
draw_2262,3,1,5,5,3,4
draw_2263,3,1,5,5,3,5
draw_2264,3,1,5,5,3,6
draw_2265,3,1,5,5,4,4
draw_2266,3,1,5,5,4,6
draw_2267,3,1,5,5,5,4
draw_2268,3,1,5,5,5,5
draw_2269,3,1,5,5,5,6
draw_2270,3,1,5,6,3,5
draw_2271,3,1,5,6,3,6
draw_2272,3,1,5,6,3,7
draw_2273,3,1,5,6,4,5
draw_2274,3,1,5,6,4,7
draw_2275,3,1,5,6,5,5
draw_2276,3,1,5,6,5,6
draw_2277,3,1,5,6,5,7
draw_2278,3,1,5,7,3,6
draw_2279,3,1,5,7,3,7
draw_2280,3,1,5,7,4,6
draw_2281,3,1,5,7,5,6
draw_2282,3,1,5,7,5,7
draw_2283,3,1,6,1,4,1
draw_2284,3,1,6,1,4,0
draw_2285,3,1,6,1,5,0
draw_2286,3,1,6,2,4,1
draw_2287,3,1,6,2,4,0
draw_2288,3,1,6,2,4,2
draw_2289,3,1,6,2,5,1
draw_2290,3,1,6,2,5,2
draw_2291,3,1,6,0,4,0
draw_2292,3,1,6,0,4,2
draw_2293,3,1,6,0,4,3
draw_2294,3,1,6,0,5,0
draw_2295,3,1,6,0,5,3
draw_2296,3,1,6,3,4,2
draw_2297,3,1,6,3,4,3
draw_2298,3,1,6,3,4,4
draw_2299,3,1,6,3,5,2
draw_2300,3,1,6,3,5,4
draw_2301,3,1,6,4,4,3
draw_2302,3,1,6,4,4,4
draw_2303,3,1,6,4,4,5
draw_2304,3,1,6,4,5,3
draw_2305,3,1,6,4,5,5
draw_2306,3,1,6,5,4,4
draw_2307,3,1,6,5,4,5
draw_2308,3,1,6,5,4,6
draw_2309,3,1,6,5,5,4
draw_2310,3,1,6,5,5,6
draw_2311,3,1,6,6,4,5
draw_2312,3,1,6,6,4,6
draw_2313,3,1,6,6,4,7
draw_2314,3,1,6,6,5,5
draw_2315,3,1,6,6,5,7
draw_2316,3,1,6,7,4,6
draw_2317,3,1,6,7,4,7
draw_2318,3,1,6,7,5,6
draw_2319,3,2,7,1,6,0
draw_2320,3,2,7,1,7,1
draw_2321,3,2,7,1,7,0
draw_2322,3,2,7,2,6,1
draw_2323,3,2,7,2,6,2
draw_2324,3,2,7,2,7,1
draw_2325,3,2,7,2,7,0
draw_2326,3,2,7,2,7,2
draw_2327,3,2,7,0,6,0
draw_2328,3,2,7,0,6,3
draw_2329,3,2,7,0,7,0
draw_2330,3,2,7,0,7,2
draw_2331,3,2,7,0,7,3
draw_2332,3,2,7,3,6,2
draw_2333,3,2,7,3,6,4
draw_2334,3,2,7,3,7,2
draw_2335,3,2,7,3,7,3
draw_2336,3,2,7,3,7,4
draw_2337,3,2,7,4,6,3
draw_2338,3,2,7,4,6,5
draw_2339,3,2,7,4,7,3
draw_2340,3,2,7,4,7,4
draw_2341,3,2,7,4,7,5
draw_2342,3,2,7,5,6,4
draw_2343,3,2,7,5,6,6
draw_2344,3,2,7,5,7,4
draw_2345,3,2,7,5,7,5
draw_2346,3,2,7,5,7,6
draw_2347,3,2,7,6,6,5
draw_2348,3,2,7,6,6,7
draw_2349,3,2,7,6,7,5
draw_2350,3,2,7,6,7,6
draw_2351,3,2,7,6,7,7
draw_2352,3,2,7,7,6,6
draw_2353,3,2,7,7,7,6
draw_2354,3,2,7,7,7,7
draw_2355,3,2,0,1,6,1
draw_2356,3,2,0,1,6,0
draw_2357,3,2,0,1,7,0
draw_2358,3,2,0,1,0,1
draw_2359,3,2,0,2,6,1
draw_2360,3,2,0,2,6,0
draw_2361,3,2,0,2,6,2
draw_2362,3,2,0,2,7,1
draw_2363,3,2,0,2,7,2
draw_2364,3,2,0,2,0,1
draw_2365,3,2,0,0,6,0
draw_2366,3,2,0,0,6,2
draw_2367,3,2,0,0,6,3
draw_2368,3,2,0,0,7,0
draw_2369,3,2,0,0,7,3
draw_2370,3,2,0,3,6,2
draw_2371,3,2,0,3,6,3
draw_2372,3,2,0,3,6,4
draw_2373,3,2,0,3,7,2
draw_2374,3,2,0,3,7,4
draw_2375,3,2,0,3,0,4
draw_2376,3,2,0,4,6,3
draw_2377,3,2,0,4,6,4
draw_2378,3,2,0,4,6,5
draw_2379,3,2,0,4,7,3
draw_2380,3,2,0,4,7,5
draw_2381,3,2,0,4,0,4
draw_2382,3,2,0,4,0,5
draw_2383,3,2,0,5,6,4
draw_2384,3,2,0,5,6,5
draw_2385,3,2,0,5,6,6
draw_2386,3,2,0,5,7,4
draw_2387,3,2,0,5,7,6
draw_2388,3,2,0,5,0,4
draw_2389,3,2,0,5,0,5
draw_2390,3,2,0,5,0,6
draw_2391,3,2,0,6,6,5
draw_2392,3,2,0,6,6,6
draw_2393,3,2,0,6,6,7
draw_2394,3,2,0,6,7,5
draw_2395,3,2,0,6,7,7
draw_2396,3,2,0,6,0,5
draw_2397,3,2,0,6,0,6
draw_2398,3,2,0,6,0,7
draw_2399,3,2,0,7,6,6
draw_2400,3,2,0,7,6,7
draw_2401,3,2,0,7,7,6
draw_2402,3,2,0,7,0,6
draw_2403,3,2,0,7,0,7
draw_2404,3,2,1,1,7,1
draw_2405,3,2,1,1,7,0
draw_2406,3,2,1,1,1,1
draw_2407,3,2,1,4,7,3
draw_2408,3,2,1,4,7,4
draw_2409,3,2,1,4,7,5
draw_2410,3,2,1,4,0,5
draw_2411,3,2,1,4,1,4
draw_2412,3,2,1,4,1,5
draw_2413,3,2,1,5,7,4
draw_2414,3,2,1,5,7,5
draw_2415,3,2,1,5,7,6
draw_2416,3,2,1,5,0,4
draw_2417,3,2,1,5,0,6
draw_2418,3,2,1,5,1,4
draw_2419,3,2,1,5,1,5
draw_2420,3,2,1,5,1,6
draw_2421,3,2,1,6,7,5
draw_2422,3,2,1,6,7,6
draw_2423,3,2,1,6,7,7
draw_2424,3,2,1,6,0,5
draw_2425,3,2,1,6,0,7
draw_2426,3,2,1,6,1,5
draw_2427,3,2,1,6,1,6
draw_2428,3,2,1,6,1,7
draw_2429,3,2,1,7,7,6
draw_2430,3,2,1,7,7,7
draw_2431,3,2,1,7,0,6
draw_2432,3,2,1,7,1,6
draw_2433,3,2,1,7,1,7
draw_2434,3,2,2,1,0,1
draw_2435,3,2,2,1,2,1
draw_2436,3,2,2,4,0,4
draw_2437,3,2,2,4,0,5
draw_2438,3,2,2,4,1,5
draw_2439,3,2,2,4,2,4
draw_2440,3,2,2,4,2,5
draw_2441,3,2,2,5,0,4
draw_2442,3,2,2,5,0,5
draw_2443,3,2,2,5,0,6
draw_2444,3,2,2,5,1,4
draw_2445,3,2,2,5,1,6
draw_2446,3,2,2,5,2,4
draw_2447,3,2,2,5,2,5
draw_2448,3,2,2,5,2,6
draw_2449,3,2,2,6,0,5
draw_2450,3,2,2,6,0,6
draw_2451,3,2,2,6,0,7
draw_2452,3,2,2,6,1,5
draw_2453,3,2,2,6,1,7
draw_2454,3,2,2,6,2,5
draw_2455,3,2,2,6,2,6
draw_2456,3,2,2,6,2,7
draw_2457,3,2,2,7,0,6
draw_2458,3,2,2,7,0,7
draw_2459,3,2,2,7,1,6
draw_2460,3,2,2,7,2,6
draw_2461,3,2,2,7,2,7
draw_2462,3,2,3,1,1,1
draw_2463,3,2,3,1,3,1
draw_2464,3,2,3,1,3,0
draw_2465,3,2,3,4,1,4
draw_2466,3,2,3,4,1,5
draw_2467,3,2,3,4,2,5
draw_2468,3,2,3,4,3,3
draw_2469,3,2,3,4,3,4
draw_2470,3,2,3,4,3,5
draw_2471,3,2,3,5,1,4
draw_2472,3,2,3,5,1,5
draw_2473,3,2,3,5,1,6
draw_2474,3,2,3,5,2,4
draw_2475,3,2,3,5,2,6
draw_2476,3,2,3,5,3,4
draw_2477,3,2,3,5,3,5
draw_2478,3,2,3,5,3,6
draw_2479,3,2,3,6,1,5
draw_2480,3,2,3,6,1,6
draw_2481,3,2,3,6,1,7
draw_2482,3,2,3,6,2,5
draw_2483,3,2,3,6,2,7
draw_2484,3,2,3,6,3,5
draw_2485,3,2,3,6,3,6
draw_2486,3,2,3,6,3,7
draw_2487,3,2,3,7,1,6
draw_2488,3,2,3,7,1,7
draw_2489,3,2,3,7,2,6
draw_2490,3,2,3,7,3,6
draw_2491,3,2,3,7,3,7
draw_2492,3,2,4,1,2,1
draw_2493,3,2,4,1,3,0
draw_2494,3,2,4,1,4,1
draw_2495,3,2,4,1,4,0
draw_2496,3,2,4,2,2,1
draw_2497,3,2,4,2,3,1
draw_2498,3,2,4,2,3,2
draw_2499,3,2,4,2,4,1
draw_2500,3,2,4,2,4,0
draw_2501,3,2,4,2,4,2
draw_2502,3,2,4,0,3,0
draw_2503,3,2,4,0,3,3
draw_2504,3,2,4,0,4,0
draw_2505,3,2,4,0,4,2
draw_2506,3,2,4,0,4,3
draw_2507,3,2,4,3,2,4
draw_2508,3,2,4,3,3,2
draw_2509,3,2,4,3,3,4
draw_2510,3,2,4,3,4,2
draw_2511,3,2,4,3,4,3
draw_2512,3,2,4,3,4,4
draw_2513,3,2,4,4,2,4
draw_2514,3,2,4,4,2,5
draw_2515,3,2,4,4,3,3
draw_2516,3,2,4,4,3,5
draw_2517,3,2,4,4,4,3
draw_2518,3,2,4,4,4,4
draw_2519,3,2,4,4,4,5
draw_2520,3,2,4,5,2,4
draw_2521,3,2,4,5,2,5
draw_2522,3,2,4,5,2,6
draw_2523,3,2,4,5,3,4
draw_2524,3,2,4,5,3,6
draw_2525,3,2,4,5,4,4
draw_2526,3,2,4,5,4,5
draw_2527,3,2,4,5,4,6
draw_2528,3,2,4,6,2,5
draw_2529,3,2,4,6,2,6
draw_2530,3,2,4,6,2,7
draw_2531,3,2,4,6,3,5
draw_2532,3,2,4,6,3,7
draw_2533,3,2,4,6,4,5
draw_2534,3,2,4,6,4,6
draw_2535,3,2,4,6,4,7
draw_2536,3,2,4,7,2,6
draw_2537,3,2,4,7,2,7
draw_2538,3,2,4,7,3,6
draw_2539,3,2,4,7,4,6
draw_2540,3,2,4,7,4,7
draw_2541,3,2,5,1,3,1
draw_2542,3,2,5,1,3,0
draw_2543,3,2,5,1,4,0
draw_2544,3,2,5,1,5,1
draw_2545,3,2,5,1,5,0
draw_2546,3,2,5,2,3,1
draw_2547,3,2,5,2,3,0
draw_2548,3,2,5,2,3,2
draw_2549,3,2,5,2,4,1
draw_2550,3,2,5,2,4,2
draw_2551,3,2,5,2,5,1
draw_2552,3,2,5,2,5,0
draw_2553,3,2,5,2,5,2
draw_2554,3,2,5,0,3,0
draw_2555,3,2,5,0,3,2
draw_2556,3,2,5,0,3,3
draw_2557,3,2,5,0,4,0
draw_2558,3,2,5,0,4,3
draw_2559,3,2,5,0,5,0
draw_2560,3,2,5,0,5,2
draw_2561,3,2,5,0,5,3
draw_2562,3,2,5,3,3,2
draw_2563,3,2,5,3,3,3
draw_2564,3,2,5,3,3,4
draw_2565,3,2,5,3,4,2
draw_2566,3,2,5,3,4,4
draw_2567,3,2,5,3,5,2
draw_2568,3,2,5,3,5,3
draw_2569,3,2,5,3,5,4
draw_2570,3,2,5,4,3,3
draw_2571,3,2,5,4,3,4
draw_2572,3,2,5,4,3,5
draw_2573,3,2,5,4,4,3
draw_2574,3,2,5,4,4,5
draw_2575,3,2,5,4,5,3
draw_2576,3,2,5,4,5,4
draw_2577,3,2,5,4,5,5
draw_2578,3,2,5,5,3,4
draw_2579,3,2,5,5,3,5
draw_2580,3,2,5,5,3,6
draw_2581,3,2,5,5,4,4
draw_2582,3,2,5,5,4,6
draw_2583,3,2,5,5,5,4
draw_2584,3,2,5,5,5,5
draw_2585,3,2,5,5,5,6
draw_2586,3,2,5,6,3,5
draw_2587,3,2,5,6,3,6
draw_2588,3,2,5,6,3,7
draw_2589,3,2,5,6,4,5
draw_2590,3,2,5,6,4,7
draw_2591,3,2,5,6,5,5
draw_2592,3,2,5,6,5,6
draw_2593,3,2,5,6,5,7
draw_2594,3,2,5,7,3,6
draw_2595,3,2,5,7,3,7
draw_2596,3,2,5,7,4,6
draw_2597,3,2,5,7,5,6
draw_2598,3,2,5,7,5,7
draw_2599,3,2,6,1,4,1
draw_2600,3,2,6,1,4,0
draw_2601,3,2,6,1,5,0
draw_2602,3,2,6,2,4,1
draw_2603,3,2,6,2,4,0
draw_2604,3,2,6,2,4,2
draw_2605,3,2,6,2,5,1
draw_2606,3,2,6,2,5,2
draw_2607,3,2,6,0,4,0
draw_2608,3,2,6,0,4,2
draw_2609,3,2,6,0,4,3
draw_2610,3,2,6,0,5,0
draw_2611,3,2,6,0,5,3
draw_2612,3,2,6,3,4,2
draw_2613,3,2,6,3,4,3
draw_2614,3,2,6,3,4,4
draw_2615,3,2,6,3,5,2
draw_2616,3,2,6,3,5,4
draw_2617,3,2,6,4,4,3
draw_2618,3,2,6,4,4,4
draw_2619,3,2,6,4,4,5
draw_2620,3,2,6,4,5,3
draw_2621,3,2,6,4,5,5
draw_2622,3,2,6,5,4,4
draw_2623,3,2,6,5,4,5
draw_2624,3,2,6,5,4,6
draw_2625,3,2,6,5,5,4
draw_2626,3,2,6,5,5,6
draw_2627,3,2,6,6,4,5
draw_2628,3,2,6,6,4,6
draw_2629,3,2,6,6,4,7
draw_2630,3,2,6,6,5,5
draw_2631,3,2,6,6,5,7
draw_2632,3,2,6,7,4,6
draw_2633,3,2,6,7,4,7
draw_2634,3,2,6,7,5,6
draw_2635,3,3,7,1,7,1
draw_2636,3,3,7,1,7,0
draw_2637,3,3,7,2,7,1
draw_2638,3,3,0,1,6,1
draw_2639,3,3,0,1,7,0
draw_2640,3,3,0,1,0,1
draw_2641,3,3,0,1,0,0
draw_2642,3,3,0,2,6,1
draw_2643,3,3,0,2,7,1
draw_2644,3,3,0,2,0,1
draw_2645,3,3,0,2,0,0
draw_2646,3,3,0,0,0,0
draw_2647,3,3,1,1,7,1
draw_2648,3,3,1,1,7,0
draw_2649,3,3,1,1,0,0
draw_2650,3,3,1,1,1,1
draw_2651,3,3,1,1,1,0
draw_2652,3,3,1,2,7,1
draw_2653,3,3,1,2,7,0
draw_2654,3,3,1,2,0,1
draw_2655,3,3,1,2,1,1
draw_2656,3,3,1,2,1,0
draw_2657,3,3,2,1,0,1
draw_2658,3,3,2,1,0,0
draw_2659,3,3,2,1,1,0
draw_2660,3,3,2,1,2,1
draw_2661,3,3,2,1,2,0
draw_2662,3,3,2,2,0,1
draw_2663,3,3,2,2,0,0
draw_2664,3,3,2,2,1,1
draw_2665,3,3,2,2,2,1
draw_2666,3,3,2,2,2,0
draw_2667,3,3,3,1,1,1
draw_2668,3,3,3,1,1,0
draw_2669,3,3,3,1,2,0
draw_2670,3,3,3,1,3,1
draw_2671,3,3,3,1,3,0
draw_2672,3,3,3,2,1,1
draw_2673,3,3,3,2,1,0
draw_2674,3,3,3,2,2,1
draw_2675,3,3,3,2,3,1
draw_2676,3,3,3,2,3,0
draw_2677,3,3,3,2,3,2
draw_2678,3,3,3,5,3,4
draw_2679,3,3,4,1,2,1
draw_2680,3,3,4,1,2,0
draw_2681,3,3,4,1,3,0
draw_2682,3,3,4,1,4,1
draw_2683,3,3,4,1,4,0
draw_2684,3,3,4,2,2,1
draw_2685,3,3,4,2,2,0
draw_2686,3,3,4,2,3,1
draw_2687,3,3,4,2,3,2
draw_2688,3,3,4,2,4,1
draw_2689,3,3,4,2,4,0
draw_2690,3,3,4,2,4,2
draw_2691,3,3,4,0,2,0
draw_2692,3,3,4,0,3,0
draw_2693,3,3,4,0,3,3
draw_2694,3,3,4,0,4,0
draw_2695,3,3,4,0,4,2
draw_2696,3,3,4,0,4,3
draw_2697,3,3,4,3,3,2
draw_2698,3,3,4,3,3,4
draw_2699,3,3,4,3,4,2
draw_2700,3,3,4,3,4,3
draw_2701,3,3,4,3,4,4
draw_2702,3,3,4,4,3,3
draw_2703,3,3,4,4,3,5
draw_2704,3,3,4,4,4,3
draw_2705,3,3,4,4,4,4
draw_2706,3,3,4,4,4,5
draw_2707,3,3,4,5,3,4
draw_2708,3,3,4,5,4,4
draw_2709,3,3,4,5,4,5
draw_2710,3,3,4,5,4,6
draw_2711,3,3,4,6,4,5
draw_2712,3,3,5,1,3,1
draw_2713,3,3,5,1,3,0
draw_2714,3,3,5,1,4,0
draw_2715,3,3,5,1,5,1
draw_2716,3,3,5,1,5,0
draw_2717,3,3,5,2,3,1
draw_2718,3,3,5,2,3,0
draw_2719,3,3,5,2,3,2
draw_2720,3,3,5,2,4,1
draw_2721,3,3,5,2,4,2
draw_2722,3,3,5,2,5,1
draw_2723,3,3,5,2,5,0
draw_2724,3,3,5,2,5,2
draw_2725,3,3,5,0,3,0
draw_2726,3,3,5,0,3,2
draw_2727,3,3,5,0,3,3
draw_2728,3,3,5,0,4,0
draw_2729,3,3,5,0,4,3
draw_2730,3,3,5,0,5,0
draw_2731,3,3,5,0,5,2
draw_2732,3,3,5,0,5,3
draw_2733,3,3,5,3,3,2
draw_2734,3,3,5,3,3,3
draw_2735,3,3,5,3,3,4
draw_2736,3,3,5,3,4,2
draw_2737,3,3,5,3,4,4
draw_2738,3,3,5,3,5,2
draw_2739,3,3,5,3,5,3
draw_2740,3,3,5,3,5,4
draw_2741,3,3,5,4,3,3
draw_2742,3,3,5,4,3,4
draw_2743,3,3,5,4,3,5
draw_2744,3,3,5,4,4,3
draw_2745,3,3,5,4,4,5
draw_2746,3,3,5,4,5,3
draw_2747,3,3,5,4,5,4
draw_2748,3,3,5,4,5,5
draw_2749,3,3,5,5,3,4
draw_2750,3,3,5,5,3,5
draw_2751,3,3,5,5,4,4
draw_2752,3,3,5,5,4,6
draw_2753,3,3,5,5,5,4
draw_2754,3,3,5,5,5,5
draw_2755,3,3,5,5,5,6
draw_2756,3,3,5,6,3,5
draw_2757,3,3,5,6,4,5
draw_2758,3,3,5,6,5,5
draw_2759,3,3,5,6,5,6
draw_2760,3,3,5,6,5,7
draw_2761,3,3,5,7,5,6
draw_2762,3,3,6,1,4,1
draw_2763,3,3,6,1,4,0
draw_2764,3,3,6,1,5,0
draw_2765,3,3,6,2,4,1
draw_2766,3,3,6,2,4,0
draw_2767,3,3,6,2,4,2
draw_2768,3,3,6,2,5,1
draw_2769,3,3,6,2,5,2
draw_2770,3,3,6,0,4,0
draw_2771,3,3,6,0,4,2
draw_2772,3,3,6,0,4,3
draw_2773,3,3,6,0,5,0
draw_2774,3,3,6,0,5,3
draw_2775,3,3,6,3,4,2
draw_2776,3,3,6,3,4,3
draw_2777,3,3,6,3,4,4
draw_2778,3,3,6,3,5,2
draw_2779,3,3,6,3,5,4
draw_2780,3,3,6,4,4,3
draw_2781,3,3,6,4,4,4
draw_2782,3,3,6,4,4,5
draw_2783,3,3,6,4,5,3
draw_2784,3,3,6,4,5,5
draw_2785,3,3,6,5,4,4
draw_2786,3,3,6,5,4,5
draw_2787,3,3,6,5,4,6
draw_2788,3,3,6,5,5,4
draw_2789,3,3,6,5,5,6
draw_2790,3,3,6,6,4,5
draw_2791,3,3,6,6,4,6
draw_2792,3,3,6,6,5,5
draw_2793,3,3,6,6,5,7
draw_2794,3,3,6,7,4,6
draw_2795,3,3,6,7,5,6
zero_2796,2,0,7,0,6,1
zero_2797,2,0,7,3,6,1
zero_2798,2,0,7,4,6,1
zero_2799,2,0,7,5,6,1
zero_2800,2,0,7,6,6,1
zero_2801,2,0,7,7,6,1
zero_2802,2,1,7,0,6,1
zero_2803,2,1,7,3,6,1
zero_2804,2,1,7,3,6,0
zero_2805,2,1,7,4,6,1
zero_2806,2,1,7,4,6,0
zero_2807,2,1,7,5,6,1
zero_2808,2,1,7,5,6,0
zero_2809,2,1,7,6,6,1
zero_2810,2,1,7,6,6,0
zero_2811,2,1,7,7,6,1
zero_2812,2,1,7,7,6,0
zero_2813,2,2,7,1,0,1
zero_2814,2,2,3,1,0,1
zero_2815,2,2,4,1,0,1
zero_2816,2,2,5,1,0,1
zero_2817,2,2,6,1,0,1
zero_2818,3,2,7,1,1,1
zero_2819,3,2,0,1,1,1
zero_2820,3,2,4,1,1,1
zero_2821,3,2,5,1,1,1
zero_2822,3,2,6,1,1,1
one_2823,2,0,1,0,6,0
one_2824,2,0,2,0,6,0
one_2825,2,0,3,0,6,0
one_2826,2,0,4,0,6,0
one_2827,2,0,5,0,6,0
one_2828,2,0,6,0,6,0
one_2829,2,1,0,0,6,0
one_2830,2,1,0,3,6,1
one_2831,2,1,0,4,6,1
one_2832,2,1,0,5,6,1
one_2833,2,1,0,6,6,1
one_2834,2,1,0,7,6,1
one_2835,2,1,1,0,6,0
one_2836,2,1,1,3,6,1
one_2837,2,1,1,3,6,2
one_2838,2,1,1,4,6,1
one_2839,2,1,1,5,6,1
one_2840,2,1,1,6,6,1
one_2841,2,1,1,7,6,1
one_2842,2,1,2,0,6,0
one_2843,2,1,2,3,6,1
one_2844,2,1,2,3,6,2
one_2845,2,1,2,4,6,1
one_2846,2,1,2,5,6,1
one_2847,2,1,2,6,6,1
one_2848,2,1,2,7,6,1
one_2849,2,1,3,0,6,0
one_2850,2,1,3,3,6,1
one_2851,2,1,3,3,6,2
one_2852,2,1,3,4,6,1
one_2853,2,1,3,5,6,1
one_2854,2,1,3,6,6,1
one_2855,2,1,3,7,6,1
one_2856,2,1,4,0,6,0
one_2857,2,1,4,3,6,1
one_2858,2,1,4,3,6,2
one_2859,2,1,4,4,6,1
one_2860,2,1,4,5,6,1
one_2861,2,1,4,6,6,1
one_2862,2,1,4,7,6,1
one_2863,2,1,5,0,6,0
one_2864,2,1,5,3,6,1
one_2865,2,1,5,3,6,2
one_2866,2,1,5,4,6,1
one_2867,2,1,5,5,6,1
one_2868,2,1,5,6,6,1
one_2869,2,1,5,7,6,1
one_2870,2,1,6,0,6,0
one_2871,2,1,6,3,6,1
one_2872,2,1,6,3,6,2
one_2873,2,1,6,4,6,1
one_2874,2,1,6,5,6,1
one_2875,2,1,6,6,6,1
one_2876,2,1,6,7,6,1
one_2877,2,2,7,0,7,1
one_2878,2,2,7,3,7,1
one_2879,2,2,7,4,7,1
one_2880,2,2,7,5,7,1
one_2881,2,2,7,6,7,1
one_2882,2,2,7,7,7,1
one_2883,2,2,3,0,1,1
one_2884,2,2,3,3,1,1
one_2885,2,2,3,4,1,1
one_2886,2,2,3,5,1,1
one_2887,2,2,3,6,1,1
one_2888,2,2,3,7,1,1
one_2889,3,2,0,0,0,1
one_2890,3,2,0,3,0,1
one_2891,3,2,0,4,0,1
one_2892,3,2,0,5,0,1
one_2893,3,2,0,6,0,1
one_2894,3,2,0,7,0,1
one_2895,3,2,4,0,2,1
one_2896,3,2,4,3,2,1
one_2897,3,2,4,4,2,1
one_2898,3,2,4,5,2,1
one_2899,3,2,4,6,2,1
one_2900,3,2,4,7,2,1
two_2901,2,0,0,0,6,1
two_2902,2,0,1,0,6,1
two_2903,2,0,1,3,6,1
two_2904,2,0,1,4,6,1
two_2905,2,0,1,5,6,1
two_2906,2,0,1,6,6,1
two_2907,2,0,1,7,6,1
two_2908,2,0,2,1,6,1
two_2909,2,0,2,0,6,1
two_2910,2,0,2,3,6,1
two_2911,2,0,2,4,6,1
two_2912,2,0,2,5,6,1
two_2913,2,0,2,6,6,1
two_2914,2,0,2,7,6,1
two_2915,2,0,3,1,6,1
two_2916,2,0,3,0,6,1
two_2917,2,0,3,3,6,1
two_2918,2,0,3,4,6,1
two_2919,2,0,3,5,6,1
two_2920,2,0,3,6,6,1
two_2921,2,0,3,7,6,1
two_2922,2,0,4,1,6,1
two_2923,2,0,4,0,6,1
two_2924,2,0,4,3,6,1
two_2925,2,0,4,4,6,1
two_2926,2,0,4,5,6,1
two_2927,2,0,4,6,6,1
two_2928,2,0,4,7,6,1
two_2929,2,0,5,1,6,1
two_2930,2,0,5,0,6,1
two_2931,2,0,5,3,6,1
two_2932,2,0,5,4,6,1
two_2933,2,0,5,5,6,1
two_2934,2,0,5,6,6,1
two_2935,2,0,5,7,6,1
two_2936,2,0,6,1,6,1
two_2937,2,0,6,0,6,1
two_2938,2,0,6,3,6,1
two_2939,2,0,6,4,6,1
two_2940,2,0,6,5,6,1
two_2941,2,0,6,6,6,1
two_2942,2,0,6,7,6,1
two_2943,2,1,0,1,6,1
two_2944,2,1,0,0,6,1
two_2945,2,1,0,3,6,0
two_2946,2,1,1,1,6,1
two_2947,2,1,1,0,6,1
two_2948,2,1,1,3,6,0
two_2949,2,1,1,4,6,0
two_2950,2,1,1,5,6,0
two_2951,2,1,1,6,6,0
two_2952,2,1,1,7,6,0
two_2953,2,1,2,1,6,1
two_2954,2,1,2,1,6,0
two_2955,2,1,2,2,6,1
two_2956,2,1,2,2,6,0
two_2957,2,1,2,0,6,1
two_2958,2,1,2,3,6,0
two_2959,2,1,2,4,6,0
two_2960,2,1,2,5,6,0
two_2961,2,1,2,6,6,0
two_2962,2,1,2,7,6,0
two_2963,2,1,3,1,6,1
two_2964,2,1,3,1,6,0
two_2965,2,1,3,2,6,1
two_2966,2,1,3,2,6,0
two_2967,2,1,3,0,6,1
two_2968,2,1,3,3,6,0
two_2969,2,1,3,4,6,0
two_2970,2,1,3,5,6,0
two_2971,2,1,3,6,6,0
two_2972,2,1,3,7,6,0
two_2973,2,1,4,1,6,1
two_2974,2,1,4,1,6,0
two_2975,2,1,4,2,6,1
two_2976,2,1,4,2,6,0
two_2977,2,1,4,0,6,1
two_2978,2,1,4,3,6,0
two_2979,2,1,4,4,6,0
two_2980,2,1,4,5,6,0
two_2981,2,1,4,6,6,0
two_2982,2,1,4,7,6,0
two_2983,2,1,5,1,6,1
two_2984,2,1,5,1,6,0
two_2985,2,1,5,2,6,1
two_2986,2,1,5,2,6,0
two_2987,2,1,5,0,6,1
two_2988,2,1,5,3,6,0
two_2989,2,1,5,4,6,0
two_2990,2,1,5,5,6,0
two_2991,2,1,5,6,6,0
two_2992,2,1,5,7,6,0
two_2993,2,1,6,1,6,1
two_2994,2,1,6,1,6,0
two_2995,2,1,6,2,6,1
two_2996,2,1,6,2,6,0
two_2997,2,1,6,0,6,1
two_2998,2,1,6,3,6,0
two_2999,2,1,6,4,6,0
two_3000,2,1,6,5,6,0
two_3001,2,1,6,6,6,0
two_3002,2,1,6,7,6,0
two_3003,2,2,7,3,0,1
two_3004,2,2,7,4,0,1
two_3005,2,2,7,5,0,1
two_3006,2,2,7,6,0,1
two_3007,2,2,7,7,0,1
two_3008,2,2,0,3,0,1
two_3009,2,2,0,4,0,1
two_3010,2,2,0,5,0,1
two_3011,2,2,0,6,0,1
two_3012,2,2,0,7,0,1
two_3013,2,2,1,1,6,1
two_3014,2,2,1,2,6,1
two_3015,2,2,1,3,0,1
two_3016,2,2,1,4,0,1
two_3017,2,2,1,5,0,1
two_3018,2,2,1,6,0,1
two_3019,2,2,1,7,0,1
two_3020,2,2,2,1,6,1
two_3021,2,2,2,1,7,1
two_3022,2,2,2,0,7,1
two_3023,2,2,2,3,6,1
two_3024,2,2,2,3,7,1
two_3025,2,2,2,3,0,1
two_3026,2,2,2,4,7,1
two_3027,2,2,2,4,0,1
two_3028,2,2,2,5,7,1
two_3029,2,2,2,5,0,1
two_3030,2,2,2,6,7,1
two_3031,2,2,2,6,0,1
two_3032,2,2,2,7,7,1
two_3033,2,2,2,7,0,1
two_3034,2,2,3,1,6,1
two_3035,2,2,3,1,7,1
two_3036,2,2,3,2,7,1
two_3037,2,2,3,0,7,1
two_3038,2,2,3,3,6,1
two_3039,2,2,3,3,7,1
two_3040,2,2,3,3,0,1
two_3041,2,2,3,4,6,1
two_3042,2,2,3,4,7,1
two_3043,2,2,3,4,0,1
two_3044,2,2,3,5,7,1
two_3045,2,2,3,5,0,1
two_3046,2,2,3,6,7,1
two_3047,2,2,3,6,0,1
two_3048,2,2,3,7,7,1
two_3049,2,2,3,7,0,1
two_3050,2,2,4,1,6,1
two_3051,2,2,4,1,7,1
two_3052,2,2,4,2,7,1
two_3053,2,2,4,0,7,1
two_3054,2,2,4,3,6,1
two_3055,2,2,4,3,7,1
two_3056,2,2,4,3,0,1
two_3057,2,2,4,4,6,1
two_3058,2,2,4,4,7,1
two_3059,2,2,4,4,0,1
two_3060,2,2,4,5,6,1
two_3061,2,2,4,5,7,1
two_3062,2,2,4,5,0,1
two_3063,2,2,4,6,7,1
two_3064,2,2,4,6,0,1
two_3065,2,2,4,7,7,1
two_3066,2,2,4,7,0,1
two_3067,2,2,5,1,6,1
two_3068,2,2,5,1,7,1
two_3069,2,2,5,2,7,1
two_3070,2,2,5,0,7,1
two_3071,2,2,5,3,6,1
two_3072,2,2,5,3,7,1
two_3073,2,2,5,3,0,1
two_3074,2,2,5,4,6,1
two_3075,2,2,5,4,7,1
two_3076,2,2,5,4,0,1
two_3077,2,2,5,5,6,1
two_3078,2,2,5,5,7,1
two_3079,2,2,5,5,0,1
two_3080,2,2,5,6,6,1
two_3081,2,2,5,6,7,1
two_3082,2,2,5,6,0,1
two_3083,2,2,5,7,7,1
two_3084,2,2,5,7,0,1
two_3085,2,2,6,1,6,1
two_3086,2,2,6,1,7,1
two_3087,2,2,6,2,7,1
two_3088,2,2,6,0,7,1
two_3089,2,2,6,3,6,1
two_3090,2,2,6,3,7,1
two_3091,2,2,6,3,0,1
two_3092,2,2,6,4,6,1
two_3093,2,2,6,4,7,1
two_3094,2,2,6,4,0,1
two_3095,2,2,6,5,6,1
two_3096,2,2,6,5,7,1
two_3097,2,2,6,5,0,1
two_3098,2,2,6,6,6,1
two_3099,2,2,6,6,7,1
two_3100,2,2,6,6,0,1
two_3101,2,2,6,7,6,1
two_3102,2,2,6,7,7,1
two_3103,2,2,6,7,0,1
two_3104,3,0,0,0,6,1
two_3105,3,1,0,0,6,1
two_3106,3,2,7,3,1,1
two_3107,3,2,7,4,1,1
two_3108,3,2,7,5,1,1
two_3109,3,2,7,6,1,1
two_3110,3,2,7,7,1,1
two_3111,3,2,0,0,6,1
two_3112,3,2,0,3,1,1
two_3113,3,2,0,4,1,1
two_3114,3,2,0,5,1,1
two_3115,3,2,0,6,1,1
two_3116,3,2,0,7,1,1
two_3117,3,2,1,3,1,1
two_3118,3,2,1,4,1,1
two_3119,3,2,1,5,1,1
two_3120,3,2,1,6,1,1
two_3121,3,2,1,7,1,1
two_3122,3,2,2,3,1,1
two_3123,3,2,2,4,1,1
two_3124,3,2,2,5,1,1
two_3125,3,2,2,6,1,1
two_3126,3,2,2,7,1,1
two_3127,3,2,3,3,1,1
two_3128,3,2,3,4,1,1
two_3129,3,2,3,5,1,1
two_3130,3,2,3,6,1,1
two_3131,3,2,3,7,1,1
two_3132,3,2,4,3,1,1
two_3133,3,2,4,4,1,1
two_3134,3,2,4,5,1,1
two_3135,3,2,4,6,1,1
two_3136,3,2,4,7,1,1
two_3137,3,2,5,3,1,1
two_3138,3,2,5,4,1,1
two_3139,3,2,5,5,1,1
two_3140,3,2,5,6,1,1
two_3141,3,2,5,7,1,1
two_3142,3,2,6,3,1,1
two_3143,3,2,6,4,1,1
two_3144,3,2,6,5,1,1
two_3145,3,2,6,6,1,1
two_3146,3,2,6,7,1,1
three_3147,2,0,0,3,6,1
three_3148,2,2,0,2,7,1
three_3149,2,2,0,0,7,1
three_3150,2,2,0,3,7,1
three_3151,2,2,0,4,7,1
three_3152,2,2,0,5,7,1
three_3153,2,2,0,6,7,1
three_3154,2,2,0,7,7,1
three_3155,2,2,1,2,7,1
three_3156,2,2,1,3,7,1
three_3157,2,2,1,4,7,1
three_3158,2,2,1,5,7,1
three_3159,2,2,1,6,7,1
three_3160,2,2,1,7,7,1
three_3161,2,2,2,2,6,1
three_3162,2,2,2,2,7,1
three_3163,2,2,2,2,0,1
three_3164,2,2,2,0,6,1
three_3165,2,2,2,0,0,1
three_3166,2,2,3,2,6,1
three_3167,2,2,3,2,0,1
three_3168,2,2,3,0,6,1
three_3169,2,2,3,0,0,1
three_3170,2,2,4,2,6,1
three_3171,2,2,4,0,6,1
three_3172,2,2,4,0,0,1
three_3173,2,2,5,2,6,1
three_3174,2,2,5,0,6,1
three_3175,2,2,5,0,0,1
three_3176,2,2,6,2,6,1
three_3177,2,2,6,0,6,1
three_3178,2,2,6,0,0,1
three_3179,3,0,0,0,7,1
three_3180,3,0,0,3,6,1
three_3181,3,0,0,3,7,1
three_3182,3,0,2,2,7,1
three_3183,3,0,3,2,7,1
three_3184,3,0,4,2,7,1
three_3185,3,0,5,2,7,1
three_3186,3,0,6,2,7,1
three_3187,3,1,0,0,7,1
three_3188,3,1,0,3,6,1
three_3189,3,1,0,3,7,1
three_3190,3,1,0,4,6,1
three_3191,3,1,0,4,7,1
three_3192,3,1,0,5,6,1
three_3193,3,1,0,5,7,1
three_3194,3,1,0,6,6,1
three_3195,3,1,0,6,7,1
three_3196,3,1,0,7,6,1
three_3197,3,1,0,7,7,1
three_3198,3,1,1,2,7,1
three_3199,3,1,2,0,7,0
three_3200,3,1,3,0,7,0
three_3201,3,1,4,0,7,0
three_3202,3,1,5,0,7,0
three_3203,3,1,6,0,7,0
three_3204,3,2,0,0,7,1
three_3205,3,2,0,3,6,1
three_3206,3,2,0,3,7,1
three_3207,3,2,0,4,6,1
three_3208,3,2,0,4,7,1
three_3209,3,2,0,5,6,1
three_3210,3,2,0,5,7,1
three_3211,3,2,0,6,6,1
three_3212,3,2,0,6,7,1
three_3213,3,2,0,7,6,1
three_3214,3,2,0,7,7,1
three_3215,3,2,1,2,7,1
three_3216,3,2,3,2,6,1
three_3217,3,2,3,2,0,1
three_3218,3,2,4,2,6,1
three_3219,3,2,4,2,0,1
three_3220,3,2,5,2,6,1
three_3221,3,2,5,2,0,1
three_3222,3,2,6,2,6,1
three_3223,3,2,6,2,0,1
three_3224,3,3,3,2,6,1
three_3225,3,3,4,2,6,1
three_3226,3,3,5,2,6,1
three_3227,3,3,6,2,6,1
four_3228,2,1,0,4,6,0
four_3229,3,0,7,2,3,1
four_3230,3,0,7,2,5,1
four_3231,3,0,0,2,3,1
four_3232,3,0,0,2,5,1
four_3233,3,0,1,2,6,1
four_3234,3,0,1,2,3,1
four_3235,3,0,1,2,5,1
four_3236,3,0,2,2,6,1
four_3237,3,0,2,2,3,1
four_3238,3,0,2,2,5,1
four_3239,3,0,2,0,6,1
four_3240,3,0,2,0,6,0
four_3241,3,0,2,0,7,1
four_3242,3,0,2,0,7,0
four_3243,3,0,3,2,6,1
four_3244,3,0,3,2,3,1
four_3245,3,0,3,2,5,1
four_3246,3,0,3,0,6,1
four_3247,3,0,3,0,6,0
four_3248,3,0,3,0,7,1
four_3249,3,0,3,0,7,0
four_3250,3,0,4,2,6,1
four_3251,3,0,4,2,5,1
four_3252,3,0,4,0,6,1
four_3253,3,0,4,0,6,0
four_3254,3,0,4,0,7,1
four_3255,3,0,4,0,7,0
four_3256,3,0,5,2,6,1
four_3257,3,0,5,0,6,1
four_3258,3,0,5,0,6,0
four_3259,3,0,5,0,7,1
four_3260,3,0,5,0,7,0
four_3261,3,0,6,2,6,1
four_3262,3,0,6,0,6,1
four_3263,3,0,6,0,6,0
four_3264,3,0,6,0,7,1
four_3265,3,0,6,0,7,0
four_3266,3,1,7,0,6,1
four_3267,3,1,7,0,7,1
four_3268,3,1,0,3,6,0
four_3269,3,1,0,3,7,0
four_3270,3,1,0,4,6,0
four_3271,3,1,0,4,7,0
four_3272,3,1,1,2,6,1
four_3273,3,1,1,0,6,1
four_3274,3,1,1,0,6,0
four_3275,3,1,1,0,7,1
four_3276,3,1,1,0,7,0
four_3277,3,1,2,0,6,1
four_3278,3,1,2,0,6,0
four_3279,3,1,2,0,7,1
four_3280,3,1,2,3,6,1
four_3281,3,1,2,3,7,1
four_3282,3,1,2,3,7,2
four_3283,3,1,2,4,6,1
four_3284,3,1,2,4,7,1
four_3285,3,1,2,5,6,1
four_3286,3,1,2,5,7,1
four_3287,3,1,2,6,6,1
four_3288,3,1,2,6,7,1
four_3289,3,1,2,7,6,1
four_3290,3,1,2,7,7,1
four_3291,3,1,3,1,6,1
four_3292,3,1,3,1,7,1
four_3293,3,1,3,2,6,1
four_3294,3,1,3,2,7,1
four_3295,3,1,3,2,3,1
four_3296,3,1,3,2,5,1
four_3297,3,1,3,0,6,1
four_3298,3,1,3,0,6,0
four_3299,3,1,3,0,7,1
four_3300,3,1,3,3,6,1
four_3301,3,1,3,3,7,1
four_3302,3,1,3,3,7,2
four_3303,3,1,3,4,6,1
four_3304,3,1,3,4,7,1
four_3305,3,1,3,5,6,1
four_3306,3,1,3,5,7,1
four_3307,3,1,3,6,6,1
four_3308,3,1,3,6,7,1
four_3309,3,1,3,7,6,1
four_3310,3,1,3,7,7,1
four_3311,3,1,4,1,6,1
four_3312,3,1,4,1,7,1
four_3313,3,1,4,2,6,1
four_3314,3,1,4,2,7,1
four_3315,3,1,4,2,5,1
four_3316,3,1,4,0,6,1
four_3317,3,1,4,0,6,0
four_3318,3,1,4,0,7,1
four_3319,3,1,4,3,6,1
four_3320,3,1,4,3,7,1
four_3321,3,1,4,3,7,2
four_3322,3,1,4,4,6,1
four_3323,3,1,4,4,7,1
four_3324,3,1,4,5,6,1
four_3325,3,1,4,5,7,1
four_3326,3,1,4,6,6,1
four_3327,3,1,4,6,7,1
four_3328,3,1,4,7,6,1
four_3329,3,1,4,7,7,1
four_3330,3,1,5,1,6,1
four_3331,3,1,5,1,7,1
four_3332,3,1,5,2,6,1
four_3333,3,1,5,2,7,1
four_3334,3,1,5,0,6,1
four_3335,3,1,5,0,6,0
four_3336,3,1,5,0,7,1
four_3337,3,1,5,3,6,1
four_3338,3,1,5,3,7,1
four_3339,3,1,5,3,7,2
four_3340,3,1,5,4,6,1
four_3341,3,1,5,4,7,1
four_3342,3,1,5,5,6,1
four_3343,3,1,5,5,7,1
four_3344,3,1,5,6,6,1
four_3345,3,1,5,6,7,1
four_3346,3,1,5,7,6,1
four_3347,3,1,5,7,7,1
four_3348,3,1,6,1,6,1
four_3349,3,1,6,1,7,1
four_3350,3,1,6,2,6,1
four_3351,3,1,6,2,7,1
four_3352,3,1,6,0,6,1
four_3353,3,1,6,0,6,0
four_3354,3,1,6,0,7,1
four_3355,3,1,6,3,6,1
four_3356,3,1,6,3,7,1
four_3357,3,1,6,3,7,2
four_3358,3,1,6,4,6,1
four_3359,3,1,6,4,7,1
four_3360,3,1,6,5,6,1
four_3361,3,1,6,5,7,1
four_3362,3,1,6,6,6,1
four_3363,3,1,6,6,7,1
four_3364,3,1,6,7,6,1
four_3365,3,1,6,7,7,1
four_3366,3,2,7,2,0,1
four_3367,3,2,7,2,2,1
four_3368,3,2,7,2,4,1
four_3369,3,2,0,2,2,1
four_3370,3,2,0,2,4,1
four_3371,3,2,0,3,6,0
four_3372,3,2,0,3,7,0
four_3373,3,2,0,4,6,0
four_3374,3,2,0,4,7,0
four_3375,3,2,0,5,6,0
four_3376,3,2,0,5,7,0
four_3377,3,2,0,6,6,0
four_3378,3,2,0,6,7,0
four_3379,3,2,0,7,6,0
four_3380,3,2,0,7,7,0
four_3381,3,2,1,2,6,1
four_3382,3,2,1,2,0,1
four_3383,3,2,1,2,2,1
four_3384,3,2,1,2,4,1
four_3385,3,2,1,0,7,0
four_3386,3,2,2,2,6,1
four_3387,3,2,2,2,7,1
four_3388,3,2,2,2,0,1
four_3389,3,2,2,2,2,1
four_3390,3,2,2,2,4,1
four_3391,3,2,3,2,7,1
four_3392,3,2,3,2,1,1
four_3393,3,2,3,0,6,1
four_3394,3,2,3,0,7,1
four_3395,3,2,3,0,0,1
four_3396,3,2,3,0,1,1
four_3397,3,2,4,2,7,1
four_3398,3,2,4,2,1,1
four_3399,3,2,4,2,5,1
four_3400,3,2,4,0,6,1
four_3401,3,2,4,0,7,1
four_3402,3,2,4,0,0,1
four_3403,3,2,4,0,1,1
four_3404,3,2,5,2,7,1
four_3405,3,2,5,0,6,1
four_3406,3,2,5,0,7,1
four_3407,3,2,5,0,0,1
four_3408,3,2,5,0,1,1
four_3409,3,2,6,2,7,1
four_3410,3,2,6,0,6,1
four_3411,3,2,6,0,7,1
four_3412,3,2,6,0,0,1
four_3413,3,2,6,0,1,1
four_3414,3,3,7,2,4,1
four_3415,3,3,0,2,4,1
four_3416,3,3,1,2,6,1
four_3417,3,3,1,2,4,1
four_3418,3,3,2,2,6,1
four_3419,3,3,2,2,7,1
four_3420,3,3,2,2,4,1
four_3421,3,3,3,2,7,1
four_3422,3,3,4,2,7,1
four_3423,3,3,4,2,5,1
four_3424,3,3,5,2,7,1
four_3425,3,3,6,2,7,1
five_3426,2,0,7,2,2,1
five_3427,2,0,7,2,4,1
five_3428,2,0,0,2,2,1
five_3429,2,0,0,2,4,1
five_3430,2,0,0,4,6,1
five_3431,2,0,1,2,2,1
five_3432,2,0,1,2,4,1
five_3433,2,0,2,2,2,1
five_3434,2,0,2,2,4,1
five_3435,2,0,2,3,6,0
five_3436,2,0,2,3,6,2
five_3437,2,0,3,2,4,1
five_3438,2,0,3,3,6,0
five_3439,2,0,3,3,6,2
five_3440,2,0,4,3,6,0
five_3441,2,0,4,3,6,2
five_3442,2,0,5,3,6,0
five_3443,2,0,5,3,6,2
five_3444,2,0,6,3,6,0
five_3445,2,0,6,3,6,2
five_3446,2,1,2,2,2,1
five_3447,2,1,2,2,3,1
five_3448,2,1,2,2,4,1
five_3449,2,1,2,2,5,1
five_3450,2,1,3,2,4,1
five_3451,2,2,7,2,1,1
five_3452,2,2,7,2,3,1
five_3453,2,2,7,2,5,1
five_3454,2,2,0,2,1,1
five_3455,2,2,0,2,3,1
five_3456,2,2,0,2,5,1
five_3457,2,2,1,2,1,1
five_3458,2,2,1,2,3,1
five_3459,2,2,1,2,5,1
five_3460,2,2,2,2,1,1
five_3461,2,2,2,2,3,1
five_3462,2,2,2,2,5,1
five_3463,2,2,3,2,4,1
five_3464,2,2,4,2,0,1
five_3465,3,0,7,2,4,1
five_3466,3,0,7,0,6,1
five_3467,3,0,7,0,7,1
five_3468,3,0,7,0,3,0
five_3469,3,0,7,0,5,1
five_3470,3,0,7,0,5,0
five_3471,3,0,0,2,4,1
five_3472,3,0,0,0,3,0
five_3473,3,0,0,0,5,1
five_3474,3,0,0,0,5,0
five_3475,3,0,0,4,6,1
five_3476,3,0,0,4,7,1
five_3477,3,0,1,2,7,1
five_3478,3,0,1,2,4,1
five_3479,3,0,1,0,6,1
five_3480,3,0,1,0,6,0
five_3481,3,0,1,0,7,1
five_3482,3,0,1,0,3,0
five_3483,3,0,1,0,5,1
five_3484,3,0,1,0,5,0
five_3485,3,0,2,2,4,1
five_3486,3,0,2,0,3,0
five_3487,3,0,2,0,5,1
five_3488,3,0,2,0,5,0
five_3489,3,0,2,3,6,1
five_3490,3,0,2,3,6,0
five_3491,3,0,2,3,6,2
five_3492,3,0,2,3,7,1
five_3493,3,0,2,4,6,1
five_3494,3,0,2,4,7,1
five_3495,3,0,2,5,6,1
five_3496,3,0,2,5,7,1
five_3497,3,0,2,6,6,1
five_3498,3,0,2,6,7,1
five_3499,3,0,2,7,6,1
five_3500,3,0,2,7,7,1
five_3501,3,0,3,1,6,1
five_3502,3,0,3,1,7,1
five_3503,3,0,3,2,4,1
five_3504,3,0,3,0,5,1
five_3505,3,0,3,0,5,0
five_3506,3,0,3,3,6,1
five_3507,3,0,3,3,6,0
five_3508,3,0,3,3,6,2
five_3509,3,0,3,3,7,1
five_3510,3,0,3,4,6,1
five_3511,3,0,3,4,7,1
five_3512,3,0,3,5,6,1
five_3513,3,0,3,5,7,1
five_3514,3,0,3,6,6,1
five_3515,3,0,3,6,7,1
five_3516,3,0,3,7,6,1
five_3517,3,0,3,7,7,1
five_3518,3,0,4,1,6,1
five_3519,3,0,4,1,7,1
five_3520,3,0,4,0,3,1
five_3521,3,0,4,0,4,1
five_3522,3,0,4,0,5,1
five_3523,3,0,4,0,5,0
five_3524,3,0,4,3,6,1
five_3525,3,0,4,3,6,0
five_3526,3,0,4,3,6,2
five_3527,3,0,4,3,7,1
five_3528,3,0,4,4,6,1
five_3529,3,0,4,4,7,1
five_3530,3,0,4,5,6,1
five_3531,3,0,4,5,7,1
five_3532,3,0,4,6,6,1
five_3533,3,0,4,6,7,1
five_3534,3,0,4,7,6,1
five_3535,3,0,4,7,7,1
five_3536,3,0,5,1,6,1
five_3537,3,0,5,1,7,1
five_3538,3,0,5,3,6,1
five_3539,3,0,5,3,6,0
five_3540,3,0,5,3,6,2
five_3541,3,0,5,3,7,1
five_3542,3,0,5,3,5,1
five_3543,3,0,5,4,6,1
five_3544,3,0,5,4,7,1
five_3545,3,0,5,4,5,1
five_3546,3,0,5,5,6,1
five_3547,3,0,5,5,7,1
five_3548,3,0,5,6,6,1
five_3549,3,0,5,6,7,1
five_3550,3,0,5,7,6,1
five_3551,3,0,5,7,7,1
five_3552,3,0,6,1,6,1
five_3553,3,0,6,1,7,1
five_3554,3,0,6,3,6,1
five_3555,3,0,6,3,6,0
five_3556,3,0,6,3,6,2
five_3557,3,0,6,3,7,1
five_3558,3,0,6,4,6,1
five_3559,3,0,6,4,7,1
five_3560,3,0,6,5,6,1
five_3561,3,0,6,5,7,1
five_3562,3,0,6,6,6,1
five_3563,3,0,6,6,7,1
five_3564,3,0,6,7,6,1
five_3565,3,0,6,7,7,1
five_3566,3,1,7,0,3,0
five_3567,3,1,7,0,5,1
five_3568,3,1,7,0,5,0
five_3569,3,1,7,3,6,1
five_3570,3,1,7,3,6,0
five_3571,3,1,7,3,7,1
five_3572,3,1,7,3,7,0
five_3573,3,1,7,4,6,1
five_3574,3,1,7,4,7,1
five_3575,3,1,0,0,3,0
five_3576,3,1,0,0,5,1
five_3577,3,1,0,0,5,0
five_3578,3,1,1,1,6,1
five_3579,3,1,1,1,7,1
five_3580,3,1,1,0,3,0
five_3581,3,1,1,0,5,1
five_3582,3,1,1,0,5,0
five_3583,3,1,1,3,6,1
five_3584,3,1,1,3,6,0
five_3585,3,1,1,3,6,2
five_3586,3,1,1,3,7,1
five_3587,3,1,1,3,7,0
five_3588,3,1,1,4,6,1
five_3589,3,1,1,4,7,1
five_3590,3,1,1,5,6,1
five_3591,3,1,1,5,7,1
five_3592,3,1,1,6,6,1
five_3593,3,1,1,6,7,1
five_3594,3,1,1,7,6,1
five_3595,3,1,1,7,7,1
five_3596,3,1,2,0,3,0
five_3597,3,1,2,0,5,1
five_3598,3,1,2,0,5,0
five_3599,3,1,2,3,6,0
five_3600,3,1,2,3,6,2
five_3601,3,1,2,3,7,0
five_3602,3,1,2,4,6,0
five_3603,3,1,2,4,7,0
five_3604,3,1,2,5,6,0
five_3605,3,1,2,5,7,0
five_3606,3,1,2,6,6,0
five_3607,3,1,2,6,7,0
five_3608,3,1,2,7,6,0
five_3609,3,1,2,7,7,0
five_3610,3,1,3,1,6,0
five_3611,3,1,3,1,7,0
five_3612,3,1,3,2,6,0
five_3613,3,1,3,2,7,0
five_3614,3,1,3,2,4,1
five_3615,3,1,3,0,3,0
five_3616,3,1,3,0,5,1
five_3617,3,1,3,0,5,0
five_3618,3,1,3,3,6,0
five_3619,3,1,3,3,6,2
five_3620,3,1,3,3,7,0
five_3621,3,1,3,4,6,0
five_3622,3,1,3,4,7,0
five_3623,3,1,3,5,6,0
five_3624,3,1,3,5,7,0
five_3625,3,1,3,6,6,0
five_3626,3,1,3,6,7,0
five_3627,3,1,3,7,6,0
five_3628,3,1,3,7,7,0
five_3629,3,1,4,1,6,0
five_3630,3,1,4,1,7,0
five_3631,3,1,4,2,6,0
five_3632,3,1,4,2,7,0
five_3633,3,1,4,0,3,1
five_3634,3,1,4,0,4,1
five_3635,3,1,4,0,5,1
five_3636,3,1,4,0,5,0
five_3637,3,1,4,3,6,0
five_3638,3,1,4,3,6,2
five_3639,3,1,4,3,7,0
five_3640,3,1,4,4,6,0
five_3641,3,1,4,4,7,0
five_3642,3,1,4,5,6,0
five_3643,3,1,4,5,7,0
five_3644,3,1,4,6,6,0
five_3645,3,1,4,6,7,0
five_3646,3,1,4,7,6,0
five_3647,3,1,4,7,7,0
five_3648,3,1,5,1,6,0
five_3649,3,1,5,1,7,0
five_3650,3,1,5,2,6,0
five_3651,3,1,5,2,7,0
five_3652,3,1,5,3,6,0
five_3653,3,1,5,3,6,2
five_3654,3,1,5,3,7,0
five_3655,3,1,5,3,5,1
five_3656,3,1,5,4,6,0
five_3657,3,1,5,4,7,0
five_3658,3,1,5,4,5,1
five_3659,3,1,5,5,6,0
five_3660,3,1,5,5,7,0
five_3661,3,1,5,5,5,1
five_3662,3,1,5,6,6,0
five_3663,3,1,5,6,7,0
five_3664,3,1,5,6,5,1
five_3665,3,1,5,7,6,0
five_3666,3,1,5,7,7,0
five_3667,3,1,5,7,5,1
five_3668,3,1,6,1,6,0
five_3669,3,1,6,1,7,0
five_3670,3,1,6,2,6,0
five_3671,3,1,6,2,7,0
five_3672,3,1,6,3,6,0
five_3673,3,1,6,3,6,2
five_3674,3,1,6,3,7,0
five_3675,3,1,6,4,6,0
five_3676,3,1,6,4,7,0
five_3677,3,1,6,5,6,0
five_3678,3,1,6,5,7,0
five_3679,3,1,6,6,6,0
five_3680,3,1,6,6,7,0
five_3681,3,1,6,7,6,0
five_3682,3,1,6,7,7,0
five_3683,3,2,7,2,1,1
five_3684,3,2,7,2,3,1
five_3685,3,2,7,2,5,1
five_3686,3,2,7,0,6,1
five_3687,3,2,7,0,7,1
five_3688,3,2,7,0,0,1
five_3689,3,2,7,0,1,1
five_3690,3,2,7,0,5,1
five_3691,3,2,7,3,6,1
five_3692,3,2,7,3,7,1
five_3693,3,2,7,3,0,1
five_3694,3,2,7,4,6,1
five_3695,3,2,7,4,7,1
five_3696,3,2,7,4,0,1
five_3697,3,2,7,5,6,1
five_3698,3,2,7,5,7,1
five_3699,3,2,7,5,0,1
five_3700,3,2,7,6,6,1
five_3701,3,2,7,6,7,1
five_3702,3,2,7,6,0,1
five_3703,3,2,7,7,6,1
five_3704,3,2,7,7,7,1
five_3705,3,2,7,7,0,1
five_3706,3,2,0,1,6,3
five_3707,3,2,0,1,6,5
five_3708,3,2,0,1,6,7
five_3709,3,2,0,2,6,5
five_3710,3,2,0,2,6,7
five_3711,3,2,0,2,1,1
five_3712,3,2,0,2,3,1
five_3713,3,2,0,2,5,1
five_3714,3,2,0,0,6,5
five_3715,3,2,0,0,6,7
five_3716,3,2,0,0,1,1
five_3717,3,2,0,0,5,1
five_3718,3,2,0,3,6,5
five_3719,3,2,0,3,6,7
five_3720,3,2,0,4,6,2
five_3721,3,2,0,4,7,2
five_3722,3,2,0,5,6,2
five_3723,3,2,0,5,7,2
five_3724,3,2,1,1,6,1
five_3725,3,2,1,2,1,1
five_3726,3,2,1,2,3,1
five_3727,3,2,1,2,5,1
five_3728,3,2,1,0,6,1
five_3729,3,2,1,0,6,0
five_3730,3,2,1,0,7,1
five_3731,3,2,1,0,0,1
five_3732,3,2,1,0,1,1
five_3733,3,2,1,0,5,1
five_3734,3,2,1,3,6,1
five_3735,3,2,1,3,7,1
five_3736,3,2,1,3,7,2
five_3737,3,2,1,3,0,1
five_3738,3,2,1,4,6,1
five_3739,3,2,1,4,7,1
five_3740,3,2,1,4,0,1
five_3741,3,2,1,5,6,1
five_3742,3,2,1,5,7,1
five_3743,3,2,1,5,0,1
five_3744,3,2,1,6,6,1
five_3745,3,2,1,6,7,1
five_3746,3,2,1,6,0,1
five_3747,3,2,1,7,6,1
five_3748,3,2,1,7,7,1
five_3749,3,2,1,7,0,1
five_3750,3,2,2,2,1,1
five_3751,3,2,2,2,3,1
five_3752,3,2,2,2,5,1
five_3753,3,2,2,3,6,1
five_3754,3,2,2,3,6,0
five_3755,3,2,2,3,6,2
five_3756,3,2,2,3,7,1
five_3757,3,2,2,3,7,0
five_3758,3,2,2,3,7,2
five_3759,3,2,2,3,0,1
five_3760,3,2,2,4,6,1
five_3761,3,2,2,4,7,1
five_3762,3,2,2,4,0,1
five_3763,3,2,2,5,6,1
five_3764,3,2,2,5,7,1
five_3765,3,2,2,5,0,1
five_3766,3,2,2,6,6,1
five_3767,3,2,2,6,7,1
five_3768,3,2,2,6,0,1
five_3769,3,2,2,7,6,1
five_3770,3,2,2,7,7,1
five_3771,3,2,2,7,0,1
five_3772,3,2,3,2,2,1
five_3773,3,2,3,2,3,1
five_3774,3,2,3,2,4,1
five_3775,3,2,3,2,5,1
five_3776,3,2,3,0,5,1
five_3777,3,2,3,0,5,0
five_3778,3,2,3,3,6,1
five_3779,3,2,3,3,6,0
five_3780,3,2,3,3,6,2
five_3781,3,2,3,3,7,1
five_3782,3,2,3,3,7,0
five_3783,3,2,3,3,7,2
five_3784,3,2,3,3,0,1
five_3785,3,2,3,4,6,1
five_3786,3,2,3,4,7,1
five_3787,3,2,3,4,0,1
five_3788,3,2,3,5,6,1
five_3789,3,2,3,5,7,1
five_3790,3,2,3,5,0,1
five_3791,3,2,3,6,6,1
five_3792,3,2,3,6,7,1
five_3793,3,2,3,6,0,1
five_3794,3,2,3,7,6,1
five_3795,3,2,3,7,7,1
five_3796,3,2,3,7,0,1
five_3797,3,2,4,0,3,1
five_3798,3,2,4,0,4,1
five_3799,3,2,4,0,5,1
five_3800,3,2,4,0,5,0
five_3801,3,2,4,3,6,1
five_3802,3,2,4,3,6,0
five_3803,3,2,4,3,6,2
five_3804,3,2,4,3,7,1
five_3805,3,2,4,3,7,0
five_3806,3,2,4,3,7,2
five_3807,3,2,4,3,0,1
five_3808,3,2,4,4,6,1
five_3809,3,2,4,4,7,1
five_3810,3,2,4,4,0,1
five_3811,3,2,4,5,6,1
five_3812,3,2,4,5,7,1
five_3813,3,2,4,5,0,1
five_3814,3,2,4,6,6,1
five_3815,3,2,4,6,7,1
five_3816,3,2,4,6,0,1
five_3817,3,2,4,7,6,1
five_3818,3,2,4,7,7,1
five_3819,3,2,4,7,0,1
five_3820,3,2,5,1,5,7
five_3821,3,2,5,2,1,1
five_3822,3,2,5,2,5,7
five_3823,3,2,5,0,5,7
five_3824,3,2,5,3,6,1
five_3825,3,2,5,3,6,0
five_3826,3,2,5,3,6,2
five_3827,3,2,5,3,7,1
five_3828,3,2,5,3,7,0
five_3829,3,2,5,3,7,2
five_3830,3,2,5,3,0,1
five_3831,3,2,5,3,5,1
five_3832,3,2,5,3,5,7
five_3833,3,2,5,4,6,1
five_3834,3,2,5,4,7,1
five_3835,3,2,5,4,0,1
five_3836,3,2,5,4,5,1
five_3837,3,2,5,5,6,1
five_3838,3,2,5,5,7,1
five_3839,3,2,5,5,0,1
five_3840,3,2,5,5,5,1
five_3841,3,2,5,6,6,1
five_3842,3,2,5,6,7,1
five_3843,3,2,5,6,0,1
five_3844,3,2,5,6,5,1
five_3845,3,2,5,7,6,1
five_3846,3,2,5,7,7,1
five_3847,3,2,5,7,0,1
five_3848,3,2,5,7,5,1
five_3849,3,2,6,2,1,1
five_3850,3,2,6,2,2,1
five_3851,3,2,6,2,3,1
five_3852,3,2,6,3,6,1
five_3853,3,2,6,3,6,0
five_3854,3,2,6,3,6,2
five_3855,3,2,6,3,7,1
five_3856,3,2,6,3,7,0
five_3857,3,2,6,3,7,2
five_3858,3,2,6,3,0,1
five_3859,3,2,6,4,6,1
five_3860,3,2,6,4,7,1
five_3861,3,2,6,4,0,1
five_3862,3,2,6,5,6,1
five_3863,3,2,6,5,7,1
five_3864,3,2,6,5,0,1
five_3865,3,2,6,6,6,1
five_3866,3,2,6,6,7,1
five_3867,3,2,6,6,0,1
five_3868,3,2,6,7,6,1
five_3869,3,2,6,7,7,1
five_3870,3,2,6,7,0,1
five_3871,3,3,7,2,1,1
five_3872,3,3,7,2,3,1
five_3873,3,3,7,2,5,1
five_3874,3,3,0,2,3,1
five_3875,3,3,0,2,5,1
five_3876,3,3,1,2,3,1
five_3877,3,3,1,2,5,1
five_3878,3,3,2,2,3,1
five_3879,3,3,2,2,5,1
five_3880,3,3,3,2,0,1
five_3881,3,3,3,2,4,1
five_3882,3,3,3,2,5,1
five_3883,3,3,4,2,0,1
five_3884,3,3,5,1,5,7
five_3885,3,3,5,2,0,1
five_3886,3,3,5,2,5,7
five_3887,3,3,5,0,5,7
five_3888,3,3,5,3,5,1
five_3889,3,3,5,3,5,7
five_3890,3,3,5,4,5,1
five_3891,3,3,5,4,5,7
five_3892,3,3,5,5,5,1
five_3893,3,3,5,6,5,1
five_3894,3,3,5,7,5,1
five_3895,3,3,6,2,0,1
five_3896,3,3,6,2,2,1
six_3897,1,0,7,2,1,1
six_3898,1,0,7,2,3,1
six_3899,1,0,7,2,5,1
six_3900,1,0,0,2,1,1
six_3901,1,0,0,2,3,1
six_3902,1,0,0,2,5,1
six_3903,1,0,1,2,1,1
six_3904,1,0,1,2,3,1
six_3905,1,0,1,2,5,1
six_3906,1,0,2,2,3,1
six_3907,1,0,2,2,4,1
six_3908,1,0,2,2,5,1
six_3909,1,0,3,2,5,1
six_3910,1,1,1,2,1,1
six_3911,1,1,1,2,2,1
six_3912,1,1,1,2,3,1
six_3913,1,1,1,2,4,1
six_3914,1,1,1,2,5,1
six_3915,1,1,2,2,3,1
six_3916,1,1,2,2,4,1
six_3917,1,1,2,2,5,1
six_3918,1,1,3,2,5,1
six_3919,2,0,7,2,3,1
six_3920,2,0,7,2,5,1
six_3921,2,0,0,2,3,1
six_3922,2,0,0,2,5,1
six_3923,2,0,0,3,6,0
six_3924,2,0,1,2,3,1
six_3925,2,0,1,2,5,1
six_3926,2,0,2,2,3,1
six_3927,2,0,2,2,5,1
six_3928,2,0,3,2,5,1
six_3929,2,0,4,2,5,1
six_3930,2,0,6,2,3,1
six_3931,2,1,0,1,6,2
six_3932,2,1,0,1,6,4
six_3933,2,1,0,1,6,6
six_3934,2,1,0,2,6,2
six_3935,2,1,0,2,6,4
six_3936,2,1,0,2,6,6
six_3937,2,1,0,0,6,2
six_3938,2,1,0,0,6,4
six_3939,2,1,0,0,6,6
six_3940,2,1,0,3,6,5
six_3941,2,1,0,3,6,6
six_3942,2,1,0,3,6,7
six_3943,2,1,0,4,6,7
six_3944,2,1,0,5,6,0
six_3945,2,1,2,0,2,0
six_3946,2,1,2,0,4,0
six_3947,2,1,3,2,5,1
six_3948,2,1,4,2,5,1
six_3949,2,1,5,2,2,1
six_3950,2,1,6,2,2,1
six_3951,2,1,6,2,3,1
six_3952,2,2,7,2,0,1
six_3953,2,2,7,2,2,1
six_3954,2,2,7,2,4,1
six_3955,2,2,7,0,0,1
six_3956,2,2,0,2,0,1
six_3957,2,2,0,2,2,1
six_3958,2,2,0,2,4,1
six_3959,2,2,0,0,0,1
six_3960,2,2,1,2,0,1
six_3961,2,2,1,2,2,1
six_3962,2,2,1,2,4,1
six_3963,2,2,2,2,2,1
six_3964,2,2,2,2,4,1
six_3965,2,2,3,2,5,1
six_3966,2,2,4,2,5,1
six_3967,2,2,5,2,0,1
six_3968,2,2,5,2,2,1
six_3969,2,2,6,2,0,1
six_3970,2,2,6,2,1,1
six_3971,2,2,6,2,2,1
six_3972,2,2,6,2,3,1
six_3973,3,0,7,1,3,1
six_3974,3,0,7,1,4,1
six_3975,3,0,7,1,5,1
six_3976,3,0,7,0,3,1
six_3977,3,0,7,0,4,1
six_3978,3,0,7,0,4,0
six_3979,3,0,7,3,6,1
six_3980,3,0,7,3,7,1
six_3981,3,0,7,3,3,1
six_3982,3,0,7,3,4,1
six_3983,3,0,7,3,5,1
six_3984,3,0,7,3,5,0
six_3985,3,0,7,3,5,2
six_3986,3,0,7,4,3,1
six_3987,3,0,7,4,4,1
six_3988,3,0,7,4,5,1
six_3989,3,0,7,5,3,1
six_3990,3,0,7,5,4,1
six_3991,3,0,7,5,5,1
six_3992,3,0,7,6,3,1
six_3993,3,0,7,6,4,1
six_3994,3,0,7,6,5,1
six_3995,3,0,7,7,3,1
six_3996,3,0,7,7,4,1
six_3997,3,0,7,7,5,1
six_3998,3,0,0,1,3,1
six_3999,3,0,0,1,4,1
six_4000,3,0,0,1,5,1
six_4001,3,0,0,0,3,1
six_4002,3,0,0,0,4,1
six_4003,3,0,0,0,4,0
six_4004,3,0,0,3,6,0
six_4005,3,0,0,3,3,1
six_4006,3,0,0,3,4,1
six_4007,3,0,0,3,5,1
six_4008,3,0,0,3,5,0
six_4009,3,0,0,3,5,2
six_4010,3,0,0,4,3,1
six_4011,3,0,0,4,4,1
six_4012,3,0,0,4,5,1
six_4013,3,0,0,5,3,1
six_4014,3,0,0,5,4,1
six_4015,3,0,0,5,5,1
six_4016,3,0,0,6,3,1
six_4017,3,0,0,6,4,1
six_4018,3,0,0,6,5,1
six_4019,3,0,0,7,3,1
six_4020,3,0,0,7,4,1
six_4021,3,0,0,7,5,1
six_4022,3,0,1,1,3,1
six_4023,3,0,1,1,4,1
six_4024,3,0,1,1,5,1
six_4025,3,0,1,0,3,1
six_4026,3,0,1,0,4,1
six_4027,3,0,1,0,4,0
six_4028,3,0,1,3,6,1
six_4029,3,0,1,3,7,1
six_4030,3,0,1,3,3,1
six_4031,3,0,1,3,4,1
six_4032,3,0,1,3,5,1
six_4033,3,0,1,3,5,0
six_4034,3,0,1,3,5,2
six_4035,3,0,1,4,3,1
six_4036,3,0,1,4,4,1
six_4037,3,0,1,4,5,1
six_4038,3,0,1,5,3,1
six_4039,3,0,1,5,4,1
six_4040,3,0,1,5,5,1
six_4041,3,0,1,6,3,1
six_4042,3,0,1,6,4,1
six_4043,3,0,1,6,5,1
six_4044,3,0,1,7,3,1
six_4045,3,0,1,7,4,1
six_4046,3,0,1,7,5,1
six_4047,3,0,2,0,3,1
six_4048,3,0,2,0,4,1
six_4049,3,0,2,0,4,0
six_4050,3,0,2,3,3,1
six_4051,3,0,2,3,4,1
six_4052,3,0,2,3,5,1
six_4053,3,0,2,3,5,0
six_4054,3,0,2,3,5,2
six_4055,3,0,2,4,3,1
six_4056,3,0,2,4,4,1
six_4057,3,0,2,4,5,1
six_4058,3,0,2,5,3,1
six_4059,3,0,2,5,4,1
six_4060,3,0,2,5,5,1
six_4061,3,0,2,6,3,1
six_4062,3,0,2,6,4,1
six_4063,3,0,2,6,5,1
six_4064,3,0,2,7,3,1
six_4065,3,0,2,7,4,1
six_4066,3,0,2,7,5,1
six_4067,3,0,3,0,3,1
six_4068,3,0,3,0,4,1
six_4069,3,0,3,0,4,0
six_4070,3,0,3,3,5,1
six_4071,3,0,3,3,5,0
six_4072,3,0,3,3,5,2
six_4073,3,0,3,4,5,1
six_4074,3,0,3,5,5,1
six_4075,3,0,3,6,5,1
six_4076,3,0,3,7,5,1
six_4077,3,0,4,3,3,1
six_4078,3,0,4,3,4,1
six_4079,3,0,4,3,5,1
six_4080,3,0,5,0,3,1
six_4081,3,0,5,0,4,1
six_4082,3,0,5,0,5,1
six_4083,3,0,6,2,3,1
six_4084,3,0,6,3,5,1
six_4085,3,1,7,1,3,1
six_4086,3,1,7,1,4,1
six_4087,3,1,7,1,5,1
six_4088,3,1,7,2,3,1
six_4089,3,1,7,2,4,1
six_4090,3,1,7,2,5,1
six_4091,3,1,7,0,3,1
six_4092,3,1,7,0,4,1
six_4093,3,1,7,0,4,0
six_4094,3,1,7,3,3,1
six_4095,3,1,7,3,3,2
six_4096,3,1,7,3,4,1
six_4097,3,1,7,3,5,1
six_4098,3,1,7,3,5,0
six_4099,3,1,7,3,5,2
six_4100,3,1,7,4,3,1
six_4101,3,1,7,4,4,1
six_4102,3,1,7,4,5,1
six_4103,3,1,7,5,6,1
six_4104,3,1,7,5,7,1
six_4105,3,1,7,5,3,1
six_4106,3,1,7,5,4,1
six_4107,3,1,7,5,5,1
six_4108,3,1,7,6,6,1
six_4109,3,1,7,6,7,1
six_4110,3,1,7,6,3,1
six_4111,3,1,7,6,4,1
six_4112,3,1,7,6,5,1
six_4113,3,1,7,7,6,1
six_4114,3,1,7,7,7,1
six_4115,3,1,7,7,3,1
six_4116,3,1,7,7,4,1
six_4117,3,1,7,7,5,1
six_4118,3,1,0,1,6,2
six_4119,3,1,0,1,6,4
six_4120,3,1,0,1,6,6
six_4121,3,1,0,1,3,1
six_4122,3,1,0,1,4,1
six_4123,3,1,0,1,5,1
six_4124,3,1,0,2,6,4
six_4125,3,1,0,2,6,6
six_4126,3,1,0,2,3,1
six_4127,3,1,0,2,4,1
six_4128,3,1,0,2,5,1
six_4129,3,1,0,0,6,4
six_4130,3,1,0,0,6,6
six_4131,3,1,0,0,3,1
six_4132,3,1,0,0,4,1
six_4133,3,1,0,0,4,0
six_4134,3,1,0,3,6,6
six_4135,3,1,0,3,3,1
six_4136,3,1,0,3,3,2
six_4137,3,1,0,3,4,1
six_4138,3,1,0,3,5,1
six_4139,3,1,0,3,5,0
six_4140,3,1,0,3,5,2
six_4141,3,1,0,4,6,7
six_4142,3,1,0,4,3,1
six_4143,3,1,0,4,4,1
six_4144,3,1,0,4,5,1
six_4145,3,1,0,5,6,0
six_4146,3,1,0,5,7,0
six_4147,3,1,0,5,3,1
six_4148,3,1,0,5,4,1
six_4149,3,1,0,5,5,1
six_4150,3,1,0,6,3,1
six_4151,3,1,0,6,4,1
six_4152,3,1,0,6,5,1
six_4153,3,1,0,7,3,1
six_4154,3,1,0,7,4,1
six_4155,3,1,0,7,5,1
six_4156,3,1,1,1,3,1
six_4157,3,1,1,1,4,1
six_4158,3,1,1,1,5,1
six_4159,3,1,1,2,3,1
six_4160,3,1,1,2,4,1
six_4161,3,1,1,2,5,1
six_4162,3,1,1,0,3,1
six_4163,3,1,1,0,4,1
six_4164,3,1,1,0,4,0
six_4165,3,1,1,3,3,1
six_4166,3,1,1,3,3,2
six_4167,3,1,1,3,4,1
six_4168,3,1,1,3,5,1
six_4169,3,1,1,3,5,0
six_4170,3,1,1,3,5,2
six_4171,3,1,1,4,3,1
six_4172,3,1,1,4,4,1
six_4173,3,1,1,4,5,1
six_4174,3,1,1,5,3,1
six_4175,3,1,1,5,4,1
six_4176,3,1,1,5,5,1
six_4177,3,1,1,6,3,1
six_4178,3,1,1,6,4,1
six_4179,3,1,1,6,5,1
six_4180,3,1,1,7,3,1
six_4181,3,1,1,7,4,1
six_4182,3,1,1,7,5,1
six_4183,3,1,2,1,6,1
six_4184,3,1,2,1,7,1
six_4185,3,1,2,1,5,1
six_4186,3,1,2,0,3,1
six_4187,3,1,2,0,4,1
six_4188,3,1,2,0,4,0
six_4189,3,1,2,3,3,1
six_4190,3,1,2,3,3,2
six_4191,3,1,2,3,4,1
six_4192,3,1,2,3,5,1
six_4193,3,1,2,3,5,0
six_4194,3,1,2,3,5,2
six_4195,3,1,2,4,3,1
six_4196,3,1,2,4,4,1
six_4197,3,1,2,4,5,1
six_4198,3,1,2,5,3,1
six_4199,3,1,2,5,4,1
six_4200,3,1,2,5,5,1
six_4201,3,1,2,6,3,1
six_4202,3,1,2,6,4,1
six_4203,3,1,2,6,5,1
six_4204,3,1,2,7,3,1
six_4205,3,1,2,7,4,1
six_4206,3,1,2,7,5,1
six_4207,3,1,3,0,3,1
six_4208,3,1,3,0,4,1
six_4209,3,1,3,0,4,0
six_4210,3,1,3,3,3,1
six_4211,3,1,3,3,4,1
six_4212,3,1,3,3,5,1
six_4213,3,1,3,3,5,0
six_4214,3,1,3,3,5,2
six_4215,3,1,3,4,3,1
six_4216,3,1,3,4,4,1
six_4217,3,1,3,4,5,1
six_4218,3,1,3,5,3,1
six_4219,3,1,3,5,4,1
six_4220,3,1,3,5,5,1
six_4221,3,1,3,6,3,1
six_4222,3,1,3,6,4,1
six_4223,3,1,3,6,5,1
six_4224,3,1,3,7,3,1
six_4225,3,1,3,7,4,1
six_4226,3,1,3,7,5,1
six_4227,3,1,4,3,3,1
six_4228,3,1,4,3,3,0
six_4229,3,1,4,3,4,1
six_4230,3,1,4,3,4,0
six_4231,3,1,4,3,5,1
six_4232,3,1,4,3,5,0
six_4233,3,1,4,3,5,2
six_4234,3,1,5,1,5,4
six_4235,3,1,5,1,5,6
six_4236,3,1,5,2,5,6
six_4237,3,1,5,0,3,1
six_4238,3,1,5,0,4,1
six_4239,3,1,5,0,5,1
six_4240,3,1,5,0,5,6
six_4241,3,1,5,3,5,6
six_4242,3,1,5,4,5,0
six_4243,3,1,5,5,5,0
six_4244,3,1,6,2,3,1
six_4245,3,1,6,3,5,1
six_4246,3,2,7,1,5,1
six_4247,3,2,7,0,2,1
six_4248,3,2,7,0,3,1
six_4249,3,2,7,0,4,1
six_4250,3,2,7,3,6,0
six_4251,3,2,7,3,7,0
six_4252,3,2,7,3,5,1
six_4253,3,2,7,3,5,0
six_4254,3,2,7,3,5,2
six_4255,3,2,7,4,6,0
six_4256,3,2,7,4,7,0
six_4257,3,2,7,4,5,1
six_4258,3,2,7,5,6,0
six_4259,3,2,7,5,7,0
six_4260,3,2,7,5,5,1
six_4261,3,2,7,6,5,1
six_4262,3,2,7,7,5,1
six_4263,3,2,0,1,6,2
six_4264,3,2,0,1,6,4
six_4265,3,2,0,1,6,6
six_4266,3,2,0,1,7,2
six_4267,3,2,0,1,5,1
six_4268,3,2,0,2,6,3
six_4269,3,2,0,2,6,4
six_4270,3,2,0,2,6,6
six_4271,3,2,0,0,6,4
six_4272,3,2,0,0,6,6
six_4273,3,2,0,0,2,1
six_4274,3,2,0,0,3,1
six_4275,3,2,0,0,4,1
six_4276,3,2,0,3,6,6
six_4277,3,2,0,3,5,1
six_4278,3,2,0,3,5,0
six_4279,3,2,0,3,5,2
six_4280,3,2,0,4,6,6
six_4281,3,2,0,4,6,7
six_4282,3,2,0,4,5,1
six_4283,3,2,0,5,5,1
six_4284,3,2,0,6,6,2
six_4285,3,2,0,6,6,4
six_4286,3,2,0,6,7,2
six_4287,3,2,0,6,5,1
six_4288,3,2,0,7,6,2
six_4289,3,2,0,7,6,3
six_4290,3,2,0,7,6,4
six_4291,3,2,0,7,7,2
six_4292,3,2,0,7,5,1
six_4293,3,2,1,1,6,0
six_4294,3,2,1,1,5,1
six_4295,3,2,1,2,6,0
six_4296,3,2,1,2,7,0
six_4297,3,2,1,0,2,1
six_4298,3,2,1,0,3,1
six_4299,3,2,1,0,4,1
six_4300,3,2,1,3,6,0
six_4301,3,2,1,3,6,2
six_4302,3,2,1,3,7,0
six_4303,3,2,1,3,5,1
six_4304,3,2,1,3,5,0
six_4305,3,2,1,3,5,2
six_4306,3,2,1,4,6,0
six_4307,3,2,1,4,7,0
six_4308,3,2,1,4,5,1
six_4309,3,2,1,5,6,0
six_4310,3,2,1,5,7,0
six_4311,3,2,1,5,5,1
six_4312,3,2,1,6,6,0
six_4313,3,2,1,6,7,0
six_4314,3,2,1,6,5,1
six_4315,3,2,1,7,6,0
six_4316,3,2,1,7,7,0
six_4317,3,2,1,7,5,1
six_4318,3,2,2,1,5,1
six_4319,3,2,2,3,5,1
six_4320,3,2,2,3,5,0
six_4321,3,2,2,3,5,2
six_4322,3,2,2,4,6,0
six_4323,3,2,2,4,7,0
six_4324,3,2,2,4,7,3
six_4325,3,2,2,4,5,1
six_4326,3,2,2,5,6,0
six_4327,3,2,2,5,7,0
six_4328,3,2,2,5,5,1
six_4329,3,2,2,6,6,0
six_4330,3,2,2,6,7,0
six_4331,3,2,2,6,5,1
six_4332,3,2,2,7,6,0
six_4333,3,2,2,7,7,0
six_4334,3,2,2,7,5,1
six_4335,3,2,3,1,6,1
six_4336,3,2,3,1,6,0
six_4337,3,2,3,1,7,1
six_4338,3,2,3,1,7,0
six_4339,3,2,3,1,0,1
six_4340,3,2,3,2,6,0
six_4341,3,2,3,2,7,0
six_4342,3,2,3,0,6,0
six_4343,3,2,3,0,7,0
six_4344,3,2,3,0,2,1
six_4345,3,2,3,0,3,1
six_4346,3,2,3,0,3,0
six_4347,3,2,3,0,4,1
six_4348,3,2,3,0,4,0
six_4349,3,2,3,3,5,1
six_4350,3,2,3,3,5,0
six_4351,3,2,3,3,5,2
six_4352,3,2,3,4,6,0
six_4353,3,2,3,4,7,0
six_4354,3,2,3,4,7,3
six_4355,3,2,3,4,5,1
six_4356,3,2,3,5,6,0
six_4357,3,2,3,5,7,0
six_4358,3,2,3,5,5,1
six_4359,3,2,3,6,6,0
six_4360,3,2,3,6,7,0
six_4361,3,2,3,6,5,1
six_4362,3,2,3,7,6,0
six_4363,3,2,3,7,7,0
six_4364,3,2,3,7,5,1
six_4365,3,2,4,1,6,1
six_4366,3,2,4,1,6,0
six_4367,3,2,4,1,7,1
six_4368,3,2,4,1,7,0
six_4369,3,2,4,1,0,1
six_4370,3,2,4,2,6,0
six_4371,3,2,4,2,7,0
six_4372,3,2,4,0,6,0
six_4373,3,2,4,0,7,0
six_4374,3,2,4,3,3,1
six_4375,3,2,4,3,3,0
six_4376,3,2,4,3,4,1
six_4377,3,2,4,3,4,0
six_4378,3,2,4,3,5,1
six_4379,3,2,4,3,5,0
six_4380,3,2,4,3,5,2
six_4381,3,2,4,4,6,0
six_4382,3,2,4,4,7,0
six_4383,3,2,4,4,7,3
six_4384,3,2,4,5,6,0
six_4385,3,2,4,5,7,0
six_4386,3,2,4,6,6,0
six_4387,3,2,4,6,7,0
six_4388,3,2,4,7,6,0
six_4389,3,2,4,7,7,0
six_4390,3,2,5,1,6,1
six_4391,3,2,5,1,6,0
six_4392,3,2,5,1,7,1
six_4393,3,2,5,1,7,0
six_4394,3,2,5,1,0,1
six_4395,3,2,5,1,5,4
six_4396,3,2,5,1,5,6
six_4397,3,2,5,2,6,0
six_4398,3,2,5,2,7,0
six_4399,3,2,5,2,2,1
six_4400,3,2,5,2,5,6
six_4401,3,2,5,0,6,0
six_4402,3,2,5,0,7,0
six_4403,3,2,5,0,5,1
six_4404,3,2,5,0,5,6
six_4405,3,2,5,3,5,6
six_4406,3,2,5,4,6,0
six_4407,3,2,5,4,7,0
six_4408,3,2,5,4,7,3
six_4409,3,2,5,4,5,0
six_4410,3,2,5,4,5,7
six_4411,3,2,5,5,6,0
six_4412,3,2,5,5,7,0
six_4413,3,2,5,5,5,0
six_4414,3,2,5,6,6,0
six_4415,3,2,5,6,7,0
six_4416,3,2,5,6,5,0
six_4417,3,2,5,7,6,0
six_4418,3,2,5,7,7,0
six_4419,3,2,5,7,5,0
six_4420,3,2,5,7,5,3
six_4421,3,2,6,1,6,1
six_4422,3,2,6,1,6,0
six_4423,3,2,6,1,7,1
six_4424,3,2,6,1,7,0
six_4425,3,2,6,1,0,1
six_4426,3,2,6,2,6,0
six_4427,3,2,6,2,7,0
six_4428,3,2,6,0,6,0
six_4429,3,2,6,0,7,0
six_4430,3,2,6,3,5,1
six_4431,3,2,6,4,6,0
six_4432,3,2,6,4,7,0
six_4433,3,2,6,4,7,3
six_4434,3,2,6,5,6,0
six_4435,3,2,6,5,7,0
six_4436,3,2,6,6,6,0
six_4437,3,2,6,6,7,0
six_4438,3,2,6,7,6,0
six_4439,3,2,6,7,7,0
six_4440,3,3,7,2,0,1
six_4441,3,3,7,2,1,0
six_4442,3,3,7,2,2,1
six_4443,3,3,7,3,5,1
six_4444,3,3,7,3,5,0
six_4445,3,3,0,2,1,1
six_4446,3,3,0,2,1,0
six_4447,3,3,0,2,2,1
six_4448,3,3,0,3,5,1
six_4449,3,3,0,3,5,0
six_4450,3,3,1,2,2,1
six_4451,3,3,1,0,6,1
six_4452,3,3,1,0,7,1
six_4453,3,3,1,0,7,0
six_4454,3,3,1,3,5,1
six_4455,3,3,1,3,5,0
six_4456,3,3,2,0,7,0
six_4457,3,3,2,4,7,1
six_4458,3,3,2,5,7,1
six_4459,3,3,2,6,7,1
six_4460,3,3,2,7,7,1
six_4461,3,3,3,3,6,1
six_4462,3,3,3,3,5,1
six_4463,3,3,3,3,5,0
six_4464,3,3,3,3,5,2
six_4465,3,3,4,2,1,1
six_4466,3,3,4,2,1,0
six_4467,3,3,4,0,4,1
six_4468,3,3,4,0,5,1
six_4469,3,3,4,0,5,0
six_4470,3,3,4,3,6,1
six_4471,3,3,5,1,5,4
six_4472,3,3,5,1,5,6
six_4473,3,3,5,2,1,1
six_4474,3,3,5,2,1,0
six_4475,3,3,5,2,2,1
six_4476,3,3,5,2,5,6
six_4477,3,3,5,0,5,6
six_4478,3,3,5,3,6,1
six_4479,3,3,5,3,5,6
six_4480,3,3,5,4,5,0
six_4481,3,3,5,5,5,0
six_4482,3,3,5,6,5,0
six_4483,3,3,5,7,5,0
six_4484,3,3,5,7,5,3
six_4485,3,3,6,2,1,1
six_4486,3,3,6,2,1,0
six_4487,3,3,6,2,3,1
six_4488,3,3,6,3,6,1
seven_4489,0,0,7,2,0,1
seven_4490,0,0,7,2,2,1
seven_4491,0,0,7,2,4,1
seven_4492,0,0,0,2,0,1
seven_4493,0,0,0,2,2,1
seven_4494,0,0,0,2,4,1
seven_4495,0,0,1,2,2,1
seven_4496,0,0,1,2,3,1
seven_4497,0,0,1,2,4,1
seven_4498,0,0,1,2,5,1
seven_4499,0,0,2,2,4,1
seven_4500,0,0,2,2,5,1
seven_4501,1,0,7,2,2,1
seven_4502,1,0,7,2,4,1
seven_4503,1,0,0,2,6,2
seven_4504,1,0,0,2,6,3
seven_4505,1,0,0,2,6,4
seven_4506,1,0,0,2,6,5
seven_4507,1,0,0,2,6,6
seven_4508,1,0,0,2,6,7
seven_4509,1,0,0,2,2,1
seven_4510,1,0,0,2,4,1
seven_4511,1,0,0,0,6,4
seven_4512,1,0,0,0,6,5
seven_4513,1,0,0,0,6,6
seven_4514,1,0,0,0,6,7
seven_4515,1,0,0,3,6,6
seven_4516,1,0,0,3,6,7
seven_4517,1,0,1,2,2,1
seven_4518,1,0,1,2,4,1
seven_4519,1,0,2,0,5,0
seven_4520,1,0,3,2,4,1
seven_4521,1,0,4,2,5,1
seven_4522,1,0,5,2,1,1
seven_4523,1,0,5,2,2,1
seven_4524,1,0,6,2,1,1
seven_4525,1,0,6,2,2,1
seven_4526,1,0,6,2,3,1
seven_4527,1,1,2,0,5,0
seven_4528,1,1,3,2,4,1
seven_4529,1,1,4,2,1,1
seven_4530,1,1,4,2,5,1
seven_4531,1,1,5,2,1,1
seven_4532,1,1,5,2,2,1
seven_4533,1,1,6,2,1,1
seven_4534,1,1,6,2,2,1
seven_4535,1,1,6,2,3,1
seven_4536,2,0,7,0,2,0
seven_4537,2,0,7,0,4,1
seven_4538,2,0,7,0,4,0
seven_4539,2,0,7,0,5,1
seven_4540,2,0,7,0,5,0
seven_4541,2,0,0,1,6,1
seven_4542,2,0,0,1,6,0
seven_4543,2,0,0,1,6,3
seven_4544,2,0,0,1,6,5
seven_4545,2,0,0,1,6,7
seven_4546,2,0,0,2,6,0
seven_4547,2,0,0,2,6,3
seven_4548,2,0,0,2,6,5
seven_4549,2,0,0,2,6,7
seven_4550,2,0,0,0,6,4
seven_4551,2,0,0,0,6,5
seven_4552,2,0,0,0,6,6
seven_4553,2,0,0,0,6,7
seven_4554,2,0,0,0,2,0
seven_4555,2,0,0,0,4,1
seven_4556,2,0,0,0,4,0
seven_4557,2,0,0,0,5,1
seven_4558,2,0,0,0,5,0
seven_4559,2,0,0,3,6,6
seven_4560,2,0,0,3,6,7
seven_4561,2,0,0,5,6,1
seven_4562,2,0,0,6,6,1
seven_4563,2,0,0,7,6,1
seven_4564,2,0,1,0,2,0
seven_4565,2,0,1,0,4,1
seven_4566,2,0,1,0,4,0
seven_4567,2,0,1,0,5,1
seven_4568,2,0,1,0,5,0
seven_4569,2,0,2,0,2,1
seven_4570,2,0,2,0,3,1
seven_4571,2,0,2,0,3,0
seven_4572,2,0,2,0,4,1
seven_4573,2,0,2,0,4,0
seven_4574,2,0,2,0,5,1
seven_4575,2,0,2,0,5,0
seven_4576,2,0,3,0,2,1
seven_4577,2,0,3,0,3,1
seven_4578,2,0,3,0,4,1
seven_4579,2,0,3,0,4,0
seven_4580,2,0,3,0,5,1
seven_4581,2,0,3,0,5,0
seven_4582,2,0,4,3,4,1
seven_4583,2,0,4,3,5,1
seven_4584,2,0,5,1,5,5
seven_4585,2,0,5,1,5,7
seven_4586,2,0,5,2,2,1
seven_4587,2,0,5,2,5,7
seven_4588,2,0,5,0,5,7
seven_4589,2,0,5,3,5,7
seven_4590,2,0,5,4,5,1
seven_4591,2,0,5,5,5,1
seven_4592,2,0,6,2,2,1
seven_4593,2,1,7,0,2,1
seven_4594,2,1,7,0,2,0
seven_4595,2,1,7,0,3,1
seven_4596,2,1,7,0,3,0
seven_4597,2,1,7,0,4,1
seven_4598,2,1,7,0,4,0
seven_4599,2,1,7,0,5,1
seven_4600,2,1,7,0,5,0
seven_4601,2,1,0,1,6,0
seven_4602,2,1,0,1,6,3
seven_4603,2,1,0,1,6,5
seven_4604,2,1,0,1,6,7
seven_4605,2,1,0,2,6,0
seven_4606,2,1,0,2,6,3
seven_4607,2,1,0,2,6,5
seven_4608,2,1,0,2,6,7
seven_4609,2,1,0,0,6,3
seven_4610,2,1,0,0,6,5
seven_4611,2,1,0,0,6,7
seven_4612,2,1,0,0,2,1
seven_4613,2,1,0,0,2,0
seven_4614,2,1,0,0,3,1
seven_4615,2,1,0,0,3,0
seven_4616,2,1,0,0,4,1
seven_4617,2,1,0,0,4,0
seven_4618,2,1,0,0,5,1
seven_4619,2,1,0,0,5,0
seven_4620,2,1,0,4,6,6
seven_4621,2,1,0,5,6,3
seven_4622,2,1,0,5,6,7
seven_4623,2,1,0,6,6,0
seven_4624,2,1,0,6,6,3
seven_4625,2,1,0,7,6,0
seven_4626,2,1,0,7,6,2
seven_4627,2,1,0,7,6,3
seven_4628,2,1,0,7,6,4
seven_4629,2,1,0,7,6,5
seven_4630,2,1,1,1,6,0
seven_4631,2,1,1,0,2,1
seven_4632,2,1,1,0,2,0
seven_4633,2,1,1,0,3,1
seven_4634,2,1,1,0,3,0
seven_4635,2,1,1,0,4,1
seven_4636,2,1,1,0,4,0
seven_4637,2,1,1,0,5,1
seven_4638,2,1,1,0,5,0
seven_4639,2,1,1,3,7,7
seven_4640,2,1,2,0,4,1
seven_4641,2,1,2,0,5,1
seven_4642,2,1,2,0,5,0
seven_4643,2,1,2,3,5,1
seven_4644,2,1,2,4,6,2
seven_4645,2,1,2,4,6,3
seven_4646,2,1,3,0,2,1
seven_4647,2,1,3,0,3,1
seven_4648,2,1,3,0,4,1
seven_4649,2,1,3,0,4,0
seven_4650,2,1,3,0,5,1
seven_4651,2,1,3,0,5,0
seven_4652,2,1,3,4,6,2
seven_4653,2,1,3,4,6,3
seven_4654,2,1,4,0,2,1
seven_4655,2,1,4,0,3,1
seven_4656,2,1,4,0,4,1
seven_4657,2,1,4,0,5,1
seven_4658,2,1,4,0,5,0
seven_4659,2,1,4,3,4,1
seven_4660,2,1,4,3,5,1
seven_4661,2,1,4,4,6,2
seven_4662,2,1,4,4,6,3
seven_4663,2,1,5,1,5,5
seven_4664,2,1,5,1,5,7
seven_4665,2,1,5,2,5,7
seven_4666,2,1,5,0,5,7
seven_4667,2,1,5,3,5,7
seven_4668,2,1,5,4,6,2
seven_4669,2,1,5,4,6,3
seven_4670,2,1,5,4,5,1
seven_4671,2,1,5,5,5,1
seven_4672,2,1,5,6,5,1
seven_4673,2,1,5,7,5,1
seven_4674,2,1,5,7,5,2
seven_4675,2,1,6,4,6,2
seven_4676,2,1,6,4,6,3
seven_4677,2,2,7,0,4,1
seven_4678,2,2,7,0,5,1
seven_4679,2,2,0,0,4,1
seven_4680,2,2,0,0,5,1
seven_4681,2,2,2,0,1,1
seven_4682,2,2,2,0,2,1
seven_4683,2,2,2,0,2,0
seven_4684,2,2,2,0,3,1
seven_4685,2,2,2,0,3,0
seven_4686,2,2,2,0,4,1
seven_4687,2,2,2,0,4,0
seven_4688,2,2,2,0,5,1
seven_4689,2,2,2,0,5,0
seven_4690,2,2,3,0,2,1
seven_4691,2,2,3,0,3,1
seven_4692,2,2,3,0,4,1
seven_4693,2,2,3,0,4,0
seven_4694,2,2,3,0,5,1
seven_4695,2,2,3,0,5,0
seven_4696,2,2,4,2,1,1
seven_4697,2,2,4,3,4,1
seven_4698,2,2,4,3,5,1
seven_4699,2,2,5,1,5,5
seven_4700,2,2,5,1,5,7
seven_4701,2,2,5,2,1,1
seven_4702,2,2,5,2,5,7
seven_4703,2,2,5,0,5,7
seven_4704,2,2,5,3,5,7
seven_4705,2,2,5,4,5,1
seven_4706,2,2,5,5,5,1
seven_4707,2,2,5,6,5,1
seven_4708,2,2,5,7,5,1
seven_4709,2,2,5,7,5,2
seven_4710,3,0,7,3,4,0
seven_4711,3,0,7,3,4,2
seven_4712,3,0,0,1,6,3
seven_4713,3,0,0,1,6,5
seven_4714,3,0,0,1,6,7
seven_4715,3,0,0,2,6,3
seven_4716,3,0,0,2,6,5
seven_4717,3,0,0,2,6,7
seven_4718,3,0,0,0,6,5
seven_4719,3,0,0,0,6,7
seven_4720,3,0,0,3,6,6
seven_4721,3,0,0,3,6,7
seven_4722,3,0,0,3,4,0
seven_4723,3,0,0,3,4,2
seven_4724,3,0,0,5,6,1
seven_4725,3,0,0,5,7,1
seven_4726,3,0,0,6,6,1
seven_4727,3,0,0,6,7,1
seven_4728,3,0,0,7,6,1
seven_4729,3,0,0,7,7,1
seven_4730,3,0,1,3,4,0
seven_4731,3,0,1,3,4,2
seven_4732,3,0,2,3,4,0
seven_4733,3,0,2,3,4,2
seven_4734,3,0,3,1,5,1
seven_4735,3,0,3,3,7,0
seven_4736,3,0,3,3,7,2
seven_4737,3,0,4,3,7,0
seven_4738,3,0,4,3,7,2
seven_4739,3,0,5,1,5,3
seven_4740,3,0,5,1,5,5
seven_4741,3,0,5,1,5,7
seven_4742,3,0,5,2,5,5
seven_4743,3,0,5,2,5,7
seven_4744,3,0,5,0,5,5
seven_4745,3,0,5,0,5,7
seven_4746,3,0,5,3,7,0
seven_4747,3,0,5,3,7,2
seven_4748,3,0,5,3,5,0
seven_4749,3,0,5,3,5,7
seven_4750,3,0,5,5,5,1
seven_4751,3,0,6,0,3,1
seven_4752,3,0,6,0,3,0
seven_4753,3,0,6,0,4,1
seven_4754,3,0,6,0,5,1
seven_4755,3,0,6,3,7,0
seven_4756,3,0,6,3,7,2
seven_4757,3,1,7,3,3,0
seven_4758,3,1,7,3,4,0
seven_4759,3,1,7,3,4,2
seven_4760,3,1,0,1,6,3
seven_4761,3,1,0,1,6,5
seven_4762,3,1,0,1,6,7
seven_4763,3,1,0,2,6,3
seven_4764,3,1,0,2,6,5
seven_4765,3,1,0,2,6,7
seven_4766,3,1,0,0,6,5
seven_4767,3,1,0,0,6,7
seven_4768,3,1,0,3,6,5
seven_4769,3,1,0,3,6,7
seven_4770,3,1,0,3,3,0
seven_4771,3,1,0,3,4,0
seven_4772,3,1,0,3,4,2
seven_4773,3,1,0,5,6,3
seven_4774,3,1,0,5,6,7
seven_4775,3,1,0,6,6,0
seven_4776,3,1,0,6,6,3
seven_4777,3,1,0,6,7,0
seven_4778,3,1,0,7,6,0
seven_4779,3,1,0,7,6,2
seven_4780,3,1,0,7,6,3
seven_4781,3,1,0,7,6,4
seven_4782,3,1,0,7,6,5
seven_4783,3,1,0,7,7,0
seven_4784,3,1,1,3,3,0
seven_4785,3,1,1,3,4,0
seven_4786,3,1,1,3,4,2
seven_4787,3,1,2,3,3,0
seven_4788,3,1,2,3,4,0
seven_4789,3,1,2,3,4,2
seven_4790,3,1,2,4,6,2
seven_4791,3,1,2,4,6,3
seven_4792,3,1,3,1,3,1
seven_4793,3,1,3,1,4,1
seven_4794,3,1,3,1,5,1
seven_4795,3,1,3,3,3,0
seven_4796,3,1,3,3,4,0
seven_4797,3,1,3,3,4,2
seven_4798,3,1,3,4,6,2
seven_4799,3,1,3,4,6,3
seven_4800,3,1,4,1,5,1
seven_4801,3,1,4,4,6,2
seven_4802,3,1,4,4,6,3
seven_4803,3,1,4,4,3,1
seven_4804,3,1,4,4,4,1
seven_4805,3,1,4,4,5,1
seven_4806,3,1,4,5,3,1
seven_4807,3,1,4,5,4,1
seven_4808,3,1,4,5,5,1
seven_4809,3,1,4,6,3,1
seven_4810,3,1,4,6,4,1
seven_4811,3,1,4,6,5,1
seven_4812,3,1,4,7,3,1
seven_4813,3,1,4,7,4,1
seven_4814,3,1,4,7,5,1
seven_4815,3,1,5,1,5,2
seven_4816,3,1,5,1,5,3
seven_4817,3,1,5,1,5,5
seven_4818,3,1,5,1,5,7
seven_4819,3,1,5,2,5,4
seven_4820,3,1,5,2,5,5
seven_4821,3,1,5,2,5,7
seven_4822,3,1,5,0,5,5
seven_4823,3,1,5,0,5,7
seven_4824,3,1,5,3,3,1
seven_4825,3,1,5,3,3,0
seven_4826,3,1,5,3,4,1
seven_4827,3,1,5,3,4,0
seven_4828,3,1,5,3,5,0
seven_4829,3,1,5,3,5,5
seven_4830,3,1,5,3,5,7
seven_4831,3,1,5,4,6,2
seven_4832,3,1,5,4,6,3
seven_4833,3,1,5,4,5,7
seven_4834,3,1,5,5,5,3
seven_4835,3,1,5,5,5,7
seven_4836,3,1,5,6,5,0
seven_4837,3,1,5,6,5,3
seven_4838,3,1,5,7,5,0
seven_4839,3,1,5,7,5,2
seven_4840,3,1,5,7,5,3
seven_4841,3,1,5,7,5,5
seven_4842,3,1,6,0,3,1
seven_4843,3,1,6,0,3,0
seven_4844,3,1,6,0,4,1
seven_4845,3,1,6,0,5,1
seven_4846,3,1,6,3,3,1
seven_4847,3,1,6,3,4,1
seven_4848,3,1,6,4,6,2
seven_4849,3,1,6,4,6,3
seven_4850,3,1,6,4,5,1
seven_4851,3,1,6,5,5,1
seven_4852,3,2,7,1,0,1
seven_4853,3,2,7,3,2,1
seven_4854,3,2,7,3,3,1
seven_4855,3,2,7,3,3,0
seven_4856,3,2,7,3,3,2
seven_4857,3,2,7,3,4,1
seven_4858,3,2,7,3,4,0
seven_4859,3,2,7,3,4,2
seven_4860,3,2,7,4,6,2
seven_4861,3,2,7,4,7,2
seven_4862,3,2,7,6,6,0
seven_4863,3,2,7,6,7,0
seven_4864,3,2,7,6,3,7
seven_4865,3,2,7,6,5,7
seven_4866,3,2,7,7,6,0
seven_4867,3,2,7,7,7,0
seven_4868,3,2,0,3,2,1
seven_4869,3,2,0,3,3,1
seven_4870,3,2,0,3,3,0
seven_4871,3,2,0,3,3,2
seven_4872,3,2,0,3,4,1
seven_4873,3,2,0,3,4,0
seven_4874,3,2,0,3,4,2
seven_4875,3,2,0,5,6,3
seven_4876,3,2,0,5,6,7
seven_4877,3,2,0,6,6,3
seven_4878,3,2,0,6,5,7
seven_4879,3,2,0,7,6,5
seven_4880,3,2,1,3,2,1
seven_4881,3,2,1,3,3,1
seven_4882,3,2,1,3,3,0
seven_4883,3,2,1,3,3,2
seven_4884,3,2,1,3,4,1
seven_4885,3,2,1,3,4,0
seven_4886,3,2,1,3,4,2
seven_4887,3,2,1,4,6,2
seven_4888,3,2,1,4,6,3
seven_4889,3,2,1,4,6,4
seven_4890,3,2,1,4,6,5
seven_4891,3,2,1,4,6,6
seven_4892,3,2,1,4,6,7
seven_4893,3,2,1,4,7,2
seven_4894,3,2,1,4,7,6
seven_4895,3,2,1,4,7,7
seven_4896,3,2,1,6,5,7
seven_4897,3,2,2,1,6,1
seven_4898,3,2,2,1,6,0
seven_4899,3,2,2,1,7,1
seven_4900,3,2,2,1,7,0
seven_4901,3,2,2,3,2,1
seven_4902,3,2,2,3,3,1
seven_4903,3,2,2,3,3,0
seven_4904,3,2,2,3,3,2
seven_4905,3,2,2,3,4,1
seven_4906,3,2,2,3,4,0
seven_4907,3,2,2,3,4,2
seven_4908,3,2,2,4,6,2
seven_4909,3,2,2,4,6,3
seven_4910,3,2,2,4,7,2
seven_4911,3,2,2,5,6,2
seven_4912,3,2,2,5,6,6
seven_4913,3,2,2,5,6,7
seven_4914,3,2,2,5,7,2
seven_4915,3,2,2,6,6,2
seven_4916,3,2,2,6,7,2
seven_4917,3,2,2,6,5,7
seven_4918,3,2,2,7,6,2
seven_4919,3,2,2,7,7,2
seven_4920,3,2,3,1,6,2
seven_4921,3,2,3,1,7,2
seven_4922,3,2,3,1,4,1
seven_4923,3,2,3,1,5,1
seven_4924,3,2,3,2,6,2
seven_4925,3,2,3,2,7,2
seven_4926,3,2,3,0,6,2
seven_4927,3,2,3,0,7,2
seven_4928,3,2,3,3,2,1
seven_4929,3,2,3,3,3,1
seven_4930,3,2,3,3,3,2
seven_4931,3,2,3,3,4,1
seven_4932,3,2,3,4,6,2
seven_4933,3,2,3,4,6,3
seven_4934,3,2,3,4,7,2
seven_4935,3,2,3,4,2,1
seven_4936,3,2,3,4,3,1
seven_4937,3,2,3,4,4,1
seven_4938,3,2,3,5,6,2
seven_4939,3,2,3,5,7,2
seven_4940,3,2,3,5,2,1
seven_4941,3,2,3,5,3,1
seven_4942,3,2,3,5,4,1
seven_4943,3,2,3,6,6,2
seven_4944,3,2,3,6,6,7
seven_4945,3,2,3,6,7,2
seven_4946,3,2,3,6,2,1
seven_4947,3,2,3,6,3,1
seven_4948,3,2,3,6,4,1
seven_4949,3,2,3,7,6,2
seven_4950,3,2,3,7,7,2
seven_4951,3,2,3,7,2,1
seven_4952,3,2,3,7,3,1
seven_4953,3,2,3,7,4,1
seven_4954,3,2,4,1,6,2
seven_4955,3,2,4,1,7,2
seven_4956,3,2,4,1,5,1
seven_4957,3,2,4,2,6,2
seven_4958,3,2,4,2,7,2
seven_4959,3,2,4,0,6,2
seven_4960,3,2,4,0,7,2
seven_4961,3,2,4,4,6,2
seven_4962,3,2,4,4,6,3
seven_4963,3,2,4,4,7,2
seven_4964,3,2,4,4,3,1
seven_4965,3,2,4,4,4,1
seven_4966,3,2,4,4,5,1
seven_4967,3,2,4,5,6,2
seven_4968,3,2,4,5,7,2
seven_4969,3,2,4,5,3,1
seven_4970,3,2,4,5,4,1
seven_4971,3,2,4,5,5,1
seven_4972,3,2,4,6,6,2
seven_4973,3,2,4,6,6,7
seven_4974,3,2,4,6,7,2
seven_4975,3,2,4,6,3,1
seven_4976,3,2,4,6,4,1
seven_4977,3,2,4,6,5,1
seven_4978,3,2,4,7,6,2
seven_4979,3,2,4,7,7,2
seven_4980,3,2,4,7,3,1
seven_4981,3,2,4,7,4,1
seven_4982,3,2,4,7,5,1
seven_4983,3,2,5,1,6,2
seven_4984,3,2,5,1,7,2
seven_4985,3,2,5,1,5,2
seven_4986,3,2,5,1,5,3
seven_4987,3,2,5,1,5,5
seven_4988,3,2,5,2,6,2
seven_4989,3,2,5,2,7,2
seven_4990,3,2,5,2,5,4
seven_4991,3,2,5,2,5,5
seven_4992,3,2,5,0,6,2
seven_4993,3,2,5,0,7,2
seven_4994,3,2,5,0,2,1
seven_4995,3,2,5,0,3,1
seven_4996,3,2,5,0,4,1
seven_4997,3,2,5,0,5,4
seven_4998,3,2,5,0,5,5
seven_4999,3,2,5,3,2,1
seven_5000,3,2,5,3,3,1
seven_5001,3,2,5,3,4,1
seven_5002,3,2,5,3,5,0
seven_5003,3,2,5,3,5,5
seven_5004,3,2,5,4,6,2
seven_5005,3,2,5,4,6,3
seven_5006,3,2,5,4,7,2
seven_5007,3,2,5,4,5,2
seven_5008,3,2,5,5,6,2
seven_5009,3,2,5,5,7,2
seven_5010,3,2,5,5,5,2
seven_5011,3,2,5,5,5,3
seven_5012,3,2,5,5,5,7
seven_5013,3,2,5,6,6,2
seven_5014,3,2,5,6,6,7
seven_5015,3,2,5,6,7,2
seven_5016,3,2,5,6,5,2
seven_5017,3,2,5,6,5,3
seven_5018,3,2,5,7,6,2
seven_5019,3,2,5,7,7,2
seven_5020,3,2,5,7,5,2
seven_5021,3,2,5,7,5,4
seven_5022,3,2,5,7,5,5
seven_5023,3,2,6,1,6,2
seven_5024,3,2,6,1,7,2
seven_5025,3,2,6,2,6,2
seven_5026,3,2,6,2,7,2
seven_5027,3,2,6,0,6,2
seven_5028,3,2,6,0,7,2
seven_5029,3,2,6,0,2,1
seven_5030,3,2,6,0,3,1
seven_5031,3,2,6,0,3,0
seven_5032,3,2,6,0,4,1
seven_5033,3,2,6,0,5,1
seven_5034,3,2,6,3,2,1
seven_5035,3,2,6,3,3,1
seven_5036,3,2,6,3,4,1
seven_5037,3,2,6,4,6,2
seven_5038,3,2,6,4,6,3
seven_5039,3,2,6,4,7,2
seven_5040,3,2,6,4,5,1
seven_5041,3,2,6,5,6,2
seven_5042,3,2,6,5,7,2
seven_5043,3,2,6,5,5,1
seven_5044,3,2,6,6,6,2
seven_5045,3,2,6,6,6,7
seven_5046,3,2,6,6,7,2
seven_5047,3,2,6,6,0,7
seven_5048,3,2,6,7,6,2
seven_5049,3,2,6,7,7,2
seven_5050,3,3,7,1,5,1
seven_5051,3,3,7,0,0,0
seven_5052,3,3,7,0,5,1
seven_5053,3,3,7,0,5,0
seven_5054,3,3,7,4,5,1
seven_5055,3,3,7,5,5,1
seven_5056,3,3,7,6,5,1
seven_5057,3,3,7,7,5,1
seven_5058,3,3,0,1,5,1
seven_5059,3,3,0,0,5,1
seven_5060,3,3,0,0,5,0
seven_5061,3,3,0,3,0,0
seven_5062,3,3,0,4,0,0
seven_5063,3,3,0,4,5,1
seven_5064,3,3,0,5,0,0
seven_5065,3,3,0,5,5,1
seven_5066,3,3,0,6,0,0
seven_5067,3,3,0,6,5,1
seven_5068,3,3,0,7,0,0
seven_5069,3,3,0,7,5,1
seven_5070,3,3,1,1,6,1
seven_5071,3,3,1,1,5,1
seven_5072,3,3,1,0,5,1
seven_5073,3,3,1,0,5,0
seven_5074,3,3,1,3,7,1
seven_5075,3,3,1,4,7,1
seven_5076,3,3,1,4,5,1
seven_5077,3,3,1,5,7,1
seven_5078,3,3,1,5,5,1
seven_5079,3,3,1,6,7,1
seven_5080,3,3,1,6,5,1
seven_5081,3,3,1,7,7,1
seven_5082,3,3,1,7,5,1
seven_5083,3,3,2,1,6,1
seven_5084,3,3,2,1,5,1
seven_5085,3,3,2,0,6,1
seven_5086,3,3,2,0,7,1
seven_5087,3,3,2,0,0,1
seven_5088,3,3,2,0,0,0
seven_5089,3,3,2,0,5,1
seven_5090,3,3,2,0,5,0
seven_5091,3,3,2,4,5,1
seven_5092,3,3,2,5,5,1
seven_5093,3,3,2,6,5,1
seven_5094,3,3,2,7,5,1
seven_5095,3,3,3,1,6,1
seven_5096,3,3,3,0,6,1
seven_5097,3,3,3,0,3,1
seven_5098,3,3,3,0,3,0
seven_5099,3,3,3,0,4,1
seven_5100,3,3,3,0,4,0
seven_5101,3,3,3,0,5,1
seven_5102,3,3,3,0,5,0
seven_5103,3,3,3,3,0,0
seven_5104,3,3,3,4,6,1
seven_5105,3,3,3,4,5,1
seven_5106,3,3,3,5,5,1
seven_5107,3,3,3,6,5,1
seven_5108,3,3,3,7,5,1
seven_5109,3,3,4,1,6,1
seven_5110,3,3,4,0,6,1
seven_5111,3,3,4,0,0,0
seven_5112,3,3,4,3,0,0
seven_5113,3,3,4,3,2,0
seven_5114,3,3,4,3,4,1
seven_5115,3,3,4,3,4,0
seven_5116,3,3,4,3,5,1
seven_5117,3,3,4,3,5,0
seven_5118,3,3,4,3,5,2
seven_5119,3,3,4,4,6,1
seven_5120,3,3,4,4,2,0
seven_5121,3,3,4,4,4,1
seven_5122,3,3,4,4,5,1
seven_5123,3,3,4,5,6,1
seven_5124,3,3,4,5,2,0
seven_5125,3,3,4,5,4,1
seven_5126,3,3,4,5,5,1
seven_5127,3,3,4,5,5,6
seven_5128,3,3,4,5,5,7
seven_5129,3,3,4,6,2,0
seven_5130,3,3,4,6,4,1
seven_5131,3,3,4,6,5,1
seven_5132,3,3,4,7,2,0
seven_5133,3,3,4,7,4,1
seven_5134,3,3,4,7,5,1
seven_5135,3,3,5,1,6,1
seven_5136,3,3,5,1,5,2
seven_5137,3,3,5,1,5,3
seven_5138,3,3,5,1,5,5
seven_5139,3,3,5,2,5,4
seven_5140,3,3,5,2,5,5
seven_5141,3,3,5,0,6,1
seven_5142,3,3,5,0,0,0
seven_5143,3,3,5,0,5,1
seven_5144,3,3,5,0,5,4
seven_5145,3,3,5,0,5,5
seven_5146,3,3,5,3,0,0
seven_5147,3,3,5,3,5,0
seven_5148,3,3,5,3,5,5
seven_5149,3,3,5,4,6,1
seven_5150,3,3,5,4,5,2
seven_5151,3,3,5,5,6,1
seven_5152,3,3,5,5,5,2
seven_5153,3,3,5,5,5,3
seven_5154,3,3,5,5,5,7
seven_5155,3,3,5,6,6,1
seven_5156,3,3,5,6,5,2
seven_5157,3,3,5,6,5,3
seven_5158,3,3,5,7,5,2
seven_5159,3,3,5,7,5,4
seven_5160,3,3,5,7,5,5
seven_5161,3,3,6,1,6,1
seven_5162,3,3,6,0,6,1
seven_5163,3,3,6,0,0,0
seven_5164,3,3,6,3,0,0
seven_5165,3,3,6,3,5,1
seven_5166,3,3,6,4,6,1
seven_5167,3,3,6,4,5,1
seven_5168,3,3,6,5,6,1
seven_5169,3,3,6,5,5,1
seven_5170,3,3,6,6,6,1
seven_5171,3,3,6,7,6,1
eight_5172,0,0,7,2,1,1
eight_5173,0,0,7,2,3,1
eight_5174,0,0,7,2,5,1
eight_5175,0,0,0,2,1,1
eight_5176,0,0,0,2,3,1
eight_5177,0,0,0,2,5,1
eight_5178,0,0,2,2,3,1
eight_5179,0,0,3,2,4,1
eight_5180,0,0,3,2,5,1
eight_5181,0,0,4,2,0,1
eight_5182,0,0,4,2,1,1
eight_5183,0,0,4,2,5,1
eight_5184,0,0,5,2,0,1
eight_5185,0,0,5,2,1,1
eight_5186,0,0,5,2,2,1
eight_5187,0,0,6,2,0,1
eight_5188,0,0,6,2,1,1
eight_5189,0,0,6,2,2,1
eight_5190,0,0,6,2,3,1
eight_5191,1,0,7,0,1,0
eight_5192,1,0,7,0,3,1
eight_5193,1,0,7,0,3,0
eight_5194,1,0,7,0,4,1
eight_5195,1,0,7,0,4,0
eight_5196,1,0,7,0,5,1
eight_5197,1,0,7,0,5,0
eight_5198,1,0,0,0,1,0
eight_5199,1,0,0,0,3,1
eight_5200,1,0,0,0,3,0
eight_5201,1,0,0,0,4,1
eight_5202,1,0,0,0,4,0
eight_5203,1,0,0,0,5,1
eight_5204,1,0,0,0,5,0
eight_5205,1,0,0,3,6,5
eight_5206,1,0,0,4,6,2
eight_5207,1,0,0,4,6,6
eight_5208,1,0,0,4,6,7
eight_5209,1,0,0,5,6,2
eight_5210,1,0,0,5,6,3
eight_5211,1,0,0,5,6,7
eight_5212,1,0,0,6,6,2
eight_5213,1,0,0,6,6,3
eight_5214,1,0,0,6,6,4
eight_5215,1,0,0,7,6,2
eight_5216,1,0,0,7,6,3
eight_5217,1,0,0,7,6,4
eight_5218,1,0,0,7,6,5
eight_5219,1,0,1,0,3,1
eight_5220,1,0,1,0,3,0
eight_5221,1,0,1,0,4,1
eight_5222,1,0,1,0,4,0
eight_5223,1,0,1,0,5,1
eight_5224,1,0,1,0,5,0
eight_5225,1,0,2,0,1,1
eight_5226,1,0,2,0,2,1
eight_5227,1,0,2,0,3,1
eight_5228,1,0,2,0,3,0
eight_5229,1,0,2,0,4,1
eight_5230,1,0,2,0,4,0
eight_5231,1,0,2,0,5,1
eight_5232,1,0,3,0,5,1
eight_5233,1,0,3,0,5,0
eight_5234,1,0,4,2,1,1
eight_5235,1,0,5,1,5,6
eight_5236,1,0,5,0,5,1
eight_5237,1,0,5,7,5,0
eight_5238,1,1,7,0,3,1
eight_5239,1,1,7,0,3,0
eight_5240,1,1,7,0,4,1
eight_5241,1,1,7,0,4,0
eight_5242,1,1,7,0,5,1
eight_5243,1,1,7,0,5,0
eight_5244,1,1,0,0,3,1
eight_5245,1,1,0,0,3,0
eight_5246,1,1,0,0,4,1
eight_5247,1,1,0,0,4,0
eight_5248,1,1,0,0,5,1
eight_5249,1,1,0,0,5,0
eight_5250,1,1,1,0,1,0
eight_5251,1,1,1,0,3,1
eight_5252,1,1,1,0,3,0
eight_5253,1,1,1,0,4,1
eight_5254,1,1,1,0,4,0
eight_5255,1,1,1,0,5,1
eight_5256,1,1,1,0,5,0
eight_5257,1,1,2,0,1,1
eight_5258,1,1,2,0,2,1
eight_5259,1,1,2,0,3,1
eight_5260,1,1,2,0,3,0
eight_5261,1,1,2,0,4,1
eight_5262,1,1,2,0,4,0
eight_5263,1,1,2,0,5,1
eight_5264,1,1,3,0,5,1
eight_5265,1,1,3,0,5,0
eight_5266,1,1,5,1,5,6
eight_5267,1,1,5,0,5,1
eight_5268,1,1,5,7,5,0
eight_5269,2,0,7,1,5,1
eight_5270,2,0,7,0,2,1
eight_5271,2,0,7,0,3,1
eight_5272,2,0,7,0,3,0
eight_5273,2,0,7,3,2,1
eight_5274,2,0,7,3,3,1
eight_5275,2,0,7,3,4,1
eight_5276,2,0,7,3,4,0
eight_5277,2,0,7,3,4,2
eight_5278,2,0,7,3,5,1
eight_5279,2,0,7,3,5,0
eight_5280,2,0,7,3,5,2
eight_5281,2,0,7,4,5,1
eight_5282,2,0,7,5,5,1
eight_5283,2,0,7,6,5,1
eight_5284,2,0,7,7,5,1
eight_5285,2,0,0,1,6,2
eight_5286,2,0,0,1,6,4
eight_5287,2,0,0,1,6,6
eight_5288,2,0,0,1,5,1
eight_5289,2,0,0,2,6,2
eight_5290,2,0,0,2,6,4
eight_5291,2,0,0,2,6,6
eight_5292,2,0,0,0,2,1
eight_5293,2,0,0,0,3,1
eight_5294,2,0,0,0,3,0
eight_5295,2,0,0,3,6,5
eight_5296,2,0,0,3,2,1
eight_5297,2,0,0,3,3,1
eight_5298,2,0,0,3,4,1
eight_5299,2,0,0,3,4,0
eight_5300,2,0,0,3,4,2
eight_5301,2,0,0,3,5,1
eight_5302,2,0,0,3,5,0
eight_5303,2,0,0,3,5,2
eight_5304,2,0,0,4,6,2
eight_5305,2,0,0,4,6,6
eight_5306,2,0,0,4,6,7
eight_5307,2,0,0,4,5,1
eight_5308,2,0,0,5,6,2
eight_5309,2,0,0,5,6,7
eight_5310,2,0,0,5,5,1
eight_5311,2,0,0,6,6,2
eight_5312,2,0,0,6,6,4
eight_5313,2,0,0,6,5,1
eight_5314,2,0,0,7,6,0
eight_5315,2,0,0,7,6,2
eight_5316,2,0,0,7,6,3
eight_5317,2,0,0,7,6,4
eight_5318,2,0,0,7,6,5
eight_5319,2,0,0,7,5,1
eight_5320,2,0,1,0,2,1
eight_5321,2,0,1,0,3,1
eight_5322,2,0,1,0,3,0
eight_5323,2,0,1,3,2,1
eight_5324,2,0,1,3,3,1
eight_5325,2,0,1,3,4,1
eight_5326,2,0,1,3,4,0
eight_5327,2,0,1,3,4,2
eight_5328,2,0,1,3,5,1
eight_5329,2,0,1,3,5,0
eight_5330,2,0,1,3,5,2
eight_5331,2,0,1,4,5,1
eight_5332,2,0,1,5,5,1
eight_5333,2,0,1,6,5,1
eight_5334,2,0,1,7,5,1
eight_5335,2,0,2,1,4,1
eight_5336,2,0,2,1,5,1
eight_5337,2,0,2,3,4,1
eight_5338,2,0,2,3,4,0
eight_5339,2,0,2,3,4,2
eight_5340,2,0,2,3,5,1
eight_5341,2,0,2,3,5,0
eight_5342,2,0,2,3,5,2
eight_5343,2,0,2,4,4,1
eight_5344,2,0,2,4,5,1
eight_5345,2,0,2,5,4,1
eight_5346,2,0,2,5,5,1
eight_5347,2,0,2,6,4,1
eight_5348,2,0,2,6,5,1
eight_5349,2,0,2,7,4,1
eight_5350,2,0,2,7,5,1
eight_5351,2,0,3,1,5,1
eight_5352,2,0,3,3,2,1
eight_5353,2,0,3,3,3,1
eight_5354,2,0,3,3,4,1
eight_5355,2,0,3,3,5,1
eight_5356,2,0,3,3,5,0
eight_5357,2,0,3,3,5,2
eight_5358,2,0,3,4,5,1
eight_5359,2,0,3,5,5,1
eight_5360,2,0,3,6,5,1
eight_5361,2,0,3,7,5,1
eight_5362,2,0,4,0,2,1
eight_5363,2,0,4,0,3,1
eight_5364,2,0,4,0,4,1
eight_5365,2,0,4,0,5,1
eight_5366,2,0,4,0,5,0
eight_5367,2,0,5,1,5,3
eight_5368,2,0,5,1,5,4
eight_5369,2,0,5,1,5,6
eight_5370,2,0,5,2,5,5
eight_5371,2,0,5,2,5,6
eight_5372,2,0,5,0,2,1
eight_5373,2,0,5,0,2,0
eight_5374,2,0,5,0,3,1
eight_5375,2,0,5,0,4,1
eight_5376,2,0,5,0,5,1
eight_5377,2,0,5,0,5,6
eight_5378,2,0,5,3,4,1
eight_5379,2,0,5,3,5,1
eight_5380,2,0,5,3,5,6
eight_5381,2,0,5,4,5,6
eight_5382,2,0,5,5,5,2
eight_5383,2,0,5,6,5,1
eight_5384,2,0,5,6,5,2
eight_5385,2,0,5,6,5,4
eight_5386,2,0,5,7,5,1
eight_5387,2,0,5,7,5,0
eight_5388,2,0,5,7,5,2
eight_5389,2,0,5,7,5,4
eight_5390,2,0,6,0,2,1
eight_5391,2,0,6,0,2,0
eight_5392,2,0,6,0,3,1
eight_5393,2,0,6,0,3,0
eight_5394,2,0,6,0,4,1
eight_5395,2,0,6,0,5,1
eight_5396,2,1,7,1,2,1
eight_5397,2,1,7,1,3,1
eight_5398,2,1,7,1,4,1
eight_5399,2,1,7,1,5,1
eight_5400,2,1,7,2,2,1
eight_5401,2,1,7,2,3,1
eight_5402,2,1,7,2,4,1
eight_5403,2,1,7,2,5,1
eight_5404,2,1,7,3,2,1
eight_5405,2,1,7,3,2,2
eight_5406,2,1,7,3,3,1
eight_5407,2,1,7,3,4,1
eight_5408,2,1,7,3,4,0
eight_5409,2,1,7,3,4,2
eight_5410,2,1,7,3,5,1
eight_5411,2,1,7,3,5,0
eight_5412,2,1,7,3,5,2
eight_5413,2,1,7,4,2,1
eight_5414,2,1,7,4,3,1
eight_5415,2,1,7,4,4,1
eight_5416,2,1,7,4,5,1
eight_5417,2,1,7,5,2,1
eight_5418,2,1,7,5,3,1
eight_5419,2,1,7,5,4,1
eight_5420,2,1,7,5,5,1
eight_5421,2,1,7,6,2,1
eight_5422,2,1,7,6,3,1
eight_5423,2,1,7,6,4,1
eight_5424,2,1,7,6,4,7
eight_5425,2,1,7,6,5,1
eight_5426,2,1,7,7,2,1
eight_5427,2,1,7,7,3,1
eight_5428,2,1,7,7,4,1
eight_5429,2,1,7,7,5,1
eight_5430,2,1,0,1,2,1
eight_5431,2,1,0,1,3,1
eight_5432,2,1,0,1,4,1
eight_5433,2,1,0,1,5,1
eight_5434,2,1,0,2,2,1
eight_5435,2,1,0,2,3,1
eight_5436,2,1,0,2,4,1
eight_5437,2,1,0,2,5,1
eight_5438,2,1,0,3,2,1
eight_5439,2,1,0,3,2,2
eight_5440,2,1,0,3,3,1
eight_5441,2,1,0,3,4,1
eight_5442,2,1,0,3,4,0
eight_5443,2,1,0,3,4,2
eight_5444,2,1,0,3,5,1
eight_5445,2,1,0,3,5,0
eight_5446,2,1,0,3,5,2
eight_5447,2,1,0,4,6,2
eight_5448,2,1,0,4,2,1
eight_5449,2,1,0,4,3,1
eight_5450,2,1,0,4,4,1
eight_5451,2,1,0,4,5,1
eight_5452,2,1,0,5,6,2
eight_5453,2,1,0,5,2,1
eight_5454,2,1,0,5,3,1
eight_5455,2,1,0,5,4,1
eight_5456,2,1,0,5,5,1
eight_5457,2,1,0,6,6,2
eight_5458,2,1,0,6,6,4
eight_5459,2,1,0,6,2,1
eight_5460,2,1,0,6,3,1
eight_5461,2,1,0,6,4,1
eight_5462,2,1,0,6,5,1
eight_5463,2,1,0,7,2,1
eight_5464,2,1,0,7,3,1
eight_5465,2,1,0,7,4,1
eight_5466,2,1,0,7,5,1
eight_5467,2,1,1,1,6,5
eight_5468,2,1,1,1,6,6
eight_5469,2,1,1,1,6,7
eight_5470,2,1,1,0,6,5
eight_5471,2,1,1,0,6,6
eight_5472,2,1,1,0,6,7
eight_5473,2,1,1,0,7,3
eight_5474,2,1,1,0,7,5
eight_5475,2,1,1,0,7,6
eight_5476,2,1,1,0,7,7
eight_5477,2,1,1,3,6,3
eight_5478,2,1,1,3,6,4
eight_5479,2,1,1,3,6,5
eight_5480,2,1,1,3,6,6
eight_5481,2,1,1,3,6,7
eight_5482,2,1,1,3,7,5
eight_5483,2,1,1,3,7,6
eight_5484,2,1,1,3,2,1
eight_5485,2,1,1,3,2,2
eight_5486,2,1,1,3,3,1
eight_5487,2,1,1,3,4,1
eight_5488,2,1,1,3,4,0
eight_5489,2,1,1,3,4,2
eight_5490,2,1,1,3,5,1
eight_5491,2,1,1,3,5,0
eight_5492,2,1,1,3,5,2
eight_5493,2,1,1,4,6,7
eight_5494,2,1,1,4,7,7
eight_5495,2,1,1,4,2,1
eight_5496,2,1,1,4,3,1
eight_5497,2,1,1,4,4,1
eight_5498,2,1,1,4,5,1
eight_5499,2,1,1,5,2,1
eight_5500,2,1,1,5,3,1
eight_5501,2,1,1,5,4,1
eight_5502,2,1,1,5,5,1
eight_5503,2,1,1,6,6,7
eight_5504,2,1,1,6,2,1
eight_5505,2,1,1,6,3,1
eight_5506,2,1,1,6,4,1
eight_5507,2,1,1,6,5,1
eight_5508,2,1,1,7,2,1
eight_5509,2,1,1,7,3,1
eight_5510,2,1,1,7,4,1
eight_5511,2,1,1,7,5,1
eight_5512,2,1,2,1,5,1
eight_5513,2,1,2,0,2,1
eight_5514,2,1,2,0,3,1
eight_5515,2,1,2,0,3,0
eight_5516,2,1,2,3,2,1
eight_5517,2,1,2,3,3,1
eight_5518,2,1,2,3,4,1
eight_5519,2,1,2,3,4,0
eight_5520,2,1,2,3,4,2
eight_5521,2,1,2,3,5,0
eight_5522,2,1,2,3,5,2
eight_5523,2,1,2,4,5,1
eight_5524,2,1,2,5,5,1
eight_5525,2,1,2,6,5,1
eight_5526,2,1,2,7,5,1
eight_5527,2,1,3,1,5,1
eight_5528,2,1,3,3,2,1
eight_5529,2,1,3,3,2,0
eight_5530,2,1,3,3,3,1
eight_5531,2,1,3,3,3,0
eight_5532,2,1,3,3,4,1
eight_5533,2,1,3,3,4,0
eight_5534,2,1,3,3,4,2
eight_5535,2,1,3,3,5,1
eight_5536,2,1,3,3,5,0
eight_5537,2,1,3,3,5,2
eight_5538,2,1,3,4,5,1
eight_5539,2,1,3,5,5,1
eight_5540,2,1,3,6,5,1
eight_5541,2,1,3,7,5,1
eight_5542,2,1,5,1,5,3
eight_5543,2,1,5,1,5,4
eight_5544,2,1,5,1,5,6
eight_5545,2,1,5,2,5,3
eight_5546,2,1,5,2,5,5
eight_5547,2,1,5,2,5,6
eight_5548,2,1,5,0,2,1
eight_5549,2,1,5,0,2,0
eight_5550,2,1,5,0,3,1
eight_5551,2,1,5,0,4,1
eight_5552,2,1,5,0,5,1
eight_5553,2,1,5,0,5,5
eight_5554,2,1,5,0,5,6
eight_5555,2,1,5,3,4,1
eight_5556,2,1,5,3,5,1
eight_5557,2,1,5,3,5,0
eight_5558,2,1,5,3,5,6
eight_5559,2,1,5,4,5,0
eight_5560,2,1,5,4,5,6
eight_5561,2,1,5,5,5,0
eight_5562,2,1,5,5,5,2
eight_5563,2,1,5,6,5,0
eight_5564,2,1,5,6,5,2
eight_5565,2,1,5,6,5,4
eight_5566,2,1,5,7,5,0
eight_5567,2,1,5,7,5,3
eight_5568,2,1,5,7,5,4
eight_5569,2,1,6,0,2,1
eight_5570,2,1,6,0,2,0
eight_5571,2,1,6,0,3,1
eight_5572,2,1,6,0,3,0
eight_5573,2,1,6,0,4,1
eight_5574,2,1,6,0,5,1
eight_5575,2,1,6,6,7,7
eight_5576,2,2,7,0,1,1
eight_5577,2,2,7,0,2,1
eight_5578,2,2,7,0,3,1
eight_5579,2,2,7,3,4,1
eight_5580,2,2,7,3,4,0
eight_5581,2,2,7,3,4,2
eight_5582,2,2,7,3,5,1
eight_5583,2,2,7,3,5,0
eight_5584,2,2,7,3,5,2
eight_5585,2,2,0,0,1,1
eight_5586,2,2,0,0,2,1
eight_5587,2,2,0,0,3,1
eight_5588,2,2,0,3,4,1
eight_5589,2,2,0,3,4,0
eight_5590,2,2,0,3,4,2
eight_5591,2,2,0,3,5,1
eight_5592,2,2,0,3,5,0
eight_5593,2,2,0,3,5,2
eight_5594,2,2,1,3,4,1
eight_5595,2,2,1,3,4,0
eight_5596,2,2,1,3,4,2
eight_5597,2,2,1,3,5,1
eight_5598,2,2,1,3,5,0
eight_5599,2,2,1,3,5,2
eight_5600,2,2,2,1,3,1
eight_5601,2,2,2,1,4,1
eight_5602,2,2,2,1,5,1
eight_5603,2,2,2,3,1,1
eight_5604,2,2,2,3,2,1
eight_5605,2,2,2,3,2,2
eight_5606,2,2,2,3,3,1
eight_5607,2,2,2,3,4,1
eight_5608,2,2,2,3,4,0
eight_5609,2,2,2,3,4,2
eight_5610,2,2,2,3,5,1
eight_5611,2,2,2,3,5,0
eight_5612,2,2,2,3,5,2
eight_5613,2,2,2,4,1,1
eight_5614,2,2,2,4,2,1
eight_5615,2,2,2,4,3,1
eight_5616,2,2,2,4,4,1
eight_5617,2,2,2,4,5,1
eight_5618,2,2,2,5,1,1
eight_5619,2,2,2,5,2,1
eight_5620,2,2,2,5,3,1
eight_5621,2,2,2,5,4,1
eight_5622,2,2,2,5,5,1
eight_5623,2,2,2,6,1,1
eight_5624,2,2,2,6,2,1
eight_5625,2,2,2,6,3,1
eight_5626,2,2,2,6,4,1
eight_5627,2,2,2,6,5,1
eight_5628,2,2,2,7,1,1
eight_5629,2,2,2,7,2,1
eight_5630,2,2,2,7,3,1
eight_5631,2,2,2,7,4,1
eight_5632,2,2,2,7,5,1
eight_5633,2,2,3,1,5,1
eight_5634,2,2,3,3,2,1
eight_5635,2,2,3,3,2,0
eight_5636,2,2,3,3,3,1
eight_5637,2,2,3,3,3,0
eight_5638,2,2,3,3,4,1
eight_5639,2,2,3,3,4,0
eight_5640,2,2,3,3,4,2
eight_5641,2,2,3,3,5,1
eight_5642,2,2,3,3,5,0
eight_5643,2,2,3,3,5,2
eight_5644,2,2,3,4,5,1
eight_5645,2,2,3,5,5,1
eight_5646,2,2,3,6,5,1
eight_5647,2,2,3,7,5,1
eight_5648,2,2,4,0,1,1
eight_5649,2,2,4,0,2,1
eight_5650,2,2,4,0,3,1
eight_5651,2,2,4,0,4,1
eight_5652,2,2,4,0,5,1
eight_5653,2,2,4,0,5,0
eight_5654,2,2,4,3,1,1
eight_5655,2,2,4,3,2,1
eight_5656,2,2,4,3,3,1
eight_5657,2,2,4,4,1,1
eight_5658,2,2,4,4,2,1
eight_5659,2,2,4,5,1,1
eight_5660,2,2,4,5,2,1
eight_5661,2,2,4,6,1,1
eight_5662,2,2,4,6,2,1
eight_5663,2,2,4,7,1,1
eight_5664,2,2,4,7,2,1
eight_5665,2,2,5,1,5,3
eight_5666,2,2,5,1,5,4
eight_5667,2,2,5,1,5,6
eight_5668,2,2,5,2,5,3
eight_5669,2,2,5,2,5,5
eight_5670,2,2,5,2,5,6
eight_5671,2,2,5,0,1,1
eight_5672,2,2,5,0,2,1
eight_5673,2,2,5,0,2,0
eight_5674,2,2,5,0,3,1
eight_5675,2,2,5,0,4,1
eight_5676,2,2,5,0,5,1
eight_5677,2,2,5,0,5,5
eight_5678,2,2,5,0,5,6
eight_5679,2,2,5,3,4,1
eight_5680,2,2,5,3,5,1
eight_5681,2,2,5,3,5,0
eight_5682,2,2,5,3,5,6
eight_5683,2,2,5,4,5,0
eight_5684,2,2,5,4,5,6
eight_5685,2,2,5,5,5,0
eight_5686,2,2,5,5,5,2
eight_5687,2,2,5,6,5,0
eight_5688,2,2,5,6,5,2
eight_5689,2,2,5,6,5,4
eight_5690,2,2,5,7,5,0
eight_5691,2,2,5,7,5,3
eight_5692,2,2,5,7,5,4
eight_5693,2,2,6,0,1,1
eight_5694,2,2,6,0,2,1
eight_5695,2,2,6,0,2,0
eight_5696,2,2,6,0,3,1
eight_5697,2,2,6,0,3,0
eight_5698,2,2,6,0,4,1
eight_5699,2,2,6,0,5,1
eight_5700,3,0,7,1,5,0
eight_5701,3,0,7,2,5,0
eight_5702,3,0,7,3,6,0
eight_5703,3,0,7,4,5,0
eight_5704,3,0,7,5,5,0
eight_5705,3,0,7,6,5,0
eight_5706,3,0,7,7,5,0
eight_5707,3,0,0,1,6,2
eight_5708,3,0,0,1,6,4
eight_5709,3,0,0,1,6,6
eight_5710,3,0,0,1,5,0
eight_5711,3,0,0,2,6,4
eight_5712,3,0,0,2,6,6
eight_5713,3,0,0,2,5,0
eight_5714,3,0,0,0,6,4
eight_5715,3,0,0,0,6,6
eight_5716,3,0,0,4,6,2
eight_5717,3,0,0,4,6,6
eight_5718,3,0,0,4,6,7
eight_5719,3,0,0,4,5,0
eight_5720,3,0,0,5,6,2
eight_5721,3,0,0,5,6,7
eight_5722,3,0,0,5,5,0
eight_5723,3,0,0,6,6,2
eight_5724,3,0,0,6,6,4
eight_5725,3,0,0,6,5,0
eight_5726,3,0,0,7,6,0
eight_5727,3,0,0,7,6,2
eight_5728,3,0,0,7,6,3
eight_5729,3,0,0,7,6,4
eight_5730,3,0,0,7,6,5
eight_5731,3,0,0,7,5,0
eight_5732,3,0,1,1,5,0
eight_5733,3,0,1,2,5,0
eight_5734,3,0,1,3,6,0
eight_5735,3,0,1,3,6,2
eight_5736,3,0,1,3,7,0
eight_5737,3,0,1,4,5,0
eight_5738,3,0,1,5,5,0
eight_5739,3,0,1,6,5,0
eight_5740,3,0,1,7,5,0
eight_5741,3,0,2,2,5,0
eight_5742,3,0,2,4,5,0
eight_5743,3,0,2,5,5,0
eight_5744,3,0,2,6,5,0
eight_5745,3,0,2,7,5,0
eight_5746,3,0,3,1,6,0
eight_5747,3,0,3,2,6,0
eight_5748,3,0,3,3,3,1
eight_5749,3,0,3,3,4,1
eight_5750,3,0,3,4,6,0
eight_5751,3,0,3,5,6,0
eight_5752,3,0,3,6,6,0
eight_5753,3,0,3,7,6,0
eight_5754,3,0,4,1,6,0
eight_5755,3,0,4,2,6,0
eight_5756,3,0,4,3,4,0
eight_5757,3,0,4,3,5,0
eight_5758,3,0,4,3,5,2
eight_5759,3,0,4,4,6,0
eight_5760,3,0,4,5,6,0
eight_5761,3,0,4,6,6,0
eight_5762,3,0,4,7,6,0
eight_5763,3,0,5,1,6,0
eight_5764,3,0,5,1,5,2
eight_5765,3,0,5,1,5,4
eight_5766,3,0,5,1,5,6
eight_5767,3,0,5,2,6,0
eight_5768,3,0,5,2,5,4
eight_5769,3,0,5,2,5,6
eight_5770,3,0,5,0,5,4
eight_5771,3,0,5,0,5,6
eight_5772,3,0,5,3,3,1
eight_5773,3,0,5,3,4,1
eight_5774,3,0,5,3,5,6
eight_5775,3,0,5,4,6,0
eight_5776,3,0,5,4,5,2
eight_5777,3,0,5,4,5,6
eight_5778,3,0,5,5,6,0
eight_5779,3,0,5,5,5,2
eight_5780,3,0,5,6,6,0
eight_5781,3,0,5,6,5,1
eight_5782,3,0,5,6,5,2
eight_5783,3,0,5,6,5,4
eight_5784,3,0,5,7,6,0
eight_5785,3,0,5,7,5,1
eight_5786,3,0,5,7,5,0
eight_5787,3,0,5,7,5,2
eight_5788,3,0,5,7,5,3
eight_5789,3,0,5,7,5,4
eight_5790,3,0,6,1,6,0
eight_5791,3,0,6,2,6,0
eight_5792,3,0,6,3,3,1
eight_5793,3,0,6,3,4,1
eight_5794,3,0,6,3,5,0
eight_5795,3,0,6,4,6,0
eight_5796,3,0,6,5,6,0
eight_5797,3,0,6,6,6,0
eight_5798,3,0,6,7,6,0
eight_5799,3,1,7,1,3,0
eight_5800,3,1,7,1,4,0
eight_5801,3,1,7,1,5,0
eight_5802,3,1,7,2,3,0
eight_5803,3,1,7,2,4,0
eight_5804,3,1,7,2,5,0
eight_5805,3,1,7,4,6,0
eight_5806,3,1,7,4,7,0
eight_5807,3,1,7,4,3,0
eight_5808,3,1,7,4,4,0
eight_5809,3,1,7,4,5,0
eight_5810,3,1,7,4,5,2
eight_5811,3,1,7,4,5,3
eight_5812,3,1,7,5,3,0
eight_5813,3,1,7,5,4,0
eight_5814,3,1,7,5,5,0
eight_5815,3,1,7,6,3,0
eight_5816,3,1,7,6,4,0
eight_5817,3,1,7,6,4,7
eight_5818,3,1,7,6,5,0
eight_5819,3,1,7,7,3,0
eight_5820,3,1,7,7,4,0
eight_5821,3,1,7,7,5,0
eight_5822,3,1,0,1,3,0
eight_5823,3,1,0,1,4,0
eight_5824,3,1,0,1,5,0
eight_5825,3,1,0,2,3,0
eight_5826,3,1,0,2,4,0
eight_5827,3,1,0,2,5,0
eight_5828,3,1,0,4,6,2
eight_5829,3,1,0,4,6,6
eight_5830,3,1,0,4,3,0
eight_5831,3,1,0,4,4,0
eight_5832,3,1,0,4,5,0
eight_5833,3,1,0,4,5,2
eight_5834,3,1,0,4,5,3
eight_5835,3,1,0,5,6,2
eight_5836,3,1,0,5,3,0
eight_5837,3,1,0,5,4,0
eight_5838,3,1,0,5,5,0
eight_5839,3,1,0,6,6,2
eight_5840,3,1,0,6,6,4
eight_5841,3,1,0,6,3,0
eight_5842,3,1,0,6,4,0
eight_5843,3,1,0,6,5,0
eight_5844,3,1,0,7,3,0
eight_5845,3,1,0,7,4,0
eight_5846,3,1,0,7,5,0
eight_5847,3,1,1,1,3,0
eight_5848,3,1,1,1,4,0
eight_5849,3,1,1,1,5,0
eight_5850,3,1,1,2,3,0
eight_5851,3,1,1,2,4,0
eight_5852,3,1,1,2,5,0
eight_5853,3,1,1,3,6,3
eight_5854,3,1,1,3,6,4
eight_5855,3,1,1,3,6,5
eight_5856,3,1,1,3,6,6
eight_5857,3,1,1,3,6,7
eight_5858,3,1,1,3,7,5
eight_5859,3,1,1,3,7,6
eight_5860,3,1,1,3,7,7
eight_5861,3,1,1,4,6,0
eight_5862,3,1,1,4,6,7
eight_5863,3,1,1,4,7,0
eight_5864,3,1,1,4,7,7
eight_5865,3,1,1,4,3,0
eight_5866,3,1,1,4,4,0
eight_5867,3,1,1,4,5,0
eight_5868,3,1,1,4,5,2
eight_5869,3,1,1,4,5,3
eight_5870,3,1,1,5,3,0
eight_5871,3,1,1,5,4,0
eight_5872,3,1,1,5,5,0
eight_5873,3,1,1,6,3,0
eight_5874,3,1,1,6,4,0
eight_5875,3,1,1,6,5,0
eight_5876,3,1,1,7,3,0
eight_5877,3,1,1,7,4,0
eight_5878,3,1,1,7,5,0
eight_5879,3,1,2,1,5,0
eight_5880,3,1,2,4,3,0
eight_5881,3,1,2,4,4,0
eight_5882,3,1,2,4,5,0
eight_5883,3,1,2,4,5,2
eight_5884,3,1,2,4,5,3
eight_5885,3,1,2,5,3,0
eight_5886,3,1,2,5,4,0
eight_5887,3,1,2,5,5,0
eight_5888,3,1,2,6,3,0
eight_5889,3,1,2,6,4,0
eight_5890,3,1,2,6,5,0
eight_5891,3,1,2,7,3,0
eight_5892,3,1,2,7,4,0
eight_5893,3,1,2,7,5,0
eight_5894,3,1,3,1,5,0
eight_5895,3,1,3,2,5,0
eight_5896,3,1,3,4,5,0
eight_5897,3,1,3,4,5,2
eight_5898,3,1,3,4,5,3
eight_5899,3,1,3,5,5,0
eight_5900,3,1,3,6,5,0
eight_5901,3,1,3,7,5,0
eight_5902,3,1,4,4,3,0
eight_5903,3,1,4,4,4,0
eight_5904,3,1,4,4,4,7
eight_5905,3,1,4,4,5,0
eight_5906,3,1,4,4,5,7
eight_5907,3,1,5,2,5,3
eight_5908,3,1,5,0,5,4
eight_5909,3,1,5,4,3,1
eight_5910,3,1,5,4,4,1
eight_5911,3,1,5,4,5,2
eight_5912,3,1,5,4,5,6
eight_5913,3,1,5,5,3,1
eight_5914,3,1,5,5,4,1
eight_5915,3,1,5,5,5,2
eight_5916,3,1,5,6,3,1
eight_5917,3,1,5,6,4,1
eight_5918,3,1,5,6,5,2
eight_5919,3,1,5,6,5,4
eight_5920,3,1,5,7,3,1
eight_5921,3,1,5,7,4,1
eight_5922,3,1,5,7,5,4
eight_5923,3,1,6,3,3,0
eight_5924,3,1,6,3,3,2
eight_5925,3,1,6,3,4,0
eight_5926,3,1,6,3,5,0
eight_5927,3,1,6,4,3,1
eight_5928,3,1,6,4,4,1
eight_5929,3,1,6,4,5,0
eight_5930,3,1,6,5,3,1
eight_5931,3,1,6,5,4,1
eight_5932,3,1,6,6,7,7
eight_5933,3,1,6,6,3,1
eight_5934,3,1,6,6,4,1
eight_5935,3,1,6,6,5,1
eight_5936,3,1,6,7,3,1
eight_5937,3,1,6,7,4,1
eight_5938,3,1,6,7,5,1
eight_5939,3,2,7,1,2,1
eight_5940,3,2,7,1,3,1
eight_5941,3,2,7,1,3,0
eight_5942,3,2,7,1,4,1
eight_5943,3,2,7,1,4,0
eight_5944,3,2,7,1,5,0
eight_5945,3,2,7,2,3,0
eight_5946,3,2,7,2,4,0
eight_5947,3,2,7,2,5,0
eight_5948,3,2,7,0,3,0
eight_5949,3,2,7,0,4,0
eight_5950,3,2,7,0,5,0
eight_5951,3,2,7,4,6,7
eight_5952,3,2,7,4,2,1
eight_5953,3,2,7,4,3,1
eight_5954,3,2,7,4,3,0
eight_5955,3,2,7,4,3,3
eight_5956,3,2,7,4,4,1
eight_5957,3,2,7,4,4,0
eight_5958,3,2,7,4,5,0
eight_5959,3,2,7,4,5,2
eight_5960,3,2,7,4,5,3
eight_5961,3,2,7,5,2,1
eight_5962,3,2,7,5,3,1
eight_5963,3,2,7,5,3,0
eight_5964,3,2,7,5,4,1
eight_5965,3,2,7,5,4,0
eight_5966,3,2,7,5,5,0
eight_5967,3,2,7,6,1,7
eight_5968,3,2,7,6,2,1
eight_5969,3,2,7,6,2,7
eight_5970,3,2,7,6,3,1
eight_5971,3,2,7,6,3,0
eight_5972,3,2,7,6,4,1
eight_5973,3,2,7,6,4,0
eight_5974,3,2,7,6,4,7
eight_5975,3,2,7,6,5,0
eight_5976,3,2,7,7,2,1
eight_5977,3,2,7,7,3,1
eight_5978,3,2,7,7,3,0
eight_5979,3,2,7,7,4,1
eight_5980,3,2,7,7,4,0
eight_5981,3,2,7,7,5,0
eight_5982,3,2,0,1,2,1
eight_5983,3,2,0,1,3,1
eight_5984,3,2,0,1,3,0
eight_5985,3,2,0,1,4,1
eight_5986,3,2,0,1,4,0
eight_5987,3,2,0,1,5,0
eight_5988,3,2,0,2,3,0
eight_5989,3,2,0,2,4,0
eight_5990,3,2,0,2,5,0
eight_5991,3,2,0,0,3,0
eight_5992,3,2,0,0,4,0
eight_5993,3,2,0,0,5,0
eight_5994,3,2,0,4,2,1
eight_5995,3,2,0,4,3,1
eight_5996,3,2,0,4,3,0
eight_5997,3,2,0,4,3,3
eight_5998,3,2,0,4,4,1
eight_5999,3,2,0,4,4,0
eight_6000,3,2,0,4,5,0
eight_6001,3,2,0,4,5,2
eight_6002,3,2,0,4,5,3
eight_6003,3,2,0,5,2,1
eight_6004,3,2,0,5,3,1
eight_6005,3,2,0,5,3,0
eight_6006,3,2,0,5,4,1
eight_6007,3,2,0,5,4,0
eight_6008,3,2,0,5,5,0
eight_6009,3,2,0,6,1,7
eight_6010,3,2,0,6,2,1
eight_6011,3,2,0,6,3,1
eight_6012,3,2,0,6,3,0
eight_6013,3,2,0,6,3,7
eight_6014,3,2,0,6,4,1
eight_6015,3,2,0,6,4,0
eight_6016,3,2,0,6,4,7
eight_6017,3,2,0,6,5,0
eight_6018,3,2,0,7,2,1
eight_6019,3,2,0,7,3,1
eight_6020,3,2,0,7,3,0
eight_6021,3,2,0,7,4,1
eight_6022,3,2,0,7,4,0
eight_6023,3,2,0,7,5,0
eight_6024,3,2,1,1,6,7
eight_6025,3,2,1,1,7,7
eight_6026,3,2,1,1,2,1
eight_6027,3,2,1,1,3,1
eight_6028,3,2,1,1,3,0
eight_6029,3,2,1,1,4,1
eight_6030,3,2,1,1,4,0
eight_6031,3,2,1,1,5,0
eight_6032,3,2,1,2,6,7
eight_6033,3,2,1,2,7,7
eight_6034,3,2,1,2,3,0
eight_6035,3,2,1,2,4,0
eight_6036,3,2,1,2,5,0
eight_6037,3,2,1,0,6,7
eight_6038,3,2,1,0,7,7
eight_6039,3,2,1,0,3,0
eight_6040,3,2,1,0,4,0
eight_6041,3,2,1,0,5,0
eight_6042,3,2,1,3,6,3
eight_6043,3,2,1,3,6,4
eight_6044,3,2,1,3,6,5
eight_6045,3,2,1,3,6,6
eight_6046,3,2,1,3,6,7
eight_6047,3,2,1,3,7,3
eight_6048,3,2,1,3,7,4
eight_6049,3,2,1,3,7,5
eight_6050,3,2,1,3,7,6
eight_6051,3,2,1,3,7,7
eight_6052,3,2,1,4,2,1
eight_6053,3,2,1,4,3,1
eight_6054,3,2,1,4,3,0
eight_6055,3,2,1,4,3,3
eight_6056,3,2,1,4,4,1
eight_6057,3,2,1,4,4,0
eight_6058,3,2,1,4,5,0
eight_6059,3,2,1,4,5,2
eight_6060,3,2,1,4,5,3
eight_6061,3,2,1,5,6,6
eight_6062,3,2,1,5,6,7
eight_6063,3,2,1,5,7,7
eight_6064,3,2,1,5,2,1
eight_6065,3,2,1,5,3,1
eight_6066,3,2,1,5,3,0
eight_6067,3,2,1,5,4,1
eight_6068,3,2,1,5,4,0
eight_6069,3,2,1,5,5,0
eight_6070,3,2,1,6,6,7
eight_6071,3,2,1,6,2,1
eight_6072,3,2,1,6,3,1
eight_6073,3,2,1,6,3,0
eight_6074,3,2,1,6,3,7
eight_6075,3,2,1,6,4,1
eight_6076,3,2,1,6,4,0
eight_6077,3,2,1,6,4,7
eight_6078,3,2,1,6,5,0
eight_6079,3,2,1,7,6,6
eight_6080,3,2,1,7,6,7
eight_6081,3,2,1,7,2,1
eight_6082,3,2,1,7,3,1
eight_6083,3,2,1,7,3,0
eight_6084,3,2,1,7,4,1
eight_6085,3,2,1,7,4,0
eight_6086,3,2,1,7,5,0
eight_6087,3,2,2,1,6,6
eight_6088,3,2,2,1,6,7
eight_6089,3,2,2,1,7,6
eight_6090,3,2,2,1,7,7
eight_6091,3,2,2,1,5,0
eight_6092,3,2,2,2,6,0
eight_6093,3,2,2,2,6,6
eight_6094,3,2,2,2,6,7
eight_6095,3,2,2,2,7,0
eight_6096,3,2,2,2,7,6
eight_6097,3,2,2,2,7,7
eight_6098,3,2,2,2,5,0
eight_6099,3,2,2,3,6,6
eight_6100,3,2,2,3,6,7
eight_6101,3,2,2,3,7,6
eight_6102,3,2,2,3,7,7
eight_6103,3,2,2,3,0,6
eight_6104,3,2,2,3,0,7
eight_6105,3,2,2,4,6,7
eight_6106,3,2,2,4,2,1
eight_6107,3,2,2,4,3,1
eight_6108,3,2,2,4,3,0
eight_6109,3,2,2,4,3,3
eight_6110,3,2,2,4,4,1
eight_6111,3,2,2,4,4,0
eight_6112,3,2,2,4,5,0
eight_6113,3,2,2,4,5,2
eight_6114,3,2,2,4,5,3
eight_6115,3,2,2,5,6,3
eight_6116,3,2,2,5,6,4
eight_6117,3,2,2,5,6,5
eight_6118,3,2,2,5,2,1
eight_6119,3,2,2,5,3,1
eight_6120,3,2,2,5,3,0
eight_6121,3,2,2,5,4,1
eight_6122,3,2,2,5,4,0
eight_6123,3,2,2,5,5,0
eight_6124,3,2,2,6,6,7
eight_6125,3,2,2,6,7,7
eight_6126,3,2,2,6,2,1
eight_6127,3,2,2,6,3,1
eight_6128,3,2,2,6,3,0
eight_6129,3,2,2,6,4,1
eight_6130,3,2,2,6,4,0
eight_6131,3,2,2,6,4,7
eight_6132,3,2,2,6,5,0
eight_6133,3,2,2,7,2,1
eight_6134,3,2,2,7,3,1
eight_6135,3,2,2,7,3,0
eight_6136,3,2,2,7,4,1
eight_6137,3,2,2,7,4,0
eight_6138,3,2,2,7,5,0
eight_6139,3,2,3,2,3,0
eight_6140,3,2,3,2,4,0
eight_6141,3,2,3,2,5,0
eight_6142,3,2,3,3,3,0
eight_6143,3,2,3,3,4,0
eight_6144,3,2,3,3,4,2
eight_6145,3,2,3,4,6,7
eight_6146,3,2,3,4,3,0
eight_6147,3,2,3,4,4,0
eight_6148,3,2,3,4,5,0
eight_6149,3,2,3,4,5,2
eight_6150,3,2,3,4,5,3
eight_6151,3,2,3,5,6,3
eight_6152,3,2,3,5,6,4
eight_6153,3,2,3,5,3,0
eight_6154,3,2,3,5,4,0
eight_6155,3,2,3,5,5,0
eight_6156,3,2,3,5,5,6
eight_6157,3,2,3,5,5,7
eight_6158,3,2,3,6,7,7
eight_6159,3,2,3,6,3,0
eight_6160,3,2,3,6,4,0
eight_6161,3,2,3,6,4,7
eight_6162,3,2,3,6,5,0
eight_6163,3,2,3,6,5,7
eight_6164,3,2,3,7,3,0
eight_6165,3,2,3,7,4,0
eight_6166,3,2,3,7,5,0
eight_6167,3,2,4,1,5,0
eight_6168,3,2,4,4,6,7
eight_6169,3,2,4,4,3,0
eight_6170,3,2,4,4,4,0
eight_6171,3,2,4,4,4,6
eight_6172,3,2,4,4,4,7
eight_6173,3,2,4,4,5,0
eight_6174,3,2,4,4,5,5
eight_6175,3,2,4,4,5,6
eight_6176,3,2,4,4,5,7
eight_6177,3,2,4,5,6,3
eight_6178,3,2,4,5,6,4
eight_6179,3,2,4,5,3,0
eight_6180,3,2,4,5,4,0
eight_6181,3,2,4,5,5,0
eight_6182,3,2,4,6,7,7
eight_6183,3,2,4,6,0,7
eight_6184,3,2,4,6,3,0
eight_6185,3,2,4,6,4,0
eight_6186,3,2,4,6,5,0
eight_6187,3,2,4,7,3,0
eight_6188,3,2,4,7,4,0
eight_6189,3,2,4,7,5,0
eight_6190,3,2,5,2,5,3
eight_6191,3,2,5,3,3,0
eight_6192,3,2,5,3,4,0
eight_6193,3,2,5,4,6,7
eight_6194,3,2,5,4,2,1
eight_6195,3,2,5,4,3,1
eight_6196,3,2,5,4,4,1
eight_6197,3,2,5,4,5,6
eight_6198,3,2,5,5,6,3
eight_6199,3,2,5,5,6,4
eight_6200,3,2,5,5,2,1
eight_6201,3,2,5,5,3,1
eight_6202,3,2,5,5,4,1
eight_6203,3,2,5,6,7,7
eight_6204,3,2,5,6,0,7
eight_6205,3,2,5,6,2,1
eight_6206,3,2,5,6,2,7
eight_6207,3,2,5,6,3,1
eight_6208,3,2,5,6,4,1
eight_6209,3,2,5,6,5,4
eight_6210,3,2,5,7,2,1
eight_6211,3,2,5,7,3,1
eight_6212,3,2,5,7,4,1
eight_6213,3,2,6,1,2,1
eight_6214,3,2,6,3,3,0
eight_6215,3,2,6,3,3,2
eight_6216,3,2,6,3,4,0
eight_6217,3,2,6,3,5,0
eight_6218,3,2,6,4,6,7
eight_6219,3,2,6,4,2,1
eight_6220,3,2,6,4,3,1
eight_6221,3,2,6,4,4,1
eight_6222,3,2,6,4,5,0
eight_6223,3,2,6,5,6,3
eight_6224,3,2,6,5,6,4
eight_6225,3,2,6,5,2,1
eight_6226,3,2,6,5,3,1
eight_6227,3,2,6,5,4,1
eight_6228,3,2,6,6,7,7
eight_6229,3,2,6,6,1,7
eight_6230,3,2,6,6,2,1
eight_6231,3,2,6,6,2,7
eight_6232,3,2,6,6,3,1
eight_6233,3,2,6,6,4,1
eight_6234,3,2,6,6,5,1
eight_6235,3,2,6,7,2,1
eight_6236,3,2,6,7,3,1
eight_6237,3,2,6,7,4,1
eight_6238,3,2,6,7,5,1
eight_6239,3,3,7,1,5,0
eight_6240,3,3,7,2,0,0
eight_6241,3,3,7,2,5,0
eight_6242,3,3,7,0,7,1
eight_6243,3,3,7,0,0,1
eight_6244,3,3,7,0,2,0
eight_6245,3,3,7,0,4,1
eight_6246,3,3,7,0,4,0
eight_6247,3,3,7,3,7,1
eight_6248,3,3,7,3,0,1
eight_6249,3,3,7,3,0,0
eight_6250,3,3,7,3,2,0
eight_6251,3,3,7,3,4,1
eight_6252,3,3,7,3,4,0
eight_6253,3,3,7,4,7,1
eight_6254,3,3,7,4,0,1
eight_6255,3,3,7,4,0,0
eight_6256,3,3,7,4,1,1
eight_6257,3,3,7,4,1,0
eight_6258,3,3,7,4,5,0
eight_6259,3,3,7,4,5,2
eight_6260,3,3,7,4,5,3
eight_6261,3,3,7,5,7,1
eight_6262,3,3,7,5,0,1
eight_6263,3,3,7,5,0,0
eight_6264,3,3,7,5,1,1
eight_6265,3,3,7,5,1,0
eight_6266,3,3,7,5,5,0
eight_6267,3,3,7,6,7,1
eight_6268,3,3,7,6,0,1
eight_6269,3,3,7,6,0,0
eight_6270,3,3,7,6,1,1
eight_6271,3,3,7,6,1,0
eight_6272,3,3,7,6,5,0
eight_6273,3,3,7,7,7,1
eight_6274,3,3,7,7,0,1
eight_6275,3,3,7,7,0,0
eight_6276,3,3,7,7,1,1
eight_6277,3,3,7,7,1,0
eight_6278,3,3,7,7,5,0
eight_6279,3,3,0,1,5,0
eight_6280,3,3,0,2,5,0
eight_6281,3,3,0,0,7,1
eight_6282,3,3,0,0,0,1
eight_6283,3,3,0,0,2,0
eight_6284,3,3,0,0,4,1
eight_6285,3,3,0,0,4,0
eight_6286,3,3,0,3,7,1
eight_6287,3,3,0,3,0,1
eight_6288,3,3,0,3,2,0
eight_6289,3,3,0,3,4,1
eight_6290,3,3,0,3,4,0
eight_6291,3,3,0,4,7,1
eight_6292,3,3,0,4,0,1
eight_6293,3,3,0,4,1,1
eight_6294,3,3,0,4,1,0
eight_6295,3,3,0,4,5,0
eight_6296,3,3,0,4,5,2
eight_6297,3,3,0,4,5,3
eight_6298,3,3,0,5,7,1
eight_6299,3,3,0,5,0,1
eight_6300,3,3,0,5,1,1
eight_6301,3,3,0,5,1,0
eight_6302,3,3,0,5,5,0
eight_6303,3,3,0,6,7,1
eight_6304,3,3,0,6,0,1
eight_6305,3,3,0,6,1,1
eight_6306,3,3,0,6,1,0
eight_6307,3,3,0,6,5,0
eight_6308,3,3,0,7,7,1
eight_6309,3,3,0,7,0,1
eight_6310,3,3,0,7,1,1
eight_6311,3,3,0,7,1,0
eight_6312,3,3,0,7,5,0
eight_6313,3,3,1,1,5,0
eight_6314,3,3,1,2,5,0
eight_6315,3,3,1,0,4,1
eight_6316,3,3,1,0,4,0
eight_6317,3,3,1,3,0,1
eight_6318,3,3,1,3,0,0
eight_6319,3,3,1,3,2,0
eight_6320,3,3,1,3,4,1
eight_6321,3,3,1,3,4,0
eight_6322,3,3,1,4,0,1
eight_6323,3,3,1,4,0,0
eight_6324,3,3,1,4,1,1
eight_6325,3,3,1,4,1,0
eight_6326,3,3,1,4,5,0
eight_6327,3,3,1,4,5,2
eight_6328,3,3,1,4,5,3
eight_6329,3,3,1,5,0,1
eight_6330,3,3,1,5,0,0
eight_6331,3,3,1,5,1,1
eight_6332,3,3,1,5,1,0
eight_6333,3,3,1,5,5,0
eight_6334,3,3,1,6,0,1
eight_6335,3,3,1,6,0,0
eight_6336,3,3,1,6,1,1
eight_6337,3,3,1,6,1,0
eight_6338,3,3,1,6,5,0
eight_6339,3,3,1,7,0,1
eight_6340,3,3,1,7,0,0
eight_6341,3,3,1,7,1,1
eight_6342,3,3,1,7,1,0
eight_6343,3,3,1,7,5,0
eight_6344,3,3,2,1,7,1
eight_6345,3,3,2,1,7,0
eight_6346,3,3,2,1,5,0
eight_6347,3,3,2,2,7,0
eight_6348,3,3,2,2,5,0
eight_6349,3,3,2,0,1,1
eight_6350,3,3,2,0,1,0
eight_6351,3,3,2,0,2,1
eight_6352,3,3,2,0,2,0
eight_6353,3,3,2,0,3,1
eight_6354,3,3,2,0,3,0
eight_6355,3,3,2,0,4,1
eight_6356,3,3,2,0,4,0
eight_6357,3,3,2,4,1,0
eight_6358,3,3,2,4,5,0
eight_6359,3,3,2,4,5,2
eight_6360,3,3,2,4,5,3
eight_6361,3,3,2,5,1,0
eight_6362,3,3,2,5,5,0
eight_6363,3,3,2,6,1,0
eight_6364,3,3,2,6,5,0
eight_6365,3,3,2,7,1,0
eight_6366,3,3,2,7,5,0
eight_6367,3,3,3,1,7,1
eight_6368,3,3,3,1,7,0
eight_6369,3,3,3,1,4,1
eight_6370,3,3,3,1,5,1
eight_6371,3,3,3,2,7,0
eight_6372,3,3,3,2,0,0
eight_6373,3,3,3,2,5,0
eight_6374,3,3,3,0,7,1
eight_6375,3,3,3,0,7,0
eight_6376,3,3,3,0,1,0
eight_6377,3,3,3,3,7,1
eight_6378,3,3,3,3,7,0
eight_6379,3,3,3,3,0,1
eight_6380,3,3,3,3,1,1
eight_6381,3,3,3,3,1,0
eight_6382,3,3,3,3,2,1
eight_6383,3,3,3,3,2,0
eight_6384,3,3,3,3,3,1
eight_6385,3,3,3,3,3,0
eight_6386,3,3,3,3,3,2
eight_6387,3,3,3,3,4,1
eight_6388,3,3,3,3,4,0
eight_6389,3,3,3,3,4,2
eight_6390,3,3,3,4,7,1
eight_6391,3,3,3,4,7,0
eight_6392,3,3,3,4,0,1
eight_6393,3,3,3,4,0,0
eight_6394,3,3,3,4,1,1
eight_6395,3,3,3,4,1,0
eight_6396,3,3,3,4,2,1
eight_6397,3,3,3,4,3,1
eight_6398,3,3,3,4,4,1
eight_6399,3,3,3,4,5,0
eight_6400,3,3,3,4,5,2
eight_6401,3,3,3,4,5,3
eight_6402,3,3,3,5,7,1
eight_6403,3,3,3,5,0,1
eight_6404,3,3,3,5,0,0
eight_6405,3,3,3,5,1,1
eight_6406,3,3,3,5,1,0
eight_6407,3,3,3,5,2,1
eight_6408,3,3,3,5,3,1
eight_6409,3,3,3,5,4,1
eight_6410,3,3,3,5,5,0
eight_6411,3,3,3,5,5,6
eight_6412,3,3,3,6,7,1
eight_6413,3,3,3,6,0,1
eight_6414,3,3,3,6,0,0
eight_6415,3,3,3,6,1,1
eight_6416,3,3,3,6,1,0
eight_6417,3,3,3,6,2,1
eight_6418,3,3,3,6,3,1
eight_6419,3,3,3,6,4,1
eight_6420,3,3,3,6,5,0
eight_6421,3,3,3,7,7,1
eight_6422,3,3,3,7,0,1
eight_6423,3,3,3,7,0,0
eight_6424,3,3,3,7,1,1
eight_6425,3,3,3,7,1,0
eight_6426,3,3,3,7,2,1
eight_6427,3,3,3,7,3,1
eight_6428,3,3,3,7,4,1
eight_6429,3,3,3,7,5,0
eight_6430,3,3,4,1,7,1
eight_6431,3,3,4,1,7,0
eight_6432,3,3,4,1,0,1
eight_6433,3,3,4,1,0,0
eight_6434,3,3,4,1,1,1
eight_6435,3,3,4,1,1,0
eight_6436,3,3,4,1,4,6
eight_6437,3,3,4,1,5,1
eight_6438,3,3,4,1,5,0
eight_6439,3,3,4,2,7,0
eight_6440,3,3,4,2,0,0
eight_6441,3,3,4,2,4,6
eight_6442,3,3,4,0,7,1
eight_6443,3,3,4,0,7,0
eight_6444,3,3,4,0,0,1
eight_6445,3,3,4,0,1,1
eight_6446,3,3,4,0,1,0
eight_6447,3,3,4,0,2,1
eight_6448,3,3,4,0,3,1
eight_6449,3,3,4,0,4,6
eight_6450,3,3,4,3,7,1
eight_6451,3,3,4,3,7,0
eight_6452,3,3,4,3,0,1
eight_6453,3,3,4,3,1,1
eight_6454,3,3,4,3,1,0
eight_6455,3,3,4,3,2,1
eight_6456,3,3,4,3,3,1
eight_6457,3,3,4,3,3,0
eight_6458,3,3,4,4,7,1
eight_6459,3,3,4,4,7,0
eight_6460,3,3,4,4,0,1
eight_6461,3,3,4,4,0,0
eight_6462,3,3,4,4,1,1
eight_6463,3,3,4,4,1,0
eight_6464,3,3,4,4,2,1
eight_6465,3,3,4,4,3,1
eight_6466,3,3,4,4,3,0
eight_6467,3,3,4,4,4,0
eight_6468,3,3,4,4,4,6
eight_6469,3,3,4,4,5,0
eight_6470,3,3,4,4,5,5
eight_6471,3,3,4,4,5,6
eight_6472,3,3,4,4,5,7
eight_6473,3,3,4,5,7,1
eight_6474,3,3,4,5,7,0
eight_6475,3,3,4,5,0,1
eight_6476,3,3,4,5,0,0
eight_6477,3,3,4,5,1,1
eight_6478,3,3,4,5,1,0
eight_6479,3,3,4,5,2,1
eight_6480,3,3,4,5,3,1
eight_6481,3,3,4,5,3,0
eight_6482,3,3,4,5,4,0
eight_6483,3,3,4,5,5,0
eight_6484,3,3,4,6,7,1
eight_6485,3,3,4,6,0,1
eight_6486,3,3,4,6,0,0
eight_6487,3,3,4,6,1,1
eight_6488,3,3,4,6,1,0
eight_6489,3,3,4,6,2,1
eight_6490,3,3,4,6,3,1
eight_6491,3,3,4,6,3,0
eight_6492,3,3,4,6,4,0
eight_6493,3,3,4,6,5,0
eight_6494,3,3,4,7,7,1
eight_6495,3,3,4,7,0,1
eight_6496,3,3,4,7,0,0
eight_6497,3,3,4,7,1,1
eight_6498,3,3,4,7,1,0
eight_6499,3,3,4,7,2,1
eight_6500,3,3,4,7,3,1
eight_6501,3,3,4,7,3,0
eight_6502,3,3,4,7,4,0
eight_6503,3,3,4,7,5,0
eight_6504,3,3,5,1,7,1
eight_6505,3,3,5,1,7,0
eight_6506,3,3,5,1,0,1
eight_6507,3,3,5,1,0,0
eight_6508,3,3,5,2,7,0
eight_6509,3,3,5,2,0,0
eight_6510,3,3,5,2,5,3
eight_6511,3,3,5,0,7,1
eight_6512,3,3,5,0,7,0
eight_6513,3,3,5,0,0,1
eight_6514,3,3,5,0,2,0
eight_6515,3,3,5,0,4,1
eight_6516,3,3,5,3,7,1
eight_6517,3,3,5,3,7,0
eight_6518,3,3,5,3,0,1
eight_6519,3,3,5,3,1,1
eight_6520,3,3,5,3,1,0
eight_6521,3,3,5,3,2,1
eight_6522,3,3,5,3,3,1
eight_6523,3,3,5,3,4,1
eight_6524,3,3,5,4,7,1
eight_6525,3,3,5,4,7,0
eight_6526,3,3,5,4,0,1
eight_6527,3,3,5,4,0,0
eight_6528,3,3,5,4,1,1
eight_6529,3,3,5,4,1,0
eight_6530,3,3,5,4,2,1
eight_6531,3,3,5,4,3,1
eight_6532,3,3,5,4,4,1
eight_6533,3,3,5,4,5,6
eight_6534,3,3,5,5,7,1
eight_6535,3,3,5,5,7,0
eight_6536,3,3,5,5,0,1
eight_6537,3,3,5,5,0,0
eight_6538,3,3,5,5,1,1
eight_6539,3,3,5,5,1,0
eight_6540,3,3,5,5,2,1
eight_6541,3,3,5,5,3,1
eight_6542,3,3,5,5,4,1
eight_6543,3,3,5,6,7,1
eight_6544,3,3,5,6,7,0
eight_6545,3,3,5,6,0,1
eight_6546,3,3,5,6,0,0
eight_6547,3,3,5,6,1,1
eight_6548,3,3,5,6,1,0
eight_6549,3,3,5,6,2,1
eight_6550,3,3,5,6,3,1
eight_6551,3,3,5,6,4,1
eight_6552,3,3,5,6,5,4
eight_6553,3,3,5,7,7,1
eight_6554,3,3,5,7,0,1
eight_6555,3,3,5,7,0,0
eight_6556,3,3,5,7,1,1
eight_6557,3,3,5,7,1,0
eight_6558,3,3,5,7,2,1
eight_6559,3,3,5,7,3,1
eight_6560,3,3,5,7,4,1
eight_6561,3,3,6,1,7,1
eight_6562,3,3,6,1,7,0
eight_6563,3,3,6,1,0,1
eight_6564,3,3,6,1,0,0
eight_6565,3,3,6,2,7,0
eight_6566,3,3,6,2,0,0
eight_6567,3,3,6,0,7,1
eight_6568,3,3,6,0,7,0
eight_6569,3,3,6,0,0,1
eight_6570,3,3,6,0,2,0
eight_6571,3,3,6,0,4,1
eight_6572,3,3,6,0,5,1
eight_6573,3,3,6,3,7,1
eight_6574,3,3,6,3,7,0
eight_6575,3,3,6,3,0,1
eight_6576,3,3,6,3,1,1
eight_6577,3,3,6,3,1,0
eight_6578,3,3,6,4,7,1
eight_6579,3,3,6,4,7,0
eight_6580,3,3,6,4,0,1
eight_6581,3,3,6,4,0,0
eight_6582,3,3,6,4,1,1
eight_6583,3,3,6,4,1,0
eight_6584,3,3,6,4,5,0
eight_6585,3,3,6,5,7,1
eight_6586,3,3,6,5,7,0
eight_6587,3,3,6,5,0,1
eight_6588,3,3,6,5,0,0
eight_6589,3,3,6,5,1,1
eight_6590,3,3,6,5,1,0
eight_6591,3,3,6,6,7,1
eight_6592,3,3,6,6,7,0
eight_6593,3,3,6,6,0,1
eight_6594,3,3,6,6,0,0
eight_6595,3,3,6,6,1,1
eight_6596,3,3,6,6,1,0
eight_6597,3,3,6,6,5,1
eight_6598,3,3,6,7,7,1
eight_6599,3,3,6,7,7,0
eight_6600,3,3,6,7,0,1
eight_6601,3,3,6,7,0,0
eight_6602,3,3,6,7,1,1
eight_6603,3,3,6,7,1,0
eight_6604,3,3,6,7,5,1
nine_6605,0,0,7,0,0,0
nine_6606,0,0,7,0,2,0
nine_6607,0,0,7,0,4,1
nine_6608,0,0,7,0,4,0
nine_6609,0,0,7,0,5,1
nine_6610,0,0,7,0,5,0
nine_6611,0,0,0,0,2,0
nine_6612,0,0,0,0,4,1
nine_6613,0,0,0,0,4,0
nine_6614,0,0,0,0,5,1
nine_6615,0,0,0,0,5,0
nine_6616,0,0,1,0,4,1
nine_6617,0,0,1,0,4,0
nine_6618,0,0,1,0,5,1
nine_6619,0,0,1,0,5,0
nine_6620,0,0,2,0,4,1
nine_6621,0,0,2,0,4,0
nine_6622,0,0,2,0,5,1
nine_6623,0,0,2,0,5,0
nine_6624,0,0,3,2,0,1
nine_6625,0,0,5,1,5,7
nine_6626,0,0,5,7,5,1
nine_6627,1,0,7,1,4,1
nine_6628,1,0,7,1,5,1
nine_6629,1,0,7,0,1,1
nine_6630,1,0,7,0,2,1
nine_6631,1,0,7,0,2,0
nine_6632,1,0,7,3,4,1
nine_6633,1,0,7,3,5,1
nine_6634,1,0,7,3,5,0
nine_6635,1,0,7,3,5,2
nine_6636,1,0,7,4,4,1
nine_6637,1,0,7,4,5,1
nine_6638,1,0,7,5,4,1
nine_6639,1,0,7,5,5,1
nine_6640,1,0,7,6,4,1
nine_6641,1,0,7,6,5,1
nine_6642,1,0,7,6,5,7
nine_6643,1,0,7,7,4,1
nine_6644,1,0,7,7,5,1
nine_6645,1,0,0,0,1,1
nine_6646,1,0,0,0,2,1
nine_6647,1,0,0,0,2,0
nine_6648,1,0,0,3,4,1
nine_6649,1,0,0,3,5,1
nine_6650,1,0,0,3,5,0
nine_6651,1,0,0,3,5,2
nine_6652,1,0,0,4,4,1
nine_6653,1,0,0,4,5,1
nine_6654,1,0,0,5,4,1
nine_6655,1,0,0,5,5,1
nine_6656,1,0,0,6,4,1
nine_6657,1,0,0,6,5,1
nine_6658,1,0,0,7,4,1
nine_6659,1,0,0,7,5,1
nine_6660,1,0,1,1,6,6
nine_6661,1,0,1,1,6,7
nine_6662,1,0,1,1,7,6
nine_6663,1,0,1,1,7,7
nine_6664,1,0,1,1,4,1
nine_6665,1,0,1,1,5,1
nine_6666,1,0,1,2,6,6
nine_6667,1,0,1,2,6,7
nine_6668,1,0,1,2,7,2
nine_6669,1,0,1,2,7,4
nine_6670,1,0,1,2,7,6
nine_6671,1,0,1,2,7,7
nine_6672,1,0,1,0,6,6
nine_6673,1,0,1,0,6,7
nine_6674,1,0,1,0,7,6
nine_6675,1,0,1,0,7,7
nine_6676,1,0,1,0,1,1
nine_6677,1,0,1,0,2,1
nine_6678,1,0,1,0,2,0
nine_6679,1,0,1,3,6,6
nine_6680,1,0,1,3,6,7
nine_6681,1,0,1,3,7,6
nine_6682,1,0,1,3,7,7
nine_6683,1,0,1,3,4,1
nine_6684,1,0,1,3,5,1
nine_6685,1,0,1,3,5,0
nine_6686,1,0,1,3,5,2
nine_6687,1,0,1,4,4,1
nine_6688,1,0,1,4,5,1
nine_6689,1,0,1,5,4,1
nine_6690,1,0,1,5,5,1
nine_6691,1,0,1,6,4,1
nine_6692,1,0,1,6,5,1
nine_6693,1,0,1,7,4,1
nine_6694,1,0,1,7,5,1
nine_6695,1,0,2,1,4,1
nine_6696,1,0,2,1,5,1
nine_6697,1,0,2,3,4,1
nine_6698,1,0,2,3,5,1
nine_6699,1,0,2,3,5,0
nine_6700,1,0,2,3,5,2
nine_6701,1,0,2,4,4,1
nine_6702,1,0,2,4,5,1
nine_6703,1,0,2,5,4,1
nine_6704,1,0,2,5,5,1
nine_6705,1,0,2,6,4,1
nine_6706,1,0,2,6,5,1
nine_6707,1,0,2,7,4,1
nine_6708,1,0,2,7,5,1
nine_6709,1,0,3,0,1,1
nine_6710,1,0,3,0,2,1
nine_6711,1,0,3,0,3,1
nine_6712,1,0,3,0,4,1
nine_6713,1,0,3,0,4,0
nine_6714,1,0,3,3,3,1
nine_6715,1,0,3,3,4,1
nine_6716,1,0,3,3,5,1
nine_6717,1,0,3,3,5,0
nine_6718,1,0,3,3,5,2
nine_6719,1,0,4,0,4,1
nine_6720,1,0,4,0,5,1
nine_6721,1,0,4,0,5,0
nine_6722,1,0,5,1,5,2
nine_6723,1,0,5,1,5,4
nine_6724,1,0,5,1,5,5
nine_6725,1,0,5,1,5,7
nine_6726,1,0,5,2,5,4
nine_6727,1,0,5,2,5,6
nine_6728,1,0,5,2,5,7
nine_6729,1,0,5,0,1,1
nine_6730,1,0,5,0,1,0
nine_6731,1,0,5,0,2,1
nine_6732,1,0,5,0,2,0
nine_6733,1,0,5,0,3,1
nine_6734,1,0,5,0,4,1
nine_6735,1,0,5,0,5,6
nine_6736,1,0,5,0,5,7
nine_6737,1,0,5,3,5,1
nine_6738,1,0,5,3,5,7
nine_6739,1,0,5,4,5,1
nine_6740,1,0,5,4,5,7
nine_6741,1,0,5,5,5,1
nine_6742,1,0,5,5,5,0
nine_6743,1,0,5,5,5,7
nine_6744,1,0,5,6,5,1
nine_6745,1,0,5,6,5,0
nine_6746,1,0,5,6,5,3
nine_6747,1,0,5,7,5,1
nine_6748,1,0,5,7,5,2
nine_6749,1,0,5,7,5,3
nine_6750,1,0,5,7,5,5
nine_6751,1,0,6,0,1,1
nine_6752,1,0,6,0,1,0
nine_6753,1,0,6,0,2,1
nine_6754,1,0,6,0,2,0
nine_6755,1,0,6,0,3,1
nine_6756,1,0,6,0,3,0
nine_6757,1,0,6,0,4,1
nine_6758,1,0,6,0,5,1
nine_6759,1,0,6,6,6,7
nine_6760,1,1,7,1,4,1
nine_6761,1,1,7,1,5,1
nine_6762,1,1,7,2,4,1
nine_6763,1,1,7,2,5,1
nine_6764,1,1,7,0,1,1
nine_6765,1,1,7,0,1,0
nine_6766,1,1,7,0,2,1
nine_6767,1,1,7,0,2,0
nine_6768,1,1,7,3,4,1
nine_6769,1,1,7,3,5,1
nine_6770,1,1,7,3,5,0
nine_6771,1,1,7,3,5,2
nine_6772,1,1,7,4,4,1
nine_6773,1,1,7,4,5,1
nine_6774,1,1,7,5,4,1
nine_6775,1,1,7,5,5,1
nine_6776,1,1,7,6,4,1
nine_6777,1,1,7,6,5,1
nine_6778,1,1,7,7,4,1
nine_6779,1,1,7,7,5,1
nine_6780,1,1,0,0,1,1
nine_6781,1,1,0,0,1,0
nine_6782,1,1,0,0,2,1
nine_6783,1,1,0,0,2,0
nine_6784,1,1,0,3,4,1
nine_6785,1,1,0,3,5,1
nine_6786,1,1,0,3,5,0
nine_6787,1,1,0,3,5,2
nine_6788,1,1,0,4,4,1
nine_6789,1,1,0,4,5,1
nine_6790,1,1,0,5,4,1
nine_6791,1,1,0,5,5,1
nine_6792,1,1,0,6,4,1
nine_6793,1,1,0,6,5,1
nine_6794,1,1,0,7,4,1
nine_6795,1,1,0,7,5,1
nine_6796,1,1,1,1,4,1
nine_6797,1,1,1,1,5,1
nine_6798,1,1,1,0,1,1
nine_6799,1,1,1,0,2,1
nine_6800,1,1,1,0,2,0
nine_6801,1,1,1,3,4,1
nine_6802,1,1,1,3,5,1
nine_6803,1,1,1,3,5,0
nine_6804,1,1,1,3,5,2
nine_6805,1,1,1,4,4,1
nine_6806,1,1,1,4,5,1
nine_6807,1,1,1,5,4,1
nine_6808,1,1,1,5,5,1
nine_6809,1,1,1,6,4,1
nine_6810,1,1,1,6,5,1
nine_6811,1,1,1,7,4,1
nine_6812,1,1,1,7,5,1
nine_6813,1,1,2,1,4,1
nine_6814,1,1,2,1,5,1
nine_6815,1,1,2,3,4,1
nine_6816,1,1,2,3,5,1
nine_6817,1,1,2,3,5,0
nine_6818,1,1,2,3,5,2
nine_6819,1,1,2,4,4,1
nine_6820,1,1,2,4,5,1
nine_6821,1,1,2,5,4,1
nine_6822,1,1,2,5,5,1
nine_6823,1,1,2,6,4,1
nine_6824,1,1,2,6,5,1
nine_6825,1,1,2,7,4,1
nine_6826,1,1,2,7,5,1
nine_6827,1,1,3,0,1,1
nine_6828,1,1,3,0,2,1
nine_6829,1,1,3,0,3,1
nine_6830,1,1,3,0,4,1
nine_6831,1,1,3,0,4,0
nine_6832,1,1,3,3,3,1
nine_6833,1,1,3,3,4,1
nine_6834,1,1,3,3,5,1
nine_6835,1,1,3,3,5,0
nine_6836,1,1,3,3,5,2
nine_6837,1,1,4,0,4,1
nine_6838,1,1,4,0,5,1
nine_6839,1,1,4,0,5,0
nine_6840,1,1,5,1,5,2
nine_6841,1,1,5,1,5,4
nine_6842,1,1,5,1,5,5
nine_6843,1,1,5,1,5,7
nine_6844,1,1,5,2,5,4
nine_6845,1,1,5,2,5,6
nine_6846,1,1,5,2,5,7
nine_6847,1,1,5,0,1,1
nine_6848,1,1,5,0,1,0
nine_6849,1,1,5,0,2,1
nine_6850,1,1,5,0,2,0
nine_6851,1,1,5,0,3,1
nine_6852,1,1,5,0,4,1
nine_6853,1,1,5,0,5,6
nine_6854,1,1,5,0,5,7
nine_6855,1,1,5,3,5,1
nine_6856,1,1,5,3,5,7
nine_6857,1,1,5,4,5,1
nine_6858,1,1,5,4,5,7
nine_6859,1,1,5,5,5,1
nine_6860,1,1,5,5,5,0
nine_6861,1,1,5,5,5,7
nine_6862,1,1,5,6,5,1
nine_6863,1,1,5,6,5,0
nine_6864,1,1,5,6,5,3
nine_6865,1,1,5,7,5,1
nine_6866,1,1,5,7,5,2
nine_6867,1,1,5,7,5,3
nine_6868,1,1,5,7,5,5
nine_6869,1,1,6,0,1,1
nine_6870,1,1,6,0,1,0
nine_6871,1,1,6,0,2,1
nine_6872,1,1,6,0,2,0
nine_6873,1,1,6,0,3,1
nine_6874,1,1,6,0,3,0
nine_6875,1,1,6,0,4,1
nine_6876,1,1,6,0,5,1
nine_6877,2,0,7,1,2,1
nine_6878,2,0,7,1,3,1
nine_6879,2,0,7,1,4,1
nine_6880,2,0,7,1,5,0
nine_6881,2,0,7,2,5,0
nine_6882,2,0,7,3,3,0
nine_6883,2,0,7,3,3,2
nine_6884,2,0,7,4,2,1
nine_6885,2,0,7,4,3,1
nine_6886,2,0,7,4,4,1
nine_6887,2,0,7,4,5,0
nine_6888,2,0,7,5,2,1
nine_6889,2,0,7,5,3,1
nine_6890,2,0,7,5,4,1
nine_6891,2,0,7,5,5,0
nine_6892,2,0,7,6,2,1
nine_6893,2,0,7,6,3,1
nine_6894,2,0,7,6,4,1
nine_6895,2,0,7,6,5,0
nine_6896,2,0,7,6,5,7
nine_6897,2,0,7,7,2,1
nine_6898,2,0,7,7,3,1
nine_6899,2,0,7,7,4,1
nine_6900,2,0,7,7,5,0
nine_6901,2,0,0,1,2,1
nine_6902,2,0,0,1,3,1
nine_6903,2,0,0,1,4,1
nine_6904,2,0,0,1,5,0
nine_6905,2,0,0,2,5,0
nine_6906,2,0,0,3,3,0
nine_6907,2,0,0,3,3,2
nine_6908,2,0,0,4,6,0
nine_6909,2,0,0,4,2,1
nine_6910,2,0,0,4,3,1
nine_6911,2,0,0,4,4,1
nine_6912,2,0,0,4,5,0
nine_6913,2,0,0,5,6,0
nine_6914,2,0,0,5,6,3
nine_6915,2,0,0,5,2,1
nine_6916,2,0,0,5,3,1
nine_6917,2,0,0,5,4,1
nine_6918,2,0,0,5,5,0
nine_6919,2,0,0,6,6,0
nine_6920,2,0,0,6,6,3
nine_6921,2,0,0,6,2,1
nine_6922,2,0,0,6,3,1
nine_6923,2,0,0,6,4,1
nine_6924,2,0,0,6,5,0
nine_6925,2,0,0,7,2,1
nine_6926,2,0,0,7,3,1
nine_6927,2,0,0,7,4,1
nine_6928,2,0,0,7,5,0
nine_6929,2,0,1,2,6,6
nine_6930,2,0,1,2,6,7
nine_6931,2,0,1,2,7,6
nine_6932,2,0,1,2,7,7
nine_6933,2,0,1,2,5,0
nine_6934,2,0,1,0,6,6
nine_6935,2,0,1,0,6,7
nine_6936,2,0,1,0,7,6
nine_6937,2,0,1,0,7,7
nine_6938,2,0,1,3,6,6
nine_6939,2,0,1,3,6,7
nine_6940,2,0,1,3,7,6
nine_6941,2,0,1,3,7,7
nine_6942,2,0,1,3,3,0
nine_6943,2,0,1,3,3,2
nine_6944,2,0,1,4,2,1
nine_6945,2,0,1,4,3,1
nine_6946,2,0,1,4,4,1
nine_6947,2,0,1,4,5,0
nine_6948,2,0,1,5,2,1
nine_6949,2,0,1,5,3,1
nine_6950,2,0,1,5,4,1
nine_6951,2,0,1,5,5,0
nine_6952,2,0,1,6,2,1
nine_6953,2,0,1,6,3,1
nine_6954,2,0,1,6,4,1
nine_6955,2,0,1,6,5,0
nine_6956,2,0,1,7,2,1
nine_6957,2,0,1,7,3,1
nine_6958,2,0,1,7,4,1
nine_6959,2,0,1,7,5,0
nine_6960,2,0,2,1,5,0
nine_6961,2,0,2,2,5,0
nine_6962,2,0,2,4,5,0
nine_6963,2,0,2,5,5,0
nine_6964,2,0,2,6,5,0
nine_6965,2,0,2,7,5,0
nine_6966,2,0,4,3,4,0
nine_6967,2,0,4,3,5,0
nine_6968,2,0,4,3,5,2
nine_6969,2,0,4,4,4,1
nine_6970,2,0,4,4,5,1
nine_6971,2,0,5,1,5,2
nine_6972,2,0,5,2,5,3
nine_6973,2,0,5,2,5,4
nine_6974,2,0,5,0,5,4
nine_6975,2,0,5,0,5,5
nine_6976,2,0,5,3,2,1
nine_6977,2,0,5,3,3,1
nine_6978,2,0,5,3,5,0
nine_6979,2,0,5,3,5,5
nine_6980,2,0,5,4,5,0
nine_6981,2,0,5,4,5,2
nine_6982,2,0,5,4,5,7
nine_6983,2,0,5,5,5,0
nine_6984,2,0,5,5,5,3
nine_6985,2,0,5,5,5,7
nine_6986,2,0,5,6,5,0
nine_6987,2,0,5,6,5,3
nine_6988,2,0,5,7,5,3
nine_6989,2,0,5,7,5,5
nine_6990,2,0,6,1,2,1
nine_6991,2,0,6,3,2,1
nine_6992,2,0,6,3,3,1
nine_6993,2,0,6,3,4,1
nine_6994,2,0,6,3,4,0
nine_6995,2,0,6,3,5,1
nine_6996,2,0,6,3,5,0
nine_6997,2,0,6,4,2,1
nine_6998,2,0,6,5,2,1
nine_6999,2,0,6,6,6,7
nine_7000,2,0,6,6,2,1
nine_7001,2,0,6,7,2,1
nine_7002,2,1,7,1,5,0
nine_7003,2,1,7,2,5,0
nine_7004,2,1,7,0,6,6
nine_7005,2,1,7,0,6,7
nine_7006,2,1,7,3,6,6
nine_7007,2,1,7,3,6,7
nine_7008,2,1,7,3,2,0
nine_7009,2,1,7,3,3,0
nine_7010,2,1,7,3,3,2
nine_7011,2,1,7,4,5,0
nine_7012,2,1,7,5,5,0
nine_7013,2,1,7,6,0,7
nine_7014,2,1,7,6,2,7
nine_7015,2,1,7,6,3,7
nine_7016,2,1,7,6,5,0
nine_7017,2,1,7,6,5,7
nine_7018,2,1,7,7,5,0
nine_7019,2,1,0,1,5,0
nine_7020,2,1,0,2,5,0
nine_7021,2,1,0,3,2,0
nine_7022,2,1,0,3,3,0
nine_7023,2,1,0,3,3,2
nine_7024,2,1,0,4,5,0
nine_7025,2,1,0,5,5,0
nine_7026,2,1,0,6,2,7
nine_7027,2,1,0,6,4,7
nine_7028,2,1,0,6,5,0
nine_7029,2,1,0,6,5,7
nine_7030,2,1,0,7,5,0
nine_7031,2,1,1,1,4,1
nine_7032,2,1,1,1,5,1
nine_7033,2,1,1,0,6,2
nine_7034,2,1,1,0,6,3
nine_7035,2,1,1,0,6,4
nine_7036,2,1,1,0,7,4
nine_7037,2,1,1,3,2,0
nine_7038,2,1,1,3,3,0
nine_7039,2,1,1,3,3,2
nine_7040,2,1,1,4,6,2
nine_7041,2,1,1,4,6,3
nine_7042,2,1,1,4,6,4
nine_7043,2,1,1,4,6,5
nine_7044,2,1,1,4,6,6
nine_7045,2,1,1,4,7,6
nine_7046,2,1,1,4,5,0
nine_7047,2,1,1,5,6,2
nine_7048,2,1,1,5,6,6
nine_7049,2,1,1,5,6,7
nine_7050,2,1,1,5,7,7
nine_7051,2,1,1,5,5,0
nine_7052,2,1,1,6,6,2
nine_7053,2,1,1,6,6,3
nine_7054,2,1,1,6,6,4
nine_7055,2,1,1,6,6,5
nine_7056,2,1,1,6,6,6
nine_7057,2,1,1,6,7,3
nine_7058,2,1,1,6,7,4
nine_7059,2,1,1,6,4,7
nine_7060,2,1,1,6,5,0
nine_7061,2,1,1,6,5,7
nine_7062,2,1,1,7,6,2
nine_7063,2,1,1,7,6,3
nine_7064,2,1,1,7,6,4
nine_7065,2,1,1,7,6,5
nine_7066,2,1,1,7,6,6
nine_7067,2,1,1,7,6,7
nine_7068,2,1,1,7,7,3
nine_7069,2,1,1,7,7,4
nine_7070,2,1,1,7,7,5
nine_7071,2,1,1,7,5,0
nine_7072,2,1,2,1,6,7
nine_7073,2,1,2,1,7,7
nine_7074,2,1,2,1,0,7
nine_7075,2,1,2,1,2,1
nine_7076,2,1,2,1,3,1
nine_7077,2,1,2,1,4,1
nine_7078,2,1,2,1,5,0
nine_7079,2,1,2,2,6,7
nine_7080,2,1,2,2,7,7
nine_7081,2,1,2,2,0,7
nine_7082,2,1,2,2,5,0
nine_7083,2,1,2,0,6,2
nine_7084,2,1,2,0,6,6
nine_7085,2,1,2,0,6,7
nine_7086,2,1,2,0,7,7
nine_7087,2,1,2,0,0,7
nine_7088,2,1,2,3,6,6
nine_7089,2,1,2,3,6,7
nine_7090,2,1,2,3,7,7
nine_7091,2,1,2,3,0,7
nine_7092,2,1,2,3,2,0
nine_7093,2,1,2,3,3,0
nine_7094,2,1,2,3,3,2
nine_7095,2,1,2,4,6,4
nine_7096,2,1,2,4,6,5
nine_7097,2,1,2,4,6,6
nine_7098,2,1,2,4,6,7
nine_7099,2,1,2,4,7,7
nine_7100,2,1,2,4,0,7
nine_7101,2,1,2,4,2,1
nine_7102,2,1,2,4,3,1
nine_7103,2,1,2,4,4,1
nine_7104,2,1,2,4,5,0
nine_7105,2,1,2,5,2,1
nine_7106,2,1,2,5,3,1
nine_7107,2,1,2,5,4,1
nine_7108,2,1,2,5,5,0
nine_7109,2,1,2,6,6,7
nine_7110,2,1,2,6,2,1
nine_7111,2,1,2,6,3,1
nine_7112,2,1,2,6,4,1
nine_7113,2,1,2,6,5,0
nine_7114,2,1,2,6,5,7
nine_7115,2,1,2,7,2,1
nine_7116,2,1,2,7,3,1
nine_7117,2,1,2,7,4,1
nine_7118,2,1,2,7,5,0
nine_7119,2,1,3,1,4,1
nine_7120,2,1,3,1,5,0
nine_7121,2,1,3,2,5,0
nine_7122,2,1,3,0,6,2
nine_7123,2,1,3,0,6,6
nine_7124,2,1,3,0,6,7
nine_7125,2,1,3,3,6,6
nine_7126,2,1,3,3,6,7
nine_7127,2,1,3,4,2,1
nine_7128,2,1,3,4,3,1
nine_7129,2,1,3,4,4,1
nine_7130,2,1,3,4,5,0
nine_7131,2,1,3,5,2,1
nine_7132,2,1,3,5,3,1
nine_7133,2,1,3,5,4,1
nine_7134,2,1,3,5,5,0
nine_7135,2,1,3,6,6,7
nine_7136,2,1,3,6,2,1
nine_7137,2,1,3,6,3,1
nine_7138,2,1,3,6,4,1
nine_7139,2,1,3,6,5,0
nine_7140,2,1,3,6,5,7
nine_7141,2,1,3,7,2,1
nine_7142,2,1,3,7,3,1
nine_7143,2,1,3,7,4,1
nine_7144,2,1,3,7,5,0
nine_7145,2,1,4,0,6,2
nine_7146,2,1,4,0,6,6
nine_7147,2,1,4,0,6,7
nine_7148,2,1,4,3,6,6
nine_7149,2,1,4,3,6,7
nine_7150,2,1,4,3,2,1
nine_7151,2,1,4,3,2,0
nine_7152,2,1,4,3,3,1
nine_7153,2,1,4,3,3,0
nine_7154,2,1,4,3,4,0
nine_7155,2,1,4,3,5,0
nine_7156,2,1,4,3,5,2
nine_7157,2,1,4,4,4,1
nine_7158,2,1,4,4,4,7
nine_7159,2,1,4,4,5,1
nine_7160,2,1,4,4,5,7
nine_7161,2,1,4,5,4,1
nine_7162,2,1,4,5,5,1
nine_7163,2,1,4,6,6,7
nine_7164,2,1,4,6,7,7
nine_7165,2,1,4,6,4,1
nine_7166,2,1,4,6,5,1
nine_7167,2,1,4,6,5,7
nine_7168,2,1,4,7,4,1
nine_7169,2,1,4,7,5,1
nine_7170,2,1,5,1,5,2
nine_7171,2,1,5,2,5,4
nine_7172,2,1,5,0,6,2
nine_7173,2,1,5,0,6,6
nine_7174,2,1,5,0,6,7
nine_7175,2,1,5,0,5,4
nine_7176,2,1,5,3,6,6
nine_7177,2,1,5,3,6,7
nine_7178,2,1,5,3,2,1
nine_7179,2,1,5,3,3,1
nine_7180,2,1,5,3,5,5
nine_7181,2,1,5,4,5,2
nine_7182,2,1,5,4,5,7
nine_7183,2,1,5,5,5,3
nine_7184,2,1,5,5,5,7
nine_7185,2,1,5,6,6,7
nine_7186,2,1,5,6,7,7
nine_7187,2,1,5,6,1,7
nine_7188,2,1,5,6,5,3
nine_7189,2,1,5,7,5,5
nine_7190,2,1,6,1,2,1
nine_7191,2,1,6,0,6,2
nine_7192,2,1,6,0,6,6
nine_7193,2,1,6,0,6,7
nine_7194,2,1,6,3,6,6
nine_7195,2,1,6,3,6,7
nine_7196,2,1,6,3,2,1
nine_7197,2,1,6,3,2,0
nine_7198,2,1,6,3,2,2
nine_7199,2,1,6,3,3,1
nine_7200,2,1,6,3,3,0
nine_7201,2,1,6,3,3,2
nine_7202,2,1,6,3,4,1
nine_7203,2,1,6,3,4,0
nine_7204,2,1,6,3,5,1
nine_7205,2,1,6,3,5,0
nine_7206,2,1,6,4,2,1
nine_7207,2,1,6,5,2,1
nine_7208,2,1,6,6,6,7
nine_7209,2,1,6,6,0,7
nine_7210,2,1,6,6,1,7
nine_7211,2,1,6,6,2,1
nine_7212,2,1,6,6,3,7
nine_7213,2,1,6,7,2,1
nine_7214,2,2,7,1,4,1
nine_7215,2,2,7,1,5,1
nine_7216,2,2,7,1,5,0
nine_7217,2,2,7,2,5,0
nine_7218,2,2,7,0,5,0
nine_7219,2,2,7,3,1,1
nine_7220,2,2,7,3,2,1
nine_7221,2,2,7,3,2,0
nine_7222,2,2,7,3,2,2
nine_7223,2,2,7,3,3,1
nine_7224,2,2,7,3,3,0
nine_7225,2,2,7,3,3,2
nine_7226,2,2,7,4,4,1
nine_7227,2,2,7,4,5,1
nine_7228,2,2,7,4,5,0
nine_7229,2,2,7,5,4,1
nine_7230,2,2,7,5,5,1
nine_7231,2,2,7,5,5,0
nine_7232,2,2,7,5,5,6
nine_7233,2,2,7,6,4,1
nine_7234,2,2,7,6,5,1
nine_7235,2,2,7,6,5,0
nine_7236,2,2,7,7,4,1
nine_7237,2,2,7,7,5,1
nine_7238,2,2,7,7,5,0
nine_7239,2,2,0,1,4,1
nine_7240,2,2,0,1,5,1
nine_7241,2,2,0,1,5,0
nine_7242,2,2,0,2,5,0
nine_7243,2,2,0,0,5,0
nine_7244,2,2,0,3,1,1
nine_7245,2,2,0,3,2,1
nine_7246,2,2,0,3,2,0
nine_7247,2,2,0,3,2,2
nine_7248,2,2,0,3,3,1
nine_7249,2,2,0,3,3,0
nine_7250,2,2,0,3,3,2
nine_7251,2,2,0,4,4,1
nine_7252,2,2,0,4,5,1
nine_7253,2,2,0,4,5,0
nine_7254,2,2,0,5,4,1
nine_7255,2,2,0,5,5,1
nine_7256,2,2,0,5,5,0
nine_7257,2,2,0,5,5,6
nine_7258,2,2,0,6,4,1
nine_7259,2,2,0,6,5,1
nine_7260,2,2,0,6,5,0
nine_7261,2,2,0,7,4,1
nine_7262,2,2,0,7,5,1
nine_7263,2,2,0,7,5,0
nine_7264,2,2,1,1,4,1
nine_7265,2,2,1,1,5,1
nine_7266,2,2,1,3,1,1
nine_7267,2,2,1,3,2,1
nine_7268,2,2,1,3,2,0
nine_7269,2,2,1,3,2,2
nine_7270,2,2,1,3,3,1
nine_7271,2,2,1,3,3,0
nine_7272,2,2,1,3,3,2
nine_7273,2,2,1,4,4,1
nine_7274,2,2,1,4,5,1
nine_7275,2,2,1,4,5,0
nine_7276,2,2,1,5,4,1
nine_7277,2,2,1,5,5,1
nine_7278,2,2,1,5,5,0
nine_7279,2,2,1,5,5,6
nine_7280,2,2,1,6,4,1
nine_7281,2,2,1,6,5,1
nine_7282,2,2,1,6,5,0
nine_7283,2,2,1,7,4,1
nine_7284,2,2,1,7,5,1
nine_7285,2,2,1,7,5,0
nine_7286,2,2,2,1,5,0
nine_7287,2,2,2,2,5,0
nine_7288,2,2,2,4,5,0
nine_7289,2,2,2,5,5,0
nine_7290,2,2,2,6,5,0
nine_7291,2,2,2,7,5,0
nine_7292,2,2,3,1,4,1
nine_7293,2,2,3,1,5,0
nine_7294,2,2,3,2,5,0
nine_7295,2,2,3,4,2,1
nine_7296,2,2,3,4,3,1
nine_7297,2,2,3,4,4,1
nine_7298,2,2,3,4,5,0
nine_7299,2,2,3,5,2,1
nine_7300,2,2,3,5,3,1
nine_7301,2,2,3,5,4,1
nine_7302,2,2,3,5,5,0
nine_7303,2,2,3,5,5,6
nine_7304,2,2,3,6,2,1
nine_7305,2,2,3,6,3,1
nine_7306,2,2,3,6,4,1
nine_7307,2,2,3,6,5,0
nine_7308,2,2,3,7,2,1
nine_7309,2,2,3,7,3,1
nine_7310,2,2,3,7,4,1
nine_7311,2,2,3,7,5,0
nine_7312,2,2,4,3,2,0
nine_7313,2,2,4,3,3,0
nine_7314,2,2,4,3,4,0
nine_7315,2,2,4,3,5,0
nine_7316,2,2,4,3,5,2
nine_7317,2,2,4,4,3,1
nine_7318,2,2,4,4,4,1
nine_7319,2,2,4,4,5,1
nine_7320,2,2,4,4,5,7
nine_7321,2,2,4,5,3,1
nine_7322,2,2,4,5,4,1
nine_7323,2,2,4,5,5,1
nine_7324,2,2,4,6,3,1
nine_7325,2,2,4,6,4,1
nine_7326,2,2,4,6,5,1
nine_7327,2,2,4,7,3,1
nine_7328,2,2,4,7,4,1
nine_7329,2,2,4,7,5,1
nine_7330,2,2,5,1,1,1
nine_7331,2,2,5,1,5,2
nine_7332,2,2,5,2,5,4
nine_7333,2,2,5,0,5,4
nine_7334,2,2,5,3,1,1
nine_7335,2,2,5,3,2,1
nine_7336,2,2,5,3,3,1
nine_7337,2,2,5,3,5,5
nine_7338,2,2,5,4,1,1
nine_7339,2,2,5,4,5,2
nine_7340,2,2,5,4,5,7
nine_7341,2,2,5,5,1,1
nine_7342,2,2,5,5,5,3
nine_7343,2,2,5,5,5,7
nine_7344,2,2,5,6,1,1
nine_7345,2,2,5,6,5,3
nine_7346,2,2,5,7,1,1
nine_7347,2,2,5,7,5,5
nine_7348,2,2,6,1,1,1
nine_7349,2,2,6,1,2,1
nine_7350,2,2,6,3,1,1
nine_7351,2,2,6,3,2,1
nine_7352,2,2,6,3,2,0
nine_7353,2,2,6,3,2,2
nine_7354,2,2,6,3,3,1
nine_7355,2,2,6,3,3,0
nine_7356,2,2,6,3,3,2
nine_7357,2,2,6,3,4,1
nine_7358,2,2,6,3,4,0
nine_7359,2,2,6,3,5,1
nine_7360,2,2,6,3,5,0
nine_7361,2,2,6,4,1,1
nine_7362,2,2,6,4,2,1
nine_7363,2,2,6,5,1,1
nine_7364,2,2,6,5,2,1
nine_7365,2,2,6,6,1,1
nine_7366,2,2,6,6,2,1
nine_7367,2,2,6,7,1,1
nine_7368,2,2,6,7,2,1
nine_7369,3,0,7,3,7,0
nine_7370,3,0,7,3,1,2
nine_7371,3,0,7,3,3,0
nine_7372,3,0,7,3,3,2
nine_7373,3,0,7,4,6,1
nine_7374,3,0,7,4,7,1
nine_7375,3,0,7,6,5,7
nine_7376,3,0,0,3,6,5
nine_7377,3,0,0,3,3,0
nine_7378,3,0,0,3,3,2
nine_7379,3,0,0,4,6,0
nine_7380,3,0,0,5,6,0
nine_7381,3,0,0,5,6,3
nine_7382,3,0,0,6,6,0
nine_7383,3,0,0,6,6,3
nine_7384,3,0,1,1,6,1
nine_7385,3,0,1,1,7,1
nine_7386,3,0,1,0,6,6
nine_7387,3,0,1,0,6,7
nine_7388,3,0,1,0,7,6
nine_7389,3,0,1,0,7,7
nine_7390,3,0,1,3,6,6
nine_7391,3,0,1,3,6,7
nine_7392,3,0,1,3,7,6
nine_7393,3,0,1,3,7,7
nine_7394,3,0,1,3,3,0
nine_7395,3,0,1,3,3,2
nine_7396,3,0,1,4,6,1
nine_7397,3,0,1,4,7,1
nine_7398,3,0,1,5,6,1
nine_7399,3,0,1,5,7,1
nine_7400,3,0,1,6,6,1
nine_7401,3,0,1,6,7,1
nine_7402,3,0,1,7,6,1
nine_7403,3,0,1,7,7,1
nine_7404,3,0,4,1,5,1
nine_7405,3,0,4,3,4,6
nine_7406,3,0,4,3,4,7
nine_7407,3,0,4,3,5,6
nine_7408,3,0,4,3,5,7
nine_7409,3,0,4,4,3,1
nine_7410,3,0,4,4,4,1
nine_7411,3,0,4,4,5,1
nine_7412,3,0,4,5,3,1
nine_7413,3,0,4,5,4,1
nine_7414,3,0,4,5,5,1
nine_7415,3,0,4,6,3,1
nine_7416,3,0,4,6,4,1
nine_7417,3,0,4,6,5,1
nine_7418,3,0,4,7,3,1
nine_7419,3,0,4,7,4,1
nine_7420,3,0,4,7,5,1
nine_7421,3,0,5,2,5,3
nine_7422,3,0,5,3,5,5
nine_7423,3,0,5,4,5,0
nine_7424,3,0,5,4,5,7
nine_7425,3,0,5,5,5,0
nine_7426,3,0,5,5,5,3
nine_7427,3,0,5,5,5,7
nine_7428,3,0,5,6,5,0
nine_7429,3,0,5,6,5,3
nine_7430,3,0,5,7,5,5
nine_7431,3,0,6,3,4,0
nine_7432,3,0,6,4,3,1
nine_7433,3,0,6,4,4,1
nine_7434,3,0,6,4,5,1
nine_7435,3,0,6,6,6,7
nine_7436,3,1,7,3,6,6
nine_7437,3,1,7,3,6,7
nine_7438,3,1,7,4,4,2
nine_7439,3,1,7,4,4,3
nine_7440,3,1,7,6,0,7
nine_7441,3,1,7,6,2,7
nine_7442,3,1,7,6,3,7
nine_7443,3,1,7,6,5,7
nine_7444,3,1,0,4,4,2
nine_7445,3,1,0,4,4,3
nine_7446,3,1,0,6,2,7
nine_7447,3,1,0,6,4,7
nine_7448,3,1,0,6,5,7
nine_7449,3,1,1,1,6,6
nine_7450,3,1,1,1,6,7
nine_7451,3,1,1,1,7,6
nine_7452,3,1,1,1,7,7
nine_7453,3,1,1,2,6,6
nine_7454,3,1,1,2,6,7
nine_7455,3,1,1,2,7,6
nine_7456,3,1,1,2,7,7
nine_7457,3,1,1,0,6,2
nine_7458,3,1,1,0,6,6
nine_7459,3,1,1,0,6,7
nine_7460,3,1,1,0,7,2
nine_7461,3,1,1,0,7,4
nine_7462,3,1,1,0,7,6
nine_7463,3,1,1,0,7,7
nine_7464,3,1,1,4,6,5
nine_7465,3,1,1,4,6,6
nine_7466,3,1,1,4,7,6
nine_7467,3,1,1,4,4,2
nine_7468,3,1,1,4,4,3
nine_7469,3,1,1,5,6,6
nine_7470,3,1,1,5,6,7
nine_7471,3,1,1,5,7,7
nine_7472,3,1,1,6,6,5
nine_7473,3,1,1,6,6,6
nine_7474,3,1,1,6,6,7
nine_7475,3,1,1,6,4,7
nine_7476,3,1,1,6,5,7
nine_7477,3,1,1,7,6,5
nine_7478,3,1,1,7,6,6
nine_7479,3,1,1,7,6,7
nine_7480,3,1,1,7,7,5
nine_7481,3,1,2,1,6,7
nine_7482,3,1,2,1,7,7
nine_7483,3,1,2,1,3,1
nine_7484,3,1,2,1,4,1
nine_7485,3,1,2,0,6,7
nine_7486,3,1,2,0,7,7
nine_7487,3,1,2,0,0,7
nine_7488,3,1,2,3,6,6
nine_7489,3,1,2,3,6,7
nine_7490,3,1,2,3,7,7
nine_7491,3,1,2,3,0,7
nine_7492,3,1,2,4,6,4
nine_7493,3,1,2,4,6,5
nine_7494,3,1,2,4,6,6
nine_7495,3,1,2,4,6,7
nine_7496,3,1,2,4,7,7
nine_7497,3,1,2,4,0,7
nine_7498,3,1,2,4,4,2
nine_7499,3,1,2,4,4,3
nine_7500,3,1,2,6,6,7
nine_7501,3,1,2,6,5,7
nine_7502,3,1,3,1,5,7
nine_7503,3,1,3,2,5,7
nine_7504,3,1,3,3,6,6
nine_7505,3,1,3,3,6,7
nine_7506,3,1,3,3,3,7
nine_7507,3,1,3,3,4,7
nine_7508,3,1,3,3,5,7
nine_7509,3,1,3,4,7,2
nine_7510,3,1,3,4,7,3
nine_7511,3,1,3,6,6,7
nine_7512,3,1,3,6,5,7
nine_7513,3,1,4,3,6,6
nine_7514,3,1,4,3,6,7
nine_7515,3,1,4,3,4,5
nine_7516,3,1,4,3,4,6
nine_7517,3,1,4,3,4,7
nine_7518,3,1,4,3,5,3
nine_7519,3,1,4,3,5,4
nine_7520,3,1,4,3,5,5
nine_7521,3,1,4,3,5,6
nine_7522,3,1,4,3,5,7
nine_7523,3,1,4,4,7,2
nine_7524,3,1,4,4,7,3
nine_7525,3,1,4,6,6,7
nine_7526,3,1,4,6,7,7
nine_7527,3,1,4,6,5,7
nine_7528,3,1,5,3,6,6
nine_7529,3,1,5,3,6,7
nine_7530,3,1,5,4,7,2
nine_7531,3,1,5,4,7,3
nine_7532,3,1,5,6,6,7
nine_7533,3,1,5,6,7,7
nine_7534,3,1,5,6,1,7
nine_7535,3,1,6,1,3,1
nine_7536,3,1,6,3,6,6
nine_7537,3,1,6,3,6,7
nine_7538,3,1,6,4,7,2
nine_7539,3,1,6,4,7,3
nine_7540,3,1,6,4,3,0
nine_7541,3,1,6,4,4,0
nine_7542,3,1,6,6,6,7
nine_7543,3,1,6,6,0,7
nine_7544,3,1,6,6,1,7
nine_7545,3,1,6,6,3,7
nine_7546,3,2,7,1,6,6
nine_7547,3,2,7,1,6,7
nine_7548,3,2,7,1,3,2
nine_7549,3,2,7,1,4,2
nine_7550,3,2,7,1,5,2
nine_7551,3,2,7,2,6,6
nine_7552,3,2,7,2,6,7
nine_7553,3,2,7,2,3,2
nine_7554,3,2,7,2,4,2
nine_7555,3,2,7,2,5,2
nine_7556,3,2,7,0,6,6
nine_7557,3,2,7,0,6,7
nine_7558,3,2,7,0,3,2
nine_7559,3,2,7,0,4,2
nine_7560,3,2,7,0,5,2
nine_7561,3,2,7,3,6,5
nine_7562,3,2,7,3,6,6
nine_7563,3,2,7,3,6,7
nine_7564,3,2,7,3,7,7
nine_7565,3,2,7,4,3,2
nine_7566,3,2,7,4,4,2
nine_7567,3,2,7,4,4,3
nine_7568,3,2,7,4,5,7
nine_7569,3,2,7,5,6,2
nine_7570,3,2,7,5,7,2
nine_7571,3,2,7,5,3,2
nine_7572,3,2,7,5,4,2
nine_7573,3,2,7,5,5,2
nine_7574,3,2,7,5,5,3
nine_7575,3,2,7,5,5,4
nine_7576,3,2,7,5,5,5
nine_7577,3,2,7,5,5,6
nine_7578,3,2,7,5,5,7
nine_7579,3,2,7,6,0,7
nine_7580,3,2,7,6,3,2
nine_7581,3,2,7,6,4,2
nine_7582,3,2,7,6,5,2
nine_7583,3,2,7,7,3,2
nine_7584,3,2,7,7,4,2
nine_7585,3,2,7,7,5,2
nine_7586,3,2,0,1,3,2
nine_7587,3,2,0,1,4,2
nine_7588,3,2,0,1,5,2
nine_7589,3,2,0,2,3,2
nine_7590,3,2,0,2,4,2
nine_7591,3,2,0,2,5,2
nine_7592,3,2,0,0,3,2
nine_7593,3,2,0,0,4,2
nine_7594,3,2,0,0,5,2
nine_7595,3,2,0,3,7,7
nine_7596,3,2,0,4,3,2
nine_7597,3,2,0,4,4,2
nine_7598,3,2,0,4,4,3
nine_7599,3,2,0,4,5,7
nine_7600,3,2,0,5,3,2
nine_7601,3,2,0,5,4,2
nine_7602,3,2,0,5,5,2
nine_7603,3,2,0,5,5,3
nine_7604,3,2,0,5,5,4
nine_7605,3,2,0,5,5,5
nine_7606,3,2,0,5,5,6
nine_7607,3,2,0,5,5,7
nine_7608,3,2,0,6,2,7
nine_7609,3,2,0,6,3,2
nine_7610,3,2,0,6,4,2
nine_7611,3,2,0,6,5,2
nine_7612,3,2,0,7,3,2
nine_7613,3,2,0,7,4,2
nine_7614,3,2,0,7,5,2
nine_7615,3,2,1,1,6,2
nine_7616,3,2,1,1,6,3
nine_7617,3,2,1,1,6,4
nine_7618,3,2,1,1,6,5
nine_7619,3,2,1,1,6,6
nine_7620,3,2,1,1,7,2
nine_7621,3,2,1,1,7,3
nine_7622,3,2,1,1,7,4
nine_7623,3,2,1,1,7,5
nine_7624,3,2,1,1,7,6
nine_7625,3,2,1,1,3,2
nine_7626,3,2,1,1,4,2
nine_7627,3,2,1,1,5,2
nine_7628,3,2,1,2,6,2
nine_7629,3,2,1,2,6,3
nine_7630,3,2,1,2,6,4
nine_7631,3,2,1,2,6,5
nine_7632,3,2,1,2,6,6
nine_7633,3,2,1,2,7,2
nine_7634,3,2,1,2,7,3
nine_7635,3,2,1,2,7,4
nine_7636,3,2,1,2,7,5
nine_7637,3,2,1,2,7,6
nine_7638,3,2,1,2,3,2
nine_7639,3,2,1,2,4,2
nine_7640,3,2,1,2,5,2
nine_7641,3,2,1,0,6,2
nine_7642,3,2,1,0,6,3
nine_7643,3,2,1,0,6,4
nine_7644,3,2,1,0,6,5
nine_7645,3,2,1,0,6,6
nine_7646,3,2,1,0,7,2
nine_7647,3,2,1,0,7,3
nine_7648,3,2,1,0,7,4
nine_7649,3,2,1,0,7,5
nine_7650,3,2,1,0,7,6
nine_7651,3,2,1,0,3,2
nine_7652,3,2,1,0,4,2
nine_7653,3,2,1,0,5,2
nine_7654,3,2,1,4,3,2
nine_7655,3,2,1,4,4,2
nine_7656,3,2,1,4,4,3
nine_7657,3,2,1,4,5,7
nine_7658,3,2,1,5,6,2
nine_7659,3,2,1,5,6,3
nine_7660,3,2,1,5,6,4
nine_7661,3,2,1,5,6,5
nine_7662,3,2,1,5,7,2
nine_7663,3,2,1,5,7,3
nine_7664,3,2,1,5,3,2
nine_7665,3,2,1,5,4,2
nine_7666,3,2,1,5,5,2
nine_7667,3,2,1,5,5,3
nine_7668,3,2,1,5,5,4
nine_7669,3,2,1,5,5,5
nine_7670,3,2,1,5,5,6
nine_7671,3,2,1,5,5,7
nine_7672,3,2,1,6,6,2
nine_7673,3,2,1,6,6,3
nine_7674,3,2,1,6,6,4
nine_7675,3,2,1,6,6,5
nine_7676,3,2,1,6,6,6
nine_7677,3,2,1,6,7,2
nine_7678,3,2,1,6,7,3
nine_7679,3,2,1,6,7,4
nine_7680,3,2,1,6,2,7
nine_7681,3,2,1,6,3,2
nine_7682,3,2,1,6,4,2
nine_7683,3,2,1,6,5,2
nine_7684,3,2,1,7,6,2
nine_7685,3,2,1,7,6,3
nine_7686,3,2,1,7,6,4
nine_7687,3,2,1,7,6,5
nine_7688,3,2,1,7,7,2
nine_7689,3,2,1,7,7,3
nine_7690,3,2,1,7,7,4
nine_7691,3,2,1,7,7,5
nine_7692,3,2,1,7,3,2
nine_7693,3,2,1,7,4,2
nine_7694,3,2,1,7,5,2
nine_7695,3,2,2,1,6,5
nine_7696,3,2,2,1,3,1
nine_7697,3,2,2,1,4,1
nine_7698,3,2,2,1,5,2
nine_7699,3,2,2,2,6,5
nine_7700,3,2,2,2,5,2
nine_7701,3,2,2,3,6,3
nine_7702,3,2,2,3,6,4
nine_7703,3,2,2,3,6,5
nine_7704,3,2,2,3,7,3
nine_7705,3,2,2,3,7,4
nine_7706,3,2,2,3,7,5
nine_7707,3,2,2,3,0,4
nine_7708,3,2,2,3,0,5
nine_7709,3,2,2,4,6,4
nine_7710,3,2,2,4,6,5
nine_7711,3,2,2,4,6,6
nine_7712,3,2,2,4,7,4
nine_7713,3,2,2,4,7,5
nine_7714,3,2,2,4,7,6
nine_7715,3,2,2,4,7,7
nine_7716,3,2,2,4,0,6
nine_7717,3,2,2,4,0,7
nine_7718,3,2,2,4,3,2
nine_7719,3,2,2,4,4,2
nine_7720,3,2,2,4,4,3
nine_7721,3,2,2,4,5,7
nine_7722,3,2,2,5,7,6
nine_7723,3,2,2,5,7,7
nine_7724,3,2,2,5,0,7
nine_7725,3,2,2,5,3,2
nine_7726,3,2,2,5,4,2
nine_7727,3,2,2,5,5,2
nine_7728,3,2,2,5,5,3
nine_7729,3,2,2,5,5,4
nine_7730,3,2,2,5,5,5
nine_7731,3,2,2,5,5,6
nine_7732,3,2,2,5,5,7
nine_7733,3,2,2,6,6,6
nine_7734,3,2,2,6,3,2
nine_7735,3,2,2,6,3,7
nine_7736,3,2,2,6,4,2
nine_7737,3,2,2,6,5,2
nine_7738,3,2,2,7,6,6
nine_7739,3,2,2,7,6,7
nine_7740,3,2,2,7,7,6
nine_7741,3,2,2,7,7,7
nine_7742,3,2,2,7,3,2
nine_7743,3,2,2,7,4,2
nine_7744,3,2,2,7,5,2
nine_7745,3,2,3,1,6,6
nine_7746,3,2,3,1,6,7
nine_7747,3,2,3,1,4,0
nine_7748,3,2,3,1,5,0
nine_7749,3,2,3,1,5,7
nine_7750,3,2,3,2,6,6
nine_7751,3,2,3,2,6,7
nine_7752,3,2,3,2,5,7
nine_7753,3,2,3,0,6,6
nine_7754,3,2,3,0,6,7
nine_7755,3,2,3,0,5,7
nine_7756,3,2,3,3,6,3
nine_7757,3,2,3,3,6,4
nine_7758,3,2,3,3,6,5
nine_7759,3,2,3,3,6,6
nine_7760,3,2,3,3,6,7
nine_7761,3,2,3,3,7,7
nine_7762,3,2,3,3,3,7
nine_7763,3,2,3,3,4,7
nine_7764,3,2,3,3,5,7
nine_7765,3,2,3,4,6,4
nine_7766,3,2,3,4,6,5
nine_7767,3,2,3,4,6,6
nine_7768,3,2,3,4,3,2
nine_7769,3,2,3,4,3,6
nine_7770,3,2,3,4,3,7
nine_7771,3,2,3,4,4,2
nine_7772,3,2,3,4,4,3
nine_7773,3,2,3,4,4,4
nine_7774,3,2,3,4,4,5
nine_7775,3,2,3,4,4,6
nine_7776,3,2,3,4,4,7
nine_7777,3,2,3,4,5,4
nine_7778,3,2,3,4,5,5
nine_7779,3,2,3,4,5,6
nine_7780,3,2,3,4,5,7
nine_7781,3,2,3,5,6,5
nine_7782,3,2,3,5,6,6
nine_7783,3,2,3,5,6,7
nine_7784,3,2,3,5,5,2
nine_7785,3,2,3,5,5,3
nine_7786,3,2,3,5,5,4
nine_7787,3,2,3,5,5,5
nine_7788,3,2,3,6,0,7
nine_7789,3,2,3,6,5,2
nine_7790,3,2,3,7,5,2
nine_7791,3,2,4,1,6,6
nine_7792,3,2,4,1,6,7
nine_7793,3,2,4,1,4,3
nine_7794,3,2,4,1,4,5
nine_7795,3,2,4,1,4,7
nine_7796,3,2,4,1,5,7
nine_7797,3,2,4,2,6,6
nine_7798,3,2,4,2,6,7
nine_7799,3,2,4,2,4,5
nine_7800,3,2,4,2,4,7
nine_7801,3,2,4,2,5,7
nine_7802,3,2,4,0,6,6
nine_7803,3,2,4,0,6,7
nine_7804,3,2,4,0,4,7
nine_7805,3,2,4,0,5,7
nine_7806,3,2,4,3,6,3
nine_7807,3,2,4,3,6,4
nine_7808,3,2,4,3,6,5
nine_7809,3,2,4,3,6,6
nine_7810,3,2,4,3,6,7
nine_7811,3,2,4,3,7,7
nine_7812,3,2,4,3,4,5
nine_7813,3,2,4,3,4,6
nine_7814,3,2,4,3,4,7
nine_7815,3,2,4,3,5,3
nine_7816,3,2,4,3,5,4
nine_7817,3,2,4,3,5,5
nine_7818,3,2,4,3,5,6
nine_7819,3,2,4,3,5,7
nine_7820,3,2,4,4,6,4
nine_7821,3,2,4,4,6,5
nine_7822,3,2,4,4,6,6
nine_7823,3,2,4,4,3,2
nine_7824,3,2,4,4,4,2
nine_7825,3,2,4,4,5,2
nine_7826,3,2,4,4,5,3
nine_7827,3,2,4,4,5,4
nine_7828,3,2,4,5,6,5
nine_7829,3,2,4,5,6,6
nine_7830,3,2,4,5,6,7
nine_7831,3,2,4,5,3,2
nine_7832,3,2,4,5,4,2
nine_7833,3,2,4,5,4,7
nine_7834,3,2,4,5,5,2
nine_7835,3,2,4,5,5,6
nine_7836,3,2,4,5,5,7
nine_7837,3,2,4,6,1,7
nine_7838,3,2,4,6,4,3
nine_7839,3,2,4,6,5,7
nine_7840,3,2,4,7,4,3
nine_7841,3,2,4,7,4,5
nine_7842,3,2,4,7,5,7
nine_7843,3,2,5,1,6,6
nine_7844,3,2,5,1,6,7
nine_7845,3,2,5,1,2,1
nine_7846,3,2,5,2,6,6
nine_7847,3,2,5,2,6,7
nine_7848,3,2,5,0,6,6
nine_7849,3,2,5,0,6,7
nine_7850,3,2,5,3,6,3
nine_7851,3,2,5,3,6,4
nine_7852,3,2,5,3,6,5
nine_7853,3,2,5,3,6,6
nine_7854,3,2,5,3,6,7
nine_7855,3,2,5,3,7,7
nine_7856,3,2,5,4,6,4
nine_7857,3,2,5,4,6,5
nine_7858,3,2,5,4,6,6
nine_7859,3,2,5,4,3,2
nine_7860,3,2,5,5,6,5
nine_7861,3,2,5,5,6,6
nine_7862,3,2,5,5,6,7
nine_7863,3,2,5,6,1,7
nine_7864,3,2,6,1,6,6
nine_7865,3,2,6,1,6,7
nine_7866,3,2,6,1,3,1
nine_7867,3,2,6,2,6,6
nine_7868,3,2,6,2,6,7
nine_7869,3,2,6,0,6,6
nine_7870,3,2,6,0,6,7
nine_7871,3,2,6,3,6,3
nine_7872,3,2,6,3,6,4
nine_7873,3,2,6,3,6,5
nine_7874,3,2,6,3,6,6
nine_7875,3,2,6,3,6,7
nine_7876,3,2,6,3,7,7
nine_7877,3,2,6,4,6,4
nine_7878,3,2,6,4,6,5
nine_7879,3,2,6,4,6,6
nine_7880,3,2,6,4,3,0
nine_7881,3,2,6,4,4,0
nine_7882,3,2,6,4,5,7
nine_7883,3,2,6,5,6,5
nine_7884,3,2,6,5,6,6
nine_7885,3,2,6,5,6,7
nine_7886,3,2,6,5,3,0
nine_7887,3,2,6,5,4,0
nine_7888,3,2,6,5,5,0
nine_7889,3,2,6,5,5,2
nine_7890,3,2,6,6,3,0
nine_7891,3,2,6,6,3,7
nine_7892,3,2,6,6,4,0
nine_7893,3,2,6,6,5,0
nine_7894,3,2,6,7,3,0
nine_7895,3,2,6,7,4,0
nine_7896,3,2,6,7,5,0
nine_7897,3,3,7,1,0,1
nine_7898,3,3,7,1,0,0
nine_7899,3,3,7,1,1,1
nine_7900,3,3,7,1,1,0
nine_7901,3,3,7,1,2,1
nine_7902,3,3,7,1,3,1
nine_7903,3,3,7,1,4,1
nine_7904,3,3,7,1,5,2
nine_7905,3,3,7,1,5,3
nine_7906,3,3,7,1,5,4
nine_7907,3,3,7,1,5,5
nine_7908,3,3,7,1,5,6
nine_7909,3,3,7,1,5,7
nine_7910,3,3,7,2,5,2
nine_7911,3,3,7,2,5,3
nine_7912,3,3,7,2,5,4
nine_7913,3,3,7,2,5,5
nine_7914,3,3,7,2,5,6
nine_7915,3,3,7,0,1,1
nine_7916,3,3,7,0,1,0
nine_7917,3,3,7,0,2,1
nine_7918,3,3,7,0,3,1
nine_7919,3,3,7,0,3,0
nine_7920,3,3,7,0,5,2
nine_7921,3,3,7,0,5,3
nine_7922,3,3,7,0,5,4
nine_7923,3,3,7,0,5,5
nine_7924,3,3,7,0,5,6
nine_7925,3,3,7,3,1,1
nine_7926,3,3,7,3,1,0
nine_7927,3,3,7,3,2,1
nine_7928,3,3,7,3,3,1
nine_7929,3,3,7,3,3,0
nine_7930,3,3,7,3,5,2
nine_7931,3,3,7,3,5,3
nine_7932,3,3,7,3,5,4
nine_7933,3,3,7,3,5,5
nine_7934,3,3,7,3,5,6
nine_7935,3,3,7,4,2,1
nine_7936,3,3,7,4,3,1
nine_7937,3,3,7,4,3,2
nine_7938,3,3,7,4,4,1
nine_7939,3,3,7,5,2,1
nine_7940,3,3,7,5,3,1
nine_7941,3,3,7,5,4,1
nine_7942,3,3,7,5,5,2
nine_7943,3,3,7,5,5,3
nine_7944,3,3,7,5,5,4
nine_7945,3,3,7,5,5,5
nine_7946,3,3,7,5,5,6
nine_7947,3,3,7,6,2,1
nine_7948,3,3,7,6,3,1
nine_7949,3,3,7,6,4,1
nine_7950,3,3,7,6,5,2
nine_7951,3,3,7,6,5,3
nine_7952,3,3,7,6,5,4
nine_7953,3,3,7,6,5,5
nine_7954,3,3,7,6,5,6
nine_7955,3,3,7,7,2,1
nine_7956,3,3,7,7,3,1
nine_7957,3,3,7,7,4,1
nine_7958,3,3,7,7,5,2
nine_7959,3,3,7,7,5,3
nine_7960,3,3,7,7,5,4
nine_7961,3,3,7,7,5,5
nine_7962,3,3,7,7,5,6
nine_7963,3,3,0,1,1,1
nine_7964,3,3,0,1,1,0
nine_7965,3,3,0,1,2,1
nine_7966,3,3,0,1,3,1
nine_7967,3,3,0,1,4,1
nine_7968,3,3,0,1,5,2
nine_7969,3,3,0,1,5,3
nine_7970,3,3,0,1,5,4
nine_7971,3,3,0,1,5,5
nine_7972,3,3,0,1,5,6
nine_7973,3,3,0,1,5,7
nine_7974,3,3,0,2,5,2
nine_7975,3,3,0,2,5,3
nine_7976,3,3,0,2,5,4
nine_7977,3,3,0,2,5,5
nine_7978,3,3,0,2,5,6
nine_7979,3,3,0,2,5,7
nine_7980,3,3,0,0,1,1
nine_7981,3,3,0,0,1,0
nine_7982,3,3,0,0,2,1
nine_7983,3,3,0,0,3,1
nine_7984,3,3,0,0,3,0
nine_7985,3,3,0,0,5,2
nine_7986,3,3,0,0,5,3
nine_7987,3,3,0,0,5,4
nine_7988,3,3,0,0,5,5
nine_7989,3,3,0,0,5,6
nine_7990,3,3,0,3,1,1
nine_7991,3,3,0,3,1,0
nine_7992,3,3,0,3,2,1
nine_7993,3,3,0,3,3,1
nine_7994,3,3,0,3,3,0
nine_7995,3,3,0,3,5,2
nine_7996,3,3,0,3,5,3
nine_7997,3,3,0,3,5,4
nine_7998,3,3,0,3,5,5
nine_7999,3,3,0,3,5,6
nine_8000,3,3,0,4,2,1
nine_8001,3,3,0,4,3,1
nine_8002,3,3,0,4,3,2
nine_8003,3,3,0,4,4,1
nine_8004,3,3,0,5,2,1
nine_8005,3,3,0,5,3,1
nine_8006,3,3,0,5,4,1
nine_8007,3,3,0,5,5,2
nine_8008,3,3,0,5,5,3
nine_8009,3,3,0,5,5,4
nine_8010,3,3,0,5,5,5
nine_8011,3,3,0,5,5,6
nine_8012,3,3,0,6,2,1
nine_8013,3,3,0,6,3,1
nine_8014,3,3,0,6,4,1
nine_8015,3,3,0,6,5,2
nine_8016,3,3,0,6,5,3
nine_8017,3,3,0,6,5,4
nine_8018,3,3,0,6,5,5
nine_8019,3,3,0,6,5,6
nine_8020,3,3,0,7,2,1
nine_8021,3,3,0,7,3,1
nine_8022,3,3,0,7,4,1
nine_8023,3,3,0,7,5,2
nine_8024,3,3,0,7,5,3
nine_8025,3,3,0,7,5,4
nine_8026,3,3,0,7,5,5
nine_8027,3,3,0,7,5,6
nine_8028,3,3,1,1,2,1
nine_8029,3,3,1,1,3,1
nine_8030,3,3,1,1,4,1
nine_8031,3,3,1,1,5,2
nine_8032,3,3,1,1,5,3
nine_8033,3,3,1,1,5,4
nine_8034,3,3,1,1,5,5
nine_8035,3,3,1,1,5,6
nine_8036,3,3,1,1,5,7
nine_8037,3,3,1,2,5,2
nine_8038,3,3,1,2,5,3
nine_8039,3,3,1,2,5,4
nine_8040,3,3,1,2,5,5
nine_8041,3,3,1,2,5,6
nine_8042,3,3,1,2,5,7
nine_8043,3,3,1,0,0,1
nine_8044,3,3,1,0,0,0
nine_8045,3,3,1,0,1,1
nine_8046,3,3,1,0,1,0
nine_8047,3,3,1,0,2,1
nine_8048,3,3,1,0,2,0
nine_8049,3,3,1,0,3,1
nine_8050,3,3,1,0,3,0
nine_8051,3,3,1,0,5,2
nine_8052,3,3,1,0,5,3
nine_8053,3,3,1,0,5,4
nine_8054,3,3,1,0,5,5
nine_8055,3,3,1,0,5,6
nine_8056,3,3,1,0,5,7
nine_8057,3,3,1,3,1,1
nine_8058,3,3,1,3,1,0
nine_8059,3,3,1,3,2,1
nine_8060,3,3,1,3,3,1
nine_8061,3,3,1,3,3,0
nine_8062,3,3,1,3,5,2
nine_8063,3,3,1,3,5,3
nine_8064,3,3,1,3,5,4
nine_8065,3,3,1,3,5,5
nine_8066,3,3,1,3,5,6
nine_8067,3,3,1,4,2,1
nine_8068,3,3,1,4,3,1
nine_8069,3,3,1,4,3,2
nine_8070,3,3,1,4,4,1
nine_8071,3,3,1,5,2,1
nine_8072,3,3,1,5,3,1
nine_8073,3,3,1,5,4,1
nine_8074,3,3,1,5,5,2
nine_8075,3,3,1,5,5,3
nine_8076,3,3,1,5,5,4
nine_8077,3,3,1,5,5,5
nine_8078,3,3,1,5,5,6
nine_8079,3,3,1,6,2,1
nine_8080,3,3,1,6,3,1
nine_8081,3,3,1,6,4,1
nine_8082,3,3,1,6,5,2
nine_8083,3,3,1,6,5,3
nine_8084,3,3,1,6,5,4
nine_8085,3,3,1,6,5,5
nine_8086,3,3,1,6,5,6
nine_8087,3,3,1,7,2,1
nine_8088,3,3,1,7,3,1
nine_8089,3,3,1,7,4,1
nine_8090,3,3,1,7,5,2
nine_8091,3,3,1,7,5,3
nine_8092,3,3,1,7,5,4
nine_8093,3,3,1,7,5,5
nine_8094,3,3,1,7,5,6
nine_8095,3,3,2,1,3,1
nine_8096,3,3,2,1,4,1
nine_8097,3,3,2,1,5,2
nine_8098,3,3,2,1,5,3
nine_8099,3,3,2,1,5,4
nine_8100,3,3,2,1,5,5
nine_8101,3,3,2,1,5,6
nine_8102,3,3,2,1,5,7
nine_8103,3,3,2,2,5,2
nine_8104,3,3,2,2,5,3
nine_8105,3,3,2,2,5,4
nine_8106,3,3,2,2,5,5
nine_8107,3,3,2,2,5,6
nine_8108,3,3,2,2,5,7
nine_8109,3,3,2,0,5,2
nine_8110,3,3,2,0,5,3
nine_8111,3,3,2,0,5,4
nine_8112,3,3,2,0,5,5
nine_8113,3,3,2,0,5,6
nine_8114,3,3,2,0,5,7
nine_8115,3,3,2,4,0,1
nine_8116,3,3,2,4,0,0
nine_8117,3,3,2,4,1,1
nine_8118,3,3,2,4,2,1
nine_8119,3,3,2,4,3,1
nine_8120,3,3,2,4,3,2
nine_8121,3,3,2,4,4,1
nine_8122,3,3,2,4,5,4
nine_8123,3,3,2,4,5,5
nine_8124,3,3,2,4,5,6
nine_8125,3,3,2,5,0,1
nine_8126,3,3,2,5,0,0
nine_8127,3,3,2,5,1,1
nine_8128,3,3,2,5,2,1
nine_8129,3,3,2,5,3,1
nine_8130,3,3,2,5,4,1
nine_8131,3,3,2,5,5,2
nine_8132,3,3,2,5,5,3
nine_8133,3,3,2,5,5,4
nine_8134,3,3,2,5,5,5
nine_8135,3,3,2,5,5,6
nine_8136,3,3,2,6,0,1
nine_8137,3,3,2,6,0,0
nine_8138,3,3,2,6,1,1
nine_8139,3,3,2,6,2,1
nine_8140,3,3,2,6,3,1
nine_8141,3,3,2,6,4,1
nine_8142,3,3,2,6,5,2
nine_8143,3,3,2,6,5,3
nine_8144,3,3,2,6,5,4
nine_8145,3,3,2,6,5,5
nine_8146,3,3,2,6,5,6
nine_8147,3,3,2,7,0,1
nine_8148,3,3,2,7,0,0
nine_8149,3,3,2,7,1,1
nine_8150,3,3,2,7,2,1
nine_8151,3,3,2,7,3,1
nine_8152,3,3,2,7,4,1
nine_8153,3,3,2,7,5,2
nine_8154,3,3,2,7,5,3
nine_8155,3,3,2,7,5,4
nine_8156,3,3,2,7,5,5
nine_8157,3,3,2,7,5,6
nine_8158,3,3,3,1,0,1
nine_8159,3,3,3,1,0,0
nine_8160,3,3,3,1,4,0
nine_8161,3,3,3,1,5,0
nine_8162,3,3,3,1,5,5
nine_8163,3,3,3,1,5,6
nine_8164,3,3,3,1,5,7
nine_8165,3,3,3,2,4,0
nine_8166,3,3,3,2,5,5
nine_8167,3,3,3,2,5,6
nine_8168,3,3,3,2,5,7
nine_8169,3,3,3,0,0,1
nine_8170,3,3,3,0,0,0
nine_8171,3,3,3,0,1,1
nine_8172,3,3,3,0,2,1
nine_8173,3,3,3,0,2,0
nine_8174,3,3,3,0,5,2
nine_8175,3,3,3,0,5,3
nine_8176,3,3,3,0,5,4
nine_8177,3,3,3,0,5,5
nine_8178,3,3,3,0,5,6
nine_8179,3,3,3,0,5,7
nine_8180,3,3,3,3,5,3
nine_8181,3,3,3,3,5,4
nine_8182,3,3,3,3,5,5
nine_8183,3,3,3,3,5,6
nine_8184,3,3,3,3,5,7
nine_8185,3,3,3,4,2,0
nine_8186,3,3,3,4,3,0
nine_8187,3,3,3,4,3,3
nine_8188,3,3,3,4,3,5
nine_8189,3,3,3,4,4,0
nine_8190,3,3,3,4,4,5
nine_8191,3,3,3,4,4,6
nine_8192,3,3,3,4,5,4
nine_8193,3,3,3,4,5,5
nine_8194,3,3,3,4,5,6
nine_8195,3,3,3,4,5,7
nine_8196,3,3,3,5,2,0
nine_8197,3,3,3,5,3,0
nine_8198,3,3,3,5,4,0
nine_8199,3,3,3,5,5,2
nine_8200,3,3,3,5,5,3
nine_8201,3,3,3,5,5,4
nine_8202,3,3,3,5,5,5
nine_8203,3,3,3,6,2,0
nine_8204,3,3,3,6,3,0
nine_8205,3,3,3,6,4,0
nine_8206,3,3,3,6,5,2
nine_8207,3,3,3,6,5,6
nine_8208,3,3,3,7,2,0
nine_8209,3,3,3,7,3,0
nine_8210,3,3,3,7,4,0
nine_8211,3,3,3,7,5,2
nine_8212,3,3,3,7,5,6
nine_8213,3,3,4,1,3,2
nine_8214,3,3,4,1,3,3
nine_8215,3,3,4,1,4,2
nine_8216,3,3,4,1,4,3
nine_8217,3,3,4,1,4,4
nine_8218,3,3,4,1,4,5
nine_8219,3,3,4,1,5,2
nine_8220,3,3,4,1,5,3
nine_8221,3,3,4,1,5,4
nine_8222,3,3,4,1,5,5
nine_8223,3,3,4,1,5,6
nine_8224,3,3,4,1,5,7
nine_8225,3,3,4,2,4,4
nine_8226,3,3,4,2,4,5
nine_8227,3,3,4,2,5,4
nine_8228,3,3,4,2,5,5
nine_8229,3,3,4,2,5,6
nine_8230,3,3,4,2,5,7
nine_8231,3,3,4,0,4,5
nine_8232,3,3,4,0,5,5
nine_8233,3,3,4,0,5,6
nine_8234,3,3,4,0,5,7
nine_8235,3,3,4,3,4,5
nine_8236,3,3,4,3,4,6
nine_8237,3,3,4,3,5,3
nine_8238,3,3,4,3,5,4
nine_8239,3,3,4,3,5,5
nine_8240,3,3,4,3,5,6
nine_8241,3,3,4,3,5,7
nine_8242,3,3,4,4,3,2
nine_8243,3,3,4,4,4,2
nine_8244,3,3,4,4,5,2
nine_8245,3,3,4,4,5,3
nine_8246,3,3,4,4,5,4
nine_8247,3,3,4,5,3,2
nine_8248,3,3,4,5,4,2
nine_8249,3,3,4,5,5,2
nine_8250,3,3,4,6,3,2
nine_8251,3,3,4,6,3,3
nine_8252,3,3,4,6,4,2
nine_8253,3,3,4,6,4,3
nine_8254,3,3,4,6,5,2
nine_8255,3,3,4,6,5,3
nine_8256,3,3,4,7,3,2
nine_8257,3,3,4,7,3,3
nine_8258,3,3,4,7,4,2
nine_8259,3,3,4,7,4,3
nine_8260,3,3,4,7,4,4
nine_8261,3,3,4,7,4,5
nine_8262,3,3,4,7,5,2
nine_8263,3,3,4,7,5,3
nine_8264,3,3,4,7,5,4
nine_8265,3,3,4,7,5,5
nine_8266,3,3,4,7,5,6
nine_8267,3,3,5,1,1,1
nine_8268,3,3,5,1,1,0
nine_8269,3,3,5,0,1,1
nine_8270,3,3,5,0,1,0
nine_8271,3,3,5,0,2,1
nine_8272,3,3,5,0,3,1
nine_8273,3,3,5,3,2,0
nine_8274,3,3,5,3,3,0
nine_8275,3,3,5,3,4,0
nine_8276,3,3,6,1,1,1
nine_8277,3,3,6,1,1,0
nine_8278,3,3,6,1,5,6
nine_8279,3,3,6,1,5,7
nine_8280,3,3,6,2,5,6
nine_8281,3,3,6,2,5,7
nine_8282,3,3,6,0,1,1
nine_8283,3,3,6,0,1,0
nine_8284,3,3,6,0,2,1
nine_8285,3,3,6,0,3,1
nine_8286,3,3,6,0,3,0
nine_8287,3,3,6,0,5,5
nine_8288,3,3,6,0,5,6
nine_8289,3,3,6,0,5,7
nine_8290,3,3,6,3,2,1
nine_8291,3,3,6,3,2,0
nine_8292,3,3,6,3,3,1
nine_8293,3,3,6,3,3,0
nine_8294,3,3,6,3,3,2
nine_8295,3,3,6,3,4,1
nine_8296,3,3,6,3,4,0
nine_8297,3,3,6,3,5,0
nine_8298,3,3,6,3,5,7
nine_8299,3,3,6,4,2,1
nine_8300,3,3,6,4,3,1
nine_8301,3,3,6,4,4,1
nine_8302,3,3,6,4,5,7
nine_8303,3,3,6,5,2,1
nine_8304,3,3,6,5,3,1
nine_8305,3,3,6,5,4,1
nine_8306,3,3,6,5,5,0
nine_8307,3,3,6,5,5,2
nine_8308,3,3,6,5,5,7
nine_8309,3,3,6,6,2,1
nine_8310,3,3,6,6,3,1
nine_8311,3,3,6,6,4,1
nine_8312,3,3,6,6,5,0
nine_8313,3,3,6,7,2,1
nine_8314,3,3,6,7,3,1
nine_8315,3,3,6,7,4,1
nine_8316,3,3,6,7,5,0
ten_8317,0,0,7,0,2,1
ten_8318,0,0,7,0,3,1
ten_8319,0,0,7,0,3,0
ten_8320,0,0,7,3,5,1
ten_8321,0,0,7,4,5,1
ten_8322,0,0,7,5,5,1
ten_8323,0,0,7,6,5,1
ten_8324,0,0,7,7,5,1
ten_8325,0,0,0,1,5,1
ten_8326,0,0,0,0,0,1
ten_8327,0,0,0,0,1,1
ten_8328,0,0,0,0,1,0
ten_8329,0,0,0,0,2,1
ten_8330,0,0,0,0,3,1
ten_8331,0,0,0,0,3,0
ten_8332,0,0,0,3,5,1
ten_8333,0,0,0,4,5,1
ten_8334,0,0,0,5,5,1
ten_8335,0,0,0,6,5,1
ten_8336,0,0,0,7,5,1
ten_8337,0,0,1,1,5,1
ten_8338,0,0,1,0,0,1
ten_8339,0,0,1,0,1,1
ten_8340,0,0,1,0,2,1
ten_8341,0,0,1,0,2,0
ten_8342,0,0,1,0,3,1
ten_8343,0,0,1,0,3,0
ten_8344,0,0,1,3,5,1
ten_8345,0,0,1,4,5,1
ten_8346,0,0,1,5,5,1
ten_8347,0,0,1,6,5,1
ten_8348,0,0,1,7,5,1
ten_8349,0,0,2,1,5,1
ten_8350,0,0,2,0,0,1
ten_8351,0,0,2,0,2,1
ten_8352,0,0,2,0,3,1
ten_8353,0,0,2,0,3,0
ten_8354,0,0,2,3,5,1
ten_8355,0,0,2,4,5,1
ten_8356,0,0,2,5,5,1
ten_8357,0,0,2,6,5,1
ten_8358,0,0,2,7,5,1
ten_8359,0,0,3,0,5,1
ten_8360,0,0,3,0,5,0
ten_8361,0,0,4,0,4,1
ten_8362,0,0,4,0,5,1
ten_8363,0,0,4,0,5,0
ten_8364,0,0,5,1,5,3
ten_8365,0,0,5,1,5,5
ten_8366,0,0,5,1,5,6
ten_8367,0,0,5,2,5,5
ten_8368,0,0,5,2,5,7
ten_8369,0,0,5,0,0,1
ten_8370,0,0,5,0,0,0
ten_8371,0,0,5,0,1,1
ten_8372,0,0,5,0,1,0
ten_8373,0,0,5,0,5,1
ten_8374,0,0,5,0,5,7
ten_8375,0,0,5,5,5,1
ten_8376,0,0,5,6,5,1
ten_8377,0,0,5,6,5,2
ten_8378,0,0,5,7,5,0
ten_8379,0,0,5,7,5,2
ten_8380,0,0,5,7,5,4
ten_8381,0,0,6,0,0,1
ten_8382,0,0,6,0,0,0
ten_8383,0,0,6,0,1,1
ten_8384,0,0,6,0,1,0
ten_8385,0,0,6,0,2,1
ten_8386,0,0,6,0,2,0
ten_8387,0,0,6,0,3,1
ten_8388,0,0,6,0,3,0
ten_8389,0,0,6,0,4,1
ten_8390,0,0,6,0,5,1
ten_8391,1,0,7,1,1,1
ten_8392,1,0,7,1,2,1
ten_8393,1,0,7,1,3,1
ten_8394,1,0,7,2,6,7
ten_8395,1,0,7,0,6,7
ten_8396,1,0,7,3,6,7
ten_8397,1,0,7,3,1,1
ten_8398,1,0,7,3,2,1
ten_8399,1,0,7,3,3,1
ten_8400,1,0,7,3,3,0
ten_8401,1,0,7,3,3,2
ten_8402,1,0,7,3,4,0
ten_8403,1,0,7,3,4,2
ten_8404,1,0,7,4,1,1
ten_8405,1,0,7,4,2,1
ten_8406,1,0,7,4,3,1
ten_8407,1,0,7,5,1,1
ten_8408,1,0,7,5,2,1
ten_8409,1,0,7,5,3,1
ten_8410,1,0,7,6,1,1
ten_8411,1,0,7,6,1,7
ten_8412,1,0,7,6,2,1
ten_8413,1,0,7,6,3,1
ten_8414,1,0,7,6,3,7
ten_8415,1,0,7,6,4,7
ten_8416,1,0,7,7,1,1
ten_8417,1,0,7,7,2,1
ten_8418,1,0,7,7,3,1
ten_8419,1,0,0,3,1,1
ten_8420,1,0,0,3,2,1
ten_8421,1,0,0,3,3,1
ten_8422,1,0,0,3,3,0
ten_8423,1,0,0,3,3,2
ten_8424,1,0,0,3,4,0
ten_8425,1,0,0,3,4,2
ten_8426,1,0,0,4,1,1
ten_8427,1,0,0,4,2,1
ten_8428,1,0,0,4,3,1
ten_8429,1,0,0,5,1,1
ten_8430,1,0,0,5,2,1
ten_8431,1,0,0,5,3,1
ten_8432,1,0,0,6,1,1
ten_8433,1,0,0,6,2,1
ten_8434,1,0,0,6,3,1
ten_8435,1,0,0,6,3,7
ten_8436,1,0,0,6,5,7
ten_8437,1,0,0,7,1,1
ten_8438,1,0,0,7,2,1
ten_8439,1,0,0,7,3,1
ten_8440,1,0,1,1,6,2
ten_8441,1,0,1,1,6,4
ten_8442,1,0,1,1,6,5
ten_8443,1,0,1,1,7,4
ten_8444,1,0,1,1,7,5
ten_8445,1,0,1,1,3,1
ten_8446,1,0,1,2,6,4
ten_8447,1,0,1,2,6,5
ten_8448,1,0,1,2,7,5
ten_8449,1,0,1,0,6,2
ten_8450,1,0,1,0,6,3
ten_8451,1,0,1,0,6,4
ten_8452,1,0,1,0,6,5
ten_8453,1,0,1,0,7,4
ten_8454,1,0,1,0,7,5
ten_8455,1,0,1,3,6,2
ten_8456,1,0,1,3,6,3
ten_8457,1,0,1,3,6,4
ten_8458,1,0,1,3,6,5
ten_8459,1,0,1,3,7,5
ten_8460,1,0,1,3,3,1
ten_8461,1,0,1,3,3,0
ten_8462,1,0,1,3,3,2
ten_8463,1,0,1,3,4,0
ten_8464,1,0,1,3,4,2
ten_8465,1,0,1,4,6,7
ten_8466,1,0,1,4,7,7
ten_8467,1,0,1,4,3,1
ten_8468,1,0,1,5,6,6
ten_8469,1,0,1,5,6,7
ten_8470,1,0,1,5,7,7
ten_8471,1,0,1,5,3,1
ten_8472,1,0,1,6,6,2
ten_8473,1,0,1,6,6,3
ten_8474,1,0,1,6,6,7
ten_8475,1,0,1,6,7,2
ten_8476,1,0,1,6,7,3
ten_8477,1,0,1,6,3,1
ten_8478,1,0,1,6,5,7
ten_8479,1,0,1,7,6,2
ten_8480,1,0,1,7,6,3
ten_8481,1,0,1,7,6,4
ten_8482,1,0,1,7,6,5
ten_8483,1,0,1,7,6,6
ten_8484,1,0,1,7,6,7
ten_8485,1,0,1,7,7,2
ten_8486,1,0,1,7,7,3
ten_8487,1,0,1,7,7,4
ten_8488,1,0,1,7,7,5
ten_8489,1,0,1,7,3,1
ten_8490,1,0,2,1,6,7
ten_8491,1,0,2,2,6,7
ten_8492,1,0,2,0,6,7
ten_8493,1,0,2,3,6,7
ten_8494,1,0,2,3,1,1
ten_8495,1,0,2,3,2,1
ten_8496,1,0,2,3,3,1
ten_8497,1,0,2,3,4,0
ten_8498,1,0,2,3,4,2
ten_8499,1,0,3,1,6,7
ten_8500,1,0,3,1,5,1
ten_8501,1,0,3,2,6,7
ten_8502,1,0,3,0,6,7
ten_8503,1,0,3,3,6,7
ten_8504,1,0,3,4,5,1
ten_8505,1,0,3,5,5,1
ten_8506,1,0,3,6,5,1
ten_8507,1,0,3,7,5,1
ten_8508,1,0,4,1,6,7
ten_8509,1,0,4,2,6,7
ten_8510,1,0,4,0,6,7
ten_8511,1,0,4,0,1,1
ten_8512,1,0,4,0,1,0
ten_8513,1,0,4,0,2,1
ten_8514,1,0,4,0,3,1
ten_8515,1,0,4,3,6,7
ten_8516,1,0,4,3,3,1
ten_8517,1,0,4,3,4,1
ten_8518,1,0,4,3,5,1
ten_8519,1,0,4,6,6,7
ten_8520,1,0,5,1,6,7
ten_8521,1,0,5,1,1,1
ten_8522,1,0,5,1,5,3
ten_8523,1,0,5,2,6,7
ten_8524,1,0,5,2,5,3
ten_8525,1,0,5,2,5,5
ten_8526,1,0,5,0,6,7
ten_8527,1,0,5,0,5,4
ten_8528,1,0,5,0,5,5
ten_8529,1,0,5,3,6,7
ten_8530,1,0,5,3,1,1
ten_8531,1,0,5,3,5,0
ten_8532,1,0,5,3,5,5
ten_8533,1,0,5,3,5,6
ten_8534,1,0,5,4,1,1
ten_8535,1,0,5,4,5,0
ten_8536,1,0,5,4,5,2
ten_8537,1,0,5,4,5,6
ten_8538,1,0,5,5,1,1
ten_8539,1,0,5,5,5,2
ten_8540,1,0,5,5,5,3
ten_8541,1,0,5,6,6,7
ten_8542,1,0,5,6,0,7
ten_8543,1,0,5,6,1,1
ten_8544,1,0,5,6,5,2
ten_8545,1,0,5,6,5,4
ten_8546,1,0,5,7,1,1
ten_8547,1,0,5,7,5,4
ten_8548,1,0,6,1,6,7
ten_8549,1,0,6,1,1,1
ten_8550,1,0,6,1,2,1
ten_8551,1,0,6,2,6,7
ten_8552,1,0,6,0,6,7
ten_8553,1,0,6,3,6,7
ten_8554,1,0,6,3,1,1
ten_8555,1,0,6,3,2,1
ten_8556,1,0,6,3,3,1
ten_8557,1,0,6,3,4,1
ten_8558,1,0,6,3,5,1
ten_8559,1,0,6,4,1,1
ten_8560,1,0,6,4,2,1
ten_8561,1,0,6,5,1,1
ten_8562,1,0,6,5,2,1
ten_8563,1,0,6,6,7,7
ten_8564,1,0,6,6,0,7
ten_8565,1,0,6,6,1,1
ten_8566,1,0,6,6,2,1
ten_8567,1,0,6,6,2,7
ten_8568,1,0,6,7,1,1
ten_8569,1,0,6,7,2,1
ten_8570,1,1,7,1,1,1
ten_8571,1,1,7,1,2,1
ten_8572,1,1,7,1,3,1
ten_8573,1,1,7,2,1,1
ten_8574,1,1,7,2,2,1
ten_8575,1,1,7,2,3,1
ten_8576,1,1,7,3,1,1
ten_8577,1,1,7,3,1,2
ten_8578,1,1,7,3,2,1
ten_8579,1,1,7,3,3,1
ten_8580,1,1,7,3,3,0
ten_8581,1,1,7,3,3,2
ten_8582,1,1,7,3,4,0
ten_8583,1,1,7,3,4,2
ten_8584,1,1,7,4,1,1
ten_8585,1,1,7,4,2,1
ten_8586,1,1,7,4,3,1
ten_8587,1,1,7,5,1,1
ten_8588,1,1,7,5,2,1
ten_8589,1,1,7,5,3,1
ten_8590,1,1,7,6,1,1
ten_8591,1,1,7,6,2,1
ten_8592,1,1,7,6,3,1
ten_8593,1,1,7,7,1,1
ten_8594,1,1,7,7,2,1
ten_8595,1,1,7,7,3,1
ten_8596,1,1,0,3,1,1
ten_8597,1,1,0,3,1,2
ten_8598,1,1,0,3,2,1
ten_8599,1,1,0,3,3,1
ten_8600,1,1,0,3,3,0
ten_8601,1,1,0,3,3,2
ten_8602,1,1,0,3,4,0
ten_8603,1,1,0,3,4,2
ten_8604,1,1,0,4,1,1
ten_8605,1,1,0,4,2,1
ten_8606,1,1,0,4,3,1
ten_8607,1,1,0,5,1,1
ten_8608,1,1,0,5,2,1
ten_8609,1,1,0,5,3,1
ten_8610,1,1,0,6,1,1
ten_8611,1,1,0,6,2,1
ten_8612,1,1,0,6,3,1
ten_8613,1,1,0,7,1,1
ten_8614,1,1,0,7,2,1
ten_8615,1,1,0,7,3,1
ten_8616,1,1,1,1,1,1
ten_8617,1,1,1,1,2,1
ten_8618,1,1,1,1,3,1
ten_8619,1,1,1,3,1,1
ten_8620,1,1,1,3,2,1
ten_8621,1,1,1,3,3,1
ten_8622,1,1,1,3,3,0
ten_8623,1,1,1,3,3,2
ten_8624,1,1,1,3,4,0
ten_8625,1,1,1,3,4,2
ten_8626,1,1,1,4,1,1
ten_8627,1,1,1,4,2,1
ten_8628,1,1,1,4,3,1
ten_8629,1,1,1,5,1,1
ten_8630,1,1,1,5,2,1
ten_8631,1,1,1,5,3,1
ten_8632,1,1,1,6,1,1
ten_8633,1,1,1,6,2,1
ten_8634,1,1,1,6,3,1
ten_8635,1,1,1,7,1,1
ten_8636,1,1,1,7,2,1
ten_8637,1,1,1,7,3,1
ten_8638,1,1,2,3,1,1
ten_8639,1,1,2,3,1,0
ten_8640,1,1,2,3,2,1
ten_8641,1,1,2,3,2,0
ten_8642,1,1,2,3,3,1
ten_8643,1,1,2,3,3,0
ten_8644,1,1,2,3,3,2
ten_8645,1,1,2,3,4,0
ten_8646,1,1,2,3,4,2
ten_8647,1,1,3,1,5,1
ten_8648,1,1,3,4,5,1
ten_8649,1,1,3,5,5,1
ten_8650,1,1,3,6,5,1
ten_8651,1,1,3,7,5,1
ten_8652,1,1,4,0,1,1
ten_8653,1,1,4,0,1,0
ten_8654,1,1,4,0,2,1
ten_8655,1,1,4,0,3,1
ten_8656,1,1,4,3,3,1
ten_8657,1,1,4,3,4,1
ten_8658,1,1,4,3,5,1
ten_8659,1,1,5,1,1,1
ten_8660,1,1,5,1,5,3
ten_8661,1,1,5,2,5,3
ten_8662,1,1,5,2,5,5
ten_8663,1,1,5,0,5,4
ten_8664,1,1,5,0,5,5
ten_8665,1,1,5,3,1,1
ten_8666,1,1,5,3,5,0
ten_8667,1,1,5,3,5,5
ten_8668,1,1,5,3,5,6
ten_8669,1,1,5,4,1,1
ten_8670,1,1,5,4,5,0
ten_8671,1,1,5,4,5,2
ten_8672,1,1,5,4,5,6
ten_8673,1,1,5,5,1,1
ten_8674,1,1,5,5,5,2
ten_8675,1,1,5,5,5,3
ten_8676,1,1,5,6,1,1
ten_8677,1,1,5,6,5,2
ten_8678,1,1,5,6,5,4
ten_8679,1,1,5,7,1,1
ten_8680,1,1,5,7,5,4
ten_8681,1,1,6,1,1,1
ten_8682,1,1,6,1,2,1
ten_8683,1,1,6,3,1,1
ten_8684,1,1,6,3,1,2
ten_8685,1,1,6,3,2,1
ten_8686,1,1,6,3,3,1
ten_8687,1,1,6,3,4,1
ten_8688,1,1,6,3,5,1
ten_8689,1,1,6,4,1,1
ten_8690,1,1,6,4,2,1
ten_8691,1,1,6,5,1,1
ten_8692,1,1,6,5,2,1
ten_8693,1,1,6,6,1,1
ten_8694,1,1,6,6,2,1
ten_8695,1,1,6,7,1,1
ten_8696,1,1,6,7,2,1
ten_8697,2,0,7,1,4,0
ten_8698,2,0,7,2,6,7
ten_8699,2,0,7,2,4,0
ten_8700,2,0,7,0,6,7
ten_8701,2,0,7,3,6,7
ten_8702,2,0,7,3,2,0
ten_8703,2,0,7,3,2,2
ten_8704,2,0,7,4,4,0
ten_8705,2,0,7,4,5,2
ten_8706,2,0,7,4,5,3
ten_8707,2,0,7,5,4,0
ten_8708,2,0,7,6,1,7
ten_8709,2,0,7,6,3,7
ten_8710,2,0,7,6,4,0
ten_8711,2,0,7,6,4,7
ten_8712,2,0,7,7,4,0
ten_8713,2,0,0,1,4,0
ten_8714,2,0,0,2,4,0
ten_8715,2,0,0,4,4,0
ten_8716,2,0,0,4,5,2
ten_8717,2,0,0,4,5,3
ten_8718,2,0,0,5,4,0
ten_8719,2,0,0,6,3,7
ten_8720,2,0,0,6,4,0
ten_8721,2,0,0,6,5,7
ten_8722,2,0,0,7,4,0
ten_8723,2,0,1,2,6,0
ten_8724,2,0,1,2,6,2
ten_8725,2,0,1,2,6,3
ten_8726,2,0,1,2,6,4
ten_8727,2,0,1,2,6,5
ten_8728,2,0,1,2,7,2
ten_8729,2,0,1,2,7,3
ten_8730,2,0,1,2,7,4
ten_8731,2,0,1,2,7,5
ten_8732,2,0,1,2,4,0
ten_8733,2,0,1,0,6,2
ten_8734,2,0,1,0,6,3
ten_8735,2,0,1,0,6,4
ten_8736,2,0,1,0,6,5
ten_8737,2,0,1,0,7,4
ten_8738,2,0,1,0,7,5
ten_8739,2,0,1,4,6,7
ten_8740,2,0,1,4,7,7
ten_8741,2,0,1,4,4,0
ten_8742,2,0,1,4,5,2
ten_8743,2,0,1,4,5,3
ten_8744,2,0,1,5,6,6
ten_8745,2,0,1,5,6,7
ten_8746,2,0,1,5,7,7
ten_8747,2,0,1,5,4,0
ten_8748,2,0,1,6,6,7
ten_8749,2,0,1,6,7,2
ten_8750,2,0,1,6,4,0
ten_8751,2,0,1,6,5,7
ten_8752,2,0,1,7,6,4
ten_8753,2,0,1,7,6,5
ten_8754,2,0,1,7,6,6
ten_8755,2,0,1,7,6,7
ten_8756,2,0,1,7,7,2
ten_8757,2,0,1,7,7,4
ten_8758,2,0,1,7,7,5
ten_8759,2,0,1,7,4,0
ten_8760,2,0,2,2,6,7
ten_8761,2,0,2,0,6,7
ten_8762,2,0,2,3,6,7
ten_8763,2,0,2,3,2,1
ten_8764,2,0,2,3,3,1
ten_8765,2,0,2,4,5,2
ten_8766,2,0,2,4,5,3
ten_8767,2,0,3,2,6,7
ten_8768,2,0,3,0,6,7
ten_8769,2,0,3,3,6,7
ten_8770,2,0,3,3,3,0
ten_8771,2,0,3,3,4,0
ten_8772,2,0,3,3,4,2
ten_8773,2,0,3,4,6,0
ten_8774,2,0,3,4,6,2
ten_8775,2,0,3,4,6,3
ten_8776,2,0,4,1,5,1
ten_8777,2,0,4,2,6,7
ten_8778,2,0,4,0,6,7
ten_8779,2,0,4,3,6,7
ten_8780,2,0,4,3,2,1
ten_8781,2,0,4,3,3,1
ten_8782,2,0,4,3,4,6
ten_8783,2,0,4,3,4,7
ten_8784,2,0,4,3,5,6
ten_8785,2,0,4,3,5,7
ten_8786,2,0,4,4,6,0
ten_8787,2,0,4,4,6,2
ten_8788,2,0,4,4,6,3
ten_8789,2,0,4,5,4,1
ten_8790,2,0,4,5,5,1
ten_8791,2,0,4,6,6,7
ten_8792,2,0,4,6,4,1
ten_8793,2,0,4,6,5,1
ten_8794,2,0,4,7,4,1
ten_8795,2,0,4,7,5,1
ten_8796,2,0,5,2,6,7
ten_8797,2,0,5,0,6,7
ten_8798,2,0,5,3,6,7
ten_8799,2,0,5,3,4,0
ten_8800,2,0,5,4,6,0
ten_8801,2,0,5,4,6,2
ten_8802,2,0,5,4,6,3
ten_8803,2,0,5,6,6,7
ten_8804,2,0,5,6,0,7
ten_8805,2,0,6,1,3,1
ten_8806,2,0,6,2,6,7
ten_8807,2,0,6,0,6,7
ten_8808,2,0,6,3,6,7
ten_8809,2,0,6,3,3,0
ten_8810,2,0,6,3,3,2
ten_8811,2,0,6,4,6,0
ten_8812,2,0,6,4,6,2
ten_8813,2,0,6,4,6,3
ten_8814,2,0,6,4,3,1
ten_8815,2,0,6,4,4,1
ten_8816,2,0,6,4,5,1
ten_8817,2,0,6,5,3,1
ten_8818,2,0,6,5,4,1
ten_8819,2,0,6,5,5,1
ten_8820,2,0,6,6,7,7
ten_8821,2,0,6,6,0,7
ten_8822,2,0,6,6,2,7
ten_8823,2,0,6,6,3,1
ten_8824,2,0,6,6,4,1
ten_8825,2,0,6,6,5,1
ten_8826,2,0,6,7,3,1
ten_8827,2,0,6,7,4,1
ten_8828,2,0,6,7,5,1
ten_8829,2,1,7,1,2,0
ten_8830,2,1,7,1,3,0
ten_8831,2,1,7,1,4,0
ten_8832,2,1,7,2,2,0
ten_8833,2,1,7,2,3,0
ten_8834,2,1,7,2,4,0
ten_8835,2,1,7,0,6,4
ten_8836,2,1,7,0,6,5
ten_8837,2,1,7,4,6,7
ten_8838,2,1,7,4,2,0
ten_8839,2,1,7,4,3,0
ten_8840,2,1,7,4,4,0
ten_8841,2,1,7,4,4,2
ten_8842,2,1,7,4,4,3
ten_8843,2,1,7,4,5,2
ten_8844,2,1,7,4,5,3
ten_8845,2,1,7,5,2,0
ten_8846,2,1,7,5,3,0
ten_8847,2,1,7,5,4,0
ten_8848,2,1,7,6,6,2
ten_8849,2,1,7,6,6,3
ten_8850,2,1,7,6,1,7
ten_8851,2,1,7,6,2,0
ten_8852,2,1,7,6,3,0
ten_8853,2,1,7,6,4,0
ten_8854,2,1,7,7,6,2
ten_8855,2,1,7,7,6,3
ten_8856,2,1,7,7,6,4
ten_8857,2,1,7,7,2,0
ten_8858,2,1,7,7,3,0
ten_8859,2,1,7,7,4,0
ten_8860,2,1,0,1,2,0
ten_8861,2,1,0,1,3,0
ten_8862,2,1,0,1,4,0
ten_8863,2,1,0,2,2,0
ten_8864,2,1,0,2,3,0
ten_8865,2,1,0,2,4,0
ten_8866,2,1,0,4,2,0
ten_8867,2,1,0,4,3,0
ten_8868,2,1,0,4,4,0
ten_8869,2,1,0,4,4,2
ten_8870,2,1,0,4,4,3
ten_8871,2,1,0,4,5,2
ten_8872,2,1,0,4,5,3
ten_8873,2,1,0,5,2,0
ten_8874,2,1,0,5,3,0
ten_8875,2,1,0,5,4,0
ten_8876,2,1,0,6,1,7
ten_8877,2,1,0,6,2,0
ten_8878,2,1,0,6,3,0
ten_8879,2,1,0,6,3,7
ten_8880,2,1,0,6,4,0
ten_8881,2,1,0,7,2,0
ten_8882,2,1,0,7,3,0
ten_8883,2,1,0,7,4,0
ten_8884,2,1,1,1,6,2
ten_8885,2,1,1,1,6,3
ten_8886,2,1,1,1,6,4
ten_8887,2,1,1,1,4,0
ten_8888,2,1,1,1,5,0
ten_8889,2,1,1,4,2,0
ten_8890,2,1,1,4,3,0
ten_8891,2,1,1,4,4,0
ten_8892,2,1,1,4,4,2
ten_8893,2,1,1,4,4,3
ten_8894,2,1,1,4,5,2
ten_8895,2,1,1,4,5,3
ten_8896,2,1,1,5,6,3
ten_8897,2,1,1,5,6,4
ten_8898,2,1,1,5,6,5
ten_8899,2,1,1,5,7,3
ten_8900,2,1,1,5,2,0
ten_8901,2,1,1,5,3,0
ten_8902,2,1,1,5,4,0
ten_8903,2,1,1,6,2,0
ten_8904,2,1,1,6,2,7
ten_8905,2,1,1,6,3,0
ten_8906,2,1,1,6,3,7
ten_8907,2,1,1,6,4,0
ten_8908,2,1,1,7,2,0
ten_8909,2,1,1,7,3,0
ten_8910,2,1,1,7,4,0
ten_8911,2,1,2,1,6,5
ten_8912,2,1,2,1,6,6
ten_8913,2,1,2,1,7,5
ten_8914,2,1,2,1,7,6
ten_8915,2,1,2,1,0,5
ten_8916,2,1,2,1,0,6
ten_8917,2,1,2,1,4,0
ten_8918,2,1,2,2,6,5
ten_8919,2,1,2,2,6,6
ten_8920,2,1,2,2,7,5
ten_8921,2,1,2,2,7,6
ten_8922,2,1,2,2,0,5
ten_8923,2,1,2,2,0,6
ten_8924,2,1,2,2,4,0
ten_8925,2,1,2,0,6,3
ten_8926,2,1,2,0,6,4
ten_8927,2,1,2,0,6,5
ten_8928,2,1,2,0,7,5
ten_8929,2,1,2,0,7,6
ten_8930,2,1,2,0,0,3
ten_8931,2,1,2,0,0,5
ten_8932,2,1,2,0,0,6
ten_8933,2,1,2,3,6,3
ten_8934,2,1,2,3,6,4
ten_8935,2,1,2,3,6,5
ten_8936,2,1,2,3,7,3
ten_8937,2,1,2,3,7,4
ten_8938,2,1,2,3,7,5
ten_8939,2,1,2,3,7,6
ten_8940,2,1,2,3,0,5
ten_8941,2,1,2,3,0,6
ten_8942,2,1,2,4,4,0
ten_8943,2,1,2,4,4,2
ten_8944,2,1,2,4,4,3
ten_8945,2,1,2,4,5,2
ten_8946,2,1,2,4,5,3
ten_8947,2,1,2,5,6,5
ten_8948,2,1,2,5,6,6
ten_8949,2,1,2,5,6,7
ten_8950,2,1,2,5,4,0
ten_8951,2,1,2,6,6,2
ten_8952,2,1,2,6,6,3
ten_8953,2,1,2,6,7,7
ten_8954,2,1,2,6,3,7
ten_8955,2,1,2,6,4,0
ten_8956,2,1,2,6,4,7
ten_8957,2,1,2,7,6,2
ten_8958,2,1,2,7,6,3
ten_8959,2,1,2,7,6,4
ten_8960,2,1,2,7,6,5
ten_8961,2,1,2,7,6,6
ten_8962,2,1,2,7,6,7
ten_8963,2,1,2,7,0,3
ten_8964,2,1,2,7,4,0
ten_8965,2,1,3,0,6,3
ten_8966,2,1,3,0,6,4
ten_8967,2,1,3,0,6,5
ten_8968,2,1,3,4,6,7
ten_8969,2,1,3,4,2,0
ten_8970,2,1,3,4,3,0
ten_8971,2,1,3,4,3,7
ten_8972,2,1,3,4,4,0
ten_8973,2,1,3,4,4,7
ten_8974,2,1,3,4,5,2
ten_8975,2,1,3,4,5,3
ten_8976,2,1,3,4,5,4
ten_8977,2,1,3,4,5,5
ten_8978,2,1,3,4,5,6
ten_8979,2,1,3,4,5,7
ten_8980,2,1,3,6,6,2
ten_8981,2,1,3,6,6,3
ten_8982,2,1,3,6,7,7
ten_8983,2,1,3,6,0,7
ten_8984,2,1,3,6,4,7
ten_8985,2,1,3,7,6,2
ten_8986,2,1,3,7,6,3
ten_8987,2,1,3,7,6,4
ten_8988,2,1,4,1,4,2
ten_8989,2,1,4,1,4,4
ten_8990,2,1,4,1,4,6
ten_8991,2,1,4,1,5,1
ten_8992,2,1,4,2,4,6
ten_8993,2,1,4,0,6,3
ten_8994,2,1,4,0,6,4
ten_8995,2,1,4,0,6,5
ten_8996,2,1,4,3,4,6
ten_8997,2,1,4,3,4,7
ten_8998,2,1,4,3,5,6
ten_8999,2,1,4,3,5,7
ten_9000,2,1,4,4,6,7
ten_9001,2,1,4,4,2,1
ten_9002,2,1,4,4,3,1
ten_9003,2,1,4,4,4,0
ten_9004,2,1,4,4,5,0
ten_9005,2,1,4,5,2,1
ten_9006,2,1,4,5,3,1
ten_9007,2,1,4,5,4,0
ten_9008,2,1,4,5,5,0
ten_9009,2,1,4,6,6,2
ten_9010,2,1,4,6,6,3
ten_9011,2,1,4,6,0,7
ten_9012,2,1,4,6,1,7
ten_9013,2,1,4,6,2,1
ten_9014,2,1,4,6,3,1
ten_9015,2,1,4,6,4,2
ten_9016,2,1,4,7,6,2
ten_9017,2,1,4,7,6,3
ten_9018,2,1,4,7,6,4
ten_9019,2,1,4,7,2,1
ten_9020,2,1,4,7,3,1
ten_9021,2,1,4,7,4,2
ten_9022,2,1,4,7,4,4
ten_9023,2,1,5,0,6,3
ten_9024,2,1,5,0,6,4
ten_9025,2,1,5,0,6,5
ten_9026,2,1,5,3,2,0
ten_9027,2,1,5,3,2,2
ten_9028,2,1,5,3,3,0
ten_9029,2,1,5,3,4,0
ten_9030,2,1,5,4,6,7
ten_9031,2,1,5,6,6,2
ten_9032,2,1,5,6,6,3
ten_9033,2,1,5,6,0,7
ten_9034,2,1,5,6,2,7
ten_9035,2,1,5,7,6,2
ten_9036,2,1,5,7,6,3
ten_9037,2,1,5,7,6,4
ten_9038,2,1,6,1,2,0
ten_9039,2,1,6,1,3,1
ten_9040,2,1,6,2,2,0
ten_9041,2,1,6,0,6,3
ten_9042,2,1,6,0,6,4
ten_9043,2,1,6,0,6,5
ten_9044,2,1,6,4,6,7
ten_9045,2,1,6,4,2,0
ten_9046,2,1,6,4,3,1
ten_9047,2,1,6,4,4,1
ten_9048,2,1,6,4,5,1
ten_9049,2,1,6,5,2,0
ten_9050,2,1,6,5,3,1
ten_9051,2,1,6,5,4,1
ten_9052,2,1,6,5,5,1
ten_9053,2,1,6,6,6,2
ten_9054,2,1,6,6,6,3
ten_9055,2,1,6,6,2,0
ten_9056,2,1,6,6,2,7
ten_9057,2,1,6,6,3,1
ten_9058,2,1,6,6,4,1
ten_9059,2,1,6,6,5,1
ten_9060,2,1,6,7,6,2
ten_9061,2,1,6,7,6,3
ten_9062,2,1,6,7,6,4
ten_9063,2,1,6,7,2,0
ten_9064,2,1,6,7,3,1
ten_9065,2,1,6,7,4,1
ten_9066,2,1,6,7,5,1
ten_9067,2,2,7,1,1,1
ten_9068,2,2,7,1,2,1
ten_9069,2,2,7,1,2,0
ten_9070,2,2,7,1,3,1
ten_9071,2,2,7,1,3,0
ten_9072,2,2,7,1,4,0
ten_9073,2,2,7,2,2,0
ten_9074,2,2,7,2,3,0
ten_9075,2,2,7,2,4,0
ten_9076,2,2,7,0,2,0
ten_9077,2,2,7,0,3,0
ten_9078,2,2,7,0,4,0
ten_9079,2,2,7,4,1,1
ten_9080,2,2,7,4,2,1
ten_9081,2,2,7,4,2,0
ten_9082,2,2,7,4,2,3
ten_9083,2,2,7,4,3,1
ten_9084,2,2,7,4,3,0
ten_9085,2,2,7,4,4,0
ten_9086,2,2,7,4,4,2
ten_9087,2,2,7,4,4,3
ten_9088,2,2,7,4,5,2
ten_9089,2,2,7,4,5,3
ten_9090,2,2,7,5,1,1
ten_9091,2,2,7,5,2,1
ten_9092,2,2,7,5,2,0
ten_9093,2,2,7,5,3,1
ten_9094,2,2,7,5,3,0
ten_9095,2,2,7,5,4,0
ten_9096,2,2,7,6,1,1
ten_9097,2,2,7,6,2,1
ten_9098,2,2,7,6,2,0
ten_9099,2,2,7,6,3,1
ten_9100,2,2,7,6,3,0
ten_9101,2,2,7,6,4,0
ten_9102,2,2,7,7,1,1
ten_9103,2,2,7,7,2,1
ten_9104,2,2,7,7,2,0
ten_9105,2,2,7,7,3,1
ten_9106,2,2,7,7,3,0
ten_9107,2,2,7,7,4,0
ten_9108,2,2,0,1,1,1
ten_9109,2,2,0,1,2,1
ten_9110,2,2,0,1,2,0
ten_9111,2,2,0,1,3,1
ten_9112,2,2,0,1,3,0
ten_9113,2,2,0,1,4,0
ten_9114,2,2,0,2,2,0
ten_9115,2,2,0,2,3,0
ten_9116,2,2,0,2,4,0
ten_9117,2,2,0,0,2,0
ten_9118,2,2,0,0,3,0
ten_9119,2,2,0,0,4,0
ten_9120,2,2,0,4,1,1
ten_9121,2,2,0,4,2,1
ten_9122,2,2,0,4,2,0
ten_9123,2,2,0,4,2,3
ten_9124,2,2,0,4,3,1
ten_9125,2,2,0,4,3,0
ten_9126,2,2,0,4,4,0
ten_9127,2,2,0,4,4,2
ten_9128,2,2,0,4,4,3
ten_9129,2,2,0,4,5,2
ten_9130,2,2,0,4,5,3
ten_9131,2,2,0,5,1,1
ten_9132,2,2,0,5,2,1
ten_9133,2,2,0,5,2,0
ten_9134,2,2,0,5,3,1
ten_9135,2,2,0,5,3,0
ten_9136,2,2,0,5,4,0
ten_9137,2,2,0,6,1,1
ten_9138,2,2,0,6,2,1
ten_9139,2,2,0,6,2,0
ten_9140,2,2,0,6,3,1
ten_9141,2,2,0,6,3,0
ten_9142,2,2,0,6,4,0
ten_9143,2,2,0,7,1,1
ten_9144,2,2,0,7,2,1
ten_9145,2,2,0,7,2,0
ten_9146,2,2,0,7,3,1
ten_9147,2,2,0,7,3,0
ten_9148,2,2,0,7,4,0
ten_9149,2,2,1,1,4,0
ten_9150,2,2,1,1,5,0
ten_9151,2,2,1,2,4,0
ten_9152,2,2,1,2,5,0
ten_9153,2,2,1,4,1,1
ten_9154,2,2,1,4,2,1
ten_9155,2,2,1,4,2,0
ten_9156,2,2,1,4,2,3
ten_9157,2,2,1,4,3,1
ten_9158,2,2,1,4,3,0
ten_9159,2,2,1,4,4,0
ten_9160,2,2,1,4,4,2
ten_9161,2,2,1,4,4,3
ten_9162,2,2,1,4,5,2
ten_9163,2,2,1,4,5,3
ten_9164,2,2,1,5,1,1
ten_9165,2,2,1,5,2,1
ten_9166,2,2,1,5,2,0
ten_9167,2,2,1,5,3,1
ten_9168,2,2,1,5,3,0
ten_9169,2,2,1,5,4,0
ten_9170,2,2,1,6,1,1
ten_9171,2,2,1,6,2,1
ten_9172,2,2,1,6,2,0
ten_9173,2,2,1,6,3,1
ten_9174,2,2,1,6,3,0
ten_9175,2,2,1,6,4,0
ten_9176,2,2,1,7,1,1
ten_9177,2,2,1,7,2,1
ten_9178,2,2,1,7,2,0
ten_9179,2,2,1,7,3,1
ten_9180,2,2,1,7,3,0
ten_9181,2,2,1,7,4,0
ten_9182,2,2,2,3,2,0
ten_9183,2,2,2,3,3,0
ten_9184,2,2,2,3,3,2
ten_9185,2,2,2,4,2,0
ten_9186,2,2,2,4,3,0
ten_9187,2,2,2,4,4,0
ten_9188,2,2,2,4,4,2
ten_9189,2,2,2,4,4,3
ten_9190,2,2,2,4,5,2
ten_9191,2,2,2,4,5,3
ten_9192,2,2,2,5,2,0
ten_9193,2,2,2,5,3,0
ten_9194,2,2,2,5,4,0
ten_9195,2,2,2,5,5,6
ten_9196,2,2,2,6,2,0
ten_9197,2,2,2,6,3,0
ten_9198,2,2,2,6,4,0
ten_9199,2,2,2,7,2,0
ten_9200,2,2,2,7,3,0
ten_9201,2,2,2,7,4,0
ten_9202,2,2,3,4,2,0
ten_9203,2,2,3,4,2,2
ten_9204,2,2,3,4,3,0
ten_9205,2,2,3,4,3,2
ten_9206,2,2,3,4,4,0
ten_9207,2,2,3,4,4,2
ten_9208,2,2,3,4,4,3
ten_9209,2,2,3,4,4,4
ten_9210,2,2,3,4,4,5
ten_9211,2,2,3,4,4,6
ten_9212,2,2,3,4,5,2
ten_9213,2,2,3,4,5,3
ten_9214,2,2,3,4,5,4
ten_9215,2,2,3,4,5,5
ten_9216,2,2,3,4,5,6
ten_9217,2,2,3,4,5,7
ten_9218,2,2,4,1,1,1
ten_9219,2,2,4,1,4,2
ten_9220,2,2,4,1,4,3
ten_9221,2,2,4,1,4,4
ten_9222,2,2,4,1,4,5
ten_9223,2,2,4,1,4,6
ten_9224,2,2,4,1,5,1
ten_9225,2,2,4,1,5,0
ten_9226,2,2,4,1,5,2
ten_9227,2,2,4,1,5,3
ten_9228,2,2,4,1,5,4
ten_9229,2,2,4,1,5,5
ten_9230,2,2,4,1,5,6
ten_9231,2,2,4,1,5,7
ten_9232,2,2,4,2,4,5
ten_9233,2,2,4,2,4,6
ten_9234,2,2,4,2,5,5
ten_9235,2,2,4,2,5,6
ten_9236,2,2,4,2,5,7
ten_9237,2,2,4,0,4,6
ten_9238,2,2,4,0,5,6
ten_9239,2,2,4,0,5,7
ten_9240,2,2,4,3,4,6
ten_9241,2,2,4,3,5,6
ten_9242,2,2,4,3,5,7
ten_9243,2,2,4,4,4,0
ten_9244,2,2,4,4,5,0
ten_9245,2,2,4,5,4,0
ten_9246,2,2,4,5,5,0
ten_9247,2,2,4,6,4,0
ten_9248,2,2,4,6,4,2
ten_9249,2,2,4,6,5,0
ten_9250,2,2,4,6,5,2
ten_9251,2,2,4,7,4,0
ten_9252,2,2,4,7,4,2
ten_9253,2,2,4,7,4,3
ten_9254,2,2,4,7,4,4
ten_9255,2,2,4,7,5,0
ten_9256,2,2,4,7,5,2
ten_9257,2,2,4,7,5,3
ten_9258,2,2,4,7,5,4
ten_9259,2,2,5,3,2,0
ten_9260,2,2,5,3,2,2
ten_9261,2,2,5,3,3,0
ten_9262,2,2,5,3,4,0
ten_9263,2,2,6,1,2,0
ten_9264,2,2,6,1,3,1
ten_9265,2,2,6,2,2,0
ten_9266,2,2,6,4,2,0
ten_9267,2,2,6,4,3,1
ten_9268,2,2,6,4,4,1
ten_9269,2,2,6,4,5,1
ten_9270,2,2,6,5,2,0
ten_9271,2,2,6,5,3,1
ten_9272,2,2,6,5,4,1
ten_9273,2,2,6,5,5,1
ten_9274,2,2,6,6,2,0
ten_9275,2,2,6,6,3,1
ten_9276,2,2,6,6,4,1
ten_9277,2,2,6,6,5,1
ten_9278,2,2,6,7,2,0
ten_9279,2,2,6,7,3,1
ten_9280,2,2,6,7,4,1
ten_9281,2,2,6,7,5,1
ten_9282,3,0,7,1,4,0
ten_9283,3,0,7,2,4,0
ten_9284,3,0,7,0,6,7
ten_9285,3,0,7,3,6,7
ten_9286,3,0,7,3,5,7
ten_9287,3,0,7,4,4,0
ten_9288,3,0,7,4,5,2
ten_9289,3,0,7,4,5,3
ten_9290,3,0,7,5,6,1
ten_9291,3,0,7,5,7,1
ten_9292,3,0,7,5,4,0
ten_9293,3,0,7,6,6,1
ten_9294,3,0,7,6,7,1
ten_9295,3,0,7,6,1,7
ten_9296,3,0,7,6,3,7
ten_9297,3,0,7,6,4,0
ten_9298,3,0,7,6,4,7
ten_9299,3,0,7,7,6,1
ten_9300,3,0,7,7,7,1
ten_9301,3,0,7,7,4,0
ten_9302,3,0,0,1,4,0
ten_9303,3,0,0,2,4,0
ten_9304,3,0,0,3,2,2
ten_9305,3,0,0,3,5,7
ten_9306,3,0,0,4,4,0
ten_9307,3,0,0,4,5,2
ten_9308,3,0,0,4,5,3
ten_9309,3,0,0,5,4,0
ten_9310,3,0,0,6,3,7
ten_9311,3,0,0,6,4,0
ten_9312,3,0,0,6,5,7
ten_9313,3,0,0,7,4,0
ten_9314,3,0,1,1,6,7
ten_9315,3,0,1,1,7,7
ten_9316,3,0,1,1,4,0
ten_9317,3,0,1,2,6,7
ten_9318,3,0,1,2,7,7
ten_9319,3,0,1,2,4,0
ten_9320,3,0,1,0,6,2
ten_9321,3,0,1,0,6,3
ten_9322,3,0,1,0,6,4
ten_9323,3,0,1,0,6,5
ten_9324,3,0,1,0,7,4
ten_9325,3,0,1,0,7,5
ten_9326,3,0,1,3,2,2
ten_9327,3,0,1,3,5,7
ten_9328,3,0,1,4,6,7
ten_9329,3,0,1,4,7,7
ten_9330,3,0,1,4,4,0
ten_9331,3,0,1,4,5,2
ten_9332,3,0,1,4,5,3
ten_9333,3,0,1,5,6,6
ten_9334,3,0,1,5,6,7
ten_9335,3,0,1,5,7,7
ten_9336,3,0,1,5,4,0
ten_9337,3,0,1,6,6,7
ten_9338,3,0,1,6,7,2
ten_9339,3,0,1,6,4,0
ten_9340,3,0,1,6,5,7
ten_9341,3,0,1,7,6,4
ten_9342,3,0,1,7,6,5
ten_9343,3,0,1,7,6,6
ten_9344,3,0,1,7,6,7
ten_9345,3,0,1,7,7,2
ten_9346,3,0,1,7,7,4
ten_9347,3,0,1,7,7,5
ten_9348,3,0,1,7,4,0
ten_9349,3,0,2,0,6,7
ten_9350,3,0,2,3,6,7
ten_9351,3,0,2,3,5,7
ten_9352,3,0,2,4,5,2
ten_9353,3,0,2,4,5,3
ten_9354,3,0,3,0,6,7
ten_9355,3,0,3,3,6,7
ten_9356,3,0,3,3,0,2
ten_9357,3,0,3,3,3,0
ten_9358,3,0,3,3,4,0
ten_9359,3,0,3,3,4,2
ten_9360,3,0,3,3,5,7
ten_9361,3,0,3,4,6,2
ten_9362,3,0,3,4,6,3
ten_9363,3,0,4,1,4,7
ten_9364,3,0,4,1,5,7
ten_9365,3,0,4,2,4,7
ten_9366,3,0,4,2,5,7
ten_9367,3,0,4,0,6,7
ten_9368,3,0,4,0,4,5
ten_9369,3,0,4,0,4,7
ten_9370,3,0,4,0,5,7
ten_9371,3,0,4,3,6,7
ten_9372,3,0,4,3,0,2
ten_9373,3,0,4,4,6,2
ten_9374,3,0,4,4,6,3
ten_9375,3,0,4,4,4,7
ten_9376,3,0,4,4,5,7
ten_9377,3,0,4,5,4,7
ten_9378,3,0,4,5,5,6
ten_9379,3,0,4,5,5,7
ten_9380,3,0,4,6,6,7
ten_9381,3,0,4,6,5,7
ten_9382,3,0,4,7,5,6
ten_9383,3,0,4,7,5,7
ten_9384,3,0,5,0,6,7
ten_9385,3,0,5,3,6,7
ten_9386,3,0,5,3,0,2
ten_9387,3,0,5,3,2,2
ten_9388,3,0,5,3,4,0
ten_9389,3,0,5,4,6,2
ten_9390,3,0,5,4,6,3
ten_9391,3,0,5,6,6,7
ten_9392,3,0,5,6,0,7
ten_9393,3,0,6,1,3,1
ten_9394,3,0,6,0,6,7
ten_9395,3,0,6,3,6,7
ten_9396,3,0,6,3,0,2
ten_9397,3,0,6,3,1,2
ten_9398,3,0,6,3,2,2
ten_9399,3,0,6,3,3,0
ten_9400,3,0,6,3,3,2
ten_9401,3,0,6,3,5,7
ten_9402,3,0,6,4,6,2
ten_9403,3,0,6,4,6,3
ten_9404,3,0,6,5,3,1
ten_9405,3,0,6,5,4,1
ten_9406,3,0,6,5,5,1
ten_9407,3,0,6,6,7,7
ten_9408,3,0,6,6,0,7
ten_9409,3,0,6,6,2,7
ten_9410,3,0,6,6,3,1
ten_9411,3,0,6,6,4,1
ten_9412,3,0,6,6,5,1
ten_9413,3,0,6,7,3,1
ten_9414,3,0,6,7,4,1
ten_9415,3,0,6,7,5,1
ten_9416,3,1,7,1,6,7
ten_9417,3,1,7,1,5,2
ten_9418,3,1,7,2,6,7
ten_9419,3,1,7,2,5,2
ten_9420,3,1,7,0,6,7
ten_9421,3,1,7,0,5,2
ten_9422,3,1,7,3,5,6
ten_9423,3,1,7,3,5,7
ten_9424,3,1,7,4,6,2
ten_9425,3,1,7,4,6,7
ten_9426,3,1,7,5,6,0
ten_9427,3,1,7,5,7,0
ten_9428,3,1,7,5,5,2
ten_9429,3,1,7,6,1,7
ten_9430,3,1,7,6,5,2
ten_9431,3,1,7,7,5,2
ten_9432,3,1,0,1,5,2
ten_9433,3,1,0,2,5,2
ten_9434,3,1,0,0,5,2
ten_9435,3,1,0,3,5,6
ten_9436,3,1,0,3,5,7
ten_9437,3,1,0,5,5,2
ten_9438,3,1,0,6,1,7
ten_9439,3,1,0,6,3,7
ten_9440,3,1,0,6,5,2
ten_9441,3,1,0,7,5,2
ten_9442,3,1,1,1,6,0
ten_9443,3,1,1,1,6,2
ten_9444,3,1,1,1,6,3
ten_9445,3,1,1,1,6,4
ten_9446,3,1,1,1,6,5
ten_9447,3,1,1,1,7,0
ten_9448,3,1,1,1,7,2
ten_9449,3,1,1,1,7,3
ten_9450,3,1,1,1,7,4
ten_9451,3,1,1,1,7,5
ten_9452,3,1,1,1,5,2
ten_9453,3,1,1,2,6,0
ten_9454,3,1,1,2,6,2
ten_9455,3,1,1,2,6,3
ten_9456,3,1,1,2,6,4
ten_9457,3,1,1,2,6,5
ten_9458,3,1,1,2,7,0
ten_9459,3,1,1,2,7,2
ten_9460,3,1,1,2,7,3
ten_9461,3,1,1,2,7,4
ten_9462,3,1,1,2,7,5
ten_9463,3,1,1,2,5,2
ten_9464,3,1,1,0,6,3
ten_9465,3,1,1,0,6,4
ten_9466,3,1,1,0,6,5
ten_9467,3,1,1,0,7,3
ten_9468,3,1,1,0,7,5
ten_9469,3,1,1,0,5,2
ten_9470,3,1,1,3,5,6
ten_9471,3,1,1,3,5,7
ten_9472,3,1,1,4,6,2
ten_9473,3,1,1,4,6,3
ten_9474,3,1,1,4,6,4
ten_9475,3,1,1,4,7,2
ten_9476,3,1,1,5,6,0
ten_9477,3,1,1,5,6,2
ten_9478,3,1,1,5,6,3
ten_9479,3,1,1,5,6,4
ten_9480,3,1,1,5,6,5
ten_9481,3,1,1,5,7,0
ten_9482,3,1,1,5,7,2
ten_9483,3,1,1,5,7,3
ten_9484,3,1,1,5,5,2
ten_9485,3,1,1,6,6,0
ten_9486,3,1,1,6,6,2
ten_9487,3,1,1,6,6,3
ten_9488,3,1,1,6,6,4
ten_9489,3,1,1,6,7,0
ten_9490,3,1,1,6,7,2
ten_9491,3,1,1,6,7,3
ten_9492,3,1,1,6,7,4
ten_9493,3,1,1,6,2,7
ten_9494,3,1,1,6,3,7
ten_9495,3,1,1,6,5,2
ten_9496,3,1,1,7,6,0
ten_9497,3,1,1,7,6,2
ten_9498,3,1,1,7,6,3
ten_9499,3,1,1,7,6,4
ten_9500,3,1,1,7,7,0
ten_9501,3,1,1,7,7,2
ten_9502,3,1,1,7,7,3
ten_9503,3,1,1,7,7,4
ten_9504,3,1,1,7,5,2
ten_9505,3,1,2,1,6,5
ten_9506,3,1,2,1,6,6
ten_9507,3,1,2,1,7,5
ten_9508,3,1,2,1,7,6
ten_9509,3,1,2,0,6,5
ten_9510,3,1,2,0,6,6
ten_9511,3,1,2,0,7,5
ten_9512,3,1,2,0,7,6
ten_9513,3,1,2,0,0,5
ten_9514,3,1,2,0,0,6
ten_9515,3,1,2,0,5,2
ten_9516,3,1,2,3,6,3
ten_9517,3,1,2,3,6,4
ten_9518,3,1,2,3,6,5
ten_9519,3,1,2,3,7,3
ten_9520,3,1,2,3,7,4
ten_9521,3,1,2,3,7,5
ten_9522,3,1,2,3,7,6
ten_9523,3,1,2,3,0,5
ten_9524,3,1,2,3,0,6
ten_9525,3,1,2,3,5,6
ten_9526,3,1,2,3,5,7
ten_9527,3,1,2,5,6,5
ten_9528,3,1,2,5,6,6
ten_9529,3,1,2,5,6,7
ten_9530,3,1,2,5,5,2
ten_9531,3,1,2,6,7,7
ten_9532,3,1,2,6,3,7
ten_9533,3,1,2,6,4,7
ten_9534,3,1,2,6,5,2
ten_9535,3,1,2,7,6,5
ten_9536,3,1,2,7,6,6
ten_9537,3,1,2,7,6,7
ten_9538,3,1,2,7,5,2
ten_9539,3,1,3,1,6,2
ten_9540,3,1,3,1,6,7
ten_9541,3,1,3,2,6,2
ten_9542,3,1,3,0,6,2
ten_9543,3,1,3,0,6,3
ten_9544,3,1,3,0,6,7
ten_9545,3,1,3,3,3,5
ten_9546,3,1,3,3,3,6
ten_9547,3,1,3,3,4,3
ten_9548,3,1,3,3,4,4
ten_9549,3,1,3,3,4,5
ten_9550,3,1,3,3,4,6
ten_9551,3,1,3,3,5,3
ten_9552,3,1,3,3,5,4
ten_9553,3,1,3,3,5,5
ten_9554,3,1,3,3,5,6
ten_9555,3,1,3,4,6,7
ten_9556,3,1,3,4,3,0
ten_9557,3,1,3,4,3,7
ten_9558,3,1,3,4,4,0
ten_9559,3,1,3,4,4,7
ten_9560,3,1,3,4,5,4
ten_9561,3,1,3,4,5,5
ten_9562,3,1,3,4,5,6
ten_9563,3,1,3,4,5,7
ten_9564,3,1,3,5,6,2
ten_9565,3,1,3,5,5,6
ten_9566,3,1,3,5,5,7
ten_9567,3,1,3,6,6,2
ten_9568,3,1,3,6,7,7
ten_9569,3,1,3,6,0,7
ten_9570,3,1,3,6,4,7
ten_9571,3,1,3,7,6,2
ten_9572,3,1,3,7,5,7
ten_9573,3,1,4,1,6,2
ten_9574,3,1,4,1,6,7
ten_9575,3,1,4,1,4,2
ten_9576,3,1,4,1,4,3
ten_9577,3,1,4,1,4,4
ten_9578,3,1,4,1,4,5
ten_9579,3,1,4,1,4,6
ten_9580,3,1,4,1,4,7
ten_9581,3,1,4,1,5,0
ten_9582,3,1,4,1,5,2
ten_9583,3,1,4,1,5,3
ten_9584,3,1,4,1,5,4
ten_9585,3,1,4,1,5,5
ten_9586,3,1,4,1,5,6
ten_9587,3,1,4,1,5,7
ten_9588,3,1,4,2,6,2
ten_9589,3,1,4,2,4,3
ten_9590,3,1,4,2,4,4
ten_9591,3,1,4,2,4,5
ten_9592,3,1,4,2,4,6
ten_9593,3,1,4,2,4,7
ten_9594,3,1,4,2,5,0
ten_9595,3,1,4,2,5,2
ten_9596,3,1,4,2,5,3
ten_9597,3,1,4,2,5,4
ten_9598,3,1,4,2,5,5
ten_9599,3,1,4,2,5,6
ten_9600,3,1,4,2,5,7
ten_9601,3,1,4,0,6,2
ten_9602,3,1,4,0,6,3
ten_9603,3,1,4,0,6,7
ten_9604,3,1,4,0,4,4
ten_9605,3,1,4,0,4,5
ten_9606,3,1,4,0,4,6
ten_9607,3,1,4,0,4,7
ten_9608,3,1,4,0,5,2
ten_9609,3,1,4,0,5,3
ten_9610,3,1,4,0,5,4
ten_9611,3,1,4,0,5,5
ten_9612,3,1,4,0,5,6
ten_9613,3,1,4,0,5,7
ten_9614,3,1,4,4,6,7
ten_9615,3,1,4,4,4,2
ten_9616,3,1,4,4,4,6
ten_9617,3,1,4,4,5,2
ten_9618,3,1,4,4,5,3
ten_9619,3,1,4,4,5,4
ten_9620,3,1,4,4,5,5
ten_9621,3,1,4,4,5,6
ten_9622,3,1,4,5,6,2
ten_9623,3,1,4,5,3,0
ten_9624,3,1,4,5,4,0
ten_9625,3,1,4,5,4,2
ten_9626,3,1,4,5,4,7
ten_9627,3,1,4,5,5,0
ten_9628,3,1,4,5,5,2
ten_9629,3,1,4,5,5,6
ten_9630,3,1,4,5,5,7
ten_9631,3,1,4,6,6,2
ten_9632,3,1,4,6,0,7
ten_9633,3,1,4,6,1,7
ten_9634,3,1,4,6,3,0
ten_9635,3,1,4,6,4,0
ten_9636,3,1,4,6,4,2
ten_9637,3,1,4,6,4,3
ten_9638,3,1,4,6,4,4
ten_9639,3,1,4,6,5,0
ten_9640,3,1,4,6,5,2
ten_9641,3,1,4,6,5,3
ten_9642,3,1,4,6,5,4
ten_9643,3,1,4,6,5,5
ten_9644,3,1,4,6,5,6
ten_9645,3,1,4,7,6,2
ten_9646,3,1,4,7,3,0
ten_9647,3,1,4,7,4,0
ten_9648,3,1,4,7,4,2
ten_9649,3,1,4,7,4,3
ten_9650,3,1,4,7,4,4
ten_9651,3,1,4,7,4,5
ten_9652,3,1,4,7,5,0
ten_9653,3,1,4,7,5,2
ten_9654,3,1,4,7,5,3
ten_9655,3,1,4,7,5,4
ten_9656,3,1,4,7,5,5
ten_9657,3,1,4,7,5,6
ten_9658,3,1,4,7,5,7
ten_9659,3,1,5,1,6,2
ten_9660,3,1,5,1,6,7
ten_9661,3,1,5,2,6,2
ten_9662,3,1,5,0,6,2
ten_9663,3,1,5,0,6,3
ten_9664,3,1,5,0,6,7
ten_9665,3,1,5,4,6,7
ten_9666,3,1,5,4,3,0
ten_9667,3,1,5,4,4,0
ten_9668,3,1,5,5,6,2
ten_9669,3,1,5,6,6,2
ten_9670,3,1,5,6,0,7
ten_9671,3,1,5,6,2,7
ten_9672,3,1,5,7,6,2
ten_9673,3,1,6,1,6,2
ten_9674,3,1,6,1,6,7
ten_9675,3,1,6,2,6,2
ten_9676,3,1,6,0,6,2
ten_9677,3,1,6,0,6,3
ten_9678,3,1,6,0,6,7
ten_9679,3,1,6,3,5,6
ten_9680,3,1,6,3,5,7
ten_9681,3,1,6,4,6,7
ten_9682,3,1,6,4,5,2
ten_9683,3,1,6,5,6,2
ten_9684,3,1,6,5,3,0
ten_9685,3,1,6,5,4,0
ten_9686,3,1,6,5,5,0
ten_9687,3,1,6,6,6,2
ten_9688,3,1,6,6,2,7
ten_9689,3,1,6,7,6,2
ten_9690,3,2,7,1,6,2
ten_9691,3,2,7,1,6,3
ten_9692,3,2,7,1,6,4
ten_9693,3,2,7,1,6,5
ten_9694,3,2,7,1,7,2
ten_9695,3,2,7,1,7,6
ten_9696,3,2,7,1,7,7
ten_9697,3,2,7,2,6,3
ten_9698,3,2,7,2,6,4
ten_9699,3,2,7,2,6,5
ten_9700,3,2,7,2,7,6
ten_9701,3,2,7,2,7,7
ten_9702,3,2,7,0,6,4
ten_9703,3,2,7,0,6,5
ten_9704,3,2,7,0,7,6
ten_9705,3,2,7,0,7,7
ten_9706,3,2,7,3,7,5
ten_9707,3,2,7,3,7,6
ten_9708,3,2,7,3,5,6
ten_9709,3,2,7,3,5,7
ten_9710,3,2,7,4,6,6
ten_9711,3,2,7,4,7,7
ten_9712,3,2,7,4,4,7
ten_9713,3,2,7,4,5,4
ten_9714,3,2,7,4,5,5
ten_9715,3,2,7,4,5,6
ten_9716,3,2,7,5,6,7
ten_9717,3,2,7,5,7,7
ten_9718,3,2,7,5,0,6
ten_9719,3,2,7,5,0,7
ten_9720,3,2,7,5,1,6
ten_9721,3,2,7,5,1,7
ten_9722,3,2,7,5,2,6
ten_9723,3,2,7,5,2,7
ten_9724,3,2,7,5,3,6
ten_9725,3,2,7,5,3,7
ten_9726,3,2,7,5,4,6
ten_9727,3,2,7,5,4,7
ten_9728,3,2,7,6,6,2
ten_9729,3,2,7,6,6,3
ten_9730,3,2,7,6,7,2
ten_9731,3,2,7,7,6,2
ten_9732,3,2,7,7,6,3
ten_9733,3,2,7,7,6,4
ten_9734,3,2,7,7,6,5
ten_9735,3,2,7,7,7,2
ten_9736,3,2,0,1,7,6
ten_9737,3,2,0,1,7,7
ten_9738,3,2,0,2,7,6
ten_9739,3,2,0,2,7,7
ten_9740,3,2,0,0,7,6
ten_9741,3,2,0,0,7,7
ten_9742,3,2,0,3,7,5
ten_9743,3,2,0,3,7,6
ten_9744,3,2,0,3,5,6
ten_9745,3,2,0,3,5,7
ten_9746,3,2,0,4,7,7
ten_9747,3,2,0,4,4,7
ten_9748,3,2,0,4,5,4
ten_9749,3,2,0,4,5,5
ten_9750,3,2,0,4,5,6
ten_9751,3,2,0,5,3,6
ten_9752,3,2,0,5,3,7
ten_9753,3,2,0,5,4,6
ten_9754,3,2,0,5,4,7
ten_9755,3,2,1,3,5,6
ten_9756,3,2,1,3,5,7
ten_9757,3,2,1,4,4,7
ten_9758,3,2,1,4,5,4
ten_9759,3,2,1,4,5,5
ten_9760,3,2,1,4,5,6
ten_9761,3,2,1,5,4,6
ten_9762,3,2,1,5,4,7
ten_9763,3,2,2,1,6,2
ten_9764,3,2,2,1,6,3
ten_9765,3,2,2,1,6,4
ten_9766,3,2,2,1,7,2
ten_9767,3,2,2,1,7,3
ten_9768,3,2,2,1,7,4
ten_9769,3,2,2,1,7,5
ten_9770,3,2,2,1,3,0
ten_9771,3,2,2,1,4,0
ten_9772,3,2,2,2,6,2
ten_9773,3,2,2,2,6,3
ten_9774,3,2,2,2,6,4
ten_9775,3,2,2,2,7,2
ten_9776,3,2,2,2,7,3
ten_9777,3,2,2,2,7,4
ten_9778,3,2,2,2,7,5
ten_9779,3,2,2,2,3,0
ten_9780,3,2,2,2,4,0
ten_9781,3,2,2,3,5,6
ten_9782,3,2,2,3,5,7
ten_9783,3,2,2,4,4,7
ten_9784,3,2,2,4,5,4
ten_9785,3,2,2,4,5,5
ten_9786,3,2,2,4,5,6
ten_9787,3,2,2,5,7,3
ten_9788,3,2,2,5,7,4
ten_9789,3,2,2,5,7,5
ten_9790,3,2,2,5,4,6
ten_9791,3,2,2,5,4,7
ten_9792,3,2,2,6,6,3
ten_9793,3,2,2,6,6,4
ten_9794,3,2,2,6,6,5
ten_9795,3,2,2,6,7,3
ten_9796,3,2,2,6,7,4
ten_9797,3,2,2,6,7,5
ten_9798,3,2,2,6,7,6
ten_9799,3,2,2,6,0,4
ten_9800,3,2,2,7,6,3
ten_9801,3,2,2,7,6,4
ten_9802,3,2,2,7,6,5
ten_9803,3,2,2,7,7,3
ten_9804,3,2,2,7,7,4
ten_9805,3,2,2,7,7,5
ten_9806,3,2,2,7,0,4
ten_9807,3,2,2,7,0,5
ten_9808,3,2,3,1,6,3
ten_9809,3,2,3,1,6,4
ten_9810,3,2,3,1,6,5
ten_9811,3,2,3,1,7,6
ten_9812,3,2,3,1,7,7
ten_9813,3,2,3,1,0,6
ten_9814,3,2,3,1,0,7
ten_9815,3,2,3,1,1,6
ten_9816,3,2,3,1,1,7
ten_9817,3,2,3,1,2,7
ten_9818,3,2,3,1,3,7
ten_9819,3,2,3,1,4,7
ten_9820,3,2,3,1,5,2
ten_9821,3,2,3,1,5,3
ten_9822,3,2,3,1,5,4
ten_9823,3,2,3,1,5,5
ten_9824,3,2,3,1,5,6
ten_9825,3,2,3,2,6,3
ten_9826,3,2,3,2,6,4
ten_9827,3,2,3,2,6,5
ten_9828,3,2,3,2,7,6
ten_9829,3,2,3,2,7,7
ten_9830,3,2,3,2,0,6
ten_9831,3,2,3,2,0,7
ten_9832,3,2,3,2,1,6
ten_9833,3,2,3,2,1,7
ten_9834,3,2,3,2,2,7
ten_9835,3,2,3,2,3,7
ten_9836,3,2,3,2,4,7
ten_9837,3,2,3,2,5,2
ten_9838,3,2,3,2,5,3
ten_9839,3,2,3,2,5,4
ten_9840,3,2,3,2,5,5
ten_9841,3,2,3,2,5,6
ten_9842,3,2,3,0,7,6
ten_9843,3,2,3,0,7,7
ten_9844,3,2,3,0,0,6
ten_9845,3,2,3,0,0,7
ten_9846,3,2,3,0,1,6
ten_9847,3,2,3,0,1,7
ten_9848,3,2,3,0,2,7
ten_9849,3,2,3,0,3,7
ten_9850,3,2,3,0,4,7
ten_9851,3,2,3,0,5,2
ten_9852,3,2,3,0,5,3
ten_9853,3,2,3,0,5,4
ten_9854,3,2,3,0,5,5
ten_9855,3,2,3,0,5,6
ten_9856,3,2,3,3,7,3
ten_9857,3,2,3,3,7,4
ten_9858,3,2,3,3,7,5
ten_9859,3,2,3,3,7,6
ten_9860,3,2,3,3,0,6
ten_9861,3,2,3,3,0,7
ten_9862,3,2,3,3,1,4
ten_9863,3,2,3,3,1,6
ten_9864,3,2,3,3,1,7
ten_9865,3,2,3,3,2,6
ten_9866,3,2,3,3,2,7
ten_9867,3,2,3,3,3,3
ten_9868,3,2,3,3,3,4
ten_9869,3,2,3,3,3,5
ten_9870,3,2,3,3,3,6
ten_9871,3,2,3,3,4,3
ten_9872,3,2,3,3,4,4
ten_9873,3,2,3,3,4,5
ten_9874,3,2,3,3,4,6
ten_9875,3,2,3,3,5,3
ten_9876,3,2,3,3,5,4
ten_9877,3,2,3,3,5,5
ten_9878,3,2,3,3,5,6
ten_9879,3,2,3,4,7,4
ten_9880,3,2,3,4,7,5
ten_9881,3,2,3,4,7,6
ten_9882,3,2,3,4,7,7
ten_9883,3,2,3,4,0,4
ten_9884,3,2,3,4,0,5
ten_9885,3,2,3,4,0,6
ten_9886,3,2,3,4,0,7
ten_9887,3,2,3,4,1,6
ten_9888,3,2,3,4,1,7
ten_9889,3,2,3,4,2,6
ten_9890,3,2,3,4,2,7
ten_9891,3,2,3,5,7,6
ten_9892,3,2,3,5,7,7
ten_9893,3,2,3,5,3,7
ten_9894,3,2,3,5,4,6
ten_9895,3,2,3,5,4,7
ten_9896,3,2,3,6,6,3
ten_9897,3,2,3,6,5,3
ten_9898,3,2,3,6,5,4
ten_9899,3,2,3,6,5,5
ten_9900,3,2,3,6,5,6
ten_9901,3,2,3,7,6,3
ten_9902,3,2,3,7,6,4
ten_9903,3,2,3,7,6,5
ten_9904,3,2,3,7,6,6
ten_9905,3,2,3,7,6,7
ten_9906,3,2,3,7,4,6
ten_9907,3,2,3,7,4,7
ten_9908,3,2,3,7,5,3
ten_9909,3,2,3,7,5,4
ten_9910,3,2,3,7,5,5
ten_9911,3,2,3,7,5,6
ten_9912,3,2,3,7,5,7
ten_9913,3,2,4,1,6,3
ten_9914,3,2,4,1,6,4
ten_9915,3,2,4,1,6,5
ten_9916,3,2,4,1,7,6
ten_9917,3,2,4,1,7,7
ten_9918,3,2,4,1,3,2
ten_9919,3,2,4,1,4,2
ten_9920,3,2,4,1,4,4
ten_9921,3,2,4,1,4,6
ten_9922,3,2,4,1,5,2
ten_9923,3,2,4,1,5,3
ten_9924,3,2,4,1,5,4
ten_9925,3,2,4,1,5,5
ten_9926,3,2,4,1,5,6
ten_9927,3,2,4,2,6,3
ten_9928,3,2,4,2,6,4
ten_9929,3,2,4,2,6,5
ten_9930,3,2,4,2,7,6
ten_9931,3,2,4,2,7,7
ten_9932,3,2,4,2,4,3
ten_9933,3,2,4,2,4,4
ten_9934,3,2,4,2,4,6
ten_9935,3,2,4,2,5,0
ten_9936,3,2,4,2,5,2
ten_9937,3,2,4,2,5,3
ten_9938,3,2,4,2,5,4
ten_9939,3,2,4,2,5,5
ten_9940,3,2,4,2,5,6
ten_9941,3,2,4,0,7,6
ten_9942,3,2,4,0,7,7
ten_9943,3,2,4,0,4,4
ten_9944,3,2,4,0,4,5
ten_9945,3,2,4,0,4,6
ten_9946,3,2,4,0,5,2
ten_9947,3,2,4,0,5,3
ten_9948,3,2,4,0,5,4
ten_9949,3,2,4,0,5,5
ten_9950,3,2,4,0,5,6
ten_9951,3,2,4,3,7,3
ten_9952,3,2,4,3,7,4
ten_9953,3,2,4,3,7,5
ten_9954,3,2,4,3,7,6
ten_9955,3,2,4,4,7,7
ten_9956,3,2,4,5,7,6
ten_9957,3,2,4,5,7,7
ten_9958,3,2,4,6,6,3
ten_9959,3,2,4,6,3,2
ten_9960,3,2,4,6,4,2
ten_9961,3,2,4,6,4,4
ten_9962,3,2,4,6,5,2
ten_9963,3,2,4,6,5,3
ten_9964,3,2,4,6,5,4
ten_9965,3,2,4,6,5,5
ten_9966,3,2,4,6,5,6
ten_9967,3,2,4,7,6,3
ten_9968,3,2,4,7,6,4
ten_9969,3,2,4,7,6,5
ten_9970,3,2,4,7,6,6
ten_9971,3,2,4,7,6,7
ten_9972,3,2,4,7,3,2
ten_9973,3,2,4,7,4,2
ten_9974,3,2,4,7,4,4
ten_9975,3,2,4,7,5,2
ten_9976,3,2,4,7,5,3
ten_9977,3,2,4,7,5,4
ten_9978,3,2,4,7,5,5
ten_9979,3,2,4,7,5,6
ten_9980,3,2,5,1,6,3
ten_9981,3,2,5,1,6,4
ten_9982,3,2,5,1,6,5
ten_9983,3,2,5,1,7,6
ten_9984,3,2,5,1,7,7
ten_9985,3,2,5,2,6,3
ten_9986,3,2,5,2,6,4
ten_9987,3,2,5,2,6,5
ten_9988,3,2,5,2,7,6
ten_9989,3,2,5,2,7,7
ten_9990,3,2,5,0,7,6
ten_9991,3,2,5,0,7,7
ten_9992,3,2,5,3,7,3
ten_9993,3,2,5,3,7,4
ten_9994,3,2,5,3,7,5
ten_9995,3,2,5,3,7,6
ten_9996,3,2,5,4,7,7
ten_9997,3,2,5,4,3,0
ten_9998,3,2,5,4,4,0
ten_9999,3,2,5,4,4,2
ten_10000,3,2,5,4,4,7
ten_10001,3,2,5,5,7,6
ten_10002,3,2,5,5,7,7
ten_10003,3,2,5,5,0,6
ten_10004,3,2,5,5,0,7
ten_10005,3,2,5,5,3,0
ten_10006,3,2,5,5,4,0
ten_10007,3,2,5,6,6,3
ten_10008,3,2,5,6,3,0
ten_10009,3,2,5,6,4,0
ten_10010,3,2,5,7,6,3
ten_10011,3,2,5,7,6,4
ten_10012,3,2,5,7,6,5
ten_10013,3,2,5,7,6,6
ten_10014,3,2,5,7,6,7
ten_10015,3,2,5,7,3,0
ten_10016,3,2,5,7,4,0
ten_10017,3,2,6,1,6,3
ten_10018,3,2,6,1,6,4
ten_10019,3,2,6,1,6,5
ten_10020,3,2,6,1,7,6
ten_10021,3,2,6,1,7,7
ten_10022,3,2,6,1,3,0
ten_10023,3,2,6,1,5,2
ten_10024,3,2,6,2,6,3
ten_10025,3,2,6,2,6,4
ten_10026,3,2,6,2,6,5
ten_10027,3,2,6,2,7,6
ten_10028,3,2,6,2,7,7
ten_10029,3,2,6,2,3,0
ten_10030,3,2,6,0,7,6
ten_10031,3,2,6,0,7,7
ten_10032,3,2,6,3,7,3
ten_10033,3,2,6,3,7,4
ten_10034,3,2,6,3,7,5
ten_10035,3,2,6,3,7,6
ten_10036,3,2,6,3,5,6
ten_10037,3,2,6,3,5,7
ten_10038,3,2,6,4,7,7
ten_10039,3,2,6,4,3,2
ten_10040,3,2,6,4,3,3
ten_10041,3,2,6,4,4,2
ten_10042,3,2,6,4,4,7
ten_10043,3,2,6,4,5,2
ten_10044,3,2,6,4,5,6
ten_10045,3,2,6,5,7,6
ten_10046,3,2,6,5,7,7
ten_10047,3,2,6,5,0,6
ten_10048,3,2,6,5,0,7
ten_10049,3,2,6,5,1,6
ten_10050,3,2,6,5,1,7
ten_10051,3,2,6,5,2,6
ten_10052,3,2,6,5,2,7
ten_10053,3,2,6,6,6,3
ten_10054,3,2,6,6,5,2
ten_10055,3,2,6,7,6,3
ten_10056,3,2,6,7,6,4
ten_10057,3,2,6,7,6,5
ten_10058,3,2,6,7,6,6
ten_10059,3,2,6,7,6,7
ten_10060,3,2,6,7,5,2
ten_10061,3,3,7,1,2,0
ten_10062,3,3,7,1,3,0
ten_10063,3,3,7,1,3,2
ten_10064,3,3,7,1,4,0
ten_10065,3,3,7,1,4,2
ten_10066,3,3,7,2,2,0
ten_10067,3,3,7,2,3,0
ten_10068,3,3,7,2,4,0
ten_10069,3,3,7,4,2,0
ten_10070,3,3,7,4,3,0
ten_10071,3,3,7,4,3,3
ten_10072,3,3,7,4,4,0
ten_10073,3,3,7,4,4,2
ten_10074,3,3,7,4,4,3
ten_10075,3,3,7,4,4,4
ten_10076,3,3,7,4,4,5
ten_10077,3,3,7,4,5,4
ten_10078,3,3,7,4,5,5
ten_10079,3,3,7,4,5,6
ten_10080,3,3,7,5,2,0
ten_10081,3,3,7,5,3,0
ten_10082,3,3,7,5,4,0
ten_10083,3,3,7,6,2,0
ten_10084,3,3,7,6,3,0
ten_10085,3,3,7,6,3,2
ten_10086,3,3,7,6,4,0
ten_10087,3,3,7,6,4,2
ten_10088,3,3,7,7,2,0
ten_10089,3,3,7,7,3,0
ten_10090,3,3,7,7,3,2
ten_10091,3,3,7,7,4,0
ten_10092,3,3,7,7,4,2
ten_10093,3,3,0,1,2,0
ten_10094,3,3,0,1,3,0
ten_10095,3,3,0,1,3,2
ten_10096,3,3,0,1,4,0
ten_10097,3,3,0,1,4,2
ten_10098,3,3,0,2,2,0
ten_10099,3,3,0,2,3,0
ten_10100,3,3,0,2,4,0
ten_10101,3,3,0,4,2,0
ten_10102,3,3,0,4,3,0
ten_10103,3,3,0,4,3,3
ten_10104,3,3,0,4,4,0
ten_10105,3,3,0,4,4,2
ten_10106,3,3,0,4,4,3
ten_10107,3,3,0,4,4,4
ten_10108,3,3,0,4,4,5
ten_10109,3,3,0,4,5,4
ten_10110,3,3,0,4,5,5
ten_10111,3,3,0,4,5,6
ten_10112,3,3,0,5,2,0
ten_10113,3,3,0,5,3,0
ten_10114,3,3,0,5,4,0
ten_10115,3,3,0,6,2,0
ten_10116,3,3,0,6,3,0
ten_10117,3,3,0,6,3,2
ten_10118,3,3,0,6,4,0
ten_10119,3,3,0,6,4,2
ten_10120,3,3,0,7,2,0
ten_10121,3,3,0,7,3,0
ten_10122,3,3,0,7,3,2
ten_10123,3,3,0,7,4,0
ten_10124,3,3,0,7,4,2
ten_10125,3,3,1,1,2,0
ten_10126,3,3,1,1,3,0
ten_10127,3,3,1,1,3,2
ten_10128,3,3,1,1,4,0
ten_10129,3,3,1,1,4,2
ten_10130,3,3,1,2,2,0
ten_10131,3,3,1,2,3,0
ten_10132,3,3,1,2,4,0
ten_10133,3,3,1,4,2,0
ten_10134,3,3,1,4,3,0
ten_10135,3,3,1,4,3,3
ten_10136,3,3,1,4,4,0
ten_10137,3,3,1,4,4,2
ten_10138,3,3,1,4,4,3
ten_10139,3,3,1,4,4,4
ten_10140,3,3,1,4,4,5
ten_10141,3,3,1,4,5,4
ten_10142,3,3,1,4,5,5
ten_10143,3,3,1,4,5,6
ten_10144,3,3,1,5,2,0
ten_10145,3,3,1,5,3,0
ten_10146,3,3,1,5,4,0
ten_10147,3,3,1,6,2,0
ten_10148,3,3,1,6,3,0
ten_10149,3,3,1,6,3,2
ten_10150,3,3,1,6,4,0
ten_10151,3,3,1,6,4,2
ten_10152,3,3,1,7,2,0
ten_10153,3,3,1,7,3,0
ten_10154,3,3,1,7,3,2
ten_10155,3,3,1,7,4,0
ten_10156,3,3,1,7,4,2
ten_10157,3,3,2,1,3,0
ten_10158,3,3,2,1,3,2
ten_10159,3,3,2,1,4,0
ten_10160,3,3,2,1,4,2
ten_10161,3,3,2,1,4,6
ten_10162,3,3,2,2,4,6
ten_10163,3,3,2,0,4,6
ten_10164,3,3,2,4,2,0
ten_10165,3,3,2,4,3,0
ten_10166,3,3,2,4,3,3
ten_10167,3,3,2,4,3,4
ten_10168,3,3,2,4,4,0
ten_10169,3,3,2,4,4,2
ten_10170,3,3,2,4,4,3
ten_10171,3,3,2,4,4,4
ten_10172,3,3,2,4,4,5
ten_10173,3,3,2,5,2,0
ten_10174,3,3,2,5,3,0
ten_10175,3,3,2,5,4,0
ten_10176,3,3,2,6,2,0
ten_10177,3,3,2,6,3,0
ten_10178,3,3,2,6,3,2
ten_10179,3,3,2,6,4,0
ten_10180,3,3,2,6,4,2
ten_10181,3,3,2,7,2,0
ten_10182,3,3,2,7,3,0
ten_10183,3,3,2,7,3,2
ten_10184,3,3,2,7,4,0
ten_10185,3,3,2,7,4,2
ten_10186,3,3,3,1,3,2
ten_10187,3,3,3,1,3,4
ten_10188,3,3,3,1,4,2
ten_10189,3,3,3,1,4,6
ten_10190,3,3,3,1,5,2
ten_10191,3,3,3,1,5,3
ten_10192,3,3,3,1,5,4
ten_10193,3,3,3,2,3,4
ten_10194,3,3,3,2,4,2
ten_10195,3,3,3,2,4,6
ten_10196,3,3,3,2,5,2
ten_10197,3,3,3,2,5,3
ten_10198,3,3,3,2,5,4
ten_10199,3,3,3,0,3,2
ten_10200,3,3,3,0,3,4
ten_10201,3,3,3,0,4,2
ten_10202,3,3,3,0,4,6
ten_10203,3,3,3,3,3,3
ten_10204,3,3,3,3,3,4
ten_10205,3,3,3,3,3,5
ten_10206,3,3,3,3,4,3
ten_10207,3,3,3,3,4,4
ten_10208,3,3,3,3,4,5
ten_10209,3,3,3,3,4,6
ten_10210,3,3,3,5,3,2
ten_10211,3,3,3,5,4,2
ten_10212,3,3,3,6,3,2
ten_10213,3,3,3,6,3,4
ten_10214,3,3,3,6,4,2
ten_10215,3,3,3,6,5,3
ten_10216,3,3,3,6,5,4
ten_10217,3,3,3,6,5,5
ten_10218,3,3,3,7,3,2
ten_10219,3,3,3,7,3,4
ten_10220,3,3,3,7,4,2
ten_10221,3,3,3,7,5,3
ten_10222,3,3,3,7,5,4
ten_10223,3,3,3,7,5,5
ten_10224,3,3,4,2,3,3
ten_10225,3,3,4,2,4,3
ten_10226,3,3,4,2,5,0
ten_10227,3,3,4,2,5,2
ten_10228,3,3,4,2,5,3
ten_10229,3,3,4,0,4,4
ten_10230,3,3,4,0,5,2
ten_10231,3,3,4,0,5,3
ten_10232,3,3,4,0,5,4
ten_10233,3,3,4,5,3,3
ten_10234,3,3,4,5,4,3
ten_10235,3,3,4,5,5,3
ten_10236,3,3,4,5,5,4
ten_10237,3,3,4,5,5,5
ten_10238,3,3,4,6,4,4
ten_10239,3,3,4,6,5,4
ten_10240,3,3,4,6,5,5
ten_10241,3,3,4,6,5,6
ten_10242,3,3,5,1,2,1
ten_10243,3,3,5,1,2,0
ten_10244,3,3,5,1,3,2
ten_10245,3,3,5,1,4,2
ten_10246,3,3,5,4,2,0
ten_10247,3,3,5,4,3,0
ten_10248,3,3,5,4,3,2
ten_10249,3,3,5,4,4,0
ten_10250,3,3,5,4,4,2
ten_10251,3,3,5,4,4,6
ten_10252,3,3,5,5,2,0
ten_10253,3,3,5,5,3,0
ten_10254,3,3,5,5,4,0
ten_10255,3,3,5,6,2,0
ten_10256,3,3,5,6,3,0
ten_10257,3,3,5,6,3,2
ten_10258,3,3,5,6,4,0
ten_10259,3,3,5,6,4,2
ten_10260,3,3,5,7,2,0
ten_10261,3,3,5,7,3,0
ten_10262,3,3,5,7,3,2
ten_10263,3,3,5,7,4,0
ten_10264,3,3,5,7,4,2
ten_10265,3,3,6,1,2,1
ten_10266,3,3,6,1,2,0
ten_10267,3,3,6,1,3,1
ten_10268,3,3,6,1,3,0
ten_10269,3,3,6,1,3,2
ten_10270,3,3,6,1,4,2
ten_10271,3,3,6,1,5,2
ten_10272,3,3,6,1,5,3
ten_10273,3,3,6,1,5,4
ten_10274,3,3,6,1,5,5
ten_10275,3,3,6,2,2,0
ten_10276,3,3,6,2,5,4
ten_10277,3,3,6,2,5,5
ten_10278,3,3,6,3,5,6
ten_10279,3,3,6,4,2,0
ten_10280,3,3,6,4,3,0
ten_10281,3,3,6,4,4,0
ten_10282,3,3,6,4,4,6
ten_10283,3,3,6,4,5,6
ten_10284,3,3,6,5,2,0
ten_10285,3,3,6,5,3,0
ten_10286,3,3,6,5,4,0
ten_10287,3,3,6,6,2,0
ten_10288,3,3,6,6,3,0
ten_10289,3,3,6,6,3,2
ten_10290,3,3,6,6,4,0
ten_10291,3,3,6,6,4,2
ten_10292,3,3,6,6,5,2
ten_10293,3,3,6,6,5,3
ten_10294,3,3,6,7,2,0
ten_10295,3,3,6,7,3,0
ten_10296,3,3,6,7,3,2
ten_10297,3,3,6,7,4,0
ten_10298,3,3,6,7,4,2
ten_10299,3,3,6,7,5,2
ten_10300,3,3,6,7,5,3
ten_10301,3,3,6,7,5,4
eleven_10302,0,0,7,0,0,1
eleven_10303,0,0,7,0,1,1
eleven_10304,0,0,7,0,1,0
eleven_10305,0,0,7,3,3,1
eleven_10306,0,0,7,3,4,1
eleven_10307,0,0,7,3,4,0
eleven_10308,0,0,7,3,4,2
eleven_10309,0,0,7,3,5,0
eleven_10310,0,0,7,3,5,2
eleven_10311,0,0,7,4,3,1
eleven_10312,0,0,7,4,4,1
eleven_10313,0,0,7,5,3,1
eleven_10314,0,0,7,5,4,1
eleven_10315,0,0,7,6,3,1
eleven_10316,0,0,7,6,4,1
eleven_10317,0,0,7,7,3,1
eleven_10318,0,0,7,7,4,1
eleven_10319,0,0,0,1,2,1
eleven_10320,0,0,0,1,3,1
eleven_10321,0,0,0,1,4,1
eleven_10322,0,0,0,3,2,1
eleven_10323,0,0,0,3,2,2
eleven_10324,0,0,0,3,3,1
eleven_10325,0,0,0,3,4,1
eleven_10326,0,0,0,3,4,0
eleven_10327,0,0,0,3,4,2
eleven_10328,0,0,0,3,5,0
eleven_10329,0,0,0,3,5,2
eleven_10330,0,0,0,4,2,1
eleven_10331,0,0,0,4,3,1
eleven_10332,0,0,0,4,4,1
eleven_10333,0,0,0,5,2,1
eleven_10334,0,0,0,5,3,1
eleven_10335,0,0,0,5,4,1
eleven_10336,0,0,0,6,2,1
eleven_10337,0,0,0,6,3,1
eleven_10338,0,0,0,6,4,1
eleven_10339,0,0,0,7,2,1
eleven_10340,0,0,0,7,3,1
eleven_10341,0,0,0,7,4,1
eleven_10342,0,0,1,1,3,1
eleven_10343,0,0,1,1,4,1
eleven_10344,0,0,1,3,3,1
eleven_10345,0,0,1,3,4,1
eleven_10346,0,0,1,3,4,0
eleven_10347,0,0,1,3,4,2
eleven_10348,0,0,1,3,5,0
eleven_10349,0,0,1,3,5,2
eleven_10350,0,0,1,4,3,1
eleven_10351,0,0,1,4,4,1
eleven_10352,0,0,1,5,3,1
eleven_10353,0,0,1,5,4,1
eleven_10354,0,0,1,6,3,1
eleven_10355,0,0,1,6,4,1
eleven_10356,0,0,1,7,3,1
eleven_10357,0,0,1,7,4,1
eleven_10358,0,0,2,1,4,1
eleven_10359,0,0,2,0,1,1
eleven_10360,0,0,2,3,2,1
eleven_10361,0,0,2,3,3,1
eleven_10362,0,0,2,3,4,1
eleven_10363,0,0,2,3,4,0
eleven_10364,0,0,2,3,4,2
eleven_10365,0,0,2,3,5,0
eleven_10366,0,0,2,3,5,2
eleven_10367,0,0,2,4,4,1
eleven_10368,0,0,2,5,4,1
eleven_10369,0,0,2,6,4,1
eleven_10370,0,0,2,7,4,1
eleven_10371,0,0,3,0,0,1
eleven_10372,0,0,3,0,0,0
eleven_10373,0,0,3,0,1,1
eleven_10374,0,0,3,0,2,1
eleven_10375,0,0,3,0,3,1
eleven_10376,0,0,3,0,4,1
eleven_10377,0,0,3,0,4,0
eleven_10378,0,0,4,0,0,1
eleven_10379,0,0,4,0,0,0
eleven_10380,0,0,4,0,1,1
eleven_10381,0,0,4,0,1,0
eleven_10382,0,0,4,0,2,1
eleven_10383,0,0,4,0,3,1
eleven_10384,0,0,5,1,0,1
eleven_10385,0,0,5,1,5,2
eleven_10386,0,0,5,1,5,4
eleven_10387,0,0,5,2,5,3
eleven_10388,0,0,5,2,5,4
eleven_10389,0,0,5,2,5,6
eleven_10390,0,0,5,0,2,1
eleven_10391,0,0,5,0,2,0
eleven_10392,0,0,5,0,3,1
eleven_10393,0,0,5,0,4,1
eleven_10394,0,0,5,0,5,4
eleven_10395,0,0,5,0,5,5
eleven_10396,0,0,5,0,5,6
eleven_10397,0,0,5,3,0,1
eleven_10398,0,0,5,3,5,1
eleven_10399,0,0,5,3,5,0
eleven_10400,0,0,5,3,5,5
eleven_10401,0,0,5,3,5,6
eleven_10402,0,0,5,3,5,7
eleven_10403,0,0,5,4,0,1
eleven_10404,0,0,5,4,5,1
eleven_10405,0,0,5,4,5,0
eleven_10406,0,0,5,4,5,2
eleven_10407,0,0,5,4,5,6
eleven_10408,0,0,5,4,5,7
eleven_10409,0,0,5,5,0,1
eleven_10410,0,0,5,5,5,0
eleven_10411,0,0,5,5,5,2
eleven_10412,0,0,5,5,5,3
eleven_10413,0,0,5,5,5,7
eleven_10414,0,0,5,6,0,1
eleven_10415,0,0,5,6,5,0
eleven_10416,0,0,5,6,5,3
eleven_10417,0,0,5,6,5,4
eleven_10418,0,0,5,7,0,1
eleven_10419,0,0,5,7,5,3
eleven_10420,0,0,5,7,5,5
eleven_10421,0,0,6,1,0,1
eleven_10422,0,0,6,1,1,1
eleven_10423,0,0,6,1,2,1
eleven_10424,0,0,6,3,0,1
eleven_10425,0,0,6,3,1,1
eleven_10426,0,0,6,3,2,1
eleven_10427,0,0,6,4,0,1
eleven_10428,0,0,6,4,1,1
eleven_10429,0,0,6,4,2,1
eleven_10430,0,0,6,5,0,1
eleven_10431,0,0,6,5,1,1
eleven_10432,0,0,6,5,2,1
eleven_10433,0,0,6,6,0,1
eleven_10434,0,0,6,6,1,1
eleven_10435,0,0,6,6,2,1
eleven_10436,0,0,6,7,0,1
eleven_10437,0,0,6,7,1,1
eleven_10438,0,0,6,7,2,1
eleven_10439,1,0,7,1,4,0
eleven_10440,1,0,7,1,5,0
eleven_10441,1,0,7,2,6,5
eleven_10442,1,0,7,2,6,6
eleven_10443,1,0,7,2,4,0
eleven_10444,1,0,7,2,5,0
eleven_10445,1,0,7,0,6,5
eleven_10446,1,0,7,0,6,6
eleven_10447,1,0,7,3,6,6
eleven_10448,1,0,7,3,2,0
eleven_10449,1,0,7,3,2,2
eleven_10450,1,0,7,4,4,0
eleven_10451,1,0,7,4,5,0
eleven_10452,1,0,7,4,5,2
eleven_10453,1,0,7,4,5,3
eleven_10454,1,0,7,5,4,0
eleven_10455,1,0,7,5,5,0
eleven_10456,1,0,7,6,6,2
eleven_10457,1,0,7,6,0,7
eleven_10458,1,0,7,6,2,7
eleven_10459,1,0,7,6,4,0
eleven_10460,1,0,7,6,5,0
eleven_10461,1,0,7,7,6,2
eleven_10462,1,0,7,7,6,3
eleven_10463,1,0,7,7,6,4
eleven_10464,1,0,7,7,4,0
eleven_10465,1,0,7,7,5,0
eleven_10466,1,0,0,2,4,0
eleven_10467,1,0,0,2,5,0
eleven_10468,1,0,0,3,2,0
eleven_10469,1,0,0,3,2,2
eleven_10470,1,0,0,4,4,0
eleven_10471,1,0,0,4,5,0
eleven_10472,1,0,0,4,5,2
eleven_10473,1,0,0,4,5,3
eleven_10474,1,0,0,5,4,0
eleven_10475,1,0,0,5,5,0
eleven_10476,1,0,0,6,1,7
eleven_10477,1,0,0,6,2,7
eleven_10478,1,0,0,6,4,0
eleven_10479,1,0,0,6,4,7
eleven_10480,1,0,0,6,5,0
eleven_10481,1,0,0,7,4,0
eleven_10482,1,0,0,7,5,0
eleven_10483,1,0,1,1,6,3
eleven_10484,1,0,1,1,7,2
eleven_10485,1,0,1,1,7,3
eleven_10486,1,0,1,1,4,0
eleven_10487,1,0,1,1,5,0
eleven_10488,1,0,1,2,6,2
eleven_10489,1,0,1,2,6,3
eleven_10490,1,0,1,2,7,3
eleven_10491,1,0,1,2,4,0
eleven_10492,1,0,1,2,5,0
eleven_10493,1,0,1,4,6,2
eleven_10494,1,0,1,4,6,3
eleven_10495,1,0,1,4,6,4
eleven_10496,1,0,1,4,6,5
eleven_10497,1,0,1,4,6,6
eleven_10498,1,0,1,4,7,2
eleven_10499,1,0,1,4,7,6
eleven_10500,1,0,1,4,4,0
eleven_10501,1,0,1,4,5,0
eleven_10502,1,0,1,4,5,2
eleven_10503,1,0,1,4,5,3
eleven_10504,1,0,1,5,6,2
eleven_10505,1,0,1,5,6,3
eleven_10506,1,0,1,5,6,4
eleven_10507,1,0,1,5,6,5
eleven_10508,1,0,1,5,7,2
eleven_10509,1,0,1,5,7,3
eleven_10510,1,0,1,5,4,0
eleven_10511,1,0,1,5,5,0
eleven_10512,1,0,1,6,6,4
eleven_10513,1,0,1,6,6,5
eleven_10514,1,0,1,6,6,6
eleven_10515,1,0,1,6,7,4
eleven_10516,1,0,1,6,2,7
eleven_10517,1,0,1,6,3,7
eleven_10518,1,0,1,6,4,0
eleven_10519,1,0,1,6,4,7
eleven_10520,1,0,1,6,5,0
eleven_10521,1,0,1,7,4,0
eleven_10522,1,0,1,7,5,0
eleven_10523,1,0,2,1,6,5
eleven_10524,1,0,2,1,6,6
eleven_10525,1,0,2,1,7,6
eleven_10526,1,0,2,1,7,7
eleven_10527,1,0,2,1,0,6
eleven_10528,1,0,2,1,0,7
eleven_10529,1,0,2,1,5,0
eleven_10530,1,0,2,2,6,5
eleven_10531,1,0,2,2,6,6
eleven_10532,1,0,2,2,7,6
eleven_10533,1,0,2,2,7,7
eleven_10534,1,0,2,2,0,6
eleven_10535,1,0,2,2,0,7
eleven_10536,1,0,2,2,5,0
eleven_10537,1,0,2,0,6,5
eleven_10538,1,0,2,0,6,6
eleven_10539,1,0,2,0,7,6
eleven_10540,1,0,2,0,7,7
eleven_10541,1,0,2,0,0,6
eleven_10542,1,0,2,0,0,7
eleven_10543,1,0,2,3,6,4
eleven_10544,1,0,2,3,6,5
eleven_10545,1,0,2,3,6,6
eleven_10546,1,0,2,3,7,6
eleven_10547,1,0,2,3,7,7
eleven_10548,1,0,2,3,0,6
eleven_10549,1,0,2,3,0,7
eleven_10550,1,0,2,4,5,0
eleven_10551,1,0,2,4,5,2
eleven_10552,1,0,2,4,5,3
eleven_10553,1,0,2,5,5,0
eleven_10554,1,0,2,6,6,2
eleven_10555,1,0,2,6,6,7
eleven_10556,1,0,2,6,7,7
eleven_10557,1,0,2,6,3,7
eleven_10558,1,0,2,6,4,7
eleven_10559,1,0,2,6,5,0
eleven_10560,1,0,2,6,5,7
eleven_10561,1,0,2,7,6,2
eleven_10562,1,0,2,7,6,3
eleven_10563,1,0,2,7,6,4
eleven_10564,1,0,2,7,0,2
eleven_10565,1,0,2,7,5,0
eleven_10566,1,0,3,1,6,5
eleven_10567,1,0,3,1,6,6
eleven_10568,1,0,3,2,6,5
eleven_10569,1,0,3,2,6,6
eleven_10570,1,0,3,0,6,5
eleven_10571,1,0,3,0,6,6
eleven_10572,1,0,3,3,6,6
eleven_10573,1,0,3,3,3,0
eleven_10574,1,0,3,3,4,0
eleven_10575,1,0,3,3,4,2
eleven_10576,1,0,3,4,3,1
eleven_10577,1,0,3,4,4,1
eleven_10578,1,0,3,6,6,2
eleven_10579,1,0,3,6,6,7
eleven_10580,1,0,3,6,7,7
eleven_10581,1,0,3,6,0,7
eleven_10582,1,0,3,6,4,7
eleven_10583,1,0,3,6,5,7
eleven_10584,1,0,3,7,6,2
eleven_10585,1,0,3,7,6,3
eleven_10586,1,0,3,7,6,4
eleven_10587,1,0,4,1,6,5
eleven_10588,1,0,4,1,6,6
eleven_10589,1,0,4,1,4,3
eleven_10590,1,0,4,1,4,5
eleven_10591,1,0,4,1,4,7
eleven_10592,1,0,4,2,6,5
eleven_10593,1,0,4,2,6,6
eleven_10594,1,0,4,2,4,7
eleven_10595,1,0,4,0,6,5
eleven_10596,1,0,4,0,6,6
eleven_10597,1,0,4,3,6,6
eleven_10598,1,0,4,3,1,1
eleven_10599,1,0,4,3,2,1
eleven_10600,1,0,4,3,4,0
eleven_10601,1,0,4,3,4,7
eleven_10602,1,0,4,3,5,0
eleven_10603,1,0,4,3,5,2
eleven_10604,1,0,4,3,5,7
eleven_10605,1,0,4,4,4,1
eleven_10606,1,0,4,4,5,1
eleven_10607,1,0,4,5,4,1
eleven_10608,1,0,4,5,5,1
eleven_10609,1,0,4,6,6,2
eleven_10610,1,0,4,6,7,7
eleven_10611,1,0,4,6,0,7
eleven_10612,1,0,4,6,1,7
eleven_10613,1,0,4,6,4,0
eleven_10614,1,0,4,6,5,7
eleven_10615,1,0,4,7,6,2
eleven_10616,1,0,4,7,6,3
eleven_10617,1,0,4,7,6,4
eleven_10618,1,0,4,7,4,0
eleven_10619,1,0,4,7,4,3
eleven_10620,1,0,5,1,6,5
eleven_10621,1,0,5,1,6,6
eleven_10622,1,0,5,2,6,5
eleven_10623,1,0,5,2,6,6
eleven_10624,1,0,5,0,6,5
eleven_10625,1,0,5,0,6,6
eleven_10626,1,0,5,3,6,6
eleven_10627,1,0,5,3,2,1
eleven_10628,1,0,5,3,3,1
eleven_10629,1,0,5,3,3,0
eleven_10630,1,0,5,3,4,1
eleven_10631,1,0,5,3,4,0
eleven_10632,1,0,5,6,6,2
eleven_10633,1,0,5,6,7,7
eleven_10634,1,0,5,6,1,7
eleven_10635,1,0,5,6,2,7
eleven_10636,1,0,5,7,6,2
eleven_10637,1,0,5,7,6,3
eleven_10638,1,0,5,7,6,4
eleven_10639,1,0,6,1,6,5
eleven_10640,1,0,6,1,6,6
eleven_10641,1,0,6,2,6,5
eleven_10642,1,0,6,2,6,6
eleven_10643,1,0,6,0,6,5
eleven_10644,1,0,6,0,6,6
eleven_10645,1,0,6,3,6,6
eleven_10646,1,0,6,3,2,0
eleven_10647,1,0,6,3,2,2
eleven_10648,1,0,6,3,3,0
eleven_10649,1,0,6,3,3,2
eleven_10650,1,0,6,3,4,0
eleven_10651,1,0,6,3,5,0
eleven_10652,1,0,6,6,6,2
eleven_10653,1,0,6,6,1,7
eleven_10654,1,0,6,6,3,7
eleven_10655,1,0,6,7,6,2
eleven_10656,1,0,6,7,6,3
eleven_10657,1,0,6,7,6,4
eleven_10658,1,1,7,1,4,0
eleven_10659,1,1,7,1,5,0
eleven_10660,1,1,7,2,4,0
eleven_10661,1,1,7,2,5,0
eleven_10662,1,1,7,3,1,0
eleven_10663,1,1,7,3,2,0
eleven_10664,1,1,7,3,2,2
eleven_10665,1,1,7,4,4,0
eleven_10666,1,1,7,4,5,0
eleven_10667,1,1,7,4,5,2
eleven_10668,1,1,7,4,5,3
eleven_10669,1,1,7,5,4,0
eleven_10670,1,1,7,5,5,0
eleven_10671,1,1,7,5,5,6
eleven_10672,1,1,7,6,4,0
eleven_10673,1,1,7,6,5,0
eleven_10674,1,1,7,7,4,0
eleven_10675,1,1,7,7,5,0
eleven_10676,1,1,0,1,3,1
eleven_10677,1,1,0,1,4,1
eleven_10678,1,1,0,1,5,1
eleven_10679,1,1,0,3,1,0
eleven_10680,1,1,0,3,2,0
eleven_10681,1,1,0,3,2,2
eleven_10682,1,1,0,4,4,0
eleven_10683,1,1,0,4,5,0
eleven_10684,1,1,0,4,5,2
eleven_10685,1,1,0,4,5,3
eleven_10686,1,1,0,5,4,0
eleven_10687,1,1,0,5,5,0
eleven_10688,1,1,0,5,5,6
eleven_10689,1,1,0,6,4,0
eleven_10690,1,1,0,6,5,0
eleven_10691,1,1,0,7,4,0
eleven_10692,1,1,0,7,5,0
eleven_10693,1,1,1,1,4,0
eleven_10694,1,1,1,1,5,0
eleven_10695,1,1,1,2,4,0
eleven_10696,1,1,1,2,5,0
eleven_10697,1,1,1,3,1,0
eleven_10698,1,1,1,3,2,0
eleven_10699,1,1,1,3,2,2
eleven_10700,1,1,1,4,4,0
eleven_10701,1,1,1,4,5,0
eleven_10702,1,1,1,4,5,2
eleven_10703,1,1,1,4,5,3
eleven_10704,1,1,1,5,4,0
eleven_10705,1,1,1,5,5,0
eleven_10706,1,1,1,5,5,6
eleven_10707,1,1,1,6,4,0
eleven_10708,1,1,1,6,5,0
eleven_10709,1,1,1,7,4,0
eleven_10710,1,1,1,7,5,0
eleven_10711,1,1,2,1,3,1
eleven_10712,1,1,2,1,4,0
eleven_10713,1,1,2,1,5,0
eleven_10714,1,1,2,2,4,0
eleven_10715,1,1,2,2,5,0
eleven_10716,1,1,2,4,1,1
eleven_10717,1,1,2,4,2,1
eleven_10718,1,1,2,4,3,1
eleven_10719,1,1,2,4,4,0
eleven_10720,1,1,2,4,5,0
eleven_10721,1,1,2,4,5,2
eleven_10722,1,1,2,4,5,3
eleven_10723,1,1,2,5,1,1
eleven_10724,1,1,2,5,2,1
eleven_10725,1,1,2,5,3,1
eleven_10726,1,1,2,5,4,0
eleven_10727,1,1,2,5,5,0
eleven_10728,1,1,2,5,5,6
eleven_10729,1,1,2,6,1,1
eleven_10730,1,1,2,6,2,1
eleven_10731,1,1,2,6,3,1
eleven_10732,1,1,2,6,4,0
eleven_10733,1,1,2,6,5,0
eleven_10734,1,1,2,7,1,1
eleven_10735,1,1,2,7,2,1
eleven_10736,1,1,2,7,3,1
eleven_10737,1,1,2,7,4,0
eleven_10738,1,1,2,7,5,0
eleven_10739,1,1,3,3,1,1
eleven_10740,1,1,3,3,1,0
eleven_10741,1,1,3,3,2,1
eleven_10742,1,1,3,3,2,0
eleven_10743,1,1,3,3,3,0
eleven_10744,1,1,3,3,4,0
eleven_10745,1,1,3,3,4,2
eleven_10746,1,1,3,4,3,1
eleven_10747,1,1,3,4,3,0
eleven_10748,1,1,3,4,4,1
eleven_10749,1,1,3,4,4,0
eleven_10750,1,1,3,4,5,0
eleven_10751,1,1,3,4,5,2
eleven_10752,1,1,3,4,5,3
eleven_10753,1,1,3,4,5,4
eleven_10754,1,1,3,4,5,5
eleven_10755,1,1,3,4,5,6
eleven_10756,1,1,3,4,5,7
eleven_10757,1,1,4,1,4,3
eleven_10758,1,1,4,1,4,4
eleven_10759,1,1,4,1,4,5
eleven_10760,1,1,4,1,4,6
eleven_10761,1,1,4,1,5,3
eleven_10762,1,1,4,1,5,4
eleven_10763,1,1,4,1,5,5
eleven_10764,1,1,4,1,5,6
eleven_10765,1,1,4,1,5,7
eleven_10766,1,1,4,2,4,6
eleven_10767,1,1,4,2,5,6
eleven_10768,1,1,4,2,5,7
eleven_10769,1,1,4,0,5,7
eleven_10770,1,1,4,3,1,1
eleven_10771,1,1,4,3,2,1
eleven_10772,1,1,4,3,4,0
eleven_10773,1,1,4,3,5,0
eleven_10774,1,1,4,3,5,2
eleven_10775,1,1,4,3,5,7
eleven_10776,1,1,4,4,4,1
eleven_10777,1,1,4,4,5,1
eleven_10778,1,1,4,5,4,1
eleven_10779,1,1,4,5,5,1
eleven_10780,1,1,4,6,4,1
eleven_10781,1,1,4,6,4,0
eleven_10782,1,1,4,6,5,1
eleven_10783,1,1,4,6,5,0
eleven_10784,1,1,4,7,4,1
eleven_10785,1,1,4,7,4,0
eleven_10786,1,1,4,7,4,2
eleven_10787,1,1,4,7,4,3
eleven_10788,1,1,4,7,5,1
eleven_10789,1,1,4,7,5,0
eleven_10790,1,1,4,7,5,2
eleven_10791,1,1,4,7,5,3
eleven_10792,1,1,5,3,1,0
eleven_10793,1,1,5,3,1,2
eleven_10794,1,1,5,3,2,1
eleven_10795,1,1,5,3,2,0
eleven_10796,1,1,5,3,2,2
eleven_10797,1,1,5,3,3,1
eleven_10798,1,1,5,3,3,0
eleven_10799,1,1,5,3,4,1
eleven_10800,1,1,5,3,4,0
eleven_10801,1,1,6,3,1,0
eleven_10802,1,1,6,3,2,0
eleven_10803,1,1,6,3,2,2
eleven_10804,1,1,6,3,3,0
eleven_10805,1,1,6,3,3,2
eleven_10806,1,1,6,3,4,0
eleven_10807,1,1,6,3,5,0
eleven_10808,2,0,7,1,3,0
eleven_10809,2,0,7,2,6,3
eleven_10810,2,0,7,2,6,4
eleven_10811,2,0,7,2,6,5
eleven_10812,2,0,7,2,6,6
eleven_10813,2,0,7,2,3,0
eleven_10814,2,0,7,0,6,5
eleven_10815,2,0,7,0,6,6
eleven_10816,2,0,7,3,5,7
eleven_10817,2,0,7,4,3,0
eleven_10818,2,0,7,5,3,0
eleven_10819,2,0,7,6,6,0
eleven_10820,2,0,7,6,0,7
eleven_10821,2,0,7,6,2,7
eleven_10822,2,0,7,6,3,0
eleven_10823,2,0,7,7,6,0
eleven_10824,2,0,7,7,3,0
eleven_10825,2,0,0,3,2,0
eleven_10826,2,0,0,3,2,2
eleven_10827,2,0,0,3,5,7
eleven_10828,2,0,0,6,1,7
eleven_10829,2,0,0,6,2,7
eleven_10830,2,0,0,6,4,7
eleven_10831,2,0,1,3,6,0
eleven_10832,2,0,1,3,6,2
eleven_10833,2,0,1,3,6,3
eleven_10834,2,0,1,3,6,4
eleven_10835,2,0,1,3,6,5
eleven_10836,2,0,1,3,7,5
eleven_10837,2,0,1,3,5,7
eleven_10838,2,0,1,4,6,0
eleven_10839,2,0,1,4,6,2
eleven_10840,2,0,1,4,6,3
eleven_10841,2,0,1,4,6,4
eleven_10842,2,0,1,4,6,5
eleven_10843,2,0,1,4,6,6
eleven_10844,2,0,1,4,7,2
eleven_10845,2,0,1,4,7,6
eleven_10846,2,0,1,5,6,0
eleven_10847,2,0,1,5,6,2
eleven_10848,2,0,1,5,6,3
eleven_10849,2,0,1,5,6,4
eleven_10850,2,0,1,5,6,5
eleven_10851,2,0,1,5,7,2
eleven_10852,2,0,1,5,7,3
eleven_10853,2,0,1,6,6,0
eleven_10854,2,0,1,6,6,2
eleven_10855,2,0,1,6,6,3
eleven_10856,2,0,1,6,6,4
eleven_10857,2,0,1,6,6,5
eleven_10858,2,0,1,6,6,6
eleven_10859,2,0,1,6,7,3
eleven_10860,2,0,1,6,7,4
eleven_10861,2,0,1,6,2,7
eleven_10862,2,0,1,6,3,7
eleven_10863,2,0,1,6,4,7
eleven_10864,2,0,1,7,6,0
eleven_10865,2,0,1,7,6,2
eleven_10866,2,0,1,7,6,3
eleven_10867,2,0,1,7,7,3
eleven_10868,2,0,2,1,6,6
eleven_10869,2,0,2,1,6,7
eleven_10870,2,0,2,1,7,6
eleven_10871,2,0,2,1,7,7
eleven_10872,2,0,2,1,0,6
eleven_10873,2,0,2,1,0,7
eleven_10874,2,0,2,2,6,0
eleven_10875,2,0,2,2,6,2
eleven_10876,2,0,2,2,6,3
eleven_10877,2,0,2,2,6,4
eleven_10878,2,0,2,2,6,5
eleven_10879,2,0,2,2,6,6
eleven_10880,2,0,2,2,7,6
eleven_10881,2,0,2,2,7,7
eleven_10882,2,0,2,2,0,2
eleven_10883,2,0,2,2,0,4
eleven_10884,2,0,2,2,0,6
eleven_10885,2,0,2,2,0,7
eleven_10886,2,0,2,0,6,5
eleven_10887,2,0,2,0,6,6
eleven_10888,2,0,2,0,7,6
eleven_10889,2,0,2,0,7,7
eleven_10890,2,0,2,0,0,6
eleven_10891,2,0,2,0,0,7
eleven_10892,2,0,2,3,6,3
eleven_10893,2,0,2,3,6,4
eleven_10894,2,0,2,3,6,5
eleven_10895,2,0,2,3,6,6
eleven_10896,2,0,2,3,7,6
eleven_10897,2,0,2,3,7,7
eleven_10898,2,0,2,3,0,6
eleven_10899,2,0,2,3,0,7
eleven_10900,2,0,2,3,2,0
eleven_10901,2,0,2,3,3,0
eleven_10902,2,0,2,3,3,2
eleven_10903,2,0,2,3,5,7
eleven_10904,2,0,2,6,6,0
eleven_10905,2,0,2,6,6,7
eleven_10906,2,0,2,6,7,7
eleven_10907,2,0,2,6,3,7
eleven_10908,2,0,2,6,4,7
eleven_10909,2,0,2,6,5,7
eleven_10910,2,0,2,7,6,0
eleven_10911,2,0,3,1,4,1
eleven_10912,2,0,3,1,5,0
eleven_10913,2,0,3,2,6,0
eleven_10914,2,0,3,2,6,2
eleven_10915,2,0,3,2,6,3
eleven_10916,2,0,3,2,6,4
eleven_10917,2,0,3,2,6,5
eleven_10918,2,0,3,2,6,6
eleven_10919,2,0,3,2,5,0
eleven_10920,2,0,3,0,6,5
eleven_10921,2,0,3,0,6,6
eleven_10922,2,0,3,3,7,2
eleven_10923,2,0,3,3,3,6
eleven_10924,2,0,3,3,3,7
eleven_10925,2,0,3,3,4,6
eleven_10926,2,0,3,3,4,7
eleven_10927,2,0,3,3,5,3
eleven_10928,2,0,3,3,5,4
eleven_10929,2,0,3,3,5,5
eleven_10930,2,0,3,3,5,6
eleven_10931,2,0,3,3,5,7
eleven_10932,2,0,3,4,2,1
eleven_10933,2,0,3,4,3,1
eleven_10934,2,0,3,4,4,1
eleven_10935,2,0,3,4,5,0
eleven_10936,2,0,3,5,2,1
eleven_10937,2,0,3,5,3,1
eleven_10938,2,0,3,5,4,1
eleven_10939,2,0,3,5,5,0
eleven_10940,2,0,3,6,6,0
eleven_10941,2,0,3,6,6,7
eleven_10942,2,0,3,6,7,7
eleven_10943,2,0,3,6,0,7
eleven_10944,2,0,3,6,2,1
eleven_10945,2,0,3,6,3,1
eleven_10946,2,0,3,6,4,1
eleven_10947,2,0,3,6,4,7
eleven_10948,2,0,3,6,5,0
eleven_10949,2,0,3,6,5,7
eleven_10950,2,0,3,7,6,0
eleven_10951,2,0,3,7,2,1
eleven_10952,2,0,3,7,3,1
eleven_10953,2,0,3,7,4,1
eleven_10954,2,0,3,7,5,0
eleven_10955,2,0,4,1,4,2
eleven_10956,2,0,4,1,4,3
eleven_10957,2,0,4,1,4,4
eleven_10958,2,0,4,1,4,5
eleven_10959,2,0,4,1,4,6
eleven_10960,2,0,4,1,4,7
eleven_10961,2,0,4,1,5,0
eleven_10962,2,0,4,1,5,2
eleven_10963,2,0,4,1,5,3
eleven_10964,2,0,4,1,5,4
eleven_10965,2,0,4,1,5,5
eleven_10966,2,0,4,1,5,6
eleven_10967,2,0,4,1,5,7
eleven_10968,2,0,4,2,6,0
eleven_10969,2,0,4,2,6,2
eleven_10970,2,0,4,2,6,3
eleven_10971,2,0,4,2,6,4
eleven_10972,2,0,4,2,6,5
eleven_10973,2,0,4,2,6,6
eleven_10974,2,0,4,2,4,4
eleven_10975,2,0,4,2,4,5
eleven_10976,2,0,4,2,4,6
eleven_10977,2,0,4,2,4,7
eleven_10978,2,0,4,2,5,4
eleven_10979,2,0,4,2,5,5
eleven_10980,2,0,4,2,5,6
eleven_10981,2,0,4,2,5,7
eleven_10982,2,0,4,0,6,5
eleven_10983,2,0,4,0,6,6
eleven_10984,2,0,4,0,4,5
eleven_10985,2,0,4,0,4,6
eleven_10986,2,0,4,0,4,7
eleven_10987,2,0,4,0,5,5
eleven_10988,2,0,4,0,5,6
eleven_10989,2,0,4,0,5,7
eleven_10990,2,0,4,3,7,2
eleven_10991,2,0,4,3,1,2
eleven_10992,2,0,4,3,3,0
eleven_10993,2,0,4,4,4,0
eleven_10994,2,0,4,4,4,7
eleven_10995,2,0,4,4,5,0
eleven_10996,2,0,4,4,5,7
eleven_10997,2,0,4,5,4,0
eleven_10998,2,0,4,5,4,7
eleven_10999,2,0,4,5,5,0
eleven_11000,2,0,4,5,5,6
eleven_11001,2,0,4,5,5,7
eleven_11002,2,0,4,6,6,0
eleven_11003,2,0,4,6,7,7
eleven_11004,2,0,4,6,0,7
eleven_11005,2,0,4,6,1,7
eleven_11006,2,0,4,6,4,0
eleven_11007,2,0,4,6,4,2
eleven_11008,2,0,4,6,4,3
eleven_11009,2,0,4,6,5,0
eleven_11010,2,0,4,6,5,2
eleven_11011,2,0,4,6,5,3
eleven_11012,2,0,4,6,5,7
eleven_11013,2,0,4,7,6,0
eleven_11014,2,0,4,7,4,0
eleven_11015,2,0,4,7,4,2
eleven_11016,2,0,4,7,4,3
eleven_11017,2,0,4,7,4,4
eleven_11018,2,0,4,7,4,5
eleven_11019,2,0,4,7,5,0
eleven_11020,2,0,4,7,5,2
eleven_11021,2,0,4,7,5,3
eleven_11022,2,0,4,7,5,4
eleven_11023,2,0,4,7,5,5
eleven_11024,2,0,4,7,5,6
eleven_11025,2,0,4,7,5,7
eleven_11026,2,0,5,2,6,0
eleven_11027,2,0,5,2,6,2
eleven_11028,2,0,5,2,6,3
eleven_11029,2,0,5,2,6,4
eleven_11030,2,0,5,2,6,5
eleven_11031,2,0,5,2,6,6
eleven_11032,2,0,5,0,6,5
eleven_11033,2,0,5,0,6,6
eleven_11034,2,0,5,3,7,2
eleven_11035,2,0,5,3,1,2
eleven_11036,2,0,5,3,3,0
eleven_11037,2,0,5,4,2,1
eleven_11038,2,0,5,4,3,1
eleven_11039,2,0,5,4,4,1
eleven_11040,2,0,5,6,6,0
eleven_11041,2,0,5,6,7,7
eleven_11042,2,0,5,6,1,7
eleven_11043,2,0,5,6,2,7
eleven_11044,2,0,5,7,6,0
eleven_11045,2,0,6,2,6,0
eleven_11046,2,0,6,2,6,2
eleven_11047,2,0,6,2,6,3
eleven_11048,2,0,6,2,6,4
eleven_11049,2,0,6,2,6,5
eleven_11050,2,0,6,2,6,6
eleven_11051,2,0,6,0,6,5
eleven_11052,2,0,6,0,6,6
eleven_11053,2,0,6,3,7,2
eleven_11054,2,0,6,3,0,2
eleven_11055,2,0,6,3,1,2
eleven_11056,2,0,6,3,2,0
eleven_11057,2,0,6,3,2,2
eleven_11058,2,0,6,3,5,7
eleven_11059,2,0,6,6,6,0
eleven_11060,2,0,6,6,1,7
eleven_11061,2,0,6,6,3,7
eleven_11062,2,0,6,7,6,0
eleven_11063,2,1,7,1,6,5
eleven_11064,2,1,7,1,6,6
eleven_11065,2,1,7,1,6,7
eleven_11066,2,1,7,1,7,6
eleven_11067,2,1,7,1,7,7
eleven_11068,2,1,7,1,5,2
eleven_11069,2,1,7,1,5,3
eleven_11070,2,1,7,1,5,7
eleven_11071,2,1,7,2,6,5
eleven_11072,2,1,7,2,6,6
eleven_11073,2,1,7,2,6,7
eleven_11074,2,1,7,2,5,2
eleven_11075,2,1,7,0,7,6
eleven_11076,2,1,7,0,7,7
eleven_11077,2,1,7,0,5,2
eleven_11078,2,1,7,3,6,5
eleven_11079,2,1,7,3,7,6
eleven_11080,2,1,7,3,7,7
eleven_11081,2,1,7,3,5,7
eleven_11082,2,1,7,4,3,2
eleven_11083,2,1,7,4,3,3
eleven_11084,2,1,7,5,6,2
eleven_11085,2,1,7,5,1,6
eleven_11086,2,1,7,5,1,7
eleven_11087,2,1,7,5,2,6
eleven_11088,2,1,7,5,2,7
eleven_11089,2,1,7,5,3,6
eleven_11090,2,1,7,5,3,7
eleven_11091,2,1,7,5,4,6
eleven_11092,2,1,7,5,4,7
eleven_11093,2,1,7,5,5,2
eleven_11094,2,1,7,5,5,6
eleven_11095,2,1,7,5,5,7
eleven_11096,2,1,7,6,5,2
eleven_11097,2,1,7,7,5,2
eleven_11098,2,1,7,7,5,3
eleven_11099,2,1,0,1,7,6
eleven_11100,2,1,0,1,7,7
eleven_11101,2,1,0,1,5,2
eleven_11102,2,1,0,1,5,3
eleven_11103,2,1,0,1,5,7
eleven_11104,2,1,0,2,5,2
eleven_11105,2,1,0,0,7,6
eleven_11106,2,1,0,0,7,7
eleven_11107,2,1,0,0,5,2
eleven_11108,2,1,0,3,7,6
eleven_11109,2,1,0,3,7,7
eleven_11110,2,1,0,3,5,7
eleven_11111,2,1,0,4,3,2
eleven_11112,2,1,0,4,3,3
eleven_11113,2,1,0,5,4,6
eleven_11114,2,1,0,5,4,7
eleven_11115,2,1,0,5,5,2
eleven_11116,2,1,0,5,5,6
eleven_11117,2,1,0,5,5,7
eleven_11118,2,1,0,6,5,2
eleven_11119,2,1,0,7,5,2
eleven_11120,2,1,0,7,5,3
eleven_11121,2,1,1,1,7,6
eleven_11122,2,1,1,1,7,7
eleven_11123,2,1,1,1,2,1
eleven_11124,2,1,1,1,3,1
eleven_11125,2,1,1,0,5,2
eleven_11126,2,1,1,3,5,7
eleven_11127,2,1,1,4,3,2
eleven_11128,2,1,1,4,3,3
eleven_11129,2,1,1,5,5,2
eleven_11130,2,1,1,5,5,6
eleven_11131,2,1,1,5,5,7
eleven_11132,2,1,1,6,5,2
eleven_11133,2,1,1,7,5,2
eleven_11134,2,1,1,7,5,3
eleven_11135,2,1,2,1,6,2
eleven_11136,2,1,2,1,6,3
eleven_11137,2,1,2,1,6,4
eleven_11138,2,1,2,1,7,3
eleven_11139,2,1,2,1,7,4
eleven_11140,2,1,2,1,0,3
eleven_11141,2,1,2,1,0,4
eleven_11142,2,1,2,1,5,2
eleven_11143,2,1,2,1,5,3
eleven_11144,2,1,2,1,5,7
eleven_11145,2,1,2,2,6,2
eleven_11146,2,1,2,2,6,3
eleven_11147,2,1,2,2,6,4
eleven_11148,2,1,2,2,7,3
eleven_11149,2,1,2,2,7,4
eleven_11150,2,1,2,2,0,3
eleven_11151,2,1,2,2,0,4
eleven_11152,2,1,2,2,5,2
eleven_11153,2,1,2,2,5,7
eleven_11154,2,1,2,0,7,3
eleven_11155,2,1,2,0,7,4
eleven_11156,2,1,2,0,0,4
eleven_11157,2,1,2,0,5,2
eleven_11158,2,1,2,3,5,7
eleven_11159,2,1,2,4,7,3
eleven_11160,2,1,2,4,7,4
eleven_11161,2,1,2,4,7,5
eleven_11162,2,1,2,4,7,6
eleven_11163,2,1,2,4,0,6
eleven_11164,2,1,2,5,6,2
eleven_11165,2,1,2,5,6,3
eleven_11166,2,1,2,5,6,4
eleven_11167,2,1,2,5,7,6
eleven_11168,2,1,2,5,7,7
eleven_11169,2,1,2,5,0,7
eleven_11170,2,1,2,5,5,2
eleven_11171,2,1,2,5,5,6
eleven_11172,2,1,2,5,5,7
eleven_11173,2,1,2,6,6,4
eleven_11174,2,1,2,6,6,5
eleven_11175,2,1,2,6,6,6
eleven_11176,2,1,2,6,7,3
eleven_11177,2,1,2,6,7,4
eleven_11178,2,1,2,6,7,5
eleven_11179,2,1,2,6,7,6
eleven_11180,2,1,2,6,0,3
eleven_11181,2,1,2,6,0,4
eleven_11182,2,1,2,6,5,2
eleven_11183,2,1,2,7,7,3
eleven_11184,2,1,2,7,7,4
eleven_11185,2,1,2,7,7,5
eleven_11186,2,1,2,7,7,6
eleven_11187,2,1,2,7,7,7
eleven_11188,2,1,2,7,0,4
eleven_11189,2,1,2,7,0,5
eleven_11190,2,1,2,7,5,2
eleven_11191,2,1,2,7,5,3
eleven_11192,2,1,3,1,6,5
eleven_11193,2,1,3,1,6,6
eleven_11194,2,1,3,1,6,7
eleven_11195,2,1,3,1,7,6
eleven_11196,2,1,3,1,7,7
eleven_11197,2,1,3,1,0,7
eleven_11198,2,1,3,1,1,7
eleven_11199,2,1,3,1,5,7
eleven_11200,2,1,3,2,6,5
eleven_11201,2,1,3,2,6,6
eleven_11202,2,1,3,2,6,7
eleven_11203,2,1,3,2,7,6
eleven_11204,2,1,3,2,7,7
eleven_11205,2,1,3,2,0,7
eleven_11206,2,1,3,2,1,7
eleven_11207,2,1,3,2,5,7
eleven_11208,2,1,3,0,7,6
eleven_11209,2,1,3,0,7,7
eleven_11210,2,1,3,0,0,7
eleven_11211,2,1,3,0,1,7
eleven_11212,2,1,3,3,6,3
eleven_11213,2,1,3,3,6,4
eleven_11214,2,1,3,3,6,5
eleven_11215,2,1,3,3,7,6
eleven_11216,2,1,3,3,7,7
eleven_11217,2,1,3,3,0,7
eleven_11218,2,1,3,3,1,7
eleven_11219,2,1,3,3,2,7
eleven_11220,2,1,3,3,3,5
eleven_11221,2,1,3,3,3,6
eleven_11222,2,1,3,3,3,7
eleven_11223,2,1,3,3,4,3
eleven_11224,2,1,3,3,4,4
eleven_11225,2,1,3,3,4,5
eleven_11226,2,1,3,3,4,6
eleven_11227,2,1,3,3,4,7
eleven_11228,2,1,3,3,5,3
eleven_11229,2,1,3,3,5,4
eleven_11230,2,1,3,3,5,5
eleven_11231,2,1,3,3,5,6
eleven_11232,2,1,3,3,5,7
eleven_11233,2,1,3,4,6,4
eleven_11234,2,1,3,4,6,5
eleven_11235,2,1,3,4,6,6
eleven_11236,2,1,3,4,7,5
eleven_11237,2,1,3,4,7,6
eleven_11238,2,1,3,4,7,7
eleven_11239,2,1,3,4,0,7
eleven_11240,2,1,3,4,1,7
eleven_11241,2,1,3,4,2,7
eleven_11242,2,1,3,5,6,2
eleven_11243,2,1,3,5,6,6
eleven_11244,2,1,3,5,6,7
eleven_11245,2,1,3,5,5,6
eleven_11246,2,1,3,5,5,7
eleven_11247,2,1,3,7,5,7
eleven_11248,2,1,4,1,6,5
eleven_11249,2,1,4,1,6,6
eleven_11250,2,1,4,1,6,7
eleven_11251,2,1,4,1,7,6
eleven_11252,2,1,4,1,7,7
eleven_11253,2,1,4,1,4,3
eleven_11254,2,1,4,1,4,5
eleven_11255,2,1,4,1,4,7
eleven_11256,2,1,4,1,5,0
eleven_11257,2,1,4,1,5,2
eleven_11258,2,1,4,1,5,3
eleven_11259,2,1,4,1,5,4
eleven_11260,2,1,4,1,5,5
eleven_11261,2,1,4,1,5,6
eleven_11262,2,1,4,1,5,7
eleven_11263,2,1,4,2,6,5
eleven_11264,2,1,4,2,6,6
eleven_11265,2,1,4,2,6,7
eleven_11266,2,1,4,2,7,6
eleven_11267,2,1,4,2,7,7
eleven_11268,2,1,4,2,4,3
eleven_11269,2,1,4,2,4,4
eleven_11270,2,1,4,2,4,5
eleven_11271,2,1,4,2,4,7
eleven_11272,2,1,4,2,5,0
eleven_11273,2,1,4,2,5,2
eleven_11274,2,1,4,2,5,3
eleven_11275,2,1,4,2,5,4
eleven_11276,2,1,4,2,5,5
eleven_11277,2,1,4,2,5,6
eleven_11278,2,1,4,2,5,7
eleven_11279,2,1,4,0,7,6
eleven_11280,2,1,4,0,7,7
eleven_11281,2,1,4,0,4,5
eleven_11282,2,1,4,0,4,6
eleven_11283,2,1,4,0,4,7
eleven_11284,2,1,4,0,5,5
eleven_11285,2,1,4,0,5,6
eleven_11286,2,1,4,0,5,7
eleven_11287,2,1,4,3,6,3
eleven_11288,2,1,4,3,6,4
eleven_11289,2,1,4,3,6,5
eleven_11290,2,1,4,3,7,6
eleven_11291,2,1,4,3,7,7
eleven_11292,2,1,4,3,4,5
eleven_11293,2,1,4,3,5,3
eleven_11294,2,1,4,3,5,4
eleven_11295,2,1,4,3,5,5
eleven_11296,2,1,4,4,4,2
eleven_11297,2,1,4,4,5,2
eleven_11298,2,1,4,4,5,3
eleven_11299,2,1,4,5,6,2
eleven_11300,2,1,4,5,6,6
eleven_11301,2,1,4,5,6,7
eleven_11302,2,1,4,5,4,7
eleven_11303,2,1,4,5,5,6
eleven_11304,2,1,4,5,5,7
eleven_11305,2,1,4,6,4,0
eleven_11306,2,1,4,6,4,3
eleven_11307,2,1,4,6,5,0
eleven_11308,2,1,4,6,5,2
eleven_11309,2,1,4,6,5,3
eleven_11310,2,1,4,7,4,0
eleven_11311,2,1,4,7,4,3
eleven_11312,2,1,4,7,4,5
eleven_11313,2,1,4,7,5,0
eleven_11314,2,1,4,7,5,2
eleven_11315,2,1,4,7,5,3
eleven_11316,2,1,4,7,5,4
eleven_11317,2,1,4,7,5,5
eleven_11318,2,1,4,7,5,6
eleven_11319,2,1,4,7,5,7
eleven_11320,2,1,5,1,6,5
eleven_11321,2,1,5,1,6,6
eleven_11322,2,1,5,1,6,7
eleven_11323,2,1,5,1,7,6
eleven_11324,2,1,5,1,7,7
eleven_11325,2,1,5,1,2,1
eleven_11326,2,1,5,2,6,5
eleven_11327,2,1,5,2,6,6
eleven_11328,2,1,5,2,6,7
eleven_11329,2,1,5,2,7,6
eleven_11330,2,1,5,2,7,7
eleven_11331,2,1,5,0,7,6
eleven_11332,2,1,5,0,7,7
eleven_11333,2,1,5,3,6,3
eleven_11334,2,1,5,3,6,4
eleven_11335,2,1,5,3,6,5
eleven_11336,2,1,5,3,7,6
eleven_11337,2,1,5,3,7,7
eleven_11338,2,1,5,4,2,1
eleven_11339,2,1,5,4,2,0
eleven_11340,2,1,5,4,3,1
eleven_11341,2,1,5,4,3,0
eleven_11342,2,1,5,4,4,1
eleven_11343,2,1,5,4,4,0
eleven_11344,2,1,5,5,6,2
eleven_11345,2,1,5,5,6,6
eleven_11346,2,1,5,5,6,7
eleven_11347,2,1,5,5,7,6
eleven_11348,2,1,5,5,7,7
eleven_11349,2,1,5,5,2,1
eleven_11350,2,1,5,5,3,1
eleven_11351,2,1,5,5,4,1
eleven_11352,2,1,5,6,2,1
eleven_11353,2,1,5,6,3,1
eleven_11354,2,1,5,6,4,1
eleven_11355,2,1,5,7,2,1
eleven_11356,2,1,5,7,3,1
eleven_11357,2,1,5,7,4,1
eleven_11358,2,1,6,1,6,5
eleven_11359,2,1,6,1,6,6
eleven_11360,2,1,6,1,6,7
eleven_11361,2,1,6,1,7,6
eleven_11362,2,1,6,1,7,7
eleven_11363,2,1,6,1,3,0
eleven_11364,2,1,6,2,6,5
eleven_11365,2,1,6,2,6,6
eleven_11366,2,1,6,2,6,7
eleven_11367,2,1,6,2,7,6
eleven_11368,2,1,6,2,7,7
eleven_11369,2,1,6,0,7,6
eleven_11370,2,1,6,0,7,7
eleven_11371,2,1,6,3,6,3
eleven_11372,2,1,6,3,6,4
eleven_11373,2,1,6,3,6,5
eleven_11374,2,1,6,3,7,6
eleven_11375,2,1,6,3,7,7
eleven_11376,2,1,6,3,5,7
eleven_11377,2,1,6,4,3,0
eleven_11378,2,1,6,4,4,0
eleven_11379,2,1,6,4,4,2
eleven_11380,2,1,6,4,5,0
eleven_11381,2,1,6,4,5,2
eleven_11382,2,1,6,5,6,2
eleven_11383,2,1,6,5,6,6
eleven_11384,2,1,6,5,6,7
eleven_11385,2,1,6,5,7,6
eleven_11386,2,1,6,5,7,7
eleven_11387,2,1,6,5,0,6
eleven_11388,2,1,6,5,0,7
eleven_11389,2,1,6,5,1,6
eleven_11390,2,1,6,5,1,7
eleven_11391,2,1,6,6,3,0
eleven_11392,2,1,6,6,4,0
eleven_11393,2,1,6,6,5,0
eleven_11394,2,1,6,7,3,0
eleven_11395,2,1,6,7,4,0
eleven_11396,2,1,6,7,5,0
eleven_11397,2,2,7,1,5,2
eleven_11398,2,2,7,1,5,3
eleven_11399,2,2,7,1,5,4
eleven_11400,2,2,7,1,5,5
eleven_11401,2,2,7,1,5,6
eleven_11402,2,2,7,1,5,7
eleven_11403,2,2,7,2,5,2
eleven_11404,2,2,7,2,5,6
eleven_11405,2,2,7,0,5,2
eleven_11406,2,2,7,4,2,2
eleven_11407,2,2,7,4,3,2
eleven_11408,2,2,7,4,3,3
eleven_11409,2,2,7,4,5,4
eleven_11410,2,2,7,4,5,5
eleven_11411,2,2,7,4,5,6
eleven_11412,2,2,7,5,5,2
eleven_11413,2,2,7,6,5,2
eleven_11414,2,2,7,7,5,2
eleven_11415,2,2,7,7,5,3
eleven_11416,2,2,0,1,5,2
eleven_11417,2,2,0,1,5,3
eleven_11418,2,2,0,1,5,4
eleven_11419,2,2,0,1,5,5
eleven_11420,2,2,0,1,5,6
eleven_11421,2,2,0,1,5,7
eleven_11422,2,2,0,2,5,2
eleven_11423,2,2,0,2,5,6
eleven_11424,2,2,0,2,5,7
eleven_11425,2,2,0,0,5,2
eleven_11426,2,2,0,4,2,2
eleven_11427,2,2,0,4,3,2
eleven_11428,2,2,0,4,3,3
eleven_11429,2,2,0,4,5,4
eleven_11430,2,2,0,4,5,5
eleven_11431,2,2,0,4,5,6
eleven_11432,2,2,0,5,5,2
eleven_11433,2,2,0,6,5,2
eleven_11434,2,2,0,7,5,2
eleven_11435,2,2,0,7,5,3
eleven_11436,2,2,1,1,2,1
eleven_11437,2,2,1,1,3,1
eleven_11438,2,2,1,1,5,2
eleven_11439,2,2,1,1,5,3
eleven_11440,2,2,1,1,5,4
eleven_11441,2,2,1,1,5,5
eleven_11442,2,2,1,1,5,6
eleven_11443,2,2,1,1,5,7
eleven_11444,2,2,1,2,5,6
eleven_11445,2,2,1,2,5,7
eleven_11446,2,2,1,4,2,2
eleven_11447,2,2,1,4,3,2
eleven_11448,2,2,1,4,3,3
eleven_11449,2,2,1,4,5,4
eleven_11450,2,2,1,4,5,5
eleven_11451,2,2,1,4,5,6
eleven_11452,2,2,1,5,5,2
eleven_11453,2,2,1,6,5,2
eleven_11454,2,2,1,7,5,2
eleven_11455,2,2,1,7,5,3
eleven_11456,2,2,2,1,3,0
eleven_11457,2,2,2,1,4,0
eleven_11458,2,2,2,1,5,2
eleven_11459,2,2,2,1,5,3
eleven_11460,2,2,2,1,5,4
eleven_11461,2,2,2,1,5,5
eleven_11462,2,2,2,1,5,6
eleven_11463,2,2,2,1,5,7
eleven_11464,2,2,2,2,2,0
eleven_11465,2,2,2,2,3,0
eleven_11466,2,2,2,2,4,0
eleven_11467,2,2,2,2,5,2
eleven_11468,2,2,2,2,5,6
eleven_11469,2,2,2,2,5,7
eleven_11470,2,2,2,0,5,2
eleven_11471,2,2,2,0,5,7
eleven_11472,2,2,2,3,5,7
eleven_11473,2,2,2,4,2,2
eleven_11474,2,2,2,4,3,2
eleven_11475,2,2,2,4,3,3
eleven_11476,2,2,2,4,3,4
eleven_11477,2,2,2,4,4,4
eleven_11478,2,2,2,4,4,5
eleven_11479,2,2,2,4,5,4
eleven_11480,2,2,2,4,5,5
eleven_11481,2,2,2,4,5,6
eleven_11482,2,2,2,5,5,2
eleven_11483,2,2,2,6,5,2
eleven_11484,2,2,2,7,5,2
eleven_11485,2,2,2,7,5,3
eleven_11486,2,2,3,1,3,3
eleven_11487,2,2,3,1,3,5
eleven_11488,2,2,3,1,4,0
eleven_11489,2,2,3,1,5,2
eleven_11490,2,2,3,1,5,3
eleven_11491,2,2,3,1,5,4
eleven_11492,2,2,3,1,5,5
eleven_11493,2,2,3,1,5,6
eleven_11494,2,2,3,1,5,7
eleven_11495,2,2,3,2,3,3
eleven_11496,2,2,3,2,3,5
eleven_11497,2,2,3,2,4,0
eleven_11498,2,2,3,2,5,2
eleven_11499,2,2,3,2,5,3
eleven_11500,2,2,3,2,5,4
eleven_11501,2,2,3,2,5,5
eleven_11502,2,2,3,2,5,6
eleven_11503,2,2,3,2,5,7
eleven_11504,2,2,3,0,3,5
eleven_11505,2,2,3,0,5,2
eleven_11506,2,2,3,0,5,3
eleven_11507,2,2,3,0,5,4
eleven_11508,2,2,3,0,5,5
eleven_11509,2,2,3,0,5,6
eleven_11510,2,2,3,0,5,7
eleven_11511,2,2,3,3,3,5
eleven_11512,2,2,3,3,4,3
eleven_11513,2,2,3,3,4,4
eleven_11514,2,2,3,3,4,5
eleven_11515,2,2,3,3,4,6
eleven_11516,2,2,3,3,5,3
eleven_11517,2,2,3,3,5,4
eleven_11518,2,2,3,3,5,5
eleven_11519,2,2,3,3,5,6
eleven_11520,2,2,3,3,5,7
eleven_11521,2,2,3,5,2,0
eleven_11522,2,2,3,5,3,0
eleven_11523,2,2,3,5,4,0
eleven_11524,2,2,3,5,5,2
eleven_11525,2,2,3,5,5,3
eleven_11526,2,2,3,5,5,4
eleven_11527,2,2,3,5,5,5
eleven_11528,2,2,3,6,2,0
eleven_11529,2,2,3,6,3,0
eleven_11530,2,2,3,6,3,3
eleven_11531,2,2,3,6,4,0
eleven_11532,2,2,3,6,5,2
eleven_11533,2,2,3,6,5,3
eleven_11534,2,2,3,6,5,4
eleven_11535,2,2,3,6,5,5
eleven_11536,2,2,3,6,5,6
eleven_11537,2,2,3,7,2,0
eleven_11538,2,2,3,7,3,0
eleven_11539,2,2,3,7,3,3
eleven_11540,2,2,3,7,4,0
eleven_11541,2,2,3,7,5,2
eleven_11542,2,2,3,7,5,3
eleven_11543,2,2,3,7,5,4
eleven_11544,2,2,3,7,5,5
eleven_11545,2,2,3,7,5,6
eleven_11546,2,2,4,2,4,3
eleven_11547,2,2,4,2,4,4
eleven_11548,2,2,4,2,5,0
eleven_11549,2,2,4,2,5,2
eleven_11550,2,2,4,2,5,3
eleven_11551,2,2,4,2,5,4
eleven_11552,2,2,4,0,4,4
eleven_11553,2,2,4,0,4,5
eleven_11554,2,2,4,0,5,2
eleven_11555,2,2,4,0,5,3
eleven_11556,2,2,4,0,5,4
eleven_11557,2,2,4,0,5,5
eleven_11558,2,2,4,3,4,5
eleven_11559,2,2,4,3,5,3
eleven_11560,2,2,4,3,5,4
eleven_11561,2,2,4,3,5,5
eleven_11562,2,2,4,4,2,0
eleven_11563,2,2,4,4,2,2
eleven_11564,2,2,4,4,3,0
eleven_11565,2,2,4,4,3,2
eleven_11566,2,2,4,4,4,2
eleven_11567,2,2,4,4,4,6
eleven_11568,2,2,4,4,5,2
eleven_11569,2,2,4,4,5,3
eleven_11570,2,2,4,4,5,4
eleven_11571,2,2,4,4,5,5
eleven_11572,2,2,4,4,5,6
eleven_11573,2,2,4,5,4,2
eleven_11574,2,2,4,5,4,3
eleven_11575,2,2,4,5,5,2
eleven_11576,2,2,4,5,5,3
eleven_11577,2,2,4,5,5,4
eleven_11578,2,2,4,5,5,5
eleven_11579,2,2,4,5,5,6
eleven_11580,2,2,4,5,5,7
eleven_11581,2,2,4,6,4,3
eleven_11582,2,2,4,6,4,4
eleven_11583,2,2,4,6,5,3
eleven_11584,2,2,4,6,5,4
eleven_11585,2,2,4,6,5,5
eleven_11586,2,2,4,6,5,6
eleven_11587,2,2,4,7,4,5
eleven_11588,2,2,4,7,5,5
eleven_11589,2,2,4,7,5,6
eleven_11590,2,2,5,1,2,1
eleven_11591,2,2,5,1,2,0
eleven_11592,2,2,5,4,2,1
eleven_11593,2,2,5,4,2,0
eleven_11594,2,2,5,4,3,1
eleven_11595,2,2,5,4,3,0
eleven_11596,2,2,5,4,4,1
eleven_11597,2,2,5,4,4,0
eleven_11598,2,2,5,5,2,1
eleven_11599,2,2,5,5,3,1
eleven_11600,2,2,5,5,4,1
eleven_11601,2,2,5,6,2,1
eleven_11602,2,2,5,6,2,0
eleven_11603,2,2,5,6,3,1
eleven_11604,2,2,5,6,3,0
eleven_11605,2,2,5,6,4,1
eleven_11606,2,2,5,6,4,0
eleven_11607,2,2,5,7,2,1
eleven_11608,2,2,5,7,2,0
eleven_11609,2,2,5,7,3,1
eleven_11610,2,2,5,7,3,0
eleven_11611,2,2,5,7,4,1
eleven_11612,2,2,5,7,4,0
eleven_11613,2,2,6,1,3,0
eleven_11614,2,2,6,1,5,2
eleven_11615,2,2,6,1,5,3
eleven_11616,2,2,6,1,5,4
eleven_11617,2,2,6,1,5,5
eleven_11618,2,2,6,1,5,6
eleven_11619,2,2,6,1,5,7
eleven_11620,2,2,6,2,5,6
eleven_11621,2,2,6,2,5,7
eleven_11622,2,2,6,0,5,7
eleven_11623,2,2,6,3,5,7
eleven_11624,2,2,6,4,2,2
eleven_11625,2,2,6,4,2,3
eleven_11626,2,2,6,4,3,0
eleven_11627,2,2,6,4,3,2
eleven_11628,2,2,6,4,3,3
eleven_11629,2,2,6,4,3,5
eleven_11630,2,2,6,4,4,0
eleven_11631,2,2,6,4,4,2
eleven_11632,2,2,6,4,5,0
eleven_11633,2,2,6,4,5,2
eleven_11634,2,2,6,4,5,6
eleven_11635,2,2,6,4,5,7
eleven_11636,2,2,6,5,5,7
eleven_11637,2,2,6,6,3,0
eleven_11638,2,2,6,6,4,0
eleven_11639,2,2,6,6,5,0
eleven_11640,2,2,6,7,3,0
eleven_11641,2,2,6,7,4,0
eleven_11642,2,2,6,7,5,0
eleven_11643,2,2,6,7,5,2
eleven_11644,2,2,6,7,5,3
eleven_11645,3,0,7,0,6,5
eleven_11646,3,0,7,0,6,6
eleven_11647,3,0,7,3,0,2
eleven_11648,3,0,7,3,2,2
eleven_11649,3,0,7,6,6,0
eleven_11650,3,0,7,6,0,7
eleven_11651,3,0,7,6,2,7
eleven_11652,3,0,7,7,6,0
eleven_11653,3,0,0,1,3,0
eleven_11654,3,0,0,2,3,0
eleven_11655,3,0,0,3,7,0
eleven_11656,3,0,0,3,1,2
eleven_11657,3,0,0,4,3,0
eleven_11658,3,0,0,5,3,0
eleven_11659,3,0,0,6,1,7
eleven_11660,3,0,0,6,2,7
eleven_11661,3,0,0,6,3,0
eleven_11662,3,0,0,6,4,7
eleven_11663,3,0,0,7,3,0
eleven_11664,3,0,1,1,6,0
eleven_11665,3,0,1,1,6,2
eleven_11666,3,0,1,1,6,3
eleven_11667,3,0,1,1,6,4
eleven_11668,3,0,1,1,6,5
eleven_11669,3,0,1,1,6,6
eleven_11670,3,0,1,1,7,0
eleven_11671,3,0,1,1,7,2
eleven_11672,3,0,1,1,7,3
eleven_11673,3,0,1,1,7,4
eleven_11674,3,0,1,1,7,5
eleven_11675,3,0,1,1,7,6
eleven_11676,3,0,1,1,3,0
eleven_11677,3,0,1,2,6,0
eleven_11678,3,0,1,2,6,2
eleven_11679,3,0,1,2,6,3
eleven_11680,3,0,1,2,6,4
eleven_11681,3,0,1,2,6,5
eleven_11682,3,0,1,2,6,6
eleven_11683,3,0,1,2,7,0
eleven_11684,3,0,1,2,7,2
eleven_11685,3,0,1,2,7,3
eleven_11686,3,0,1,2,7,4
eleven_11687,3,0,1,2,7,5
eleven_11688,3,0,1,2,7,6
eleven_11689,3,0,1,2,3,0
eleven_11690,3,0,1,3,6,3
eleven_11691,3,0,1,3,6,4
eleven_11692,3,0,1,3,6,5
eleven_11693,3,0,1,3,7,5
eleven_11694,3,0,1,4,6,0
eleven_11695,3,0,1,4,6,5
eleven_11696,3,0,1,4,6,6
eleven_11697,3,0,1,4,7,0
eleven_11698,3,0,1,4,7,6
eleven_11699,3,0,1,4,3,0
eleven_11700,3,0,1,5,6,0
eleven_11701,3,0,1,5,6,2
eleven_11702,3,0,1,5,6,3
eleven_11703,3,0,1,5,6,4
eleven_11704,3,0,1,5,6,5
eleven_11705,3,0,1,5,7,0
eleven_11706,3,0,1,5,7,2
eleven_11707,3,0,1,5,7,3
eleven_11708,3,0,1,5,3,0
eleven_11709,3,0,1,6,6,0
eleven_11710,3,0,1,6,6,2
eleven_11711,3,0,1,6,6,3
eleven_11712,3,0,1,6,6,4
eleven_11713,3,0,1,6,6,5
eleven_11714,3,0,1,6,6,6
eleven_11715,3,0,1,6,7,0
eleven_11716,3,0,1,6,7,3
eleven_11717,3,0,1,6,7,4
eleven_11718,3,0,1,6,2,7
eleven_11719,3,0,1,6,3,0
eleven_11720,3,0,1,6,3,7
eleven_11721,3,0,1,6,4,7
eleven_11722,3,0,1,7,6,0
eleven_11723,3,0,1,7,6,2
eleven_11724,3,0,1,7,6,3
eleven_11725,3,0,1,7,7,0
eleven_11726,3,0,1,7,7,3
eleven_11727,3,0,1,7,3,0
eleven_11728,3,0,2,2,6,6
eleven_11729,3,0,2,2,6,7
eleven_11730,3,0,2,2,7,6
eleven_11731,3,0,2,2,7,7
eleven_11732,3,0,2,2,0,6
eleven_11733,3,0,2,2,0,7
eleven_11734,3,0,2,0,6,5
eleven_11735,3,0,2,0,6,6
eleven_11736,3,0,2,0,7,6
eleven_11737,3,0,2,0,7,7
eleven_11738,3,0,2,0,0,6
eleven_11739,3,0,2,0,0,7
eleven_11740,3,0,2,3,6,3
eleven_11741,3,0,2,3,6,4
eleven_11742,3,0,2,3,6,5
eleven_11743,3,0,2,3,6,6
eleven_11744,3,0,2,3,7,0
eleven_11745,3,0,2,3,7,2
eleven_11746,3,0,2,3,7,6
eleven_11747,3,0,2,3,7,7
eleven_11748,3,0,2,3,0,6
eleven_11749,3,0,2,3,0,7
eleven_11750,3,0,2,3,3,0
eleven_11751,3,0,2,3,3,2
eleven_11752,3,0,2,6,6,0
eleven_11753,3,0,2,6,6,7
eleven_11754,3,0,2,6,7,7
eleven_11755,3,0,2,6,3,7
eleven_11756,3,0,2,6,4,7
eleven_11757,3,0,2,6,5,7
eleven_11758,3,0,2,7,6,0
eleven_11759,3,0,3,1,7,0
eleven_11760,3,0,3,1,3,1
eleven_11761,3,0,3,1,4,1
eleven_11762,3,0,3,1,5,0
eleven_11763,3,0,3,1,5,6
eleven_11764,3,0,3,1,5,7
eleven_11765,3,0,3,2,7,0
eleven_11766,3,0,3,2,5,0
eleven_11767,3,0,3,0,6,5
eleven_11768,3,0,3,0,6,6
eleven_11769,3,0,3,0,3,6
eleven_11770,3,0,3,0,3,7
eleven_11771,3,0,3,0,4,6
eleven_11772,3,0,3,0,4,7
eleven_11773,3,0,3,0,5,6
eleven_11774,3,0,3,0,5,7
eleven_11775,3,0,3,3,3,6
eleven_11776,3,0,3,3,3,7
eleven_11777,3,0,3,3,4,6
eleven_11778,3,0,3,3,4,7
eleven_11779,3,0,3,3,5,3
eleven_11780,3,0,3,3,5,4
eleven_11781,3,0,3,3,5,5
eleven_11782,3,0,3,3,5,6
eleven_11783,3,0,3,4,7,0
eleven_11784,3,0,3,4,3,1
eleven_11785,3,0,3,4,4,1
eleven_11786,3,0,3,4,5,0
eleven_11787,3,0,3,5,7,0
eleven_11788,3,0,3,5,3,1
eleven_11789,3,0,3,5,4,1
eleven_11790,3,0,3,5,5,0
eleven_11791,3,0,3,6,6,7
eleven_11792,3,0,3,6,7,0
eleven_11793,3,0,3,6,7,7
eleven_11794,3,0,3,6,0,7
eleven_11795,3,0,3,6,3,1
eleven_11796,3,0,3,6,4,1
eleven_11797,3,0,3,6,4,7
eleven_11798,3,0,3,6,5,0
eleven_11799,3,0,3,6,5,7
eleven_11800,3,0,3,7,7,0
eleven_11801,3,0,3,7,3,1
eleven_11802,3,0,3,7,4,1
eleven_11803,3,0,3,7,5,0
eleven_11804,3,0,4,1,7,0
eleven_11805,3,0,4,1,4,2
eleven_11806,3,0,4,1,4,3
eleven_11807,3,0,4,1,4,4
eleven_11808,3,0,4,1,4,5
eleven_11809,3,0,4,1,4,6
eleven_11810,3,0,4,1,5,0
eleven_11811,3,0,4,1,5,2
eleven_11812,3,0,4,1,5,3
eleven_11813,3,0,4,1,5,4
eleven_11814,3,0,4,1,5,5
eleven_11815,3,0,4,1,5,6
eleven_11816,3,0,4,2,7,0
eleven_11817,3,0,4,2,4,3
eleven_11818,3,0,4,2,4,4
eleven_11819,3,0,4,2,4,5
eleven_11820,3,0,4,2,4,6
eleven_11821,3,0,4,2,5,0
eleven_11822,3,0,4,2,5,2
eleven_11823,3,0,4,2,5,3
eleven_11824,3,0,4,2,5,4
eleven_11825,3,0,4,2,5,5
eleven_11826,3,0,4,2,5,6
eleven_11827,3,0,4,0,6,5
eleven_11828,3,0,4,0,6,6
eleven_11829,3,0,4,0,4,4
eleven_11830,3,0,4,0,4,6
eleven_11831,3,0,4,0,5,2
eleven_11832,3,0,4,0,5,3
eleven_11833,3,0,4,0,5,4
eleven_11834,3,0,4,0,5,5
eleven_11835,3,0,4,0,5,6
eleven_11836,3,0,4,3,1,2
eleven_11837,3,0,4,3,3,0
eleven_11838,3,0,4,4,7,0
eleven_11839,3,0,4,4,4,0
eleven_11840,3,0,4,4,4,6
eleven_11841,3,0,4,4,5,0
eleven_11842,3,0,4,4,5,5
eleven_11843,3,0,4,4,5,6
eleven_11844,3,0,4,5,7,0
eleven_11845,3,0,4,5,4,0
eleven_11846,3,0,4,5,4,2
eleven_11847,3,0,4,5,5,0
eleven_11848,3,0,4,5,5,2
eleven_11849,3,0,4,6,7,0
eleven_11850,3,0,4,6,7,7
eleven_11851,3,0,4,6,0,7
eleven_11852,3,0,4,6,1,7
eleven_11853,3,0,4,6,4,0
eleven_11854,3,0,4,6,4,2
eleven_11855,3,0,4,6,4,3
eleven_11856,3,0,4,6,4,4
eleven_11857,3,0,4,6,5,0
eleven_11858,3,0,4,6,5,2
eleven_11859,3,0,4,6,5,3
eleven_11860,3,0,4,6,5,4
eleven_11861,3,0,4,6,5,5
eleven_11862,3,0,4,6,5,6
eleven_11863,3,0,4,7,7,0
eleven_11864,3,0,4,7,4,0
eleven_11865,3,0,4,7,4,2
eleven_11866,3,0,4,7,4,3
eleven_11867,3,0,4,7,4,4
eleven_11868,3,0,4,7,4,5
eleven_11869,3,0,4,7,5,0
eleven_11870,3,0,4,7,5,2
eleven_11871,3,0,4,7,5,3
eleven_11872,3,0,4,7,5,4
eleven_11873,3,0,4,7,5,5
eleven_11874,3,0,5,1,7,0
eleven_11875,3,0,5,2,7,0
eleven_11876,3,0,5,0,6,5
eleven_11877,3,0,5,0,6,6
eleven_11878,3,0,5,3,1,2
eleven_11879,3,0,5,3,3,0
eleven_11880,3,0,5,4,7,0
eleven_11881,3,0,5,4,3,1
eleven_11882,3,0,5,4,4,1
eleven_11883,3,0,5,5,7,0
eleven_11884,3,0,5,6,7,0
eleven_11885,3,0,5,6,7,7
eleven_11886,3,0,5,6,1,7
eleven_11887,3,0,5,6,2,7
eleven_11888,3,0,5,7,7,0
eleven_11889,3,0,6,1,7,0
eleven_11890,3,0,6,2,7,0
eleven_11891,3,0,6,0,6,5
eleven_11892,3,0,6,0,6,6
eleven_11893,3,0,6,4,7,0
eleven_11894,3,0,6,5,7,0
eleven_11895,3,0,6,6,7,0
eleven_11896,3,0,6,6,1,7
eleven_11897,3,0,6,6,3,7
eleven_11898,3,0,6,7,7,0
eleven_11899,3,1,7,1,6,2
eleven_11900,3,1,7,1,6,3
eleven_11901,3,1,7,1,6,4
eleven_11902,3,1,7,1,6,5
eleven_11903,3,1,7,1,6,6
eleven_11904,3,1,7,1,5,3
eleven_11905,3,1,7,1,5,4
eleven_11906,3,1,7,1,5,5
eleven_11907,3,1,7,1,5,6
eleven_11908,3,1,7,1,5,7
eleven_11909,3,1,7,2,6,3
eleven_11910,3,1,7,2,6,4
eleven_11911,3,1,7,2,6,5
eleven_11912,3,1,7,2,6,6
eleven_11913,3,1,7,2,5,7
eleven_11914,3,1,7,0,6,4
eleven_11915,3,1,7,0,6,5
eleven_11916,3,1,7,0,6,6
eleven_11917,3,1,7,0,7,6
eleven_11918,3,1,7,0,7,7
eleven_11919,3,1,7,0,5,3
eleven_11920,3,1,7,0,5,4
eleven_11921,3,1,7,0,5,5
eleven_11922,3,1,7,0,5,6
eleven_11923,3,1,7,0,5,7
eleven_11924,3,1,7,3,6,5
eleven_11925,3,1,7,3,7,6
eleven_11926,3,1,7,3,7,7
eleven_11927,3,1,7,3,4,6
eleven_11928,3,1,7,3,4,7
eleven_11929,3,1,7,3,5,3
eleven_11930,3,1,7,3,5,4
eleven_11931,3,1,7,3,5,5
eleven_11932,3,1,7,4,7,2
eleven_11933,3,1,7,4,1,3
eleven_11934,3,1,7,4,3,2
eleven_11935,3,1,7,4,3,3
eleven_11936,3,1,7,4,5,7
eleven_11937,3,1,7,5,6,2
eleven_11938,3,1,7,5,1,6
eleven_11939,3,1,7,5,1,7
eleven_11940,3,1,7,5,2,6
eleven_11941,3,1,7,5,2,7
eleven_11942,3,1,7,5,3,6
eleven_11943,3,1,7,5,3,7
eleven_11944,3,1,7,5,4,6
eleven_11945,3,1,7,5,4,7
eleven_11946,3,1,7,5,5,6
eleven_11947,3,1,7,5,5,7
eleven_11948,3,1,7,6,6,0
eleven_11949,3,1,7,6,6,2
eleven_11950,3,1,7,6,6,3
eleven_11951,3,1,7,6,7,0
eleven_11952,3,1,7,6,5,3
eleven_11953,3,1,7,7,6,0
eleven_11954,3,1,7,7,6,2
eleven_11955,3,1,7,7,6,3
eleven_11956,3,1,7,7,6,4
eleven_11957,3,1,7,7,7,0
eleven_11958,3,1,7,7,5,3
eleven_11959,3,1,7,7,5,4
eleven_11960,3,1,0,1,5,3
eleven_11961,3,1,0,1,5,4
eleven_11962,3,1,0,1,5,5
eleven_11963,3,1,0,1,5,6
eleven_11964,3,1,0,1,5,7
eleven_11965,3,1,0,2,5,7
eleven_11966,3,1,0,0,7,6
eleven_11967,3,1,0,0,7,7
eleven_11968,3,1,0,0,5,3
eleven_11969,3,1,0,0,5,4
eleven_11970,3,1,0,0,5,5
eleven_11971,3,1,0,0,5,6
eleven_11972,3,1,0,0,5,7
eleven_11973,3,1,0,3,7,6
eleven_11974,3,1,0,3,7,7
eleven_11975,3,1,0,3,4,6
eleven_11976,3,1,0,3,4,7
eleven_11977,3,1,0,3,5,3
eleven_11978,3,1,0,3,5,4
eleven_11979,3,1,0,3,5,5
eleven_11980,3,1,0,4,3,2
eleven_11981,3,1,0,4,3,3
eleven_11982,3,1,0,4,5,7
eleven_11983,3,1,0,5,4,6
eleven_11984,3,1,0,5,4,7
eleven_11985,3,1,0,5,5,6
eleven_11986,3,1,0,5,5,7
eleven_11987,3,1,0,6,5,3
eleven_11988,3,1,0,7,5,3
eleven_11989,3,1,0,7,5,4
eleven_11990,3,1,1,1,5,3
eleven_11991,3,1,1,1,5,4
eleven_11992,3,1,1,1,5,5
eleven_11993,3,1,1,1,5,6
eleven_11994,3,1,1,1,5,7
eleven_11995,3,1,1,2,5,7
eleven_11996,3,1,1,0,5,3
eleven_11997,3,1,1,0,5,4
eleven_11998,3,1,1,0,5,5
eleven_11999,3,1,1,0,5,6
eleven_12000,3,1,1,0,5,7
eleven_12001,3,1,1,3,4,6
eleven_12002,3,1,1,3,4,7
eleven_12003,3,1,1,3,5,3
eleven_12004,3,1,1,3,5,4
eleven_12005,3,1,1,3,5,5
eleven_12006,3,1,1,4,3,2
eleven_12007,3,1,1,4,3,3
eleven_12008,3,1,1,4,5,7
eleven_12009,3,1,1,5,5,6
eleven_12010,3,1,1,5,5,7
eleven_12011,3,1,1,6,5,3
eleven_12012,3,1,1,7,5,3
eleven_12013,3,1,1,7,5,4
eleven_12014,3,1,2,1,6,0
eleven_12015,3,1,2,1,6,2
eleven_12016,3,1,2,1,6,3
eleven_12017,3,1,2,1,6,4
eleven_12018,3,1,2,1,7,0
eleven_12019,3,1,2,1,3,7
eleven_12020,3,1,2,1,4,7
eleven_12021,3,1,2,1,5,2
eleven_12022,3,1,2,1,5,3
eleven_12023,3,1,2,1,5,4
eleven_12024,3,1,2,1,5,5
eleven_12025,3,1,2,1,5,6
eleven_12026,3,1,2,1,5,7
eleven_12027,3,1,2,0,6,2
eleven_12028,3,1,2,0,6,3
eleven_12029,3,1,2,0,6,4
eleven_12030,3,1,2,0,7,2
eleven_12031,3,1,2,0,7,3
eleven_12032,3,1,2,0,7,4
eleven_12033,3,1,2,0,0,3
eleven_12034,3,1,2,0,0,4
eleven_12035,3,1,2,0,1,7
eleven_12036,3,1,2,0,2,7
eleven_12037,3,1,2,0,3,7
eleven_12038,3,1,2,0,4,7
eleven_12039,3,1,2,0,5,3
eleven_12040,3,1,2,0,5,4
eleven_12041,3,1,2,0,5,5
eleven_12042,3,1,2,0,5,6
eleven_12043,3,1,2,0,5,7
eleven_12044,3,1,2,3,1,7
eleven_12045,3,1,2,3,2,7
eleven_12046,3,1,2,3,3,7
eleven_12047,3,1,2,3,4,6
eleven_12048,3,1,2,3,4,7
eleven_12049,3,1,2,3,5,3
eleven_12050,3,1,2,3,5,4
eleven_12051,3,1,2,3,5,5
eleven_12052,3,1,2,4,7,5
eleven_12053,3,1,2,4,7,6
eleven_12054,3,1,2,4,0,6
eleven_12055,3,1,2,4,1,7
eleven_12056,3,1,2,4,2,7
eleven_12057,3,1,2,4,3,7
eleven_12058,3,1,2,4,4,4
eleven_12059,3,1,2,4,4,5
eleven_12060,3,1,2,4,4,6
eleven_12061,3,1,2,4,4,7
eleven_12062,3,1,2,4,5,4
eleven_12063,3,1,2,4,5,5
eleven_12064,3,1,2,4,5,6
eleven_12065,3,1,2,4,5,7
eleven_12066,3,1,2,5,6,2
eleven_12067,3,1,2,5,6,3
eleven_12068,3,1,2,5,6,4
eleven_12069,3,1,2,5,7,6
eleven_12070,3,1,2,5,7,7
eleven_12071,3,1,2,5,0,7
eleven_12072,3,1,2,5,5,6
eleven_12073,3,1,2,5,5,7
eleven_12074,3,1,2,6,6,2
eleven_12075,3,1,2,6,6,3
eleven_12076,3,1,2,6,6,4
eleven_12077,3,1,2,6,6,5
eleven_12078,3,1,2,6,6,6
eleven_12079,3,1,2,6,7,5
eleven_12080,3,1,2,6,7,6
eleven_12081,3,1,2,6,0,3
eleven_12082,3,1,2,6,5,3
eleven_12083,3,1,2,7,6,2
eleven_12084,3,1,2,7,6,3
eleven_12085,3,1,2,7,6,4
eleven_12086,3,1,2,7,7,2
eleven_12087,3,1,2,7,7,3
eleven_12088,3,1,2,7,7,4
eleven_12089,3,1,2,7,7,5
eleven_12090,3,1,2,7,7,6
eleven_12091,3,1,2,7,7,7
eleven_12092,3,1,2,7,0,3
eleven_12093,3,1,2,7,0,4
eleven_12094,3,1,2,7,0,5
eleven_12095,3,1,2,7,5,3
eleven_12096,3,1,2,7,5,4
eleven_12097,3,1,3,1,6,3
eleven_12098,3,1,3,1,6,4
eleven_12099,3,1,3,1,6,5
eleven_12100,3,1,3,1,6,6
eleven_12101,3,1,3,1,7,7
eleven_12102,3,1,3,1,0,7
eleven_12103,3,1,3,1,1,7
eleven_12104,3,1,3,1,2,7
eleven_12105,3,1,3,1,3,6
eleven_12106,3,1,3,1,3,7
eleven_12107,3,1,3,1,4,6
eleven_12108,3,1,3,1,4,7
eleven_12109,3,1,3,1,5,2
eleven_12110,3,1,3,1,5,3
eleven_12111,3,1,3,1,5,4
eleven_12112,3,1,3,1,5,5
eleven_12113,3,1,3,1,5,6
eleven_12114,3,1,3,2,6,3
eleven_12115,3,1,3,2,6,4
eleven_12116,3,1,3,2,6,5
eleven_12117,3,1,3,2,6,6
eleven_12118,3,1,3,2,6,7
eleven_12119,3,1,3,2,7,7
eleven_12120,3,1,3,2,0,7
eleven_12121,3,1,3,2,1,7
eleven_12122,3,1,3,2,2,7
eleven_12123,3,1,3,2,3,6
eleven_12124,3,1,3,2,3,7
eleven_12125,3,1,3,2,4,6
eleven_12126,3,1,3,2,4,7
eleven_12127,3,1,3,2,5,2
eleven_12128,3,1,3,2,5,3
eleven_12129,3,1,3,2,5,4
eleven_12130,3,1,3,2,5,5
eleven_12131,3,1,3,2,5,6
eleven_12132,3,1,3,0,6,4
eleven_12133,3,1,3,0,6,5
eleven_12134,3,1,3,0,6,6
eleven_12135,3,1,3,0,7,6
eleven_12136,3,1,3,0,7,7
eleven_12137,3,1,3,0,0,7
eleven_12138,3,1,3,0,1,7
eleven_12139,3,1,3,0,2,7
eleven_12140,3,1,3,0,3,6
eleven_12141,3,1,3,0,3,7
eleven_12142,3,1,3,0,4,6
eleven_12143,3,1,3,0,4,7
eleven_12144,3,1,3,0,5,2
eleven_12145,3,1,3,0,5,3
eleven_12146,3,1,3,0,5,4
eleven_12147,3,1,3,0,5,5
eleven_12148,3,1,3,0,5,6
eleven_12149,3,1,3,0,5,7
eleven_12150,3,1,3,3,6,3
eleven_12151,3,1,3,3,6,4
eleven_12152,3,1,3,3,6,5
eleven_12153,3,1,3,3,7,6
eleven_12154,3,1,3,3,7,7
eleven_12155,3,1,3,3,0,7
eleven_12156,3,1,3,3,1,7
eleven_12157,3,1,3,3,2,7
eleven_12158,3,1,3,4,6,4
eleven_12159,3,1,3,4,6,5
eleven_12160,3,1,3,4,6,6
eleven_12161,3,1,3,4,7,4
eleven_12162,3,1,3,4,7,5
eleven_12163,3,1,3,4,7,6
eleven_12164,3,1,3,4,7,7
eleven_12165,3,1,3,4,0,7
eleven_12166,3,1,3,4,1,7
eleven_12167,3,1,3,4,2,7
eleven_12168,3,1,3,4,3,6
eleven_12169,3,1,3,4,4,5
eleven_12170,3,1,3,4,4,6
eleven_12171,3,1,3,5,6,6
eleven_12172,3,1,3,5,6,7
eleven_12173,3,1,3,5,3,7
eleven_12174,3,1,3,5,4,6
eleven_12175,3,1,3,5,4,7
eleven_12176,3,1,3,5,5,2
eleven_12177,3,1,3,5,5,3
eleven_12178,3,1,3,5,5,4
eleven_12179,3,1,3,5,5,5
eleven_12180,3,1,3,6,6,3
eleven_12181,3,1,3,6,4,5
eleven_12182,3,1,3,6,4,6
eleven_12183,3,1,3,6,5,2
eleven_12184,3,1,3,6,5,3
eleven_12185,3,1,3,6,5,4
eleven_12186,3,1,3,6,5,5
eleven_12187,3,1,3,6,5,6
eleven_12188,3,1,3,7,6,3
eleven_12189,3,1,3,7,6,4
eleven_12190,3,1,3,7,3,5
eleven_12191,3,1,3,7,4,5
eleven_12192,3,1,3,7,4,6
eleven_12193,3,1,3,7,4,7
eleven_12194,3,1,3,7,5,2
eleven_12195,3,1,3,7,5,3
eleven_12196,3,1,3,7,5,4
eleven_12197,3,1,3,7,5,5
eleven_12198,3,1,3,7,5,6
eleven_12199,3,1,4,1,6,3
eleven_12200,3,1,4,1,6,4
eleven_12201,3,1,4,1,6,5
eleven_12202,3,1,4,1,6,6
eleven_12203,3,1,4,2,6,3
eleven_12204,3,1,4,2,6,4
eleven_12205,3,1,4,2,6,5
eleven_12206,3,1,4,2,6,6
eleven_12207,3,1,4,2,6,7
eleven_12208,3,1,4,0,6,4
eleven_12209,3,1,4,0,6,5
eleven_12210,3,1,4,0,6,6
eleven_12211,3,1,4,0,7,6
eleven_12212,3,1,4,0,7,7
eleven_12213,3,1,4,3,6,3
eleven_12214,3,1,4,3,6,4
eleven_12215,3,1,4,3,6,5
eleven_12216,3,1,4,3,7,6
eleven_12217,3,1,4,3,7,7
eleven_12218,3,1,4,5,6,6
eleven_12219,3,1,4,5,6,7
eleven_12220,3,1,4,5,4,3
eleven_12221,3,1,4,5,5,3
eleven_12222,3,1,4,5,5,4
eleven_12223,3,1,4,5,5,5
eleven_12224,3,1,4,6,6,3
eleven_12225,3,1,4,7,6,3
eleven_12226,3,1,4,7,6,4
eleven_12227,3,1,5,1,6,3
eleven_12228,3,1,5,1,6,4
eleven_12229,3,1,5,1,6,5
eleven_12230,3,1,5,1,6,6
eleven_12231,3,1,5,2,6,3
eleven_12232,3,1,5,2,6,4
eleven_12233,3,1,5,2,6,5
eleven_12234,3,1,5,2,6,6
eleven_12235,3,1,5,2,6,7
eleven_12236,3,1,5,0,6,4
eleven_12237,3,1,5,0,6,5
eleven_12238,3,1,5,0,6,6
eleven_12239,3,1,5,0,7,6
eleven_12240,3,1,5,0,7,7
eleven_12241,3,1,5,3,6,3
eleven_12242,3,1,5,3,6,4
eleven_12243,3,1,5,3,6,5
eleven_12244,3,1,5,3,7,6
eleven_12245,3,1,5,3,7,7
eleven_12246,3,1,5,3,4,6
eleven_12247,3,1,5,3,4,7
eleven_12248,3,1,5,5,6,6
eleven_12249,3,1,5,5,6,7
eleven_12250,3,1,5,5,7,6
eleven_12251,3,1,5,5,7,7
eleven_12252,3,1,5,6,6,3
eleven_12253,3,1,5,7,6,3
eleven_12254,3,1,5,7,6,4
eleven_12255,3,1,6,1,6,3
eleven_12256,3,1,6,1,6,4
eleven_12257,3,1,6,1,6,5
eleven_12258,3,1,6,1,6,6
eleven_12259,3,1,6,1,3,0
eleven_12260,3,1,6,1,5,2
eleven_12261,3,1,6,1,5,3
eleven_12262,3,1,6,1,5,4
eleven_12263,3,1,6,1,5,5
eleven_12264,3,1,6,1,5,6
eleven_12265,3,1,6,1,5,7
eleven_12266,3,1,6,2,6,3
eleven_12267,3,1,6,2,6,4
eleven_12268,3,1,6,2,6,5
eleven_12269,3,1,6,2,6,6
eleven_12270,3,1,6,2,6,7
eleven_12271,3,1,6,2,5,4
eleven_12272,3,1,6,2,5,5
eleven_12273,3,1,6,2,5,6
eleven_12274,3,1,6,2,5,7
eleven_12275,3,1,6,0,6,4
eleven_12276,3,1,6,0,6,5
eleven_12277,3,1,6,0,6,6
eleven_12278,3,1,6,0,7,6
eleven_12279,3,1,6,0,7,7
eleven_12280,3,1,6,0,5,5
eleven_12281,3,1,6,0,5,6
eleven_12282,3,1,6,0,5,7
eleven_12283,3,1,6,3,6,3
eleven_12284,3,1,6,3,6,4
eleven_12285,3,1,6,3,6,5
eleven_12286,3,1,6,3,7,6
eleven_12287,3,1,6,3,7,7
eleven_12288,3,1,6,3,4,6
eleven_12289,3,1,6,3,4,7
eleven_12290,3,1,6,3,5,5
eleven_12291,3,1,6,4,4,2
eleven_12292,3,1,6,4,5,7
eleven_12293,3,1,6,5,6,6
eleven_12294,3,1,6,5,6,7
eleven_12295,3,1,6,5,7,6
eleven_12296,3,1,6,5,7,7
eleven_12297,3,1,6,5,0,6
eleven_12298,3,1,6,5,0,7
eleven_12299,3,1,6,5,1,6
eleven_12300,3,1,6,5,1,7
eleven_12301,3,1,6,5,2,6
eleven_12302,3,1,6,5,2,7
eleven_12303,3,1,6,6,6,3
eleven_12304,3,1,6,6,3,0
eleven_12305,3,1,6,6,4,0
eleven_12306,3,1,6,6,5,0
eleven_12307,3,1,6,6,5,2
eleven_12308,3,1,6,6,5,3
eleven_12309,3,1,6,7,6,3
eleven_12310,3,1,6,7,6,4
eleven_12311,3,1,6,7,3,0
eleven_12312,3,1,6,7,4,0
eleven_12313,3,1,6,7,5,0
eleven_12314,3,1,6,7,5,2
eleven_12315,3,1,6,7,5,3
eleven_12316,3,1,6,7,5,4
eleven_12317,3,2,7,1,0,7
eleven_12318,3,2,7,1,1,7
eleven_12319,3,2,7,1,2,7
eleven_12320,3,2,7,1,3,7
eleven_12321,3,2,7,1,4,6
eleven_12322,3,2,7,1,4,7
eleven_12323,3,2,7,1,5,3
eleven_12324,3,2,7,1,5,4
eleven_12325,3,2,7,1,5,5
eleven_12326,3,2,7,1,5,6
eleven_12327,3,2,7,1,5,7
eleven_12328,3,2,7,2,0,7
eleven_12329,3,2,7,2,1,7
eleven_12330,3,2,7,2,2,7
eleven_12331,3,2,7,2,3,7
eleven_12332,3,2,7,2,4,6
eleven_12333,3,2,7,2,4,7
eleven_12334,3,2,7,2,5,3
eleven_12335,3,2,7,2,5,4
eleven_12336,3,2,7,2,5,5
eleven_12337,3,2,7,2,5,6
eleven_12338,3,2,7,2,5,7
eleven_12339,3,2,7,0,0,7
eleven_12340,3,2,7,0,1,7
eleven_12341,3,2,7,0,2,7
eleven_12342,3,2,7,0,3,7
eleven_12343,3,2,7,0,4,6
eleven_12344,3,2,7,0,4,7
eleven_12345,3,2,7,0,5,3
eleven_12346,3,2,7,0,5,4
eleven_12347,3,2,7,0,5,5
eleven_12348,3,2,7,0,5,6
eleven_12349,3,2,7,0,5,7
eleven_12350,3,2,7,3,0,7
eleven_12351,3,2,7,3,1,7
eleven_12352,3,2,7,3,2,7
eleven_12353,3,2,7,3,3,7
eleven_12354,3,2,7,3,4,3
eleven_12355,3,2,7,3,4,4
eleven_12356,3,2,7,3,4,5
eleven_12357,3,2,7,3,4,6
eleven_12358,3,2,7,3,4,7
eleven_12359,3,2,7,3,5,3
eleven_12360,3,2,7,3,5,4
eleven_12361,3,2,7,3,5,5
eleven_12362,3,2,7,4,7,6
eleven_12363,3,2,7,4,0,4
eleven_12364,3,2,7,4,0,5
eleven_12365,3,2,7,4,0,6
eleven_12366,3,2,7,4,0,7
eleven_12367,3,2,7,4,1,4
eleven_12368,3,2,7,4,1,5
eleven_12369,3,2,7,4,1,6
eleven_12370,3,2,7,4,1,7
eleven_12371,3,2,7,4,2,4
eleven_12372,3,2,7,4,2,5
eleven_12373,3,2,7,4,2,6
eleven_12374,3,2,7,4,2,7
eleven_12375,3,2,7,4,3,4
eleven_12376,3,2,7,4,3,5
eleven_12377,3,2,7,4,3,6
eleven_12378,3,2,7,4,3,7
eleven_12379,3,2,7,4,4,4
eleven_12380,3,2,7,4,4,5
eleven_12381,3,2,7,4,4,6
eleven_12382,3,2,7,5,6,3
eleven_12383,3,2,7,6,6,4
eleven_12384,3,2,7,6,7,3
eleven_12385,3,2,7,6,7,4
eleven_12386,3,2,7,6,4,6
eleven_12387,3,2,7,6,5,3
eleven_12388,3,2,7,6,5,4
eleven_12389,3,2,7,6,5,5
eleven_12390,3,2,7,6,5,6
eleven_12391,3,2,7,7,7,3
eleven_12392,3,2,7,7,7,4
eleven_12393,3,2,7,7,7,5
eleven_12394,3,2,7,7,0,7
eleven_12395,3,2,7,7,1,7
eleven_12396,3,2,7,7,2,7
eleven_12397,3,2,7,7,3,7
eleven_12398,3,2,7,7,4,6
eleven_12399,3,2,7,7,4,7
eleven_12400,3,2,7,7,5,3
eleven_12401,3,2,7,7,5,4
eleven_12402,3,2,7,7,5,5
eleven_12403,3,2,7,7,5,6
eleven_12404,3,2,7,7,5,7
eleven_12405,3,2,0,1,0,7
eleven_12406,3,2,0,1,4,6
eleven_12407,3,2,0,1,4,7
eleven_12408,3,2,0,1,5,3
eleven_12409,3,2,0,1,5,4
eleven_12410,3,2,0,1,5,5
eleven_12411,3,2,0,1,5,6
eleven_12412,3,2,0,1,5,7
eleven_12413,3,2,0,2,0,7
eleven_12414,3,2,0,2,4,6
eleven_12415,3,2,0,2,4,7
eleven_12416,3,2,0,2,5,3
eleven_12417,3,2,0,2,5,4
eleven_12418,3,2,0,2,5,5
eleven_12419,3,2,0,2,5,6
eleven_12420,3,2,0,2,5,7
eleven_12421,3,2,0,0,4,6
eleven_12422,3,2,0,0,4,7
eleven_12423,3,2,0,0,5,3
eleven_12424,3,2,0,0,5,4
eleven_12425,3,2,0,0,5,5
eleven_12426,3,2,0,0,5,6
eleven_12427,3,2,0,0,5,7
eleven_12428,3,2,0,3,0,7
eleven_12429,3,2,0,3,1,7
eleven_12430,3,2,0,3,2,7
eleven_12431,3,2,0,3,3,7
eleven_12432,3,2,0,3,4,3
eleven_12433,3,2,0,3,4,4
eleven_12434,3,2,0,3,4,5
eleven_12435,3,2,0,3,4,6
eleven_12436,3,2,0,3,4,7
eleven_12437,3,2,0,3,5,3
eleven_12438,3,2,0,3,5,4
eleven_12439,3,2,0,3,5,5
eleven_12440,3,2,0,4,7,6
eleven_12441,3,2,0,4,0,6
eleven_12442,3,2,0,4,0,7
eleven_12443,3,2,0,4,1,4
eleven_12444,3,2,0,4,1,5
eleven_12445,3,2,0,4,1,6
eleven_12446,3,2,0,4,1,7
eleven_12447,3,2,0,4,2,4
eleven_12448,3,2,0,4,2,5
eleven_12449,3,2,0,4,2,6
eleven_12450,3,2,0,4,2,7
eleven_12451,3,2,0,4,3,4
eleven_12452,3,2,0,4,3,5
eleven_12453,3,2,0,4,3,6
eleven_12454,3,2,0,4,3,7
eleven_12455,3,2,0,4,4,4
eleven_12456,3,2,0,4,4,5
eleven_12457,3,2,0,4,4,6
eleven_12458,3,2,0,5,7,7
eleven_12459,3,2,0,5,0,7
eleven_12460,3,2,0,5,1,6
eleven_12461,3,2,0,5,1,7
eleven_12462,3,2,0,5,2,6
eleven_12463,3,2,0,5,2,7
eleven_12464,3,2,0,6,7,3
eleven_12465,3,2,0,6,4,6
eleven_12466,3,2,0,6,5,3
eleven_12467,3,2,0,6,5,4
eleven_12468,3,2,0,6,5,5
eleven_12469,3,2,0,6,5,6
eleven_12470,3,2,0,7,7,3
eleven_12471,3,2,0,7,7,4
eleven_12472,3,2,0,7,4,6
eleven_12473,3,2,0,7,4,7
eleven_12474,3,2,0,7,5,3
eleven_12475,3,2,0,7,5,4
eleven_12476,3,2,0,7,5,5
eleven_12477,3,2,0,7,5,6
eleven_12478,3,2,0,7,5,7
eleven_12479,3,2,1,1,0,7
eleven_12480,3,2,1,1,5,3
eleven_12481,3,2,1,1,5,4
eleven_12482,3,2,1,1,5,5
eleven_12483,3,2,1,1,5,6
eleven_12484,3,2,1,1,5,7
eleven_12485,3,2,1,2,0,7
eleven_12486,3,2,1,2,5,3
eleven_12487,3,2,1,2,5,4
eleven_12488,3,2,1,2,5,5
eleven_12489,3,2,1,2,5,6
eleven_12490,3,2,1,2,5,7
eleven_12491,3,2,1,0,5,3
eleven_12492,3,2,1,0,5,4
eleven_12493,3,2,1,0,5,5
eleven_12494,3,2,1,0,5,6
eleven_12495,3,2,1,0,5,7
eleven_12496,3,2,1,3,0,7
eleven_12497,3,2,1,3,1,7
eleven_12498,3,2,1,3,2,7
eleven_12499,3,2,1,3,3,7
eleven_12500,3,2,1,3,4,3
eleven_12501,3,2,1,3,4,4
eleven_12502,3,2,1,3,4,5
eleven_12503,3,2,1,3,4,6
eleven_12504,3,2,1,3,4,7
eleven_12505,3,2,1,3,5,3
eleven_12506,3,2,1,3,5,4
eleven_12507,3,2,1,3,5,5
eleven_12508,3,2,1,4,0,7
eleven_12509,3,2,1,4,1,7
eleven_12510,3,2,1,4,2,7
eleven_12511,3,2,1,4,3,4
eleven_12512,3,2,1,4,3,5
eleven_12513,3,2,1,4,3,6
eleven_12514,3,2,1,4,3,7
eleven_12515,3,2,1,4,4,4
eleven_12516,3,2,1,4,4,5
eleven_12517,3,2,1,4,4,6
eleven_12518,3,2,1,5,0,7
eleven_12519,3,2,1,5,1,7
eleven_12520,3,2,1,5,2,6
eleven_12521,3,2,1,5,2,7
eleven_12522,3,2,1,5,3,6
eleven_12523,3,2,1,5,3,7
eleven_12524,3,2,1,6,5,3
eleven_12525,3,2,1,6,5,4
eleven_12526,3,2,1,6,5,5
eleven_12527,3,2,1,6,5,6
eleven_12528,3,2,1,7,5,3
eleven_12529,3,2,1,7,5,4
eleven_12530,3,2,1,7,5,5
eleven_12531,3,2,1,7,5,6
eleven_12532,3,2,1,7,5,7
eleven_12533,3,2,2,1,0,7
eleven_12534,3,2,2,1,1,7
eleven_12535,3,2,2,1,2,7
eleven_12536,3,2,2,1,3,6
eleven_12537,3,2,2,1,3,7
eleven_12538,3,2,2,1,4,6
eleven_12539,3,2,2,1,4,7
eleven_12540,3,2,2,1,5,3
eleven_12541,3,2,2,1,5,4
eleven_12542,3,2,2,1,5,5
eleven_12543,3,2,2,1,5,6
eleven_12544,3,2,2,1,5,7
eleven_12545,3,2,2,2,0,7
eleven_12546,3,2,2,2,1,7
eleven_12547,3,2,2,2,2,7
eleven_12548,3,2,2,2,3,6
eleven_12549,3,2,2,2,3,7
eleven_12550,3,2,2,2,4,6
eleven_12551,3,2,2,2,4,7
eleven_12552,3,2,2,2,5,3
eleven_12553,3,2,2,2,5,4
eleven_12554,3,2,2,2,5,5
eleven_12555,3,2,2,2,5,6
eleven_12556,3,2,2,2,5,7
eleven_12557,3,2,2,3,1,4
eleven_12558,3,2,2,3,1,5
eleven_12559,3,2,2,3,1,6
eleven_12560,3,2,2,3,1,7
eleven_12561,3,2,2,3,2,4
eleven_12562,3,2,2,3,2,5
eleven_12563,3,2,2,3,2,6
eleven_12564,3,2,2,3,2,7
eleven_12565,3,2,2,3,3,3
eleven_12566,3,2,2,3,3,4
eleven_12567,3,2,2,3,3,5
eleven_12568,3,2,2,3,3,6
eleven_12569,3,2,2,3,3,7
eleven_12570,3,2,2,3,4,3
eleven_12571,3,2,2,3,4,4
eleven_12572,3,2,2,3,4,5
eleven_12573,3,2,2,3,4,6
eleven_12574,3,2,2,3,4,7
eleven_12575,3,2,2,3,5,3
eleven_12576,3,2,2,3,5,4
eleven_12577,3,2,2,3,5,5
eleven_12578,3,2,2,4,1,6
eleven_12579,3,2,2,4,1,7
eleven_12580,3,2,2,4,2,6
eleven_12581,3,2,2,4,2,7
eleven_12582,3,2,2,4,3,4
eleven_12583,3,2,2,4,3,5
eleven_12584,3,2,2,4,3,6
eleven_12585,3,2,2,4,3,7
eleven_12586,3,2,2,4,4,4
eleven_12587,3,2,2,4,4,5
eleven_12588,3,2,2,4,4,6
eleven_12589,3,2,2,5,1,7
eleven_12590,3,2,2,5,2,7
eleven_12591,3,2,2,5,3,6
eleven_12592,3,2,2,5,3,7
eleven_12593,3,2,2,6,4,6
eleven_12594,3,2,2,6,5,3
eleven_12595,3,2,2,6,5,4
eleven_12596,3,2,2,6,5,5
eleven_12597,3,2,2,6,5,6
eleven_12598,3,2,2,7,5,3
eleven_12599,3,2,2,7,5,4
eleven_12600,3,2,2,7,5,5
eleven_12601,3,2,2,7,5,6
eleven_12602,3,2,2,7,5,7
eleven_12603,3,2,3,1,7,3
eleven_12604,3,2,3,1,7,4
eleven_12605,3,2,3,1,7,5
eleven_12606,3,2,3,1,0,4
eleven_12607,3,2,3,1,0,5
eleven_12608,3,2,3,1,1,4
eleven_12609,3,2,3,1,1,5
eleven_12610,3,2,3,1,2,4
eleven_12611,3,2,3,1,2,5
eleven_12612,3,2,3,1,2,6
eleven_12613,3,2,3,1,3,2
eleven_12614,3,2,3,1,3,3
eleven_12615,3,2,3,1,3,4
eleven_12616,3,2,3,1,3,5
eleven_12617,3,2,3,1,3,6
eleven_12618,3,2,3,1,4,2
eleven_12619,3,2,3,1,4,3
eleven_12620,3,2,3,1,4,4
eleven_12621,3,2,3,1,4,5
eleven_12622,3,2,3,1,4,6
eleven_12623,3,2,3,2,7,3
eleven_12624,3,2,3,2,7,4
eleven_12625,3,2,3,2,7,5
eleven_12626,3,2,3,2,0,4
eleven_12627,3,2,3,2,0,5
eleven_12628,3,2,3,2,1,4
eleven_12629,3,2,3,2,1,5
eleven_12630,3,2,3,2,2,4
eleven_12631,3,2,3,2,2,5
eleven_12632,3,2,3,2,2,6
eleven_12633,3,2,3,2,3,2
eleven_12634,3,2,3,2,3,3
eleven_12635,3,2,3,2,3,4
eleven_12636,3,2,3,2,3,5
eleven_12637,3,2,3,2,3,6
eleven_12638,3,2,3,2,4,2
eleven_12639,3,2,3,2,4,3
eleven_12640,3,2,3,2,4,4
eleven_12641,3,2,3,2,4,5
eleven_12642,3,2,3,2,4,6
eleven_12643,3,2,3,0,6,3
eleven_12644,3,2,3,0,6,4
eleven_12645,3,2,3,0,6,5
eleven_12646,3,2,3,0,7,3
eleven_12647,3,2,3,0,7,4
eleven_12648,3,2,3,0,7,5
eleven_12649,3,2,3,0,0,4
eleven_12650,3,2,3,0,0,5
eleven_12651,3,2,3,0,1,4
eleven_12652,3,2,3,0,1,5
eleven_12653,3,2,3,0,2,4
eleven_12654,3,2,3,0,2,5
eleven_12655,3,2,3,0,2,6
eleven_12656,3,2,3,0,3,2
eleven_12657,3,2,3,0,3,3
eleven_12658,3,2,3,0,3,4
eleven_12659,3,2,3,0,3,5
eleven_12660,3,2,3,0,3,6
eleven_12661,3,2,3,0,4,2
eleven_12662,3,2,3,0,4,3
eleven_12663,3,2,3,0,4,4
eleven_12664,3,2,3,0,4,5
eleven_12665,3,2,3,0,4,6
eleven_12666,3,2,3,5,7,3
eleven_12667,3,2,3,5,7,4
eleven_12668,3,2,3,5,7,5
eleven_12669,3,2,3,5,0,4
eleven_12670,3,2,3,5,0,5
eleven_12671,3,2,3,5,0,6
eleven_12672,3,2,3,5,0,7
eleven_12673,3,2,3,5,1,7
eleven_12674,3,2,3,5,2,7
eleven_12675,3,2,3,5,3,2
eleven_12676,3,2,3,5,3,3
eleven_12677,3,2,3,5,4,2
eleven_12678,3,2,3,5,4,3
eleven_12679,3,2,3,5,4,4
eleven_12680,3,2,3,5,4,5
eleven_12681,3,2,3,6,6,4
eleven_12682,3,2,3,6,6,5
eleven_12683,3,2,3,6,6,6
eleven_12684,3,2,3,6,7,3
eleven_12685,3,2,3,6,7,4
eleven_12686,3,2,3,6,7,5
eleven_12687,3,2,3,6,7,6
eleven_12688,3,2,3,6,3,2
eleven_12689,3,2,3,6,3,3
eleven_12690,3,2,3,6,3,4
eleven_12691,3,2,3,6,4,2
eleven_12692,3,2,3,6,4,3
eleven_12693,3,2,3,6,4,4
eleven_12694,3,2,3,6,4,5
eleven_12695,3,2,3,6,4,6
eleven_12696,3,2,3,7,7,3
eleven_12697,3,2,3,7,7,4
eleven_12698,3,2,3,7,7,5
eleven_12699,3,2,3,7,7,6
eleven_12700,3,2,3,7,7,7
eleven_12701,3,2,3,7,0,4
eleven_12702,3,2,3,7,0,5
eleven_12703,3,2,3,7,0,6
eleven_12704,3,2,3,7,0,7
eleven_12705,3,2,3,7,1,4
eleven_12706,3,2,3,7,1,5
eleven_12707,3,2,3,7,2,4
eleven_12708,3,2,3,7,2,5
eleven_12709,3,2,3,7,3,2
eleven_12710,3,2,3,7,3,3
eleven_12711,3,2,3,7,3,4
eleven_12712,3,2,3,7,3,5
eleven_12713,3,2,3,7,4,2
eleven_12714,3,2,3,7,4,3
eleven_12715,3,2,3,7,4,4
eleven_12716,3,2,3,7,4,5
eleven_12717,3,2,4,1,0,7
eleven_12718,3,2,4,2,0,7
eleven_12719,3,2,4,0,6,3
eleven_12720,3,2,4,0,6,4
eleven_12721,3,2,4,0,6,5
eleven_12722,3,2,4,0,0,7
eleven_12723,3,2,4,3,0,7
eleven_12724,3,2,4,3,1,7
eleven_12725,3,2,4,3,2,7
eleven_12726,3,2,4,3,3,7
eleven_12727,3,2,4,4,7,4
eleven_12728,3,2,4,4,7,5
eleven_12729,3,2,4,4,7,6
eleven_12730,3,2,4,4,0,4
eleven_12731,3,2,4,4,0,5
eleven_12732,3,2,4,4,0,6
eleven_12733,3,2,4,4,0,7
eleven_12734,3,2,4,4,1,7
eleven_12735,3,2,4,4,2,7
eleven_12736,3,2,4,4,3,7
eleven_12737,3,2,4,5,0,6
eleven_12738,3,2,4,5,0,7
eleven_12739,3,2,4,5,1,6
eleven_12740,3,2,4,5,1,7
eleven_12741,3,2,4,5,2,7
eleven_12742,3,2,4,5,3,7
eleven_12743,3,2,4,5,4,3
eleven_12744,3,2,4,5,5,3
eleven_12745,3,2,4,5,5,4
eleven_12746,3,2,4,5,5,5
eleven_12747,3,2,4,6,6,4
eleven_12748,3,2,4,6,6,5
eleven_12749,3,2,4,6,6,6
eleven_12750,3,2,4,6,7,3
eleven_12751,3,2,4,7,7,3
eleven_12752,3,2,4,7,7,4
eleven_12753,3,2,5,1,0,7
eleven_12754,3,2,5,2,0,7
eleven_12755,3,2,5,0,6,3
eleven_12756,3,2,5,0,6,4
eleven_12757,3,2,5,0,6,5
eleven_12758,3,2,5,0,0,7
eleven_12759,3,2,5,3,0,7
eleven_12760,3,2,5,3,1,7
eleven_12761,3,2,5,3,2,7
eleven_12762,3,2,5,3,3,7
eleven_12763,3,2,5,3,4,5
eleven_12764,3,2,5,3,4,6
eleven_12765,3,2,5,3,4,7
eleven_12766,3,2,5,4,7,4
eleven_12767,3,2,5,4,7,5
eleven_12768,3,2,5,4,7,6
eleven_12769,3,2,5,4,0,4
eleven_12770,3,2,5,4,0,5
eleven_12771,3,2,5,4,0,6
eleven_12772,3,2,5,4,0,7
eleven_12773,3,2,5,4,1,4
eleven_12774,3,2,5,4,1,5
eleven_12775,3,2,5,4,1,6
eleven_12776,3,2,5,4,1,7
eleven_12777,3,2,5,4,2,7
eleven_12778,3,2,5,4,3,7
eleven_12779,3,2,5,5,1,6
eleven_12780,3,2,5,5,1,7
eleven_12781,3,2,5,5,2,6
eleven_12782,3,2,5,5,2,7
eleven_12783,3,2,5,5,3,7
eleven_12784,3,2,5,5,4,7
eleven_12785,3,2,5,6,6,4
eleven_12786,3,2,5,6,6,5
eleven_12787,3,2,5,6,6,6
eleven_12788,3,2,5,6,7,3
eleven_12789,3,2,5,6,7,4
eleven_12790,3,2,5,6,7,5
eleven_12791,3,2,5,6,7,6
eleven_12792,3,2,5,7,7,3
eleven_12793,3,2,5,7,7,4
eleven_12794,3,2,5,7,7,5
eleven_12795,3,2,5,7,7,6
eleven_12796,3,2,5,7,7,7
eleven_12797,3,2,6,1,0,7
eleven_12798,3,2,6,1,1,7
eleven_12799,3,2,6,1,2,7
eleven_12800,3,2,6,1,3,2
eleven_12801,3,2,6,1,3,7
eleven_12802,3,2,6,1,4,2
eleven_12803,3,2,6,1,4,6
eleven_12804,3,2,6,1,4,7
eleven_12805,3,2,6,1,5,3
eleven_12806,3,2,6,1,5,4
eleven_12807,3,2,6,1,5,5
eleven_12808,3,2,6,1,5,6
eleven_12809,3,2,6,1,5,7
eleven_12810,3,2,6,2,0,7
eleven_12811,3,2,6,2,1,7
eleven_12812,3,2,6,2,2,7
eleven_12813,3,2,6,2,3,2
eleven_12814,3,2,6,2,3,7
eleven_12815,3,2,6,2,4,6
eleven_12816,3,2,6,2,4,7
eleven_12817,3,2,6,2,5,3
eleven_12818,3,2,6,2,5,4
eleven_12819,3,2,6,2,5,5
eleven_12820,3,2,6,2,5,6
eleven_12821,3,2,6,2,5,7
eleven_12822,3,2,6,0,6,3
eleven_12823,3,2,6,0,6,4
eleven_12824,3,2,6,0,6,5
eleven_12825,3,2,6,0,0,7
eleven_12826,3,2,6,0,1,7
eleven_12827,3,2,6,0,2,7
eleven_12828,3,2,6,0,3,7
eleven_12829,3,2,6,0,4,6
eleven_12830,3,2,6,0,4,7
eleven_12831,3,2,6,0,5,5
eleven_12832,3,2,6,0,5,6
eleven_12833,3,2,6,0,5,7
eleven_12834,3,2,6,3,0,7
eleven_12835,3,2,6,3,1,7
eleven_12836,3,2,6,3,2,7
eleven_12837,3,2,6,3,3,7
eleven_12838,3,2,6,3,4,5
eleven_12839,3,2,6,3,4,6
eleven_12840,3,2,6,3,4,7
eleven_12841,3,2,6,3,5,5
eleven_12842,3,2,6,4,7,4
eleven_12843,3,2,6,4,7,5
eleven_12844,3,2,6,4,7,6
eleven_12845,3,2,6,4,0,4
eleven_12846,3,2,6,4,0,5
eleven_12847,3,2,6,4,0,6
eleven_12848,3,2,6,4,0,7
eleven_12849,3,2,6,4,1,4
eleven_12850,3,2,6,4,1,5
eleven_12851,3,2,6,4,1,6
eleven_12852,3,2,6,4,1,7
eleven_12853,3,2,6,4,2,4
eleven_12854,3,2,6,4,2,5
eleven_12855,3,2,6,4,2,6
eleven_12856,3,2,6,4,2,7
eleven_12857,3,2,6,4,3,4
eleven_12858,3,2,6,4,3,5
eleven_12859,3,2,6,4,3,6
eleven_12860,3,2,6,4,3,7
eleven_12861,3,2,6,4,4,6
eleven_12862,3,2,6,5,3,2
eleven_12863,3,2,6,5,3,6
eleven_12864,3,2,6,5,3,7
eleven_12865,3,2,6,5,4,2
eleven_12866,3,2,6,5,4,7
eleven_12867,3,2,6,5,5,7
eleven_12868,3,2,6,6,6,4
eleven_12869,3,2,6,6,6,5
eleven_12870,3,2,6,6,6,6
eleven_12871,3,2,6,6,7,3
eleven_12872,3,2,6,6,7,4
eleven_12873,3,2,6,6,7,5
eleven_12874,3,2,6,6,7,6
eleven_12875,3,2,6,6,3,2
eleven_12876,3,2,6,6,4,2
eleven_12877,3,2,6,6,5,3
eleven_12878,3,2,6,7,7,3
eleven_12879,3,2,6,7,7,4
eleven_12880,3,2,6,7,7,5
eleven_12881,3,2,6,7,7,6
eleven_12882,3,2,6,7,7,7
eleven_12883,3,2,6,7,0,7
eleven_12884,3,2,6,7,1,7
eleven_12885,3,2,6,7,2,7
eleven_12886,3,2,6,7,3,2
eleven_12887,3,2,6,7,3,7
eleven_12888,3,2,6,7,4,2
eleven_12889,3,2,6,7,5,3
eleven_12890,3,2,6,7,5,4
eleven_12891,3,2,6,7,5,5
eleven_12892,3,3,7,1,3,3
eleven_12893,3,3,7,1,3,4
eleven_12894,3,3,7,1,3,5
eleven_12895,3,3,7,1,4,3
eleven_12896,3,3,7,1,4,4
eleven_12897,3,3,7,1,4,5
eleven_12898,3,3,7,1,4,6
eleven_12899,3,3,7,2,3,2
eleven_12900,3,3,7,2,3,3
eleven_12901,3,3,7,2,3,4
eleven_12902,3,3,7,2,4,2
eleven_12903,3,3,7,2,4,3
eleven_12904,3,3,7,2,4,4
eleven_12905,3,3,7,2,4,5
eleven_12906,3,3,7,0,3,2
eleven_12907,3,3,7,0,3,3
eleven_12908,3,3,7,0,3,4
eleven_12909,3,3,7,0,4,2
eleven_12910,3,3,7,0,4,3
eleven_12911,3,3,7,0,4,4
eleven_12912,3,3,7,0,4,5
eleven_12913,3,3,7,3,3,2
eleven_12914,3,3,7,3,3,3
eleven_12915,3,3,7,3,3,4
eleven_12916,3,3,7,3,4,2
eleven_12917,3,3,7,3,4,3
eleven_12918,3,3,7,3,4,4
eleven_12919,3,3,7,3,4,5
eleven_12920,3,3,7,4,3,4
eleven_12921,3,3,7,5,3,2
eleven_12922,3,3,7,5,3,4
eleven_12923,3,3,7,5,4,2
eleven_12924,3,3,7,6,3,3
eleven_12925,3,3,7,6,3,4
eleven_12926,3,3,7,6,4,3
eleven_12927,3,3,7,6,4,4
eleven_12928,3,3,7,6,4,5
eleven_12929,3,3,7,7,3,3
eleven_12930,3,3,7,7,3,4
eleven_12931,3,3,7,7,4,3
eleven_12932,3,3,7,7,4,4
eleven_12933,3,3,7,7,4,5
eleven_12934,3,3,0,1,3,3
eleven_12935,3,3,0,1,3,4
eleven_12936,3,3,0,1,3,5
eleven_12937,3,3,0,1,4,3
eleven_12938,3,3,0,1,4,4
eleven_12939,3,3,0,1,4,5
eleven_12940,3,3,0,1,4,6
eleven_12941,3,3,0,2,3,2
eleven_12942,3,3,0,2,3,3
eleven_12943,3,3,0,2,3,4
eleven_12944,3,3,0,2,3,5
eleven_12945,3,3,0,2,4,2
eleven_12946,3,3,0,2,4,3
eleven_12947,3,3,0,2,4,4
eleven_12948,3,3,0,2,4,5
eleven_12949,3,3,0,2,4,6
eleven_12950,3,3,0,0,3,2
eleven_12951,3,3,0,0,3,3
eleven_12952,3,3,0,0,3,4
eleven_12953,3,3,0,0,4,2
eleven_12954,3,3,0,0,4,3
eleven_12955,3,3,0,0,4,4
eleven_12956,3,3,0,0,4,5
eleven_12957,3,3,0,3,3,2
eleven_12958,3,3,0,3,3,3
eleven_12959,3,3,0,3,3,4
eleven_12960,3,3,0,3,4,2
eleven_12961,3,3,0,3,4,3
eleven_12962,3,3,0,3,4,4
eleven_12963,3,3,0,3,4,5
eleven_12964,3,3,0,4,3,4
eleven_12965,3,3,0,5,3,2
eleven_12966,3,3,0,5,3,4
eleven_12967,3,3,0,5,4,2
eleven_12968,3,3,0,6,3,3
eleven_12969,3,3,0,6,3,4
eleven_12970,3,3,0,6,4,3
eleven_12971,3,3,0,6,4,4
eleven_12972,3,3,0,6,4,5
eleven_12973,3,3,0,7,3,3
eleven_12974,3,3,0,7,3,4
eleven_12975,3,3,0,7,4,3
eleven_12976,3,3,0,7,4,4
eleven_12977,3,3,0,7,4,5
eleven_12978,3,3,1,1,3,3
eleven_12979,3,3,1,1,3,4
eleven_12980,3,3,1,1,3,5
eleven_12981,3,3,1,1,4,3
eleven_12982,3,3,1,1,4,4
eleven_12983,3,3,1,1,4,5
eleven_12984,3,3,1,1,4,6
eleven_12985,3,3,1,2,3,2
eleven_12986,3,3,1,2,3,3
eleven_12987,3,3,1,2,3,4
eleven_12988,3,3,1,2,3,5
eleven_12989,3,3,1,2,4,2
eleven_12990,3,3,1,2,4,3
eleven_12991,3,3,1,2,4,4
eleven_12992,3,3,1,2,4,5
eleven_12993,3,3,1,2,4,6
eleven_12994,3,3,1,0,3,2
eleven_12995,3,3,1,0,3,3
eleven_12996,3,3,1,0,3,5
eleven_12997,3,3,1,0,4,2
eleven_12998,3,3,1,0,4,3
eleven_12999,3,3,1,3,3,2
eleven_13000,3,3,1,3,3,3
eleven_13001,3,3,1,3,3,4
eleven_13002,3,3,1,3,4,2
eleven_13003,3,3,1,3,4,3
eleven_13004,3,3,1,3,4,4
eleven_13005,3,3,1,3,4,5
eleven_13006,3,3,1,4,3,4
eleven_13007,3,3,1,5,3,2
eleven_13008,3,3,1,5,3,4
eleven_13009,3,3,1,5,4,2
eleven_13010,3,3,1,6,3,3
eleven_13011,3,3,1,6,4,3
eleven_13012,3,3,1,7,3,3
eleven_13013,3,3,1,7,3,4
eleven_13014,3,3,1,7,4,3
eleven_13015,3,3,1,7,4,4
eleven_13016,3,3,1,7,4,5
eleven_13017,3,3,2,1,3,3
eleven_13018,3,3,2,1,3,4
eleven_13019,3,3,2,1,3,5
eleven_13020,3,3,2,1,4,3
eleven_13021,3,3,2,1,4,4
eleven_13022,3,3,2,1,4,5
eleven_13023,3,3,2,2,3,0
eleven_13024,3,3,2,2,3,2
eleven_13025,3,3,2,2,3,3
eleven_13026,3,3,2,2,3,4
eleven_13027,3,3,2,2,3,5
eleven_13028,3,3,2,2,4,0
eleven_13029,3,3,2,2,4,2
eleven_13030,3,3,2,2,4,3
eleven_13031,3,3,2,2,4,4
eleven_13032,3,3,2,2,4,5
eleven_13033,3,3,2,0,3,3
eleven_13034,3,3,2,0,3,5
eleven_13035,3,3,2,0,4,5
eleven_13036,3,3,2,5,3,2
eleven_13037,3,3,2,5,3,3
eleven_13038,3,3,2,5,3,4
eleven_13039,3,3,2,5,4,2
eleven_13040,3,3,2,5,4,3
eleven_13041,3,3,2,5,4,4
eleven_13042,3,3,2,5,4,5
eleven_13043,3,3,2,6,3,3
eleven_13044,3,3,2,6,3,4
eleven_13045,3,3,2,6,4,3
eleven_13046,3,3,2,6,4,4
eleven_13047,3,3,2,6,4,5
eleven_13048,3,3,2,7,3,3
eleven_13049,3,3,2,7,3,4
eleven_13050,3,3,2,7,4,3
eleven_13051,3,3,2,7,4,4
eleven_13052,3,3,2,7,4,5
eleven_13053,3,3,3,1,3,3
eleven_13054,3,3,3,1,3,5
eleven_13055,3,3,3,1,4,3
eleven_13056,3,3,3,1,4,4
eleven_13057,3,3,3,1,4,5
eleven_13058,3,3,3,2,3,3
eleven_13059,3,3,3,2,3,5
eleven_13060,3,3,3,2,4,3
eleven_13061,3,3,3,2,4,4
eleven_13062,3,3,3,2,4,5
eleven_13063,3,3,3,0,3,3
eleven_13064,3,3,3,0,3,5
eleven_13065,3,3,3,0,4,3
eleven_13066,3,3,3,0,4,4
eleven_13067,3,3,3,0,4,5
eleven_13068,3,3,3,4,3,2
eleven_13069,3,3,3,4,3,4
eleven_13070,3,3,3,4,4,2
eleven_13071,3,3,3,4,4,3
eleven_13072,3,3,3,4,4,4
eleven_13073,3,3,3,5,3,3
eleven_13074,3,3,3,5,4,3
eleven_13075,3,3,3,5,4,4
eleven_13076,3,3,3,5,4,5
eleven_13077,3,3,3,6,3,3
eleven_13078,3,3,3,6,4,3
eleven_13079,3,3,3,6,4,4
eleven_13080,3,3,3,6,4,5
eleven_13081,3,3,3,7,3,3
eleven_13082,3,3,3,7,4,3
eleven_13083,3,3,3,7,4,4
eleven_13084,3,3,3,7,4,5
eleven_13085,3,3,4,3,3,5
eleven_13086,3,3,5,1,3,3
eleven_13087,3,3,5,1,3,4
eleven_13088,3,3,5,1,3,5
eleven_13089,3,3,5,1,4,3
eleven_13090,3,3,5,1,4,4
eleven_13091,3,3,5,1,4,5
eleven_13092,3,3,5,1,4,6
eleven_13093,3,3,5,2,2,0
eleven_13094,3,3,5,2,3,3
eleven_13095,3,3,5,2,3,4
eleven_13096,3,3,5,2,3,5
eleven_13097,3,3,5,2,4,3
eleven_13098,3,3,5,2,4,4
eleven_13099,3,3,5,2,4,5
eleven_13100,3,3,5,2,4,6
eleven_13101,3,3,5,0,3,5
eleven_13102,3,3,5,3,3,5
eleven_13103,3,3,5,3,4,5
eleven_13104,3,3,5,3,4,6
eleven_13105,3,3,5,5,3,2
eleven_13106,3,3,5,5,4,2
eleven_13107,3,3,5,6,3,3
eleven_13108,3,3,5,6,4,3
eleven_13109,3,3,5,7,3,3
eleven_13110,3,3,5,7,3,4
eleven_13111,3,3,5,7,4,3
eleven_13112,3,3,5,7,4,4
eleven_13113,3,3,6,1,3,3
eleven_13114,3,3,6,1,3,4
eleven_13115,3,3,6,1,3,5
eleven_13116,3,3,6,1,4,3
eleven_13117,3,3,6,1,4,4
eleven_13118,3,3,6,1,4,5
eleven_13119,3,3,6,1,4,6
eleven_13120,3,3,6,2,3,0
eleven_13121,3,3,6,2,3,2
eleven_13122,3,3,6,2,3,3
eleven_13123,3,3,6,2,3,4
eleven_13124,3,3,6,2,3,5
eleven_13125,3,3,6,2,4,3
eleven_13126,3,3,6,2,4,4
eleven_13127,3,3,6,2,4,5
eleven_13128,3,3,6,2,4,6
eleven_13129,3,3,6,2,5,3
eleven_13130,3,3,6,0,3,5
eleven_13131,3,3,6,0,4,5
eleven_13132,3,3,6,0,4,6
eleven_13133,3,3,6,3,3,3
eleven_13134,3,3,6,3,3,4
eleven_13135,3,3,6,3,3,5
eleven_13136,3,3,6,3,4,5
eleven_13137,3,3,6,3,4,6
eleven_13138,3,3,6,3,5,5
eleven_13139,3,3,6,4,3,2
eleven_13140,3,3,6,4,3,3
eleven_13141,3,3,6,4,3,4
eleven_13142,3,3,6,4,3,5
eleven_13143,3,3,6,4,4,2
eleven_13144,3,3,6,4,5,2
eleven_13145,3,3,6,5,3,2
eleven_13146,3,3,6,5,4,2
eleven_13147,3,3,6,6,3,3
eleven_13148,3,3,6,6,4,3
eleven_13149,3,3,6,7,3,3
eleven_13150,3,3,6,7,3,4
eleven_13151,3,3,6,7,3,5
eleven_13152,3,3,6,7,4,3
eleven_13153,3,3,6,7,4,4
eleven_13154,3,3,6,7,4,5
eleven_13155,3,3,6,7,5,5
twelve_13156,0,0,7,2,5,0
twelve_13157,0,0,7,3,0,1
twelve_13158,0,0,7,3,1,1
twelve_13159,0,0,7,3,2,1
twelve_13160,0,0,7,3,2,0
twelve_13161,0,0,7,3,2,2
twelve_13162,0,0,7,3,3,0
twelve_13163,0,0,7,3,3,2
twelve_13164,0,0,7,4,0,1
twelve_13165,0,0,7,4,1,1
twelve_13166,0,0,7,4,2,1
twelve_13167,0,0,7,4,5,0
twelve_13168,0,0,7,5,0,1
twelve_13169,0,0,7,5,1,1
twelve_13170,0,0,7,5,2,1
twelve_13171,0,0,7,5,5,0
twelve_13172,0,0,7,5,5,6
twelve_13173,0,0,7,6,0,1
twelve_13174,0,0,7,6,1,1
twelve_13175,0,0,7,6,2,1
twelve_13176,0,0,7,6,5,0
twelve_13177,0,0,7,7,0,1
twelve_13178,0,0,7,7,1,1
twelve_13179,0,0,7,7,2,1
twelve_13180,0,0,7,7,5,0
twelve_13181,0,0,0,1,5,0
twelve_13182,0,0,0,2,5,0
twelve_13183,0,0,0,3,2,0
twelve_13184,0,0,0,3,3,0
twelve_13185,0,0,0,3,3,2
twelve_13186,0,0,0,4,5,0
twelve_13187,0,0,0,5,5,0
twelve_13188,0,0,0,5,5,6
twelve_13189,0,0,0,6,5,0
twelve_13190,0,0,0,7,5,0
twelve_13191,0,0,1,1,5,0
twelve_13192,0,0,1,2,5,0
twelve_13193,0,0,1,3,0,1
twelve_13194,0,0,1,3,1,1
twelve_13195,0,0,1,3,2,1
twelve_13196,0,0,1,3,3,0
twelve_13197,0,0,1,3,3,2
twelve_13198,0,0,1,4,5,0
twelve_13199,0,0,1,5,5,0
twelve_13200,0,0,1,6,5,0
twelve_13201,0,0,1,7,5,0
twelve_13202,0,0,2,1,5,0
twelve_13203,0,0,2,2,5,0
twelve_13204,0,0,2,3,2,0
twelve_13205,0,0,2,3,3,0
twelve_13206,0,0,2,3,3,2
twelve_13207,0,0,2,4,5,0
twelve_13208,0,0,2,5,5,0
twelve_13209,0,0,2,6,5,0
twelve_13210,0,0,2,7,0,0
twelve_13211,0,0,2,7,5,0
twelve_13212,0,0,3,1,5,1
twelve_13213,0,0,3,3,0,1
twelve_13214,0,0,3,3,1,1
twelve_13215,0,0,3,3,2,1
twelve_13216,0,0,3,3,3,1
twelve_13217,0,0,3,3,4,1
twelve_13218,0,0,3,3,5,1
twelve_13219,0,0,3,3,5,0
twelve_13220,0,0,3,3,5,2
twelve_13221,0,0,3,4,3,1
twelve_13222,0,0,3,4,4,1
twelve_13223,0,0,3,4,5,1
twelve_13224,0,0,3,5,5,1
twelve_13225,0,0,3,6,5,1
twelve_13226,0,0,3,7,5,1
twelve_13227,0,0,4,1,0,1
twelve_13228,0,0,4,1,4,4
twelve_13229,0,0,4,1,4,5
twelve_13230,0,0,4,1,4,6
twelve_13231,0,0,4,1,5,4
twelve_13232,0,0,4,1,5,5
twelve_13233,0,0,4,1,5,6
twelve_13234,0,0,4,1,5,7
twelve_13235,0,0,4,2,5,7
twelve_13236,0,0,4,3,0,1
twelve_13237,0,0,4,3,4,1
twelve_13238,0,0,4,3,4,0
twelve_13239,0,0,4,3,5,1
twelve_13240,0,0,4,3,5,0
twelve_13241,0,0,4,3,5,2
twelve_13242,0,0,4,4,0,1
twelve_13243,0,0,4,5,0,1
twelve_13244,0,0,4,6,0,1
twelve_13245,0,0,4,6,4,1
twelve_13246,0,0,4,6,5,1
twelve_13247,0,0,4,7,0,1
twelve_13248,0,0,4,7,4,1
twelve_13249,0,0,4,7,4,0
twelve_13250,0,0,4,7,4,2
twelve_13251,0,0,4,7,5,1
twelve_13252,0,0,4,7,5,0
twelve_13253,0,0,4,7,5,2
twelve_13254,0,0,5,1,1,1
twelve_13255,0,0,5,3,1,1
twelve_13256,0,0,5,3,2,1
twelve_13257,0,0,5,3,3,1
twelve_13258,0,0,5,3,4,1
twelve_13259,0,0,5,4,1,1
twelve_13260,0,0,5,5,1,1
twelve_13261,0,0,5,6,1,1
twelve_13262,0,0,5,7,1,1
twelve_13263,0,0,6,3,1,0
twelve_13264,0,0,6,3,1,2
twelve_13265,0,0,6,3,2,0
twelve_13266,0,0,6,3,2,2
twelve_13267,0,0,6,3,3,1
twelve_13268,0,0,6,3,3,0
twelve_13269,0,0,6,3,3,2
twelve_13270,0,0,6,3,4,1
twelve_13271,0,0,6,3,4,0
twelve_13272,0,0,6,3,5,1
twelve_13273,0,0,6,3,5,0
twelve_13274,1,0,7,1,6,7
twelve_13275,1,0,7,1,3,0
twelve_13276,1,0,7,2,6,2
twelve_13277,1,0,7,2,6,3
twelve_13278,1,0,7,2,6,4
twelve_13279,1,0,7,2,7,7
twelve_13280,1,0,7,2,3,0
twelve_13281,1,0,7,0,7,7
twelve_13282,1,0,7,3,7,7
twelve_13283,1,0,7,4,6,7
twelve_13284,1,0,7,4,3,0
twelve_13285,1,0,7,4,4,2
twelve_13286,1,0,7,4,4,3
twelve_13287,1,0,7,5,6,2
twelve_13288,1,0,7,5,2,6
twelve_13289,1,0,7,5,2,7
twelve_13290,1,0,7,5,3,0
twelve_13291,1,0,7,5,3,6
twelve_13292,1,0,7,5,3,7
twelve_13293,1,0,7,5,4,6
twelve_13294,1,0,7,5,4,7
twelve_13295,1,0,7,5,5,6
twelve_13296,1,0,7,5,5,7
twelve_13297,1,0,7,6,6,3
twelve_13298,1,0,7,6,3,0
twelve_13299,1,0,7,7,3,0
twelve_13300,1,0,7,7,5,2
twelve_13301,1,0,0,2,7,7
twelve_13302,1,0,0,2,3,0
twelve_13303,1,0,0,0,7,7
twelve_13304,1,0,0,3,7,7
twelve_13305,1,0,0,4,3,0
twelve_13306,1,0,0,4,4,2
twelve_13307,1,0,0,4,4,3
twelve_13308,1,0,0,5,3,0
twelve_13309,1,0,0,5,5,6
twelve_13310,1,0,0,5,5,7
twelve_13311,1,0,0,6,3,0
twelve_13312,1,0,0,7,3,0
twelve_13313,1,0,0,7,5,2
twelve_13314,1,0,1,1,5,2
twelve_13315,1,0,1,3,1,1
twelve_13316,1,0,1,3,2,1
twelve_13317,1,0,1,4,4,2
twelve_13318,1,0,1,4,4,3
twelve_13319,1,0,1,7,5,2
twelve_13320,1,0,2,1,6,2
twelve_13321,1,0,2,1,6,3
twelve_13322,1,0,2,1,6,4
twelve_13323,1,0,2,1,7,2
twelve_13324,1,0,2,1,7,3
twelve_13325,1,0,2,1,7,4
twelve_13326,1,0,2,1,7,5
twelve_13327,1,0,2,1,0,2
twelve_13328,1,0,2,1,0,3
twelve_13329,1,0,2,1,0,4
twelve_13330,1,0,2,1,0,5
twelve_13331,1,0,2,1,5,2
twelve_13332,1,0,2,2,6,2
twelve_13333,1,0,2,2,6,3
twelve_13334,1,0,2,2,6,4
twelve_13335,1,0,2,2,7,2
twelve_13336,1,0,2,2,7,3
twelve_13337,1,0,2,2,7,4
twelve_13338,1,0,2,2,7,5
twelve_13339,1,0,2,2,0,3
twelve_13340,1,0,2,2,0,4
twelve_13341,1,0,2,2,0,5
twelve_13342,1,0,2,0,6,2
twelve_13343,1,0,2,0,6,3
twelve_13344,1,0,2,0,6,4
twelve_13345,1,0,2,0,7,2
twelve_13346,1,0,2,0,7,3
twelve_13347,1,0,2,0,7,4
twelve_13348,1,0,2,0,7,5
twelve_13349,1,0,2,0,0,4
twelve_13350,1,0,2,0,0,5
twelve_13351,1,0,2,3,7,2
twelve_13352,1,0,2,3,1,0
twelve_13353,1,0,2,3,2,0
twelve_13354,1,0,2,3,3,0
twelve_13355,1,0,2,3,3,2
twelve_13356,1,0,2,4,6,2
twelve_13357,1,0,2,4,6,3
twelve_13358,1,0,2,4,6,4
twelve_13359,1,0,2,4,6,5
twelve_13360,1,0,2,4,6,6
twelve_13361,1,0,2,4,6,7
twelve_13362,1,0,2,4,7,7
twelve_13363,1,0,2,4,0,7
twelve_13364,1,0,2,5,6,2
twelve_13365,1,0,2,5,6,6
twelve_13366,1,0,2,5,6,7
twelve_13367,1,0,2,5,7,6
twelve_13368,1,0,2,5,7,7
twelve_13369,1,0,2,5,0,7
twelve_13370,1,0,2,6,6,3
twelve_13371,1,0,2,6,6,4
twelve_13372,1,0,2,6,6,5
twelve_13373,1,0,2,6,6,6
twelve_13374,1,0,2,6,7,2
twelve_13375,1,0,2,6,7,3
twelve_13376,1,0,2,6,0,2
twelve_13377,1,0,2,6,0,3
twelve_13378,1,0,2,7,6,5
twelve_13379,1,0,2,7,6,6
twelve_13380,1,0,2,7,6,7
twelve_13381,1,0,2,7,7,4
twelve_13382,1,0,2,7,7,5
twelve_13383,1,0,2,7,7,6
twelve_13384,1,0,2,7,7,7
twelve_13385,1,0,2,7,0,4
twelve_13386,1,0,2,7,0,5
twelve_13387,1,0,2,7,5,2
twelve_13388,1,0,3,1,6,2
twelve_13389,1,0,3,1,6,3
twelve_13390,1,0,3,1,6,4
twelve_13391,1,0,3,1,7,7
twelve_13392,1,0,3,1,4,1
twelve_13393,1,0,3,1,5,0
twelve_13394,1,0,3,1,5,2
twelve_13395,1,0,3,2,6,2
twelve_13396,1,0,3,2,6,3
twelve_13397,1,0,3,2,6,4
twelve_13398,1,0,3,2,7,7
twelve_13399,1,0,3,2,5,0
twelve_13400,1,0,3,0,7,7
twelve_13401,1,0,3,3,6,2
twelve_13402,1,0,3,3,7,7
twelve_13403,1,0,3,3,1,1
twelve_13404,1,0,3,3,2,1
twelve_13405,1,0,3,3,3,6
twelve_13406,1,0,3,3,3,7
twelve_13407,1,0,3,3,4,6
twelve_13408,1,0,3,3,4,7
twelve_13409,1,0,3,3,5,3
twelve_13410,1,0,3,3,5,4
twelve_13411,1,0,3,3,5,5
twelve_13412,1,0,3,3,5,6
twelve_13413,1,0,3,3,5,7
twelve_13414,1,0,3,4,6,5
twelve_13415,1,0,3,4,6,6
twelve_13416,1,0,3,4,6,7
twelve_13417,1,0,3,4,5,0
twelve_13418,1,0,3,5,6,2
twelve_13419,1,0,3,5,3,1
twelve_13420,1,0,3,5,4,1
twelve_13421,1,0,3,5,5,0
twelve_13422,1,0,3,6,6,3
twelve_13423,1,0,3,6,3,1
twelve_13424,1,0,3,6,4,1
twelve_13425,1,0,3,6,5,0
twelve_13426,1,0,3,7,3,1
twelve_13427,1,0,3,7,4,1
twelve_13428,1,0,3,7,5,0
twelve_13429,1,0,3,7,5,2
twelve_13430,1,0,4,1,6,2
twelve_13431,1,0,4,1,6,3
twelve_13432,1,0,4,1,6,4
twelve_13433,1,0,4,1,7,7
twelve_13434,1,0,4,1,4,2
twelve_13435,1,0,4,1,4,4
twelve_13436,1,0,4,1,4,6
twelve_13437,1,0,4,1,5,1
twelve_13438,1,0,4,1,5,0
twelve_13439,1,0,4,1,5,2
twelve_13440,1,0,4,1,5,3
twelve_13441,1,0,4,1,5,4
twelve_13442,1,0,4,1,5,5
twelve_13443,1,0,4,1,5,6
twelve_13444,1,0,4,1,5,7
twelve_13445,1,0,4,2,6,2
twelve_13446,1,0,4,2,6,3
twelve_13447,1,0,4,2,6,4
twelve_13448,1,0,4,2,7,7
twelve_13449,1,0,4,2,4,4
twelve_13450,1,0,4,2,4,5
twelve_13451,1,0,4,2,4,6
twelve_13452,1,0,4,2,5,4
twelve_13453,1,0,4,2,5,5
twelve_13454,1,0,4,2,5,6
twelve_13455,1,0,4,2,5,7
twelve_13456,1,0,4,0,7,7
twelve_13457,1,0,4,0,4,6
twelve_13458,1,0,4,0,4,7
twelve_13459,1,0,4,0,5,6
twelve_13460,1,0,4,0,5,7
twelve_13461,1,0,4,3,6,2
twelve_13462,1,0,4,3,7,7
twelve_13463,1,0,4,3,0,2
twelve_13464,1,0,4,3,2,0
twelve_13465,1,0,4,3,3,0
twelve_13466,1,0,4,3,4,6
twelve_13467,1,0,4,3,5,6
twelve_13468,1,0,4,4,6,7
twelve_13469,1,0,4,4,4,0
twelve_13470,1,0,4,4,4,2
twelve_13471,1,0,4,4,5,0
twelve_13472,1,0,4,4,5,2
twelve_13473,1,0,4,4,5,3
twelve_13474,1,0,4,5,6,2
twelve_13475,1,0,4,5,4,2
twelve_13476,1,0,4,6,6,3
twelve_13477,1,0,4,6,4,1
twelve_13478,1,0,4,6,4,2
twelve_13479,1,0,4,6,5,1
twelve_13480,1,0,4,6,5,0
twelve_13481,1,0,4,6,5,2
twelve_13482,1,0,4,7,4,1
twelve_13483,1,0,4,7,4,2
twelve_13484,1,0,4,7,4,4
twelve_13485,1,0,4,7,5,1
twelve_13486,1,0,4,7,5,0
twelve_13487,1,0,4,7,5,2
twelve_13488,1,0,4,7,5,3
twelve_13489,1,0,4,7,5,4
twelve_13490,1,0,5,1,6,2
twelve_13491,1,0,5,1,6,3
twelve_13492,1,0,5,1,6,4
twelve_13493,1,0,5,1,7,7
twelve_13494,1,0,5,1,2,1
twelve_13495,1,0,5,2,6,2
twelve_13496,1,0,5,2,6,3
twelve_13497,1,0,5,2,6,4
twelve_13498,1,0,5,2,7,7
twelve_13499,1,0,5,0,7,7
twelve_13500,1,0,5,3,6,2
twelve_13501,1,0,5,3,7,7
twelve_13502,1,0,5,3,0,2
twelve_13503,1,0,5,3,2,0
twelve_13504,1,0,5,3,2,2
twelve_13505,1,0,5,4,6,7
twelve_13506,1,0,5,4,2,1
twelve_13507,1,0,5,4,3,1
twelve_13508,1,0,5,4,4,1
twelve_13509,1,0,5,5,6,2
twelve_13510,1,0,5,5,6,6
twelve_13511,1,0,5,5,6,7
twelve_13512,1,0,5,5,2,1
twelve_13513,1,0,5,5,3,1
twelve_13514,1,0,5,5,4,1
twelve_13515,1,0,5,6,6,3
twelve_13516,1,0,5,6,2,1
twelve_13517,1,0,5,6,3,1
twelve_13518,1,0,5,6,4,1
twelve_13519,1,0,5,7,2,1
twelve_13520,1,0,5,7,3,1
twelve_13521,1,0,5,7,4,1
twelve_13522,1,0,6,1,6,2
twelve_13523,1,0,6,1,6,3
twelve_13524,1,0,6,1,6,4
twelve_13525,1,0,6,1,7,7
twelve_13526,1,0,6,1,3,1
twelve_13527,1,0,6,2,6,2
twelve_13528,1,0,6,2,6,3
twelve_13529,1,0,6,2,6,4
twelve_13530,1,0,6,2,7,7
twelve_13531,1,0,6,0,7,7
twelve_13532,1,0,6,3,6,2
twelve_13533,1,0,6,3,7,2
twelve_13534,1,0,6,3,7,7
twelve_13535,1,0,6,3,0,2
twelve_13536,1,0,6,3,1,0
twelve_13537,1,0,6,3,1,2
twelve_13538,1,0,6,4,6,7
twelve_13539,1,0,6,4,3,1
twelve_13540,1,0,6,4,3,0
twelve_13541,1,0,6,4,4,1
twelve_13542,1,0,6,4,4,0
twelve_13543,1,0,6,4,5,1
twelve_13544,1,0,6,4,5,0
twelve_13545,1,0,6,5,6,2
twelve_13546,1,0,6,5,6,6
twelve_13547,1,0,6,5,6,7
twelve_13548,1,0,6,5,7,6
twelve_13549,1,0,6,5,7,7
twelve_13550,1,0,6,5,0,6
twelve_13551,1,0,6,5,0,7
twelve_13552,1,0,6,5,3,1
twelve_13553,1,0,6,5,4,1
twelve_13554,1,0,6,5,5,1
twelve_13555,1,0,6,6,6,3
twelve_13556,1,0,6,6,3,1
twelve_13557,1,0,6,6,4,1
twelve_13558,1,0,6,6,5,1
twelve_13559,1,0,6,7,3,1
twelve_13560,1,0,6,7,4,1
twelve_13561,1,0,6,7,5,1
twelve_13562,1,1,7,1,1,0
twelve_13563,1,1,7,1,2,0
twelve_13564,1,1,7,1,3,0
twelve_13565,1,1,7,1,5,2
twelve_13566,1,1,7,1,5,3
twelve_13567,1,1,7,1,5,4
twelve_13568,1,1,7,1,5,5
twelve_13569,1,1,7,1,5,6
twelve_13570,1,1,7,1,5,7
twelve_13571,1,1,7,2,1,0
twelve_13572,1,1,7,2,2,0
twelve_13573,1,1,7,2,3,0
twelve_13574,1,1,7,4,1,0
twelve_13575,1,1,7,4,2,0
twelve_13576,1,1,7,4,3,0
twelve_13577,1,1,7,4,3,2
twelve_13578,1,1,7,4,3,3
twelve_13579,1,1,7,4,4,2
twelve_13580,1,1,7,4,4,3
twelve_13581,1,1,7,4,4,5
twelve_13582,1,1,7,5,1,0
twelve_13583,1,1,7,5,2,0
twelve_13584,1,1,7,5,3,0
twelve_13585,1,1,7,6,1,0
twelve_13586,1,1,7,6,2,0
twelve_13587,1,1,7,6,3,0
twelve_13588,1,1,7,7,1,0
twelve_13589,1,1,7,7,2,0
twelve_13590,1,1,7,7,3,0
twelve_13591,1,1,7,7,5,2
twelve_13592,1,1,0,1,5,4
twelve_13593,1,1,0,1,5,5
twelve_13594,1,1,0,1,5,6
twelve_13595,1,1,0,1,5,7
twelve_13596,1,1,0,4,1,0
twelve_13597,1,1,0,4,2,0
twelve_13598,1,1,0,4,3,0
twelve_13599,1,1,0,4,3,2
twelve_13600,1,1,0,4,3,3
twelve_13601,1,1,0,4,4,2
twelve_13602,1,1,0,4,4,3
twelve_13603,1,1,0,5,1,0
twelve_13604,1,1,0,5,2,0
twelve_13605,1,1,0,5,3,0
twelve_13606,1,1,0,6,1,0
twelve_13607,1,1,0,6,2,0
twelve_13608,1,1,0,6,3,0
twelve_13609,1,1,0,7,1,0
twelve_13610,1,1,0,7,2,0
twelve_13611,1,1,0,7,3,0
twelve_13612,1,1,0,7,5,2
twelve_13613,1,1,1,1,3,0
twelve_13614,1,1,1,1,5,2
twelve_13615,1,1,1,1,5,3
twelve_13616,1,1,1,1,5,4
twelve_13617,1,1,1,1,5,5
twelve_13618,1,1,1,1,5,6
twelve_13619,1,1,1,1,5,7
twelve_13620,1,1,1,2,3,0
twelve_13621,1,1,1,2,5,7
twelve_13622,1,1,1,4,3,0
twelve_13623,1,1,1,4,3,2
twelve_13624,1,1,1,4,3,3
twelve_13625,1,1,1,4,4,2
twelve_13626,1,1,1,4,4,3
twelve_13627,1,1,1,5,3,0
twelve_13628,1,1,1,6,3,0
twelve_13629,1,1,1,7,3,0
twelve_13630,1,1,1,7,5,2
twelve_13631,1,1,2,1,5,2
twelve_13632,1,1,2,1,5,3
twelve_13633,1,1,2,1,5,4
twelve_13634,1,1,2,1,5,5
twelve_13635,1,1,2,1,5,6
twelve_13636,1,1,2,1,5,7
twelve_13637,1,1,2,2,5,7
twelve_13638,1,1,2,4,1,0
twelve_13639,1,1,2,4,2,0
twelve_13640,1,1,2,4,3,0
twelve_13641,1,1,2,4,4,2
twelve_13642,1,1,2,4,4,3
twelve_13643,1,1,2,4,4,4
twelve_13644,1,1,2,4,4,5
twelve_13645,1,1,2,4,5,4
twelve_13646,1,1,2,4,5,5
twelve_13647,1,1,2,4,5,6
twelve_13648,1,1,2,7,5,2
twelve_13649,1,1,3,1,3,2
twelve_13650,1,1,3,1,3,4
twelve_13651,1,1,3,1,4,1
twelve_13652,1,1,3,1,5,0
twelve_13653,1,1,3,1,5,2
twelve_13654,1,1,3,1,5,3
twelve_13655,1,1,3,1,5,4
twelve_13656,1,1,3,1,5,5
twelve_13657,1,1,3,1,5,6
twelve_13658,1,1,3,1,5,7
twelve_13659,1,1,3,2,5,0
twelve_13660,1,1,3,2,5,7
twelve_13661,1,1,3,3,4,6
twelve_13662,1,1,3,3,5,3
twelve_13663,1,1,3,3,5,4
twelve_13664,1,1,3,3,5,5
twelve_13665,1,1,3,3,5,6
twelve_13666,1,1,3,3,5,7
twelve_13667,1,1,3,4,1,1
twelve_13668,1,1,3,4,2,1
twelve_13669,1,1,3,5,1,1
twelve_13670,1,1,3,5,2,1
twelve_13671,1,1,3,5,3,1
twelve_13672,1,1,3,5,4,1
twelve_13673,1,1,3,5,5,0
twelve_13674,1,1,3,5,5,6
twelve_13675,1,1,3,6,1,1
twelve_13676,1,1,3,6,2,1
twelve_13677,1,1,3,6,3,1
twelve_13678,1,1,3,6,4,1
twelve_13679,1,1,3,6,5,0
twelve_13680,1,1,3,7,1,1
twelve_13681,1,1,3,7,2,1
twelve_13682,1,1,3,7,3,1
twelve_13683,1,1,3,7,3,2
twelve_13684,1,1,3,7,4,1
twelve_13685,1,1,3,7,5,0
twelve_13686,1,1,3,7,5,2
twelve_13687,1,1,4,1,4,2
twelve_13688,1,1,4,1,5,1
twelve_13689,1,1,4,1,5,0
twelve_13690,1,1,4,1,5,2
twelve_13691,1,1,4,2,4,3
twelve_13692,1,1,4,2,4,4
twelve_13693,1,1,4,2,4,5
twelve_13694,1,1,4,2,5,0
twelve_13695,1,1,4,2,5,2
twelve_13696,1,1,4,2,5,3
twelve_13697,1,1,4,2,5,4
twelve_13698,1,1,4,2,5,5
twelve_13699,1,1,4,0,4,4
twelve_13700,1,1,4,0,4,5
twelve_13701,1,1,4,0,4,6
twelve_13702,1,1,4,0,5,2
twelve_13703,1,1,4,0,5,3
twelve_13704,1,1,4,0,5,4
twelve_13705,1,1,4,0,5,5
twelve_13706,1,1,4,0,5,6
twelve_13707,1,1,4,3,1,0
twelve_13708,1,1,4,3,1,2
twelve_13709,1,1,4,3,2,0
twelve_13710,1,1,4,3,3,0
twelve_13711,1,1,4,3,4,5
twelve_13712,1,1,4,3,4,6
twelve_13713,1,1,4,3,5,3
twelve_13714,1,1,4,3,5,4
twelve_13715,1,1,4,3,5,5
twelve_13716,1,1,4,3,5,6
twelve_13717,1,1,4,4,1,1
twelve_13718,1,1,4,4,2,1
twelve_13719,1,1,4,4,3,1
twelve_13720,1,1,4,4,3,0
twelve_13721,1,1,4,4,4,0
twelve_13722,1,1,4,4,4,2
twelve_13723,1,1,4,4,4,6
twelve_13724,1,1,4,4,5,0
twelve_13725,1,1,4,4,5,2
twelve_13726,1,1,4,4,5,3
twelve_13727,1,1,4,4,5,4
twelve_13728,1,1,4,4,5,5
twelve_13729,1,1,4,4,5,6
twelve_13730,1,1,4,4,5,7
twelve_13731,1,1,4,5,4,0
twelve_13732,1,1,4,5,4,2
twelve_13733,1,1,4,5,4,3
twelve_13734,1,1,4,5,5,0
twelve_13735,1,1,4,5,5,2
twelve_13736,1,1,4,5,5,3
twelve_13737,1,1,4,5,5,4
twelve_13738,1,1,4,5,5,5
twelve_13739,1,1,4,5,5,6
twelve_13740,1,1,4,5,5,7
twelve_13741,1,1,4,6,4,2
twelve_13742,1,1,4,6,4,3
twelve_13743,1,1,4,6,4,4
twelve_13744,1,1,4,6,5,2
twelve_13745,1,1,4,6,5,3
twelve_13746,1,1,4,6,5,4
twelve_13747,1,1,4,6,5,5
twelve_13748,1,1,4,6,5,6
twelve_13749,1,1,4,7,4,4
twelve_13750,1,1,4,7,4,5
twelve_13751,1,1,4,7,5,4
twelve_13752,1,1,4,7,5,5
twelve_13753,1,1,4,7,5,6
twelve_13754,1,1,5,1,1,0
twelve_13755,1,1,5,1,2,1
twelve_13756,1,1,5,2,1,0
twelve_13757,1,1,5,4,1,0
twelve_13758,1,1,5,4,2,1
twelve_13759,1,1,5,4,3,1
twelve_13760,1,1,5,4,4,1
twelve_13761,1,1,5,5,1,0
twelve_13762,1,1,5,5,2,1
twelve_13763,1,1,5,5,3,1
twelve_13764,1,1,5,5,4,1
twelve_13765,1,1,5,6,1,0
twelve_13766,1,1,5,6,2,1
twelve_13767,1,1,5,6,3,1
twelve_13768,1,1,5,6,4,1
twelve_13769,1,1,5,7,1,0
twelve_13770,1,1,5,7,2,1
twelve_13771,1,1,5,7,3,1
twelve_13772,1,1,5,7,4,1
twelve_13773,1,1,6,1,1,0
twelve_13774,1,1,6,1,2,0
twelve_13775,1,1,6,1,3,1
twelve_13776,1,1,6,1,5,4
twelve_13777,1,1,6,1,5,5
twelve_13778,1,1,6,1,5,6
twelve_13779,1,1,6,1,5,7
twelve_13780,1,1,6,2,1,0
twelve_13781,1,1,6,2,2,0
twelve_13782,1,1,6,2,5,7
twelve_13783,1,1,6,4,1,0
twelve_13784,1,1,6,4,2,0
twelve_13785,1,1,6,4,3,1
twelve_13786,1,1,6,4,3,0
twelve_13787,1,1,6,4,4,1
twelve_13788,1,1,6,4,4,0
twelve_13789,1,1,6,4,5,1
twelve_13790,1,1,6,4,5,0
twelve_13791,1,1,6,5,1,0
twelve_13792,1,1,6,5,2,0
twelve_13793,1,1,6,5,3,1
twelve_13794,1,1,6,5,4,1
twelve_13795,1,1,6,5,5,1
twelve_13796,1,1,6,5,5,7
twelve_13797,1,1,6,6,1,0
twelve_13798,1,1,6,6,2,0
twelve_13799,1,1,6,6,3,1
twelve_13800,1,1,6,6,4,1
twelve_13801,1,1,6,6,5,1
twelve_13802,1,1,6,7,1,0
twelve_13803,1,1,6,7,2,0
twelve_13804,1,1,6,7,3,1
twelve_13805,1,1,6,7,3,0
twelve_13806,1,1,6,7,4,1
twelve_13807,1,1,6,7,4,0
twelve_13808,1,1,6,7,5,1
twelve_13809,1,1,6,7,5,0
twelve_13810,1,1,6,7,5,2
twelve_13811,2,0,7,1,6,7
twelve_13812,2,0,7,2,7,7
twelve_13813,2,0,7,2,5,5
twelve_13814,2,0,7,2,5,6
twelve_13815,2,0,7,2,5,7
twelve_13816,2,0,7,0,7,7
twelve_13817,2,0,7,0,5,6
twelve_13818,2,0,7,0,5,7
twelve_13819,2,0,7,3,6,0
twelve_13820,2,0,7,3,6,6
twelve_13821,2,0,7,3,7,7
twelve_13822,2,0,7,3,0,2
twelve_13823,2,0,7,3,1,2
twelve_13824,2,0,7,3,4,7
twelve_13825,2,0,7,4,6,0
twelve_13826,2,0,7,4,6,7
twelve_13827,2,0,7,4,4,2
twelve_13828,2,0,7,4,4,3
twelve_13829,2,0,7,5,6,0
twelve_13830,2,0,7,5,6,2
twelve_13831,2,0,7,5,2,6
twelve_13832,2,0,7,5,2,7
twelve_13833,2,0,7,5,3,6
twelve_13834,2,0,7,5,3,7
twelve_13835,2,0,7,5,4,6
twelve_13836,2,0,7,5,4,7
twelve_13837,2,0,7,5,5,6
twelve_13838,2,0,7,5,5,7
twelve_13839,2,0,7,6,6,2
twelve_13840,2,0,7,6,6,3
twelve_13841,2,0,7,6,5,2
twelve_13842,2,0,7,7,6,2
twelve_13843,2,0,7,7,6,3
twelve_13844,2,0,7,7,6,4
twelve_13845,2,0,7,7,5,2
twelve_13846,2,0,7,7,5,3
twelve_13847,2,0,7,7,5,4
twelve_13848,2,0,0,1,3,0
twelve_13849,2,0,0,2,7,7
twelve_13850,2,0,0,2,3,0
twelve_13851,2,0,0,2,5,5
twelve_13852,2,0,0,2,5,6
twelve_13853,2,0,0,2,5,7
twelve_13854,2,0,0,0,7,7
twelve_13855,2,0,0,0,5,6
twelve_13856,2,0,0,0,5,7
twelve_13857,2,0,0,3,7,7
twelve_13858,2,0,0,3,1,2
twelve_13859,2,0,0,3,4,7
twelve_13860,2,0,0,4,3,0
twelve_13861,2,0,0,4,4,2
twelve_13862,2,0,0,4,4,3
twelve_13863,2,0,0,5,3,0
twelve_13864,2,0,0,5,5,6
twelve_13865,2,0,0,5,5,7
twelve_13866,2,0,0,6,3,0
twelve_13867,2,0,0,6,5,2
twelve_13868,2,0,0,7,3,0
twelve_13869,2,0,0,7,5,2
twelve_13870,2,0,0,7,5,3
twelve_13871,2,0,0,7,5,4
twelve_13872,2,0,1,2,5,5
twelve_13873,2,0,1,2,5,6
twelve_13874,2,0,1,2,5,7
twelve_13875,2,0,1,0,5,6
twelve_13876,2,0,1,0,5,7
twelve_13877,2,0,1,3,2,0
twelve_13878,2,0,1,3,2,2
twelve_13879,2,0,1,3,4,7
twelve_13880,2,0,1,4,4,2
twelve_13881,2,0,1,4,4,3
twelve_13882,2,0,1,6,5,2
twelve_13883,2,0,1,7,5,2
twelve_13884,2,0,1,7,5,3
twelve_13885,2,0,1,7,5,4
twelve_13886,2,0,2,1,6,4
twelve_13887,2,0,2,1,6,5
twelve_13888,2,0,2,1,7,2
twelve_13889,2,0,2,1,7,4
twelve_13890,2,0,2,1,7,5
twelve_13891,2,0,2,1,0,4
twelve_13892,2,0,2,1,0,5
twelve_13893,2,0,2,1,2,1
twelve_13894,2,0,2,1,3,1
twelve_13895,2,0,2,1,4,0
twelve_13896,2,0,2,1,5,2
twelve_13897,2,0,2,1,5,3
twelve_13898,2,0,2,1,5,4
twelve_13899,2,0,2,1,5,5
twelve_13900,2,0,2,1,5,6
twelve_13901,2,0,2,1,5,7
twelve_13902,2,0,2,2,7,4
twelve_13903,2,0,2,2,7,5
twelve_13904,2,0,2,2,0,5
twelve_13905,2,0,2,2,4,0
twelve_13906,2,0,2,2,5,5
twelve_13907,2,0,2,2,5,6
twelve_13908,2,0,2,2,5,7
twelve_13909,2,0,2,0,6,2
twelve_13910,2,0,2,0,6,3
twelve_13911,2,0,2,0,6,4
twelve_13912,2,0,2,0,7,2
twelve_13913,2,0,2,0,7,3
twelve_13914,2,0,2,0,7,4
twelve_13915,2,0,2,0,7,5
twelve_13916,2,0,2,0,0,4
twelve_13917,2,0,2,0,0,5
twelve_13918,2,0,2,0,5,6
twelve_13919,2,0,2,0,5,7
twelve_13920,2,0,2,3,7,2
twelve_13921,2,0,2,3,7,3
twelve_13922,2,0,2,3,7,4
twelve_13923,2,0,2,3,7,5
twelve_13924,2,0,2,3,0,5
twelve_13925,2,0,2,3,4,7
twelve_13926,2,0,2,4,6,0
twelve_13927,2,0,2,4,6,2
twelve_13928,2,0,2,4,6,3
twelve_13929,2,0,2,4,6,4
twelve_13930,2,0,2,4,6,5
twelve_13931,2,0,2,4,6,6
twelve_13932,2,0,2,4,6,7
twelve_13933,2,0,2,4,7,7
twelve_13934,2,0,2,4,0,7
twelve_13935,2,0,2,4,2,1
twelve_13936,2,0,2,4,3,1
twelve_13937,2,0,2,4,4,0
twelve_13938,2,0,2,4,5,4
twelve_13939,2,0,2,4,5,5
twelve_13940,2,0,2,4,5,6
twelve_13941,2,0,2,4,5,7
twelve_13942,2,0,2,5,6,0
twelve_13943,2,0,2,5,6,2
twelve_13944,2,0,2,5,6,6
twelve_13945,2,0,2,5,6,7
twelve_13946,2,0,2,5,7,6
twelve_13947,2,0,2,5,7,7
twelve_13948,2,0,2,5,0,7
twelve_13949,2,0,2,5,2,1
twelve_13950,2,0,2,5,3,1
twelve_13951,2,0,2,5,4,0
twelve_13952,2,0,2,6,6,2
twelve_13953,2,0,2,6,6,3
twelve_13954,2,0,2,6,6,4
twelve_13955,2,0,2,6,6,5
twelve_13956,2,0,2,6,6,6
twelve_13957,2,0,2,6,7,2
twelve_13958,2,0,2,6,7,3
twelve_13959,2,0,2,6,0,2
twelve_13960,2,0,2,6,0,3
twelve_13961,2,0,2,6,2,1
twelve_13962,2,0,2,6,3,1
twelve_13963,2,0,2,6,4,0
twelve_13964,2,0,2,6,5,2
twelve_13965,2,0,2,7,6,2
twelve_13966,2,0,2,7,6,3
twelve_13967,2,0,2,7,6,4
twelve_13968,2,0,2,7,6,5
twelve_13969,2,0,2,7,6,6
twelve_13970,2,0,2,7,6,7
twelve_13971,2,0,2,7,7,2
twelve_13972,2,0,2,7,7,3
twelve_13973,2,0,2,7,7,4
twelve_13974,2,0,2,7,7,5
twelve_13975,2,0,2,7,7,6
twelve_13976,2,0,2,7,7,7
twelve_13977,2,0,2,7,0,2
twelve_13978,2,0,2,7,0,3
twelve_13979,2,0,2,7,0,4
twelve_13980,2,0,2,7,0,5
twelve_13981,2,0,2,7,2,1
twelve_13982,2,0,2,7,3,1
twelve_13983,2,0,2,7,4,0
twelve_13984,2,0,2,7,5,2
twelve_13985,2,0,2,7,5,3
twelve_13986,2,0,2,7,5,4
twelve_13987,2,0,3,1,6,0
twelve_13988,2,0,3,1,6,7
twelve_13989,2,0,3,1,7,7
twelve_13990,2,0,3,1,3,7
twelve_13991,2,0,3,1,4,7
twelve_13992,2,0,3,1,5,2
twelve_13993,2,0,3,1,5,3
twelve_13994,2,0,3,1,5,4
twelve_13995,2,0,3,1,5,5
twelve_13996,2,0,3,1,5,6
twelve_13997,2,0,3,1,5,7
twelve_13998,2,0,3,2,7,7
twelve_13999,2,0,3,2,3,7
twelve_14000,2,0,3,2,4,7
twelve_14001,2,0,3,2,5,5
twelve_14002,2,0,3,2,5,6
twelve_14003,2,0,3,2,5,7
twelve_14004,2,0,3,0,7,7
twelve_14005,2,0,3,0,3,7
twelve_14006,2,0,3,0,4,7
twelve_14007,2,0,3,0,5,6
twelve_14008,2,0,3,0,5,7
twelve_14009,2,0,3,3,6,6
twelve_14010,2,0,3,3,7,7
twelve_14011,2,0,3,3,0,2
twelve_14012,2,0,3,3,2,0
twelve_14013,2,0,3,4,6,4
twelve_14014,2,0,3,4,6,5
twelve_14015,2,0,3,4,6,6
twelve_14016,2,0,3,4,6,7
twelve_14017,2,0,3,4,3,7
twelve_14018,2,0,3,4,4,7
twelve_14019,2,0,3,4,5,5
twelve_14020,2,0,3,4,5,6
twelve_14021,2,0,3,4,5,7
twelve_14022,2,0,3,5,6,0
twelve_14023,2,0,3,5,6,2
twelve_14024,2,0,3,5,3,7
twelve_14025,2,0,3,5,4,6
twelve_14026,2,0,3,5,4,7
twelve_14027,2,0,3,5,5,6
twelve_14028,2,0,3,5,5,7
twelve_14029,2,0,3,6,6,2
twelve_14030,2,0,3,6,6,3
twelve_14031,2,0,3,6,5,2
twelve_14032,2,0,3,6,5,6
twelve_14033,2,0,3,7,6,2
twelve_14034,2,0,3,7,6,3
twelve_14035,2,0,3,7,6,4
twelve_14036,2,0,3,7,4,6
twelve_14037,2,0,3,7,4,7
twelve_14038,2,0,3,7,5,2
twelve_14039,2,0,3,7,5,3
twelve_14040,2,0,3,7,5,4
twelve_14041,2,0,3,7,5,5
twelve_14042,2,0,3,7,5,6
twelve_14043,2,0,3,7,5,7
twelve_14044,2,0,4,1,6,0
twelve_14045,2,0,4,1,6,7
twelve_14046,2,0,4,1,7,7
twelve_14047,2,0,4,2,7,7
twelve_14048,2,0,4,2,4,3
twelve_14049,2,0,4,2,5,0
twelve_14050,2,0,4,2,5,2
twelve_14051,2,0,4,2,5,3
twelve_14052,2,0,4,0,7,7
twelve_14053,2,0,4,0,4,4
twelve_14054,2,0,4,0,5,2
twelve_14055,2,0,4,0,5,3
twelve_14056,2,0,4,0,5,4
twelve_14057,2,0,4,3,6,6
twelve_14058,2,0,4,3,7,7
twelve_14059,2,0,4,3,0,2
twelve_14060,2,0,4,3,2,0
twelve_14061,2,0,4,3,4,5
twelve_14062,2,0,4,3,5,3
twelve_14063,2,0,4,3,5,4
twelve_14064,2,0,4,3,5,5
twelve_14065,2,0,4,4,6,7
twelve_14066,2,0,4,4,4,2
twelve_14067,2,0,4,4,4,6
twelve_14068,2,0,4,4,5,2
twelve_14069,2,0,4,4,5,3
twelve_14070,2,0,4,4,5,4
twelve_14071,2,0,4,4,5,5
twelve_14072,2,0,4,4,5,6
twelve_14073,2,0,4,5,6,0
twelve_14074,2,0,4,5,6,2
twelve_14075,2,0,4,5,4,2
twelve_14076,2,0,4,5,4,3
twelve_14077,2,0,4,5,5,2
twelve_14078,2,0,4,5,5,3
twelve_14079,2,0,4,5,5,4
twelve_14080,2,0,4,5,5,5
twelve_14081,2,0,4,6,6,2
twelve_14082,2,0,4,6,6,3
twelve_14083,2,0,4,6,4,4
twelve_14084,2,0,4,6,5,4
twelve_14085,2,0,4,6,5,5
twelve_14086,2,0,4,6,5,6
twelve_14087,2,0,4,7,6,2
twelve_14088,2,0,4,7,6,3
twelve_14089,2,0,4,7,6,4
twelve_14090,2,0,5,1,6,0
twelve_14091,2,0,5,1,6,7
twelve_14092,2,0,5,1,7,7
twelve_14093,2,0,5,1,2,1
twelve_14094,2,0,5,2,7,7
twelve_14095,2,0,5,0,7,7
twelve_14096,2,0,5,3,6,6
twelve_14097,2,0,5,3,7,7
twelve_14098,2,0,5,3,0,2
twelve_14099,2,0,5,3,2,0
twelve_14100,2,0,5,3,2,2
twelve_14101,2,0,5,3,4,7
twelve_14102,2,0,5,4,6,7
twelve_14103,2,0,5,5,6,0
twelve_14104,2,0,5,5,6,2
twelve_14105,2,0,5,5,6,6
twelve_14106,2,0,5,5,6,7
twelve_14107,2,0,5,5,2,1
twelve_14108,2,0,5,5,3,1
twelve_14109,2,0,5,5,4,1
twelve_14110,2,0,5,6,6,2
twelve_14111,2,0,5,6,6,3
twelve_14112,2,0,5,6,2,1
twelve_14113,2,0,5,6,3,1
twelve_14114,2,0,5,6,4,1
twelve_14115,2,0,5,7,6,2
twelve_14116,2,0,5,7,6,3
twelve_14117,2,0,5,7,6,4
twelve_14118,2,0,5,7,2,1
twelve_14119,2,0,5,7,3,1
twelve_14120,2,0,5,7,4,1
twelve_14121,2,0,6,1,6,0
twelve_14122,2,0,6,1,6,7
twelve_14123,2,0,6,1,7,7
twelve_14124,2,0,6,1,2,0
twelve_14125,2,0,6,1,3,0
twelve_14126,2,0,6,1,5,2
twelve_14127,2,0,6,1,5,3
twelve_14128,2,0,6,1,5,4
twelve_14129,2,0,6,1,5,5
twelve_14130,2,0,6,1,5,6
twelve_14131,2,0,6,1,5,7
twelve_14132,2,0,6,2,7,7
twelve_14133,2,0,6,2,2,0
twelve_14134,2,0,6,2,5,5
twelve_14135,2,0,6,2,5,6
twelve_14136,2,0,6,2,5,7
twelve_14137,2,0,6,0,7,7
twelve_14138,2,0,6,0,5,6
twelve_14139,2,0,6,0,5,7
twelve_14140,2,0,6,3,6,6
twelve_14141,2,0,6,3,7,7
twelve_14142,2,0,6,3,4,7
twelve_14143,2,0,6,4,6,7
twelve_14144,2,0,6,4,2,0
twelve_14145,2,0,6,4,3,0
twelve_14146,2,0,6,4,4,0
twelve_14147,2,0,6,4,5,0
twelve_14148,2,0,6,5,6,0
twelve_14149,2,0,6,5,6,2
twelve_14150,2,0,6,5,6,6
twelve_14151,2,0,6,5,6,7
twelve_14152,2,0,6,5,7,6
twelve_14153,2,0,6,5,7,7
twelve_14154,2,0,6,5,0,6
twelve_14155,2,0,6,5,0,7
twelve_14156,2,0,6,5,1,6
twelve_14157,2,0,6,5,1,7
twelve_14158,2,0,6,5,2,0
twelve_14159,2,0,6,6,6,2
twelve_14160,2,0,6,6,6,3
twelve_14161,2,0,6,6,2,0
twelve_14162,2,0,6,6,3,0
twelve_14163,2,0,6,6,4,0
twelve_14164,2,0,6,6,5,0
twelve_14165,2,0,6,6,5,2
twelve_14166,2,0,6,7,6,2
twelve_14167,2,0,6,7,6,3
twelve_14168,2,0,6,7,6,4
twelve_14169,2,0,6,7,2,0
twelve_14170,2,0,6,7,3,0
twelve_14171,2,0,6,7,4,0
twelve_14172,2,0,6,7,5,0
twelve_14173,2,0,6,7,5,2
twelve_14174,2,0,6,7,5,3
twelve_14175,2,0,6,7,5,4
twelve_14176,2,1,7,1,6,2
twelve_14177,2,1,7,1,6,3
twelve_14178,2,1,7,1,6,4
twelve_14179,2,1,7,1,7,3
twelve_14180,2,1,7,1,7,4
twelve_14181,2,1,7,1,7,5
twelve_14182,2,1,7,1,0,7
twelve_14183,2,1,7,1,1,7
twelve_14184,2,1,7,1,2,7
twelve_14185,2,1,7,1,3,7
twelve_14186,2,1,7,1,4,2
twelve_14187,2,1,7,1,4,7
twelve_14188,2,1,7,1,5,4
twelve_14189,2,1,7,1,5,5
twelve_14190,2,1,7,1,5,6
twelve_14191,2,1,7,2,2,7
twelve_14192,2,1,7,2,3,7
twelve_14193,2,1,7,2,4,2
twelve_14194,2,1,7,2,4,7
twelve_14195,2,1,7,2,5,7
twelve_14196,2,1,7,0,7,4
twelve_14197,2,1,7,0,7,5
twelve_14198,2,1,7,0,0,7
twelve_14199,2,1,7,0,1,7
twelve_14200,2,1,7,0,2,7
twelve_14201,2,1,7,0,3,7
twelve_14202,2,1,7,0,4,2
twelve_14203,2,1,7,0,4,7
twelve_14204,2,1,7,0,5,6
twelve_14205,2,1,7,0,5,7
twelve_14206,2,1,7,3,0,7
twelve_14207,2,1,7,3,1,7
twelve_14208,2,1,7,3,2,7
twelve_14209,2,1,7,3,3,7
twelve_14210,2,1,7,3,4,6
twelve_14211,2,1,7,3,4,7
twelve_14212,2,1,7,3,5,3
twelve_14213,2,1,7,3,5,4
twelve_14214,2,1,7,3,5,5
twelve_14215,2,1,7,3,5,6
twelve_14216,2,1,7,4,6,2
twelve_14217,2,1,7,4,6,6
twelve_14218,2,1,7,4,7,6
twelve_14219,2,1,7,4,7,7
twelve_14220,2,1,7,4,0,3
twelve_14221,2,1,7,4,0,5
twelve_14222,2,1,7,4,0,6
twelve_14223,2,1,7,4,0,7
twelve_14224,2,1,7,4,1,5
twelve_14225,2,1,7,4,1,6
twelve_14226,2,1,7,4,1,7
twelve_14227,2,1,7,4,2,2
twelve_14228,2,1,7,4,2,3
twelve_14229,2,1,7,4,2,4
twelve_14230,2,1,7,4,2,5
twelve_14231,2,1,7,4,2,6
twelve_14232,2,1,7,4,2,7
twelve_14233,2,1,7,4,3,4
twelve_14234,2,1,7,4,3,5
twelve_14235,2,1,7,4,3,6
twelve_14236,2,1,7,4,3,7
twelve_14237,2,1,7,4,4,4
twelve_14238,2,1,7,4,4,5
twelve_14239,2,1,7,4,4,6
twelve_14240,2,1,7,4,4,7
twelve_14241,2,1,7,4,5,4
twelve_14242,2,1,7,4,5,5
twelve_14243,2,1,7,4,5,6
twelve_14244,2,1,7,4,5,7
twelve_14245,2,1,7,5,6,7
twelve_14246,2,1,7,5,7,7
twelve_14247,2,1,7,5,0,6
twelve_14248,2,1,7,5,0,7
twelve_14249,2,1,7,5,4,2
twelve_14250,2,1,7,6,6,4
twelve_14251,2,1,7,6,7,3
twelve_14252,2,1,7,6,4,2
twelve_14253,2,1,7,7,6,5
twelve_14254,2,1,7,7,7,3
twelve_14255,2,1,7,7,7,4
twelve_14256,2,1,7,7,2,7
twelve_14257,2,1,7,7,3,7
twelve_14258,2,1,7,7,4,2
twelve_14259,2,1,7,7,4,7
twelve_14260,2,1,7,7,5,4
twelve_14261,2,1,7,7,5,5
twelve_14262,2,1,7,7,5,6
twelve_14263,2,1,7,7,5,7
twelve_14264,2,1,0,1,7,3
twelve_14265,2,1,0,1,7,4
twelve_14266,2,1,0,1,7,5
twelve_14267,2,1,0,1,4,2
twelve_14268,2,1,0,1,5,4
twelve_14269,2,1,0,1,5,5
twelve_14270,2,1,0,1,5,6
twelve_14271,2,1,0,2,4,2
twelve_14272,2,1,0,2,5,7
twelve_14273,2,1,0,0,7,3
twelve_14274,2,1,0,0,7,4
twelve_14275,2,1,0,0,7,5
twelve_14276,2,1,0,0,4,2
twelve_14277,2,1,0,0,5,6
twelve_14278,2,1,0,0,5,7
twelve_14279,2,1,0,3,4,6
twelve_14280,2,1,0,3,4,7
twelve_14281,2,1,0,3,5,3
twelve_14282,2,1,0,3,5,4
twelve_14283,2,1,0,3,5,5
twelve_14284,2,1,0,3,5,6
twelve_14285,2,1,0,4,7,7
twelve_14286,2,1,0,4,0,7
twelve_14287,2,1,0,4,1,7
twelve_14288,2,1,0,4,2,5
twelve_14289,2,1,0,4,2,6
twelve_14290,2,1,0,4,2,7
twelve_14291,2,1,0,4,3,4
twelve_14292,2,1,0,4,3,5
twelve_14293,2,1,0,4,3,6
twelve_14294,2,1,0,4,3,7
twelve_14295,2,1,0,4,4,4
twelve_14296,2,1,0,4,4,5
twelve_14297,2,1,0,4,4,6
twelve_14298,2,1,0,4,4,7
twelve_14299,2,1,0,4,5,4
twelve_14300,2,1,0,4,5,5
twelve_14301,2,1,0,4,5,6
twelve_14302,2,1,0,4,5,7
twelve_14303,2,1,0,5,7,7
twelve_14304,2,1,0,5,0,7
twelve_14305,2,1,0,5,1,6
twelve_14306,2,1,0,5,1,7
twelve_14307,2,1,0,5,2,6
twelve_14308,2,1,0,5,2,7
twelve_14309,2,1,0,5,3,6
twelve_14310,2,1,0,5,3,7
twelve_14311,2,1,0,5,4,2
twelve_14312,2,1,0,6,7,3
twelve_14313,2,1,0,6,4,2
twelve_14314,2,1,0,7,7,3
twelve_14315,2,1,0,7,7,4
twelve_14316,2,1,0,7,4,2
twelve_14317,2,1,0,7,5,4
twelve_14318,2,1,0,7,5,5
twelve_14319,2,1,0,7,5,6
twelve_14320,2,1,0,7,5,7
twelve_14321,2,1,1,1,7,3
twelve_14322,2,1,1,1,7,4
twelve_14323,2,1,1,1,7,5
twelve_14324,2,1,1,1,5,2
twelve_14325,2,1,1,1,5,3
twelve_14326,2,1,1,1,5,4
twelve_14327,2,1,1,1,5,5
twelve_14328,2,1,1,1,5,6
twelve_14329,2,1,1,1,5,7
twelve_14330,2,1,1,0,4,2
twelve_14331,2,1,1,0,5,6
twelve_14332,2,1,1,0,5,7
twelve_14333,2,1,1,3,4,6
twelve_14334,2,1,1,3,4,7
twelve_14335,2,1,1,3,5,3
twelve_14336,2,1,1,3,5,4
twelve_14337,2,1,1,3,5,5
twelve_14338,2,1,1,3,5,6
twelve_14339,2,1,1,4,4,4
twelve_14340,2,1,1,4,4,5
twelve_14341,2,1,1,4,4,6
twelve_14342,2,1,1,4,4,7
twelve_14343,2,1,1,4,5,4
twelve_14344,2,1,1,4,5,5
twelve_14345,2,1,1,4,5,6
twelve_14346,2,1,1,4,5,7
twelve_14347,2,1,1,5,0,7
twelve_14348,2,1,1,5,1,7
twelve_14349,2,1,1,5,2,6
twelve_14350,2,1,1,5,2,7
twelve_14351,2,1,1,5,3,6
twelve_14352,2,1,1,5,3,7
twelve_14353,2,1,1,5,4,2
twelve_14354,2,1,1,5,4,6
twelve_14355,2,1,1,5,4,7
twelve_14356,2,1,1,6,4,2
twelve_14357,2,1,1,7,4,2
twelve_14358,2,1,1,7,5,4
twelve_14359,2,1,2,1,4,7
twelve_14360,2,1,2,1,5,4
twelve_14361,2,1,2,1,5,5
twelve_14362,2,1,2,1,5,6
twelve_14363,2,1,2,2,4,7
twelve_14364,2,1,2,2,5,3
twelve_14365,2,1,2,2,5,4
twelve_14366,2,1,2,2,5,5
twelve_14367,2,1,2,2,5,6
twelve_14368,2,1,2,0,5,6
twelve_14369,2,1,2,0,5,7
twelve_14370,2,1,2,3,1,5
twelve_14371,2,1,2,3,1,6
twelve_14372,2,1,2,3,1,7
twelve_14373,2,1,2,3,2,5
twelve_14374,2,1,2,3,2,6
twelve_14375,2,1,2,3,2,7
twelve_14376,2,1,2,3,3,3
twelve_14377,2,1,2,3,3,4
twelve_14378,2,1,2,3,3,5
twelve_14379,2,1,2,3,3,6
twelve_14380,2,1,2,3,3,7
twelve_14381,2,1,2,3,4,3
twelve_14382,2,1,2,3,4,4
twelve_14383,2,1,2,3,4,5
twelve_14384,2,1,2,3,4,6
twelve_14385,2,1,2,3,4,7
twelve_14386,2,1,2,3,5,3
twelve_14387,2,1,2,3,5,4
twelve_14388,2,1,2,3,5,5
twelve_14389,2,1,2,3,5,6
twelve_14390,2,1,2,4,1,7
twelve_14391,2,1,2,4,2,0
twelve_14392,2,1,2,4,2,7
twelve_14393,2,1,2,4,3,0
twelve_14394,2,1,2,4,3,7
twelve_14395,2,1,2,4,4,4
twelve_14396,2,1,2,4,4,5
twelve_14397,2,1,2,4,4,6
twelve_14398,2,1,2,4,4,7
twelve_14399,2,1,2,4,5,4
twelve_14400,2,1,2,4,5,5
twelve_14401,2,1,2,4,5,6
twelve_14402,2,1,2,4,5,7
twelve_14403,2,1,2,5,7,3
twelve_14404,2,1,2,5,7,4
twelve_14405,2,1,2,5,7,5
twelve_14406,2,1,2,5,0,3
twelve_14407,2,1,2,5,1,7
twelve_14408,2,1,2,5,2,7
twelve_14409,2,1,2,5,3,6
twelve_14410,2,1,2,5,3,7
twelve_14411,2,1,2,5,4,6
twelve_14412,2,1,2,5,4,7
twelve_14413,2,1,2,7,5,4
twelve_14414,2,1,3,1,6,2
twelve_14415,2,1,3,1,6,3
twelve_14416,2,1,3,1,6,4
twelve_14417,2,1,3,1,7,3
twelve_14418,2,1,3,1,7,4
twelve_14419,2,1,3,1,7,5
twelve_14420,2,1,3,1,0,5
twelve_14421,2,1,3,1,0,6
twelve_14422,2,1,3,1,1,3
twelve_14423,2,1,3,1,1,5
twelve_14424,2,1,3,1,1,6
twelve_14425,2,1,3,1,2,5
twelve_14426,2,1,3,1,2,6
twelve_14427,2,1,3,1,2,7
twelve_14428,2,1,3,1,3,2
twelve_14429,2,1,3,1,3,3
twelve_14430,2,1,3,1,3,4
twelve_14431,2,1,3,1,3,5
twelve_14432,2,1,3,1,3,6
twelve_14433,2,1,3,1,3,7
twelve_14434,2,1,3,1,4,0
twelve_14435,2,1,3,1,4,2
twelve_14436,2,1,3,1,4,3
twelve_14437,2,1,3,1,4,4
twelve_14438,2,1,3,1,4,5
twelve_14439,2,1,3,1,4,6
twelve_14440,2,1,3,1,4,7
twelve_14441,2,1,3,1,5,2
twelve_14442,2,1,3,1,5,3
twelve_14443,2,1,3,1,5,4
twelve_14444,2,1,3,1,5,5
twelve_14445,2,1,3,1,5,6
twelve_14446,2,1,3,2,6,2
twelve_14447,2,1,3,2,6,3
twelve_14448,2,1,3,2,6,4
twelve_14449,2,1,3,2,7,3
twelve_14450,2,1,3,2,7,4
twelve_14451,2,1,3,2,7,5
twelve_14452,2,1,3,2,0,5
twelve_14453,2,1,3,2,0,6
twelve_14454,2,1,3,2,1,3
twelve_14455,2,1,3,2,1,5
twelve_14456,2,1,3,2,1,6
twelve_14457,2,1,3,2,2,5
twelve_14458,2,1,3,2,2,6
twelve_14459,2,1,3,2,2,7
twelve_14460,2,1,3,2,3,3
twelve_14461,2,1,3,2,3,4
twelve_14462,2,1,3,2,3,5
twelve_14463,2,1,3,2,3,6
twelve_14464,2,1,3,2,3,7
twelve_14465,2,1,3,2,4,0
twelve_14466,2,1,3,2,4,2
twelve_14467,2,1,3,2,4,3
twelve_14468,2,1,3,2,4,4
twelve_14469,2,1,3,2,4,5
twelve_14470,2,1,3,2,4,6
twelve_14471,2,1,3,2,4,7
twelve_14472,2,1,3,2,5,2
twelve_14473,2,1,3,2,5,3
twelve_14474,2,1,3,2,5,4
twelve_14475,2,1,3,2,5,5
twelve_14476,2,1,3,2,5,6
twelve_14477,2,1,3,0,7,3
twelve_14478,2,1,3,0,7,4
twelve_14479,2,1,3,0,7,5
twelve_14480,2,1,3,0,0,5
twelve_14481,2,1,3,0,0,6
twelve_14482,2,1,3,0,1,5
twelve_14483,2,1,3,0,1,6
twelve_14484,2,1,3,0,2,5
twelve_14485,2,1,3,0,2,6
twelve_14486,2,1,3,0,2,7
twelve_14487,2,1,3,0,3,4
twelve_14488,2,1,3,0,3,5
twelve_14489,2,1,3,0,3,6
twelve_14490,2,1,3,0,3,7
twelve_14491,2,1,3,0,4,2
twelve_14492,2,1,3,0,4,3
twelve_14493,2,1,3,0,4,4
twelve_14494,2,1,3,0,4,5
twelve_14495,2,1,3,0,4,6
twelve_14496,2,1,3,0,4,7
twelve_14497,2,1,3,0,5,2
twelve_14498,2,1,3,0,5,3
twelve_14499,2,1,3,0,5,4
twelve_14500,2,1,3,0,5,5
twelve_14501,2,1,3,0,5,6
twelve_14502,2,1,3,0,5,7
twelve_14503,2,1,3,3,7,3
twelve_14504,2,1,3,3,7,4
twelve_14505,2,1,3,3,7,5
twelve_14506,2,1,3,3,0,3
twelve_14507,2,1,3,3,0,4
twelve_14508,2,1,3,3,0,5
twelve_14509,2,1,3,3,0,6
twelve_14510,2,1,3,3,1,5
twelve_14511,2,1,3,3,1,6
twelve_14512,2,1,3,3,2,5
twelve_14513,2,1,3,3,2,6
twelve_14514,2,1,3,4,3,2
twelve_14515,2,1,3,4,3,6
twelve_14516,2,1,3,4,4,2
twelve_14517,2,1,3,4,4,3
twelve_14518,2,1,3,4,4,4
twelve_14519,2,1,3,4,4,5
twelve_14520,2,1,3,4,4,6
twelve_14521,2,1,3,5,6,3
twelve_14522,2,1,3,5,6,4
twelve_14523,2,1,3,5,6,5
twelve_14524,2,1,3,5,7,5
twelve_14525,2,1,3,5,7,6
twelve_14526,2,1,3,5,7,7
twelve_14527,2,1,3,5,0,6
twelve_14528,2,1,3,5,0,7
twelve_14529,2,1,3,5,1,7
twelve_14530,2,1,3,5,2,0
twelve_14531,2,1,3,5,2,7
twelve_14532,2,1,3,5,3,0
twelve_14533,2,1,3,5,3,2
twelve_14534,2,1,3,5,3,7
twelve_14535,2,1,3,5,4,0
twelve_14536,2,1,3,5,4,2
twelve_14537,2,1,3,5,4,6
twelve_14538,2,1,3,5,4,7
twelve_14539,2,1,3,5,5,2
twelve_14540,2,1,3,5,5,3
twelve_14541,2,1,3,5,5,4
twelve_14542,2,1,3,5,5,5
twelve_14543,2,1,3,6,6,4
twelve_14544,2,1,3,6,6,5
twelve_14545,2,1,3,6,6,6
twelve_14546,2,1,3,6,7,3
twelve_14547,2,1,3,6,2,0
twelve_14548,2,1,3,6,3,0
twelve_14549,2,1,3,6,3,2
twelve_14550,2,1,3,6,3,3
twelve_14551,2,1,3,6,3,4
twelve_14552,2,1,3,6,4,0
twelve_14553,2,1,3,6,4,2
twelve_14554,2,1,3,6,4,3
twelve_14555,2,1,3,6,4,4
twelve_14556,2,1,3,6,4,5
twelve_14557,2,1,3,6,4,6
twelve_14558,2,1,3,6,5,2
twelve_14559,2,1,3,6,5,3
twelve_14560,2,1,3,6,5,4
twelve_14561,2,1,3,6,5,5
twelve_14562,2,1,3,6,5,6
twelve_14563,2,1,3,7,6,5
twelve_14564,2,1,3,7,6,6
twelve_14565,2,1,3,7,6,7
twelve_14566,2,1,3,7,7,3
twelve_14567,2,1,3,7,7,4
twelve_14568,2,1,3,7,7,5
twelve_14569,2,1,3,7,7,6
twelve_14570,2,1,3,7,7,7
twelve_14571,2,1,3,7,1,3
twelve_14572,2,1,3,7,2,0
twelve_14573,2,1,3,7,3,0
twelve_14574,2,1,3,7,3,2
twelve_14575,2,1,3,7,3,3
twelve_14576,2,1,3,7,3,4
twelve_14577,2,1,3,7,3,5
twelve_14578,2,1,3,7,4,0
twelve_14579,2,1,3,7,4,2
twelve_14580,2,1,3,7,4,3
twelve_14581,2,1,3,7,4,4
twelve_14582,2,1,3,7,4,5
twelve_14583,2,1,3,7,4,6
twelve_14584,2,1,3,7,4,7
twelve_14585,2,1,3,7,5,2
twelve_14586,2,1,3,7,5,3
twelve_14587,2,1,3,7,5,4
twelve_14588,2,1,3,7,5,5
twelve_14589,2,1,3,7,5,6
twelve_14590,2,1,4,1,6,2
twelve_14591,2,1,4,1,6,3
twelve_14592,2,1,4,1,6,4
twelve_14593,2,1,4,1,7,3
twelve_14594,2,1,4,1,7,4
twelve_14595,2,1,4,1,7,5
twelve_14596,2,1,4,2,6,2
twelve_14597,2,1,4,2,6,3
twelve_14598,2,1,4,2,6,4
twelve_14599,2,1,4,2,7,3
twelve_14600,2,1,4,2,7,4
twelve_14601,2,1,4,2,7,5
twelve_14602,2,1,4,0,7,3
twelve_14603,2,1,4,0,7,4
twelve_14604,2,1,4,0,7,5
twelve_14605,2,1,4,0,4,4
twelve_14606,2,1,4,0,5,2
twelve_14607,2,1,4,0,5,3
twelve_14608,2,1,4,0,5,4
twelve_14609,2,1,4,4,6,4
twelve_14610,2,1,4,4,6,5
twelve_14611,2,1,4,4,6,6
twelve_14612,2,1,4,4,7,5
twelve_14613,2,1,4,4,7,6
twelve_14614,2,1,4,4,7,7
twelve_14615,2,1,4,4,2,0
twelve_14616,2,1,4,4,3,0
twelve_14617,2,1,4,4,4,6
twelve_14618,2,1,4,4,5,4
twelve_14619,2,1,4,4,5,5
twelve_14620,2,1,4,4,5,6
twelve_14621,2,1,4,5,7,6
twelve_14622,2,1,4,5,7,7
twelve_14623,2,1,4,5,0,6
twelve_14624,2,1,4,5,0,7
twelve_14625,2,1,4,5,1,6
twelve_14626,2,1,4,5,1,7
twelve_14627,2,1,4,5,2,7
twelve_14628,2,1,4,5,3,7
twelve_14629,2,1,4,5,4,2
twelve_14630,2,1,4,5,4,3
twelve_14631,2,1,4,5,5,2
twelve_14632,2,1,4,5,5,3
twelve_14633,2,1,4,5,5,4
twelve_14634,2,1,4,5,5,5
twelve_14635,2,1,4,6,6,4
twelve_14636,2,1,4,6,6,5
twelve_14637,2,1,4,6,6,6
twelve_14638,2,1,4,6,7,3
twelve_14639,2,1,4,6,4,4
twelve_14640,2,1,4,6,5,4
twelve_14641,2,1,4,6,5,5
twelve_14642,2,1,4,6,5,6
twelve_14643,2,1,4,7,6,5
twelve_14644,2,1,4,7,6,6
twelve_14645,2,1,4,7,6,7
twelve_14646,2,1,4,7,7,3
twelve_14647,2,1,4,7,7,4
twelve_14648,2,1,5,1,6,2
twelve_14649,2,1,5,1,6,3
twelve_14650,2,1,5,1,6,4
twelve_14651,2,1,5,1,7,3
twelve_14652,2,1,5,1,7,4
twelve_14653,2,1,5,1,7,5
twelve_14654,2,1,5,2,6,2
twelve_14655,2,1,5,2,6,3
twelve_14656,2,1,5,2,6,4
twelve_14657,2,1,5,2,7,3
twelve_14658,2,1,5,2,7,4
twelve_14659,2,1,5,2,7,5
twelve_14660,2,1,5,0,7,3
twelve_14661,2,1,5,0,7,4
twelve_14662,2,1,5,0,7,5
twelve_14663,2,1,5,3,4,6
twelve_14664,2,1,5,3,4,7
twelve_14665,2,1,5,4,6,4
twelve_14666,2,1,5,4,6,5
twelve_14667,2,1,5,4,6,6
twelve_14668,2,1,5,4,7,5
twelve_14669,2,1,5,4,7,6
twelve_14670,2,1,5,4,7,7
twelve_14671,2,1,5,4,0,5
twelve_14672,2,1,5,4,0,6
twelve_14673,2,1,5,4,0,7
twelve_14674,2,1,5,4,4,2
twelve_14675,2,1,5,5,0,6
twelve_14676,2,1,5,5,0,7
twelve_14677,2,1,5,5,1,6
twelve_14678,2,1,5,5,1,7
twelve_14679,2,1,5,5,2,6
twelve_14680,2,1,5,5,2,7
twelve_14681,2,1,5,5,3,7
twelve_14682,2,1,5,5,4,7
twelve_14683,2,1,5,6,6,4
twelve_14684,2,1,5,6,6,5
twelve_14685,2,1,5,6,6,6
twelve_14686,2,1,5,6,7,3
twelve_14687,2,1,5,7,6,5
twelve_14688,2,1,5,7,6,6
twelve_14689,2,1,5,7,6,7
twelve_14690,2,1,5,7,7,3
twelve_14691,2,1,5,7,7,4
twelve_14692,2,1,6,1,6,2
twelve_14693,2,1,6,1,6,3
twelve_14694,2,1,6,1,6,4
twelve_14695,2,1,6,1,7,3
twelve_14696,2,1,6,1,7,4
twelve_14697,2,1,6,1,7,5
twelve_14698,2,1,6,1,0,7
twelve_14699,2,1,6,1,5,2
twelve_14700,2,1,6,1,5,3
twelve_14701,2,1,6,1,5,4
twelve_14702,2,1,6,1,5,5
twelve_14703,2,1,6,1,5,6
twelve_14704,2,1,6,1,5,7
twelve_14705,2,1,6,2,6,2
twelve_14706,2,1,6,2,6,3
twelve_14707,2,1,6,2,6,4
twelve_14708,2,1,6,2,7,3
twelve_14709,2,1,6,2,7,4
twelve_14710,2,1,6,2,7,5
twelve_14711,2,1,6,2,0,7
twelve_14712,2,1,6,2,3,0
twelve_14713,2,1,6,2,5,3
twelve_14714,2,1,6,2,5,4
twelve_14715,2,1,6,2,5,5
twelve_14716,2,1,6,2,5,6
twelve_14717,2,1,6,2,5,7
twelve_14718,2,1,6,0,7,3
twelve_14719,2,1,6,0,7,4
twelve_14720,2,1,6,0,7,5
twelve_14721,2,1,6,0,0,7
twelve_14722,2,1,6,0,5,6
twelve_14723,2,1,6,0,5,7
twelve_14724,2,1,6,3,0,7
twelve_14725,2,1,6,3,4,6
twelve_14726,2,1,6,3,4,7
twelve_14727,2,1,6,3,5,5
twelve_14728,2,1,6,3,5,6
twelve_14729,2,1,6,4,6,4
twelve_14730,2,1,6,4,6,5
twelve_14731,2,1,6,4,6,6
twelve_14732,2,1,6,4,7,5
twelve_14733,2,1,6,4,7,6
twelve_14734,2,1,6,4,7,7
twelve_14735,2,1,6,4,0,5
twelve_14736,2,1,6,4,0,6
twelve_14737,2,1,6,4,0,7
twelve_14738,2,1,6,4,1,5
twelve_14739,2,1,6,4,1,6
twelve_14740,2,1,6,4,1,7
twelve_14741,2,1,6,4,2,5
twelve_14742,2,1,6,4,2,6
twelve_14743,2,1,6,4,2,7
twelve_14744,2,1,6,4,3,2
twelve_14745,2,1,6,4,3,3
twelve_14746,2,1,6,4,3,7
twelve_14747,2,1,6,4,4,7
twelve_14748,2,1,6,4,5,7
twelve_14749,2,1,6,5,2,6
twelve_14750,2,1,6,5,2,7
twelve_14751,2,1,6,5,3,0
twelve_14752,2,1,6,5,3,6
twelve_14753,2,1,6,5,3,7
twelve_14754,2,1,6,5,4,0
twelve_14755,2,1,6,5,4,7
twelve_14756,2,1,6,5,5,0
twelve_14757,2,1,6,5,5,7
twelve_14758,2,1,6,6,6,4
twelve_14759,2,1,6,6,6,5
twelve_14760,2,1,6,6,6,6
twelve_14761,2,1,6,6,7,3
twelve_14762,2,1,6,6,5,2
twelve_14763,2,1,6,7,6,5
twelve_14764,2,1,6,7,6,6
twelve_14765,2,1,6,7,6,7
twelve_14766,2,1,6,7,7,3
twelve_14767,2,1,6,7,7,4
twelve_14768,2,1,6,7,7,5
twelve_14769,2,1,6,7,7,6
twelve_14770,2,1,6,7,7,7
twelve_14771,2,1,6,7,0,7
twelve_14772,2,1,6,7,5,2
twelve_14773,2,1,6,7,5,3
twelve_14774,2,1,6,7,5,4
twelve_14775,2,2,7,1,2,2
twelve_14776,2,2,7,1,2,4
twelve_14777,2,2,7,1,3,2
twelve_14778,2,2,7,1,4,2
twelve_14779,2,2,7,1,4,3
twelve_14780,2,2,7,1,4,4
twelve_14781,2,2,7,1,4,5
twelve_14782,2,2,7,1,4,6
twelve_14783,2,2,7,2,2,2
twelve_14784,2,2,7,2,3,2
twelve_14785,2,2,7,2,4,2
twelve_14786,2,2,7,2,4,3
twelve_14787,2,2,7,2,4,4
twelve_14788,2,2,7,2,4,5
twelve_14789,2,2,7,2,5,3
twelve_14790,2,2,7,2,5,4
twelve_14791,2,2,7,2,5,5
twelve_14792,2,2,7,0,2,2
twelve_14793,2,2,7,0,3,2
twelve_14794,2,2,7,0,4,2
twelve_14795,2,2,7,0,4,3
twelve_14796,2,2,7,0,4,4
twelve_14797,2,2,7,0,4,5
twelve_14798,2,2,7,0,5,3
twelve_14799,2,2,7,0,5,4
twelve_14800,2,2,7,0,5,5
twelve_14801,2,2,7,0,5,6
twelve_14802,2,2,7,3,4,3
twelve_14803,2,2,7,3,4,4
twelve_14804,2,2,7,3,4,5
twelve_14805,2,2,7,3,5,3
twelve_14806,2,2,7,3,5,4
twelve_14807,2,2,7,3,5,5
twelve_14808,2,2,7,3,5,6
twelve_14809,2,2,7,4,3,4
twelve_14810,2,2,7,4,4,4
twelve_14811,2,2,7,4,4,5
twelve_14812,2,2,7,5,2,2
twelve_14813,2,2,7,5,3,2
twelve_14814,2,2,7,5,4,2
twelve_14815,2,2,7,5,4,4
twelve_14816,2,2,7,6,2,2
twelve_14817,2,2,7,6,3,2
twelve_14818,2,2,7,6,4,2
twelve_14819,2,2,7,6,4,3
twelve_14820,2,2,7,6,4,4
twelve_14821,2,2,7,6,4,5
twelve_14822,2,2,7,6,5,3
twelve_14823,2,2,7,6,5,4
twelve_14824,2,2,7,6,5,5
twelve_14825,2,2,7,6,5,6
twelve_14826,2,2,7,7,2,2
twelve_14827,2,2,7,7,3,2
twelve_14828,2,2,7,7,4,2
twelve_14829,2,2,7,7,4,3
twelve_14830,2,2,7,7,4,4
twelve_14831,2,2,7,7,4,5
twelve_14832,2,2,7,7,5,4
twelve_14833,2,2,7,7,5,5
twelve_14834,2,2,7,7,5,6
twelve_14835,2,2,0,1,2,2
twelve_14836,2,2,0,1,2,4
twelve_14837,2,2,0,1,3,2
twelve_14838,2,2,0,1,4,2
twelve_14839,2,2,0,1,4,3
twelve_14840,2,2,0,1,4,4
twelve_14841,2,2,0,1,4,5
twelve_14842,2,2,0,1,4,6
twelve_14843,2,2,0,2,2,2
twelve_14844,2,2,0,2,2,4
twelve_14845,2,2,0,2,3,2
twelve_14846,2,2,0,2,4,2
twelve_14847,2,2,0,2,4,3
twelve_14848,2,2,0,2,4,4
twelve_14849,2,2,0,2,4,5
twelve_14850,2,2,0,2,4,6
twelve_14851,2,2,0,2,5,3
twelve_14852,2,2,0,2,5,4
twelve_14853,2,2,0,2,5,5
twelve_14854,2,2,0,0,2,2
twelve_14855,2,2,0,0,3,2
twelve_14856,2,2,0,0,4,2
twelve_14857,2,2,0,0,4,3
twelve_14858,2,2,0,0,4,4
twelve_14859,2,2,0,0,4,5
twelve_14860,2,2,0,0,5,3
twelve_14861,2,2,0,0,5,4
twelve_14862,2,2,0,0,5,5
twelve_14863,2,2,0,0,5,6
twelve_14864,2,2,0,3,4,3
twelve_14865,2,2,0,3,4,4
twelve_14866,2,2,0,3,4,5
twelve_14867,2,2,0,3,5,3
twelve_14868,2,2,0,3,5,4
twelve_14869,2,2,0,3,5,5
twelve_14870,2,2,0,3,5,6
twelve_14871,2,2,0,4,3,4
twelve_14872,2,2,0,4,4,4
twelve_14873,2,2,0,4,4,5
twelve_14874,2,2,0,5,2,2
twelve_14875,2,2,0,5,3,2
twelve_14876,2,2,0,5,4,2
twelve_14877,2,2,0,5,4,4
twelve_14878,2,2,0,6,2,2
twelve_14879,2,2,0,6,3,2
twelve_14880,2,2,0,6,4,2
twelve_14881,2,2,0,6,4,3
twelve_14882,2,2,0,6,4,4
twelve_14883,2,2,0,6,4,5
twelve_14884,2,2,0,6,5,3
twelve_14885,2,2,0,6,5,4
twelve_14886,2,2,0,6,5,5
twelve_14887,2,2,0,6,5,6
twelve_14888,2,2,0,7,2,2
twelve_14889,2,2,0,7,3,2
twelve_14890,2,2,0,7,4,2
twelve_14891,2,2,0,7,4,3
twelve_14892,2,2,0,7,4,4
twelve_14893,2,2,0,7,4,5
twelve_14894,2,2,0,7,5,4
twelve_14895,2,2,0,7,5,5
twelve_14896,2,2,0,7,5,6
twelve_14897,2,2,1,1,4,2
twelve_14898,2,2,1,1,4,3
twelve_14899,2,2,1,1,4,4
twelve_14900,2,2,1,1,4,5
twelve_14901,2,2,1,1,4,6
twelve_14902,2,2,1,2,4,2
twelve_14903,2,2,1,2,4,3
twelve_14904,2,2,1,2,4,4
twelve_14905,2,2,1,2,4,5
twelve_14906,2,2,1,2,4,6
twelve_14907,2,2,1,2,5,2
twelve_14908,2,2,1,2,5,3
twelve_14909,2,2,1,2,5,4
twelve_14910,2,2,1,2,5,5
twelve_14911,2,2,1,3,4,3
twelve_14912,2,2,1,3,4,4
twelve_14913,2,2,1,3,4,5
twelve_14914,2,2,1,3,5,3
twelve_14915,2,2,1,3,5,4
twelve_14916,2,2,1,3,5,5
twelve_14917,2,2,1,3,5,6
twelve_14918,2,2,1,4,3,4
twelve_14919,2,2,1,4,4,4
twelve_14920,2,2,1,4,4,5
twelve_14921,2,2,1,5,2,2
twelve_14922,2,2,1,5,3,2
twelve_14923,2,2,1,5,4,2
twelve_14924,2,2,1,5,4,4
twelve_14925,2,2,1,6,2,2
twelve_14926,2,2,1,6,3,2
twelve_14927,2,2,1,6,4,2
twelve_14928,2,2,1,6,5,3
twelve_14929,2,2,1,7,2,2
twelve_14930,2,2,1,7,3,2
twelve_14931,2,2,1,7,4,2
twelve_14932,2,2,1,7,4,3
twelve_14933,2,2,1,7,4,4
twelve_14934,2,2,1,7,4,5
twelve_14935,2,2,1,7,5,4
twelve_14936,2,2,1,7,5,5
twelve_14937,2,2,1,7,5,6
twelve_14938,2,2,2,1,4,2
twelve_14939,2,2,2,1,4,3
twelve_14940,2,2,2,1,4,4
twelve_14941,2,2,2,1,4,5
twelve_14942,2,2,2,1,4,6
twelve_14943,2,2,2,2,4,2
twelve_14944,2,2,2,2,4,3
twelve_14945,2,2,2,2,4,4
twelve_14946,2,2,2,2,4,5
twelve_14947,2,2,2,2,4,6
twelve_14948,2,2,2,2,5,3
twelve_14949,2,2,2,2,5,4
twelve_14950,2,2,2,2,5,5
twelve_14951,2,2,2,0,4,2
twelve_14952,2,2,2,0,4,3
twelve_14953,2,2,2,0,4,4
twelve_14954,2,2,2,0,4,5
twelve_14955,2,2,2,0,4,6
twelve_14956,2,2,2,0,5,3
twelve_14957,2,2,2,0,5,4
twelve_14958,2,2,2,0,5,5
twelve_14959,2,2,2,0,5,6
twelve_14960,2,2,2,3,2,3
twelve_14961,2,2,2,3,2,4
twelve_14962,2,2,2,3,3,3
twelve_14963,2,2,2,3,3,4
twelve_14964,2,2,2,3,3,5
twelve_14965,2,2,2,3,4,3
twelve_14966,2,2,2,3,4,4
twelve_14967,2,2,2,3,4,5
twelve_14968,2,2,2,3,4,6
twelve_14969,2,2,2,3,5,3
twelve_14970,2,2,2,3,5,4
twelve_14971,2,2,2,3,5,5
twelve_14972,2,2,2,3,5,6
twelve_14973,2,2,2,5,4,2
twelve_14974,2,2,2,5,4,3
twelve_14975,2,2,2,5,4,4
twelve_14976,2,2,2,5,4,5
twelve_14977,2,2,2,5,5,3
twelve_14978,2,2,2,5,5,4
twelve_14979,2,2,2,5,5,5
twelve_14980,2,2,2,6,4,2
twelve_14981,2,2,2,6,4,3
twelve_14982,2,2,2,6,4,4
twelve_14983,2,2,2,6,4,5
twelve_14984,2,2,2,6,5,3
twelve_14985,2,2,2,6,5,4
twelve_14986,2,2,2,6,5,5
twelve_14987,2,2,2,6,5,6
twelve_14988,2,2,2,7,4,2
twelve_14989,2,2,2,7,4,3
twelve_14990,2,2,2,7,4,4
twelve_14991,2,2,2,7,4,5
twelve_14992,2,2,2,7,5,4
twelve_14993,2,2,2,7,5,5
twelve_14994,2,2,2,7,5,6
twelve_14995,2,2,3,1,2,2
twelve_14996,2,2,3,1,2,3
twelve_14997,2,2,3,1,2,4
twelve_14998,2,2,3,1,3,2
twelve_14999,2,2,3,1,3,4
twelve_15000,2,2,3,1,4,2
twelve_15001,2,2,3,1,4,3
twelve_15002,2,2,3,1,4,4
twelve_15003,2,2,3,1,4,5
twelve_15004,2,2,3,1,4,6
twelve_15005,2,2,3,2,2,3
twelve_15006,2,2,3,2,2,4
twelve_15007,2,2,3,2,3,4
twelve_15008,2,2,3,2,4,2
twelve_15009,2,2,3,2,4,3
twelve_15010,2,2,3,2,4,4
twelve_15011,2,2,3,2,4,5
twelve_15012,2,2,3,2,4,6
twelve_15013,2,2,3,0,2,4
twelve_15014,2,2,3,0,3,4
twelve_15015,2,2,3,0,4,2
twelve_15016,2,2,3,0,4,3
twelve_15017,2,2,3,0,4,4
twelve_15018,2,2,3,0,4,5
twelve_15019,2,2,3,0,4,6
twelve_15020,2,2,3,5,2,2
twelve_15021,2,2,3,5,3,2
twelve_15022,2,2,3,5,4,2
twelve_15023,2,2,3,6,2,2
twelve_15024,2,2,3,6,2,3
twelve_15025,2,2,3,6,3,2
twelve_15026,2,2,3,6,3,4
twelve_15027,2,2,3,6,4,2
twelve_15028,2,2,3,6,4,3
twelve_15029,2,2,3,6,4,4
twelve_15030,2,2,3,6,4,5
twelve_15031,2,2,3,7,2,2
twelve_15032,2,2,3,7,2,3
twelve_15033,2,2,3,7,3,2
twelve_15034,2,2,3,7,3,4
twelve_15035,2,2,3,7,4,2
twelve_15036,2,2,3,7,4,3
twelve_15037,2,2,3,7,4,4
twelve_15038,2,2,3,7,4,5
twelve_15039,2,2,4,5,2,0
twelve_15040,2,2,4,5,3,0
twelve_15041,2,2,4,6,2,0
twelve_15042,2,2,4,6,3,0
twelve_15043,2,2,4,7,2,0
twelve_15044,2,2,4,7,3,0
twelve_15045,2,2,5,1,4,2
twelve_15046,2,2,5,1,4,3
twelve_15047,2,2,5,1,4,4
twelve_15048,2,2,5,1,4,5
twelve_15049,2,2,5,1,4,6
twelve_15050,2,2,5,2,4,4
twelve_15051,2,2,5,2,4,5
twelve_15052,2,2,5,2,4,6
twelve_15053,2,2,5,3,4,6
twelve_15054,2,2,5,4,2,2
twelve_15055,2,2,5,4,2,3
twelve_15056,2,2,5,4,2,4
twelve_15057,2,2,5,4,3,2
twelve_15058,2,2,5,4,4,2
twelve_15059,2,2,5,4,4,6
twelve_15060,2,2,5,5,2,0
twelve_15061,2,2,5,5,3,0
twelve_15062,2,2,5,5,4,0
twelve_15063,2,2,5,6,4,2
twelve_15064,2,2,5,7,4,2
twelve_15065,2,2,5,7,4,3
twelve_15066,2,2,5,7,4,4
twelve_15067,2,2,6,1,2,2
twelve_15068,2,2,6,1,2,4
twelve_15069,2,2,6,1,3,2
twelve_15070,2,2,6,1,4,2
twelve_15071,2,2,6,1,4,3
twelve_15072,2,2,6,1,4,4
twelve_15073,2,2,6,1,4,5
twelve_15074,2,2,6,1,4,6
twelve_15075,2,2,6,2,2,2
twelve_15076,2,2,6,2,2,4
twelve_15077,2,2,6,2,3,0
twelve_15078,2,2,6,2,3,2
twelve_15079,2,2,6,2,4,3
twelve_15080,2,2,6,2,4,4
twelve_15081,2,2,6,2,4,5
twelve_15082,2,2,6,2,4,6
twelve_15083,2,2,6,2,5,3
twelve_15084,2,2,6,2,5,4
twelve_15085,2,2,6,2,5,5
twelve_15086,2,2,6,0,2,2
twelve_15087,2,2,6,0,4,6
twelve_15088,2,2,6,0,5,5
twelve_15089,2,2,6,0,5,6
twelve_15090,2,2,6,3,4,5
twelve_15091,2,2,6,3,4,6
twelve_15092,2,2,6,3,5,5
twelve_15093,2,2,6,3,5,6
twelve_15094,2,2,6,4,2,4
twelve_15095,2,2,6,4,3,4
twelve_15096,2,2,6,4,4,6
twelve_15097,2,2,6,5,2,2
twelve_15098,2,2,6,5,3,0
twelve_15099,2,2,6,5,3,2
twelve_15100,2,2,6,5,4,0
twelve_15101,2,2,6,5,4,2
twelve_15102,2,2,6,5,5,0
twelve_15103,2,2,6,5,5,2
twelve_15104,2,2,6,6,2,2
twelve_15105,2,2,6,6,3,2
twelve_15106,2,2,6,6,4,2
twelve_15107,2,2,6,6,5,2
twelve_15108,2,2,6,6,5,3
twelve_15109,2,2,6,7,2,2
twelve_15110,2,2,6,7,2,4
twelve_15111,2,2,6,7,3,2
twelve_15112,2,2,6,7,4,2
twelve_15113,2,2,6,7,4,3
twelve_15114,2,2,6,7,4,4
twelve_15115,2,2,6,7,5,4
twelve_15116,3,0,7,1,6,2
twelve_15117,3,0,7,1,6,3
twelve_15118,3,0,7,1,6,4
twelve_15119,3,0,7,1,6,5
twelve_15120,3,0,7,1,6,6
twelve_15121,3,0,7,1,6,7
twelve_15122,3,0,7,1,3,0
twelve_15123,3,0,7,2,6,3
twelve_15124,3,0,7,2,6,4
twelve_15125,3,0,7,2,6,5
twelve_15126,3,0,7,2,6,6
twelve_15127,3,0,7,2,6,7
twelve_15128,3,0,7,2,7,7
twelve_15129,3,0,7,2,3,0
twelve_15130,3,0,7,2,5,2
twelve_15131,3,0,7,2,5,3
twelve_15132,3,0,7,2,5,4
twelve_15133,3,0,7,2,5,5
twelve_15134,3,0,7,2,5,6
twelve_15135,3,0,7,2,5,7
twelve_15136,3,0,7,0,7,7
twelve_15137,3,0,7,0,4,7
twelve_15138,3,0,7,0,5,5
twelve_15139,3,0,7,0,5,6
twelve_15140,3,0,7,0,5,7
twelve_15141,3,0,7,3,6,6
twelve_15142,3,0,7,3,7,7
twelve_15143,3,0,7,3,4,7
twelve_15144,3,0,7,4,6,0
twelve_15145,3,0,7,4,6,7
twelve_15146,3,0,7,4,7,0
twelve_15147,3,0,7,4,2,3
twelve_15148,3,0,7,4,3,0
twelve_15149,3,0,7,4,4,2
twelve_15150,3,0,7,4,4,3
twelve_15151,3,0,7,4,5,7
twelve_15152,3,0,7,5,6,0
twelve_15153,3,0,7,5,6,2
twelve_15154,3,0,7,5,7,0
twelve_15155,3,0,7,5,2,6
twelve_15156,3,0,7,5,2,7
twelve_15157,3,0,7,5,3,0
twelve_15158,3,0,7,5,3,6
twelve_15159,3,0,7,5,3,7
twelve_15160,3,0,7,5,4,6
twelve_15161,3,0,7,5,4,7
twelve_15162,3,0,7,5,5,6
twelve_15163,3,0,7,5,5,7
twelve_15164,3,0,7,6,6,2
twelve_15165,3,0,7,6,6,3
twelve_15166,3,0,7,6,7,0
twelve_15167,3,0,7,6,3,0
twelve_15168,3,0,7,6,5,2
twelve_15169,3,0,7,6,5,3
twelve_15170,3,0,7,7,6,2
twelve_15171,3,0,7,7,6,3
twelve_15172,3,0,7,7,6,4
twelve_15173,3,0,7,7,7,0
twelve_15174,3,0,7,7,3,0
twelve_15175,3,0,7,7,5,2
twelve_15176,3,0,7,7,5,3
twelve_15177,3,0,7,7,5,4
twelve_15178,3,0,0,2,7,7
twelve_15179,3,0,0,2,5,2
twelve_15180,3,0,0,2,5,3
twelve_15181,3,0,0,2,5,4
twelve_15182,3,0,0,2,5,5
twelve_15183,3,0,0,2,5,6
twelve_15184,3,0,0,2,5,7
twelve_15185,3,0,0,0,7,7
twelve_15186,3,0,0,0,4,7
twelve_15187,3,0,0,0,5,5
twelve_15188,3,0,0,0,5,6
twelve_15189,3,0,0,0,5,7
twelve_15190,3,0,0,3,7,7
twelve_15191,3,0,0,3,4,7
twelve_15192,3,0,0,4,4,2
twelve_15193,3,0,0,4,4,3
twelve_15194,3,0,0,4,5,7
twelve_15195,3,0,0,5,5,6
twelve_15196,3,0,0,5,5,7
twelve_15197,3,0,0,6,5,2
twelve_15198,3,0,0,6,5,3
twelve_15199,3,0,0,7,5,2
twelve_15200,3,0,0,7,5,3
twelve_15201,3,0,0,7,5,4
twelve_15202,3,0,1,2,5,2
twelve_15203,3,0,1,2,5,3
twelve_15204,3,0,1,2,5,4
twelve_15205,3,0,1,2,5,5
twelve_15206,3,0,1,2,5,6
twelve_15207,3,0,1,2,5,7
twelve_15208,3,0,1,0,4,7
twelve_15209,3,0,1,0,5,5
twelve_15210,3,0,1,0,5,6
twelve_15211,3,0,1,0,5,7
twelve_15212,3,0,1,3,4,7
twelve_15213,3,0,1,4,6,2
twelve_15214,3,0,1,4,6,3
twelve_15215,3,0,1,4,6,4
twelve_15216,3,0,1,4,7,2
twelve_15217,3,0,1,4,4,2
twelve_15218,3,0,1,4,4,3
twelve_15219,3,0,1,4,5,7
twelve_15220,3,0,1,6,5,2
twelve_15221,3,0,1,6,5,3
twelve_15222,3,0,1,7,5,2
twelve_15223,3,0,1,7,5,3
twelve_15224,3,0,1,7,5,4
twelve_15225,3,0,2,2,6,0
twelve_15226,3,0,2,2,6,2
twelve_15227,3,0,2,2,6,3
twelve_15228,3,0,2,2,6,4
twelve_15229,3,0,2,2,6,5
twelve_15230,3,0,2,2,7,0
twelve_15231,3,0,2,2,7,2
twelve_15232,3,0,2,2,7,3
twelve_15233,3,0,2,2,7,4
twelve_15234,3,0,2,2,7,5
twelve_15235,3,0,2,2,0,2
twelve_15236,3,0,2,2,0,3
twelve_15237,3,0,2,2,0,4
twelve_15238,3,0,2,2,0,5
twelve_15239,3,0,2,2,4,0
twelve_15240,3,0,2,2,5,2
twelve_15241,3,0,2,2,5,3
twelve_15242,3,0,2,2,5,4
twelve_15243,3,0,2,2,5,5
twelve_15244,3,0,2,2,5,6
twelve_15245,3,0,2,2,5,7
twelve_15246,3,0,2,0,6,2
twelve_15247,3,0,2,0,6,3
twelve_15248,3,0,2,0,6,4
twelve_15249,3,0,2,0,7,2
twelve_15250,3,0,2,0,7,3
twelve_15251,3,0,2,0,7,4
twelve_15252,3,0,2,0,7,5
twelve_15253,3,0,2,0,0,4
twelve_15254,3,0,2,0,0,5
twelve_15255,3,0,2,0,4,7
twelve_15256,3,0,2,0,5,5
twelve_15257,3,0,2,0,5,6
twelve_15258,3,0,2,0,5,7
twelve_15259,3,0,2,3,4,7
twelve_15260,3,0,2,4,6,0
twelve_15261,3,0,2,4,6,2
twelve_15262,3,0,2,4,6,3
twelve_15263,3,0,2,4,6,4
twelve_15264,3,0,2,4,6,5
twelve_15265,3,0,2,4,6,6
twelve_15266,3,0,2,4,6,7
twelve_15267,3,0,2,4,7,7
twelve_15268,3,0,2,4,0,7
twelve_15269,3,0,2,4,4,0
twelve_15270,3,0,2,4,5,4
twelve_15271,3,0,2,4,5,5
twelve_15272,3,0,2,4,5,6
twelve_15273,3,0,2,4,5,7
twelve_15274,3,0,2,5,6,0
twelve_15275,3,0,2,5,6,2
twelve_15276,3,0,2,5,6,6
twelve_15277,3,0,2,5,6,7
twelve_15278,3,0,2,5,7,6
twelve_15279,3,0,2,5,7,7
twelve_15280,3,0,2,5,0,7
twelve_15281,3,0,2,5,4,0
twelve_15282,3,0,2,6,6,2
twelve_15283,3,0,2,6,6,3
twelve_15284,3,0,2,6,6,4
twelve_15285,3,0,2,6,6,5
twelve_15286,3,0,2,6,6,6
twelve_15287,3,0,2,6,0,2
twelve_15288,3,0,2,6,4,0
twelve_15289,3,0,2,6,5,2
twelve_15290,3,0,2,6,5,3
twelve_15291,3,0,2,7,6,2
twelve_15292,3,0,2,7,6,3
twelve_15293,3,0,2,7,6,4
twelve_15294,3,0,2,7,6,5
twelve_15295,3,0,2,7,6,6
twelve_15296,3,0,2,7,6,7
twelve_15297,3,0,2,7,7,4
twelve_15298,3,0,2,7,7,5
twelve_15299,3,0,2,7,7,6
twelve_15300,3,0,2,7,7,7
twelve_15301,3,0,2,7,0,2
twelve_15302,3,0,2,7,0,4
twelve_15303,3,0,2,7,0,5
twelve_15304,3,0,2,7,4,0
twelve_15305,3,0,2,7,5,2
twelve_15306,3,0,2,7,5,3
twelve_15307,3,0,2,7,5,4
twelve_15308,3,0,3,1,6,7
twelve_15309,3,0,3,1,3,7
twelve_15310,3,0,3,1,4,7
twelve_15311,3,0,3,1,5,2
twelve_15312,3,0,3,1,5,3
twelve_15313,3,0,3,1,5,4
twelve_15314,3,0,3,1,5,5
twelve_15315,3,0,3,2,6,2
twelve_15316,3,0,3,2,6,3
twelve_15317,3,0,3,2,6,4
twelve_15318,3,0,3,2,6,5
twelve_15319,3,0,3,2,6,6
twelve_15320,3,0,3,2,6,7
twelve_15321,3,0,3,2,7,7
twelve_15322,3,0,3,2,3,7
twelve_15323,3,0,3,2,4,7
twelve_15324,3,0,3,2,5,2
twelve_15325,3,0,3,2,5,3
twelve_15326,3,0,3,2,5,4
twelve_15327,3,0,3,2,5,5
twelve_15328,3,0,3,2,5,6
twelve_15329,3,0,3,2,5,7
twelve_15330,3,0,3,0,7,7
twelve_15331,3,0,3,0,3,4
twelve_15332,3,0,3,0,3,5
twelve_15333,3,0,3,0,4,2
twelve_15334,3,0,3,0,4,3
twelve_15335,3,0,3,0,4,4
twelve_15336,3,0,3,0,4,5
twelve_15337,3,0,3,0,5,2
twelve_15338,3,0,3,0,5,3
twelve_15339,3,0,3,0,5,4
twelve_15340,3,0,3,0,5,5
twelve_15341,3,0,3,3,6,6
twelve_15342,3,0,3,3,7,7
twelve_15343,3,0,3,4,6,4
twelve_15344,3,0,3,4,6,5
twelve_15345,3,0,3,4,6,6
twelve_15346,3,0,3,4,6,7
twelve_15347,3,0,3,4,3,7
twelve_15348,3,0,3,4,4,7
twelve_15349,3,0,3,4,5,5
twelve_15350,3,0,3,4,5,6
twelve_15351,3,0,3,4,5,7
twelve_15352,3,0,3,5,6,2
twelve_15353,3,0,3,5,3,7
twelve_15354,3,0,3,5,4,6
twelve_15355,3,0,3,5,4,7
twelve_15356,3,0,3,5,5,6
twelve_15357,3,0,3,5,5,7
twelve_15358,3,0,3,6,6,2
twelve_15359,3,0,3,6,6,3
twelve_15360,3,0,3,6,3,2
twelve_15361,3,0,3,6,5,2
twelve_15362,3,0,3,6,5,3
twelve_15363,3,0,3,6,5,4
twelve_15364,3,0,3,6,5,5
twelve_15365,3,0,3,6,5,6
twelve_15366,3,0,3,7,6,2
twelve_15367,3,0,3,7,6,3
twelve_15368,3,0,3,7,6,4
twelve_15369,3,0,3,7,3,2
twelve_15370,3,0,3,7,3,4
twelve_15371,3,0,3,7,3,5
twelve_15372,3,0,3,7,4,4
twelve_15373,3,0,3,7,4,5
twelve_15374,3,0,3,7,4,6
twelve_15375,3,0,3,7,4,7
twelve_15376,3,0,3,7,5,2
twelve_15377,3,0,3,7,5,3
twelve_15378,3,0,3,7,5,4
twelve_15379,3,0,3,7,5,5
twelve_15380,3,0,3,7,5,6
twelve_15381,3,0,3,7,5,7
twelve_15382,3,0,4,1,6,7
twelve_15383,3,0,4,2,6,2
twelve_15384,3,0,4,2,6,3
twelve_15385,3,0,4,2,6,4
twelve_15386,3,0,4,2,6,5
twelve_15387,3,0,4,2,6,6
twelve_15388,3,0,4,2,6,7
twelve_15389,3,0,4,2,7,7
twelve_15390,3,0,4,0,7,7
twelve_15391,3,0,4,3,6,6
twelve_15392,3,0,4,3,7,7
twelve_15393,3,0,4,3,4,5
twelve_15394,3,0,4,3,5,3
twelve_15395,3,0,4,3,5,4
twelve_15396,3,0,4,3,5,5
twelve_15397,3,0,4,4,6,7
twelve_15398,3,0,4,4,7,2
twelve_15399,3,0,4,4,7,3
twelve_15400,3,0,4,4,4,2
twelve_15401,3,0,4,4,5,2
twelve_15402,3,0,4,4,5,3
twelve_15403,3,0,4,4,5,4
twelve_15404,3,0,4,5,6,2
twelve_15405,3,0,4,5,4,3
twelve_15406,3,0,4,5,5,3
twelve_15407,3,0,4,5,5,4
twelve_15408,3,0,4,5,5,5
twelve_15409,3,0,4,6,6,2
twelve_15410,3,0,4,6,6,3
twelve_15411,3,0,4,7,6,2
twelve_15412,3,0,4,7,6,3
twelve_15413,3,0,4,7,6,4
twelve_15414,3,0,5,1,6,7
twelve_15415,3,0,5,2,6,2
twelve_15416,3,0,5,2,6,3
twelve_15417,3,0,5,2,6,4
twelve_15418,3,0,5,2,6,5
twelve_15419,3,0,5,2,6,6
twelve_15420,3,0,5,2,6,7
twelve_15421,3,0,5,2,7,7
twelve_15422,3,0,5,0,7,7
twelve_15423,3,0,5,0,4,7
twelve_15424,3,0,5,3,6,6
twelve_15425,3,0,5,3,7,7
twelve_15426,3,0,5,3,4,7
twelve_15427,3,0,5,4,6,7
twelve_15428,3,0,5,4,7,2
twelve_15429,3,0,5,4,7,3
twelve_15430,3,0,5,5,6,2
twelve_15431,3,0,5,5,6,6
twelve_15432,3,0,5,5,6,7
twelve_15433,3,0,5,5,3,1
twelve_15434,3,0,5,5,4,1
twelve_15435,3,0,5,6,6,2
twelve_15436,3,0,5,6,6,3
twelve_15437,3,0,5,6,3,1
twelve_15438,3,0,5,6,4,1
twelve_15439,3,0,5,7,6,2
twelve_15440,3,0,5,7,6,3
twelve_15441,3,0,5,7,6,4
twelve_15442,3,0,5,7,3,1
twelve_15443,3,0,5,7,4,1
twelve_15444,3,0,6,1,6,7
twelve_15445,3,0,6,1,3,0
twelve_15446,3,0,6,1,5,2
twelve_15447,3,0,6,1,5,3
twelve_15448,3,0,6,1,5,4
twelve_15449,3,0,6,1,5,5
twelve_15450,3,0,6,1,5,6
twelve_15451,3,0,6,1,5,7
twelve_15452,3,0,6,2,6,2
twelve_15453,3,0,6,2,6,3
twelve_15454,3,0,6,2,6,4
twelve_15455,3,0,6,2,6,5
twelve_15456,3,0,6,2,6,6
twelve_15457,3,0,6,2,6,7
twelve_15458,3,0,6,2,7,7
twelve_15459,3,0,6,2,5,4
twelve_15460,3,0,6,2,5,5
twelve_15461,3,0,6,2,5,6
twelve_15462,3,0,6,2,5,7
twelve_15463,3,0,6,0,7,7
twelve_15464,3,0,6,0,4,7
twelve_15465,3,0,6,0,5,5
twelve_15466,3,0,6,0,5,6
twelve_15467,3,0,6,0,5,7
twelve_15468,3,0,6,3,6,6
twelve_15469,3,0,6,3,7,7
twelve_15470,3,0,6,3,4,7
twelve_15471,3,0,6,4,6,7
twelve_15472,3,0,6,4,7,2
twelve_15473,3,0,6,4,7,3
twelve_15474,3,0,6,4,1,3
twelve_15475,3,0,6,4,3,0
twelve_15476,3,0,6,4,4,0
twelve_15477,3,0,6,4,5,0
twelve_15478,3,0,6,4,5,7
twelve_15479,3,0,6,5,6,2
twelve_15480,3,0,6,5,6,6
twelve_15481,3,0,6,5,6,7
twelve_15482,3,0,6,5,7,6
twelve_15483,3,0,6,5,7,7
twelve_15484,3,0,6,5,0,6
twelve_15485,3,0,6,5,0,7
twelve_15486,3,0,6,5,1,6
twelve_15487,3,0,6,5,1,7
twelve_15488,3,0,6,5,3,0
twelve_15489,3,0,6,5,4,0
twelve_15490,3,0,6,5,5,0
twelve_15491,3,0,6,6,6,2
twelve_15492,3,0,6,6,6,3
twelve_15493,3,0,6,6,3,0
twelve_15494,3,0,6,6,4,0
twelve_15495,3,0,6,6,5,0
twelve_15496,3,0,6,6,5,2
twelve_15497,3,0,6,6,5,3
twelve_15498,3,0,6,7,6,2
twelve_15499,3,0,6,7,6,3
twelve_15500,3,0,6,7,6,4
twelve_15501,3,0,6,7,3,0
twelve_15502,3,0,6,7,4,0
twelve_15503,3,0,6,7,5,0
twelve_15504,3,0,6,7,5,2
twelve_15505,3,0,6,7,5,3
twelve_15506,3,0,6,7,5,4
twelve_15507,3,1,7,1,2,7
twelve_15508,3,1,7,1,3,7
twelve_15509,3,1,7,1,4,2
twelve_15510,3,1,7,1,4,7
twelve_15511,3,1,7,2,2,7
twelve_15512,3,1,7,2,3,7
twelve_15513,3,1,7,2,4,2
twelve_15514,3,1,7,2,4,7
twelve_15515,3,1,7,0,7,4
twelve_15516,3,1,7,0,7,5
twelve_15517,3,1,7,0,0,7
twelve_15518,3,1,7,0,1,7
twelve_15519,3,1,7,0,2,7
twelve_15520,3,1,7,0,3,7
twelve_15521,3,1,7,0,4,2
twelve_15522,3,1,7,0,4,7
twelve_15523,3,1,7,3,0,7
twelve_15524,3,1,7,3,1,7
twelve_15525,3,1,7,3,2,7
twelve_15526,3,1,7,3,3,7
twelve_15527,3,1,7,4,6,6
twelve_15528,3,1,7,4,7,6
twelve_15529,3,1,7,4,7,7
twelve_15530,3,1,7,4,0,5
twelve_15531,3,1,7,4,0,6
twelve_15532,3,1,7,4,0,7
twelve_15533,3,1,7,4,1,5
twelve_15534,3,1,7,4,1,6
twelve_15535,3,1,7,4,1,7
twelve_15536,3,1,7,4,2,5
twelve_15537,3,1,7,4,2,6
twelve_15538,3,1,7,4,2,7
twelve_15539,3,1,7,4,3,4
twelve_15540,3,1,7,4,3,5
twelve_15541,3,1,7,4,3,6
twelve_15542,3,1,7,4,3,7
twelve_15543,3,1,7,4,4,4
twelve_15544,3,1,7,4,4,5
twelve_15545,3,1,7,4,4,6
twelve_15546,3,1,7,4,4,7
twelve_15547,3,1,7,4,5,4
twelve_15548,3,1,7,4,5,5
twelve_15549,3,1,7,4,5,6
twelve_15550,3,1,7,5,6,7
twelve_15551,3,1,7,5,7,7
twelve_15552,3,1,7,5,0,6
twelve_15553,3,1,7,5,0,7
twelve_15554,3,1,7,5,4,2
twelve_15555,3,1,7,6,6,4
twelve_15556,3,1,7,6,7,2
twelve_15557,3,1,7,6,4,2
twelve_15558,3,1,7,6,5,4
twelve_15559,3,1,7,6,5,5
twelve_15560,3,1,7,6,5,6
twelve_15561,3,1,7,7,6,5
twelve_15562,3,1,7,7,7,2
twelve_15563,3,1,7,7,7,3
twelve_15564,3,1,7,7,7,4
twelve_15565,3,1,7,7,2,7
twelve_15566,3,1,7,7,3,7
twelve_15567,3,1,7,7,4,2
twelve_15568,3,1,7,7,4,6
twelve_15569,3,1,7,7,4,7
twelve_15570,3,1,7,7,5,5
twelve_15571,3,1,7,7,5,6
twelve_15572,3,1,7,7,5,7
twelve_15573,3,1,0,1,4,2
twelve_15574,3,1,0,1,4,7
twelve_15575,3,1,0,2,4,2
twelve_15576,3,1,0,0,7,4
twelve_15577,3,1,0,0,7,5
twelve_15578,3,1,0,0,4,2
twelve_15579,3,1,0,0,4,7
twelve_15580,3,1,0,4,7,7
twelve_15581,3,1,0,4,0,7
twelve_15582,3,1,0,4,1,7
twelve_15583,3,1,0,4,2,3
twelve_15584,3,1,0,4,2,4
twelve_15585,3,1,0,4,2,5
twelve_15586,3,1,0,4,2,6
twelve_15587,3,1,0,4,2,7
twelve_15588,3,1,0,4,3,4
twelve_15589,3,1,0,4,3,5
twelve_15590,3,1,0,4,3,6
twelve_15591,3,1,0,4,3,7
twelve_15592,3,1,0,4,4,4
twelve_15593,3,1,0,4,4,5
twelve_15594,3,1,0,4,4,6
twelve_15595,3,1,0,4,4,7
twelve_15596,3,1,0,4,5,4
twelve_15597,3,1,0,4,5,5
twelve_15598,3,1,0,4,5,6
twelve_15599,3,1,0,5,7,7
twelve_15600,3,1,0,5,0,7
twelve_15601,3,1,0,5,1,6
twelve_15602,3,1,0,5,1,7
twelve_15603,3,1,0,5,2,6
twelve_15604,3,1,0,5,2,7
twelve_15605,3,1,0,5,3,6
twelve_15606,3,1,0,5,3,7
twelve_15607,3,1,0,5,4,2
twelve_15608,3,1,0,6,7,2
twelve_15609,3,1,0,6,4,2
twelve_15610,3,1,0,6,5,4
twelve_15611,3,1,0,6,5,5
twelve_15612,3,1,0,6,5,6
twelve_15613,3,1,0,7,7,2
twelve_15614,3,1,0,7,7,3
twelve_15615,3,1,0,7,7,4
twelve_15616,3,1,0,7,4,2
twelve_15617,3,1,0,7,5,5
twelve_15618,3,1,0,7,5,6
twelve_15619,3,1,0,7,5,7
twelve_15620,3,1,1,1,4,2
twelve_15621,3,1,1,1,4,7
twelve_15622,3,1,1,2,4,2
twelve_15623,3,1,1,0,4,2
twelve_15624,3,1,1,0,4,7
twelve_15625,3,1,1,4,2,3
twelve_15626,3,1,1,4,4,4
twelve_15627,3,1,1,4,4,5
twelve_15628,3,1,1,4,4,6
twelve_15629,3,1,1,4,4,7
twelve_15630,3,1,1,4,5,4
twelve_15631,3,1,1,4,5,5
twelve_15632,3,1,1,4,5,6
twelve_15633,3,1,1,5,0,7
twelve_15634,3,1,1,5,1,7
twelve_15635,3,1,1,5,2,6
twelve_15636,3,1,1,5,2,7
twelve_15637,3,1,1,5,3,6
twelve_15638,3,1,1,5,3,7
twelve_15639,3,1,1,5,4,2
twelve_15640,3,1,1,5,4,6
twelve_15641,3,1,1,5,4,7
twelve_15642,3,1,1,6,4,2
twelve_15643,3,1,1,6,5,4
twelve_15644,3,1,1,6,5,5
twelve_15645,3,1,1,6,5,6
twelve_15646,3,1,1,7,4,2
twelve_15647,3,1,1,7,5,5
twelve_15648,3,1,1,7,5,6
twelve_15649,3,1,1,7,5,7
twelve_15650,3,1,2,1,7,2
twelve_15651,3,1,2,1,7,3
twelve_15652,3,1,2,1,7,4
twelve_15653,3,1,2,1,0,5
twelve_15654,3,1,2,1,0,6
twelve_15655,3,1,2,1,0,7
twelve_15656,3,1,2,1,1,5
twelve_15657,3,1,2,1,1,6
twelve_15658,3,1,2,1,1,7
twelve_15659,3,1,2,1,2,5
twelve_15660,3,1,2,1,2,6
twelve_15661,3,1,2,1,2,7
twelve_15662,3,1,2,1,3,5
twelve_15663,3,1,2,1,3,6
twelve_15664,3,1,2,1,4,5
twelve_15665,3,1,2,1,4,6
twelve_15666,3,1,2,0,1,5
twelve_15667,3,1,2,0,1,6
twelve_15668,3,1,2,0,2,5
twelve_15669,3,1,2,0,2,6
twelve_15670,3,1,2,0,3,5
twelve_15671,3,1,2,0,3,6
twelve_15672,3,1,2,0,4,5
twelve_15673,3,1,2,0,4,6
twelve_15674,3,1,2,3,1,5
twelve_15675,3,1,2,3,1,6
twelve_15676,3,1,2,3,2,5
twelve_15677,3,1,2,3,2,6
twelve_15678,3,1,2,3,3,3
twelve_15679,3,1,2,3,3,4
twelve_15680,3,1,2,3,3,5
twelve_15681,3,1,2,3,3,6
twelve_15682,3,1,2,3,4,3
twelve_15683,3,1,2,3,4,4
twelve_15684,3,1,2,3,4,5
twelve_15685,3,1,2,4,7,2
twelve_15686,3,1,2,4,7,3
twelve_15687,3,1,2,4,7,4
twelve_15688,3,1,2,5,7,2
twelve_15689,3,1,2,5,7,3
twelve_15690,3,1,2,5,7,4
twelve_15691,3,1,2,5,7,5
twelve_15692,3,1,2,5,0,3
twelve_15693,3,1,2,5,1,7
twelve_15694,3,1,2,5,2,7
twelve_15695,3,1,2,5,3,6
twelve_15696,3,1,2,5,3,7
twelve_15697,3,1,2,5,4,5
twelve_15698,3,1,2,5,4,6
twelve_15699,3,1,2,5,4,7
twelve_15700,3,1,2,5,5,3
twelve_15701,3,1,2,5,5,4
twelve_15702,3,1,2,5,5,5
twelve_15703,3,1,2,6,7,2
twelve_15704,3,1,2,6,7,3
twelve_15705,3,1,2,6,7,4
twelve_15706,3,1,2,6,0,4
twelve_15707,3,1,2,6,5,4
twelve_15708,3,1,2,6,5,5
twelve_15709,3,1,2,6,5,6
twelve_15710,3,1,2,7,4,5
twelve_15711,3,1,2,7,4,6
twelve_15712,3,1,2,7,4,7
twelve_15713,3,1,2,7,5,5
twelve_15714,3,1,2,7,5,6
twelve_15715,3,1,2,7,5,7
twelve_15716,3,1,3,1,7,5
twelve_15717,3,1,3,1,7,6
twelve_15718,3,1,3,1,0,5
twelve_15719,3,1,3,1,0,6
twelve_15720,3,1,3,1,1,5
twelve_15721,3,1,3,1,1,6
twelve_15722,3,1,3,1,2,5
twelve_15723,3,1,3,1,2,6
twelve_15724,3,1,3,1,3,0
twelve_15725,3,1,3,1,3,2
twelve_15726,3,1,3,1,3,3
twelve_15727,3,1,3,1,3,4
twelve_15728,3,1,3,1,3,5
twelve_15729,3,1,3,1,4,0
twelve_15730,3,1,3,1,4,2
twelve_15731,3,1,3,1,4,3
twelve_15732,3,1,3,1,4,4
twelve_15733,3,1,3,1,4,5
twelve_15734,3,1,3,2,7,5
twelve_15735,3,1,3,2,7,6
twelve_15736,3,1,3,2,0,5
twelve_15737,3,1,3,2,0,6
twelve_15738,3,1,3,2,1,5
twelve_15739,3,1,3,2,1,6
twelve_15740,3,1,3,2,2,5
twelve_15741,3,1,3,2,2,6
twelve_15742,3,1,3,2,3,0
twelve_15743,3,1,3,2,3,2
twelve_15744,3,1,3,2,3,3
twelve_15745,3,1,3,2,3,4
twelve_15746,3,1,3,2,3,5
twelve_15747,3,1,3,2,4,0
twelve_15748,3,1,3,2,4,2
twelve_15749,3,1,3,2,4,3
twelve_15750,3,1,3,2,4,4
twelve_15751,3,1,3,2,4,5
twelve_15752,3,1,3,0,7,2
twelve_15753,3,1,3,0,7,3
twelve_15754,3,1,3,0,7,4
twelve_15755,3,1,3,0,7,5
twelve_15756,3,1,3,0,0,5
twelve_15757,3,1,3,0,0,6
twelve_15758,3,1,3,0,1,3
twelve_15759,3,1,3,0,1,5
twelve_15760,3,1,3,0,1,6
twelve_15761,3,1,3,0,2,5
twelve_15762,3,1,3,0,2,6
twelve_15763,3,1,3,0,3,2
twelve_15764,3,1,3,0,3,3
twelve_15765,3,1,3,0,3,4
twelve_15766,3,1,3,0,3,5
twelve_15767,3,1,3,0,4,2
twelve_15768,3,1,3,0,4,3
twelve_15769,3,1,3,0,4,4
twelve_15770,3,1,3,0,4,5
twelve_15771,3,1,3,3,7,3
twelve_15772,3,1,3,3,7,4
twelve_15773,3,1,3,3,7,5
twelve_15774,3,1,3,3,0,3
twelve_15775,3,1,3,3,0,4
twelve_15776,3,1,3,3,0,5
twelve_15777,3,1,3,3,0,6
twelve_15778,3,1,3,3,1,5
twelve_15779,3,1,3,3,1,6
twelve_15780,3,1,3,3,2,5
twelve_15781,3,1,3,3,2,6
twelve_15782,3,1,3,4,0,3
twelve_15783,3,1,3,4,3,2
twelve_15784,3,1,3,4,4,2
twelve_15785,3,1,3,4,4,3
twelve_15786,3,1,3,4,4,4
twelve_15787,3,1,3,5,6,3
twelve_15788,3,1,3,5,6,4
twelve_15789,3,1,3,5,6,5
twelve_15790,3,1,3,5,7,5
twelve_15791,3,1,3,5,7,6
twelve_15792,3,1,3,5,7,7
twelve_15793,3,1,3,5,0,6
twelve_15794,3,1,3,5,0,7
twelve_15795,3,1,3,5,1,7
twelve_15796,3,1,3,5,2,7
twelve_15797,3,1,3,5,3,0
twelve_15798,3,1,3,5,3,2
twelve_15799,3,1,3,5,4,0
twelve_15800,3,1,3,5,4,2
twelve_15801,3,1,3,6,6,4
twelve_15802,3,1,3,6,6,5
twelve_15803,3,1,3,6,6,6
twelve_15804,3,1,3,6,7,2
twelve_15805,3,1,3,6,3,0
twelve_15806,3,1,3,6,3,2
twelve_15807,3,1,3,6,3,3
twelve_15808,3,1,3,6,3,4
twelve_15809,3,1,3,6,4,0
twelve_15810,3,1,3,6,4,2
twelve_15811,3,1,3,6,4,3
twelve_15812,3,1,3,6,4,4
twelve_15813,3,1,3,7,6,5
twelve_15814,3,1,3,7,6,6
twelve_15815,3,1,3,7,6,7
twelve_15816,3,1,3,7,7,2
twelve_15817,3,1,3,7,7,3
twelve_15818,3,1,3,7,7,4
twelve_15819,3,1,3,7,7,5
twelve_15820,3,1,3,7,7,6
twelve_15821,3,1,3,7,7,7
twelve_15822,3,1,3,7,1,3
twelve_15823,3,1,3,7,3,0
twelve_15824,3,1,3,7,3,2
twelve_15825,3,1,3,7,3,3
twelve_15826,3,1,3,7,3,4
twelve_15827,3,1,3,7,4,0
twelve_15828,3,1,3,7,4,2
twelve_15829,3,1,3,7,4,3
twelve_15830,3,1,3,7,4,4
twelve_15831,3,1,4,0,7,2
twelve_15832,3,1,4,0,7,3
twelve_15833,3,1,4,0,7,4
twelve_15834,3,1,4,0,7,5
twelve_15835,3,1,4,4,6,4
twelve_15836,3,1,4,4,6,5
twelve_15837,3,1,4,4,6,6
twelve_15838,3,1,4,4,7,4
twelve_15839,3,1,4,4,7,5
twelve_15840,3,1,4,4,7,6
twelve_15841,3,1,4,4,7,7
twelve_15842,3,1,4,4,0,3
twelve_15843,3,1,4,5,7,6
twelve_15844,3,1,4,5,7,7
twelve_15845,3,1,4,5,0,6
twelve_15846,3,1,4,5,0,7
twelve_15847,3,1,4,5,1,6
twelve_15848,3,1,4,5,1,7
twelve_15849,3,1,4,5,2,7
twelve_15850,3,1,4,5,3,7
twelve_15851,3,1,4,6,6,4
twelve_15852,3,1,4,6,6,5
twelve_15853,3,1,4,6,6,6
twelve_15854,3,1,4,6,7,2
twelve_15855,3,1,4,7,6,5
twelve_15856,3,1,4,7,6,6
twelve_15857,3,1,4,7,6,7
twelve_15858,3,1,4,7,7,2
twelve_15859,3,1,4,7,7,3
twelve_15860,3,1,4,7,7,4
twelve_15861,3,1,5,1,4,7
twelve_15862,3,1,5,2,4,7
twelve_15863,3,1,5,0,7,2
twelve_15864,3,1,5,0,7,3
twelve_15865,3,1,5,0,7,4
twelve_15866,3,1,5,0,7,5
twelve_15867,3,1,5,0,4,7
twelve_15868,3,1,5,4,6,4
twelve_15869,3,1,5,4,6,5
twelve_15870,3,1,5,4,6,6
twelve_15871,3,1,5,4,7,4
twelve_15872,3,1,5,4,7,5
twelve_15873,3,1,5,4,7,6
twelve_15874,3,1,5,4,7,7
twelve_15875,3,1,5,4,0,3
twelve_15876,3,1,5,4,0,4
twelve_15877,3,1,5,4,0,5
twelve_15878,3,1,5,4,0,6
twelve_15879,3,1,5,4,0,7
twelve_15880,3,1,5,4,1,5
twelve_15881,3,1,5,4,1,6
twelve_15882,3,1,5,4,1,7
twelve_15883,3,1,5,4,2,3
twelve_15884,3,1,5,4,2,7
twelve_15885,3,1,5,4,3,7
twelve_15886,3,1,5,4,4,2
twelve_15887,3,1,5,4,4,7
twelve_15888,3,1,5,5,0,6
twelve_15889,3,1,5,5,0,7
twelve_15890,3,1,5,5,1,6
twelve_15891,3,1,5,5,1,7
twelve_15892,3,1,5,5,2,6
twelve_15893,3,1,5,5,2,7
twelve_15894,3,1,5,5,3,7
twelve_15895,3,1,5,5,4,7
twelve_15896,3,1,5,6,6,4
twelve_15897,3,1,5,6,6,5
twelve_15898,3,1,5,6,6,6
twelve_15899,3,1,5,6,7,2
twelve_15900,3,1,5,7,6,5
twelve_15901,3,1,5,7,6,6
twelve_15902,3,1,5,7,6,7
twelve_15903,3,1,5,7,7,2
twelve_15904,3,1,5,7,7,3
twelve_15905,3,1,5,7,7,4
twelve_15906,3,1,6,1,7,7
twelve_15907,3,1,6,1,0,7
twelve_15908,3,1,6,1,1,7
twelve_15909,3,1,6,1,2,7
twelve_15910,3,1,6,1,3,7
twelve_15911,3,1,6,1,4,7
twelve_15912,3,1,6,2,7,7
twelve_15913,3,1,6,2,0,7
twelve_15914,3,1,6,2,1,7
twelve_15915,3,1,6,2,2,7
twelve_15916,3,1,6,2,3,0
twelve_15917,3,1,6,2,3,7
twelve_15918,3,1,6,2,4,7
twelve_15919,3,1,6,2,5,3
twelve_15920,3,1,6,0,7,2
twelve_15921,3,1,6,0,7,3
twelve_15922,3,1,6,0,7,4
twelve_15923,3,1,6,0,7,5
twelve_15924,3,1,6,0,0,7
twelve_15925,3,1,6,0,1,7
twelve_15926,3,1,6,0,2,7
twelve_15927,3,1,6,0,3,7
twelve_15928,3,1,6,0,4,7
twelve_15929,3,1,6,3,0,7
twelve_15930,3,1,6,3,1,7
twelve_15931,3,1,6,3,2,7
twelve_15932,3,1,6,3,3,7
twelve_15933,3,1,6,4,6,4
twelve_15934,3,1,6,4,6,5
twelve_15935,3,1,6,4,6,6
twelve_15936,3,1,6,4,7,4
twelve_15937,3,1,6,4,7,5
twelve_15938,3,1,6,4,7,6
twelve_15939,3,1,6,4,7,7
twelve_15940,3,1,6,4,0,3
twelve_15941,3,1,6,4,0,4
twelve_15942,3,1,6,4,0,5
twelve_15943,3,1,6,4,0,6
twelve_15944,3,1,6,4,0,7
twelve_15945,3,1,6,4,1,3
twelve_15946,3,1,6,4,1,4
twelve_15947,3,1,6,4,1,5
twelve_15948,3,1,6,4,1,6
twelve_15949,3,1,6,4,1,7
twelve_15950,3,1,6,4,2,3
twelve_15951,3,1,6,4,2,4
twelve_15952,3,1,6,4,2,5
twelve_15953,3,1,6,4,2,6
twelve_15954,3,1,6,4,2,7
twelve_15955,3,1,6,4,3,2
twelve_15956,3,1,6,4,3,3
twelve_15957,3,1,6,4,3,4
twelve_15958,3,1,6,4,3,5
twelve_15959,3,1,6,4,3,6
twelve_15960,3,1,6,4,3,7
twelve_15961,3,1,6,4,4,6
twelve_15962,3,1,6,4,4,7
twelve_15963,3,1,6,4,5,6
twelve_15964,3,1,6,5,3,6
twelve_15965,3,1,6,5,3,7
twelve_15966,3,1,6,5,4,7
twelve_15967,3,1,6,5,5,2
twelve_15968,3,1,6,5,5,7
twelve_15969,3,1,6,6,6,4
twelve_15970,3,1,6,6,6,5
twelve_15971,3,1,6,6,6,6
twelve_15972,3,1,6,6,7,2
twelve_15973,3,1,6,6,5,4
twelve_15974,3,1,6,7,6,5
twelve_15975,3,1,6,7,6,6
twelve_15976,3,1,6,7,6,7
twelve_15977,3,1,6,7,7,2
twelve_15978,3,1,6,7,7,3
twelve_15979,3,1,6,7,7,4
twelve_15980,3,1,6,7,7,5
twelve_15981,3,1,6,7,7,6
twelve_15982,3,1,6,7,7,7
twelve_15983,3,1,6,7,0,7
twelve_15984,3,1,6,7,1,7
twelve_15985,3,1,6,7,5,5
twelve_15986,3,2,7,1,7,3
twelve_15987,3,2,7,1,7,4
twelve_15988,3,2,7,1,7,5
twelve_15989,3,2,7,1,0,4
twelve_15990,3,2,7,1,0,5
twelve_15991,3,2,7,1,0,6
twelve_15992,3,2,7,1,1,4
twelve_15993,3,2,7,1,1,5
twelve_15994,3,2,7,1,1,6
twelve_15995,3,2,7,1,2,4
twelve_15996,3,2,7,1,2,5
twelve_15997,3,2,7,1,2,6
twelve_15998,3,2,7,1,3,3
twelve_15999,3,2,7,1,3,4
twelve_16000,3,2,7,1,3,5
twelve_16001,3,2,7,1,3,6
twelve_16002,3,2,7,1,4,3
twelve_16003,3,2,7,1,4,4
twelve_16004,3,2,7,1,4,5
twelve_16005,3,2,7,2,7,3
twelve_16006,3,2,7,2,7,4
twelve_16007,3,2,7,2,7,5
twelve_16008,3,2,7,2,0,4
twelve_16009,3,2,7,2,0,5
twelve_16010,3,2,7,2,0,6
twelve_16011,3,2,7,2,1,4
twelve_16012,3,2,7,2,1,5
twelve_16013,3,2,7,2,1,6
twelve_16014,3,2,7,2,2,4
twelve_16015,3,2,7,2,2,5
twelve_16016,3,2,7,2,2,6
twelve_16017,3,2,7,2,3,3
twelve_16018,3,2,7,2,3,4
twelve_16019,3,2,7,2,3,5
twelve_16020,3,2,7,2,3,6
twelve_16021,3,2,7,2,4,3
twelve_16022,3,2,7,2,4,4
twelve_16023,3,2,7,2,4,5
twelve_16024,3,2,7,0,7,4
twelve_16025,3,2,7,0,7,5
twelve_16026,3,2,7,0,0,4
twelve_16027,3,2,7,0,0,5
twelve_16028,3,2,7,0,0,6
twelve_16029,3,2,7,0,1,4
twelve_16030,3,2,7,0,1,5
twelve_16031,3,2,7,0,1,6
twelve_16032,3,2,7,0,2,4
twelve_16033,3,2,7,0,2,5
twelve_16034,3,2,7,0,2,6
twelve_16035,3,2,7,0,3,3
twelve_16036,3,2,7,0,3,4
twelve_16037,3,2,7,0,3,5
twelve_16038,3,2,7,0,3,6
twelve_16039,3,2,7,0,4,3
twelve_16040,3,2,7,0,4,4
twelve_16041,3,2,7,0,4,5
twelve_16042,3,2,7,3,0,4
twelve_16043,3,2,7,3,0,5
twelve_16044,3,2,7,3,0,6
twelve_16045,3,2,7,3,1,4
twelve_16046,3,2,7,3,1,5
twelve_16047,3,2,7,3,1,6
twelve_16048,3,2,7,3,2,4
twelve_16049,3,2,7,3,2,5
twelve_16050,3,2,7,3,2,6
twelve_16051,3,2,7,3,3,3
twelve_16052,3,2,7,3,3,4
twelve_16053,3,2,7,3,3,5
twelve_16054,3,2,7,3,3,6
twelve_16055,3,2,7,5,7,3
twelve_16056,3,2,7,5,0,4
twelve_16057,3,2,7,5,0,5
twelve_16058,3,2,7,5,1,4
twelve_16059,3,2,7,5,1,5
twelve_16060,3,2,7,5,2,4
twelve_16061,3,2,7,5,2,5
twelve_16062,3,2,7,5,3,3
twelve_16063,3,2,7,5,3,4
twelve_16064,3,2,7,5,3,5
twelve_16065,3,2,7,5,4,3
twelve_16066,3,2,7,5,4,4
twelve_16067,3,2,7,5,4,5
twelve_16068,3,2,7,6,0,4
twelve_16069,3,2,7,6,0,5
twelve_16070,3,2,7,6,0,6
twelve_16071,3,2,7,6,1,4
twelve_16072,3,2,7,6,1,5
twelve_16073,3,2,7,6,1,6
twelve_16074,3,2,7,6,2,4
twelve_16075,3,2,7,6,2,5
twelve_16076,3,2,7,6,2,6
twelve_16077,3,2,7,6,3,3
twelve_16078,3,2,7,6,3,4
twelve_16079,3,2,7,6,3,5
twelve_16080,3,2,7,6,3,6
twelve_16081,3,2,7,6,4,3
twelve_16082,3,2,7,6,4,4
twelve_16083,3,2,7,6,4,5
twelve_16084,3,2,7,7,0,4
twelve_16085,3,2,7,7,0,5
twelve_16086,3,2,7,7,0,6
twelve_16087,3,2,7,7,1,4
twelve_16088,3,2,7,7,1,5
twelve_16089,3,2,7,7,1,6
twelve_16090,3,2,7,7,2,4
twelve_16091,3,2,7,7,2,5
twelve_16092,3,2,7,7,2,6
twelve_16093,3,2,7,7,3,3
twelve_16094,3,2,7,7,3,4
twelve_16095,3,2,7,7,3,5
twelve_16096,3,2,7,7,3,6
twelve_16097,3,2,7,7,4,3
twelve_16098,3,2,7,7,4,4
twelve_16099,3,2,7,7,4,5
twelve_16100,3,2,0,1,7,3
twelve_16101,3,2,0,1,7,4
twelve_16102,3,2,0,1,7,5
twelve_16103,3,2,0,1,0,4
twelve_16104,3,2,0,1,0,5
twelve_16105,3,2,0,1,0,6
twelve_16106,3,2,0,1,1,4
twelve_16107,3,2,0,1,1,5
twelve_16108,3,2,0,1,1,6
twelve_16109,3,2,0,1,1,7
twelve_16110,3,2,0,1,2,4
twelve_16111,3,2,0,1,2,5
twelve_16112,3,2,0,1,2,6
twelve_16113,3,2,0,1,2,7
twelve_16114,3,2,0,1,3,3
twelve_16115,3,2,0,1,3,4
twelve_16116,3,2,0,1,3,5
twelve_16117,3,2,0,1,3,6
twelve_16118,3,2,0,1,3,7
twelve_16119,3,2,0,1,4,3
twelve_16120,3,2,0,1,4,4
twelve_16121,3,2,0,1,4,5
twelve_16122,3,2,0,2,7,3
twelve_16123,3,2,0,2,7,4
twelve_16124,3,2,0,2,7,5
twelve_16125,3,2,0,2,0,4
twelve_16126,3,2,0,2,0,5
twelve_16127,3,2,0,2,0,6
twelve_16128,3,2,0,2,1,4
twelve_16129,3,2,0,2,1,5
twelve_16130,3,2,0,2,1,6
twelve_16131,3,2,0,2,1,7
twelve_16132,3,2,0,2,2,4
twelve_16133,3,2,0,2,2,5
twelve_16134,3,2,0,2,2,6
twelve_16135,3,2,0,2,2,7
twelve_16136,3,2,0,2,3,3
twelve_16137,3,2,0,2,3,4
twelve_16138,3,2,0,2,3,5
twelve_16139,3,2,0,2,3,6
twelve_16140,3,2,0,2,3,7
twelve_16141,3,2,0,2,4,3
twelve_16142,3,2,0,2,4,4
twelve_16143,3,2,0,2,4,5
twelve_16144,3,2,0,0,0,4
twelve_16145,3,2,0,0,0,6
twelve_16146,3,2,0,0,0,7
twelve_16147,3,2,0,0,1,6
twelve_16148,3,2,0,0,1,7
twelve_16149,3,2,0,0,2,4
twelve_16150,3,2,0,0,2,5
twelve_16151,3,2,0,0,2,6
twelve_16152,3,2,0,0,2,7
twelve_16153,3,2,0,0,3,3
twelve_16154,3,2,0,0,3,4
twelve_16155,3,2,0,0,3,5
twelve_16156,3,2,0,0,3,6
twelve_16157,3,2,0,0,3,7
twelve_16158,3,2,0,0,4,3
twelve_16159,3,2,0,0,4,4
twelve_16160,3,2,0,0,4,5
twelve_16161,3,2,0,3,0,5
twelve_16162,3,2,0,3,0,6
twelve_16163,3,2,0,3,1,4
twelve_16164,3,2,0,3,1,5
twelve_16165,3,2,0,3,1,6
twelve_16166,3,2,0,3,2,4
twelve_16167,3,2,0,3,2,5
twelve_16168,3,2,0,3,2,6
twelve_16169,3,2,0,3,3,3
twelve_16170,3,2,0,3,3,4
twelve_16171,3,2,0,3,3,5
twelve_16172,3,2,0,3,3,6
twelve_16173,3,2,0,5,7,3
twelve_16174,3,2,0,5,1,4
twelve_16175,3,2,0,5,1,5
twelve_16176,3,2,0,5,2,4
twelve_16177,3,2,0,5,2,5
twelve_16178,3,2,0,5,3,3
twelve_16179,3,2,0,5,3,4
twelve_16180,3,2,0,5,3,5
twelve_16181,3,2,0,5,4,3
twelve_16182,3,2,0,5,4,4
twelve_16183,3,2,0,5,4,5
twelve_16184,3,2,0,6,2,4
twelve_16185,3,2,0,6,2,5
twelve_16186,3,2,0,6,2,6
twelve_16187,3,2,0,6,3,3
twelve_16188,3,2,0,6,3,4
twelve_16189,3,2,0,6,3,5
twelve_16190,3,2,0,6,3,6
twelve_16191,3,2,0,6,4,3
twelve_16192,3,2,0,6,4,4
twelve_16193,3,2,0,6,4,5
twelve_16194,3,2,0,7,7,5
twelve_16195,3,2,0,7,0,4
twelve_16196,3,2,0,7,0,5
twelve_16197,3,2,0,7,1,4
twelve_16198,3,2,0,7,1,5
twelve_16199,3,2,0,7,1,6
twelve_16200,3,2,0,7,1,7
twelve_16201,3,2,0,7,2,4
twelve_16202,3,2,0,7,2,5
twelve_16203,3,2,0,7,2,6
twelve_16204,3,2,0,7,2,7
twelve_16205,3,2,0,7,3,3
twelve_16206,3,2,0,7,3,4
twelve_16207,3,2,0,7,3,5
twelve_16208,3,2,0,7,3,6
twelve_16209,3,2,0,7,3,7
twelve_16210,3,2,0,7,4,3
twelve_16211,3,2,0,7,4,4
twelve_16212,3,2,0,7,4,5
twelve_16213,3,2,1,1,0,4
twelve_16214,3,2,1,1,0,5
twelve_16215,3,2,1,1,0,6
twelve_16216,3,2,1,1,1,4
twelve_16217,3,2,1,1,1,5
twelve_16218,3,2,1,1,1,6
twelve_16219,3,2,1,1,1,7
twelve_16220,3,2,1,1,2,4
twelve_16221,3,2,1,1,2,5
twelve_16222,3,2,1,1,2,6
twelve_16223,3,2,1,1,2,7
twelve_16224,3,2,1,1,3,3
twelve_16225,3,2,1,1,3,4
twelve_16226,3,2,1,1,3,5
twelve_16227,3,2,1,1,3,6
twelve_16228,3,2,1,1,3,7
twelve_16229,3,2,1,1,4,3
twelve_16230,3,2,1,1,4,4
twelve_16231,3,2,1,1,4,5
twelve_16232,3,2,1,1,4,6
twelve_16233,3,2,1,1,4,7
twelve_16234,3,2,1,2,0,4
twelve_16235,3,2,1,2,0,5
twelve_16236,3,2,1,2,0,6
twelve_16237,3,2,1,2,1,4
twelve_16238,3,2,1,2,1,5
twelve_16239,3,2,1,2,1,6
twelve_16240,3,2,1,2,1,7
twelve_16241,3,2,1,2,2,4
twelve_16242,3,2,1,2,2,5
twelve_16243,3,2,1,2,2,6
twelve_16244,3,2,1,2,2,7
twelve_16245,3,2,1,2,3,3
twelve_16246,3,2,1,2,3,4
twelve_16247,3,2,1,2,3,5
twelve_16248,3,2,1,2,3,6
twelve_16249,3,2,1,2,3,7
twelve_16250,3,2,1,2,4,3
twelve_16251,3,2,1,2,4,4
twelve_16252,3,2,1,2,4,5
twelve_16253,3,2,1,2,4,6
twelve_16254,3,2,1,2,4,7
twelve_16255,3,2,1,0,0,6
twelve_16256,3,2,1,0,0,7
twelve_16257,3,2,1,0,1,7
twelve_16258,3,2,1,0,2,7
twelve_16259,3,2,1,0,3,7
twelve_16260,3,2,1,0,4,3
twelve_16261,3,2,1,0,4,4
twelve_16262,3,2,1,0,4,5
twelve_16263,3,2,1,0,4,6
twelve_16264,3,2,1,0,4,7
twelve_16265,3,2,1,3,0,4
twelve_16266,3,2,1,3,0,5
twelve_16267,3,2,1,3,0,6
twelve_16268,3,2,1,3,1,4
twelve_16269,3,2,1,3,1,5
twelve_16270,3,2,1,3,1,6
twelve_16271,3,2,1,3,2,4
twelve_16272,3,2,1,3,2,5
twelve_16273,3,2,1,3,2,6
twelve_16274,3,2,1,3,3,3
twelve_16275,3,2,1,3,3,4
twelve_16276,3,2,1,3,3,5
twelve_16277,3,2,1,3,3,6
twelve_16278,3,2,1,4,0,6
twelve_16279,3,2,1,4,1,6
twelve_16280,3,2,1,4,2,4
twelve_16281,3,2,1,4,2,5
twelve_16282,3,2,1,4,2,6
twelve_16283,3,2,1,5,4,3
twelve_16284,3,2,1,5,4,4
twelve_16285,3,2,1,5,4,5
twelve_16286,3,2,1,6,4,3
twelve_16287,3,2,1,6,4,4
twelve_16288,3,2,1,6,4,5
twelve_16289,3,2,1,6,4,6
twelve_16290,3,2,1,7,0,4
twelve_16291,3,2,1,7,1,4
twelve_16292,3,2,1,7,2,4
twelve_16293,3,2,1,7,3,3
twelve_16294,3,2,1,7,3,4
twelve_16295,3,2,1,7,3,5
twelve_16296,3,2,1,7,3,6
twelve_16297,3,2,1,7,3,7
twelve_16298,3,2,1,7,4,3
twelve_16299,3,2,1,7,4,4
twelve_16300,3,2,1,7,4,5
twelve_16301,3,2,1,7,4,6
twelve_16302,3,2,1,7,4,7
twelve_16303,3,2,2,1,0,4
twelve_16304,3,2,2,1,0,5
twelve_16305,3,2,2,1,0,6
twelve_16306,3,2,2,1,1,4
twelve_16307,3,2,2,1,1,5
twelve_16308,3,2,2,1,1,6
twelve_16309,3,2,2,1,2,4
twelve_16310,3,2,2,1,2,5
twelve_16311,3,2,2,1,2,6
twelve_16312,3,2,2,1,3,2
twelve_16313,3,2,2,1,3,3
twelve_16314,3,2,2,1,3,4
twelve_16315,3,2,2,1,3,5
twelve_16316,3,2,2,1,4,2
twelve_16317,3,2,2,1,4,3
twelve_16318,3,2,2,1,4,4
twelve_16319,3,2,2,1,4,5
twelve_16320,3,2,2,2,0,4
twelve_16321,3,2,2,2,0,5
twelve_16322,3,2,2,2,0,6
twelve_16323,3,2,2,2,1,4
twelve_16324,3,2,2,2,1,5
twelve_16325,3,2,2,2,1,6
twelve_16326,3,2,2,2,2,4
twelve_16327,3,2,2,2,2,5
twelve_16328,3,2,2,2,2,6
twelve_16329,3,2,2,2,3,2
twelve_16330,3,2,2,2,3,3
twelve_16331,3,2,2,2,3,4
twelve_16332,3,2,2,2,3,5
twelve_16333,3,2,2,2,4,2
twelve_16334,3,2,2,2,4,3
twelve_16335,3,2,2,2,4,4
twelve_16336,3,2,2,2,4,5
twelve_16337,3,2,2,5,3,3
twelve_16338,3,2,2,5,3,4
twelve_16339,3,2,2,5,3,5
twelve_16340,3,2,2,5,4,3
twelve_16341,3,2,2,5,4,4
twelve_16342,3,2,2,5,4,5
twelve_16343,3,2,2,6,1,4
twelve_16344,3,2,2,6,2,4
twelve_16345,3,2,2,6,3,3
twelve_16346,3,2,2,6,3,4
twelve_16347,3,2,2,6,3,5
twelve_16348,3,2,2,6,3,6
twelve_16349,3,2,2,6,4,3
twelve_16350,3,2,2,6,4,4
twelve_16351,3,2,2,6,4,5
twelve_16352,3,2,2,7,1,4
twelve_16353,3,2,2,7,1,5
twelve_16354,3,2,2,7,2,4
twelve_16355,3,2,2,7,2,5
twelve_16356,3,2,2,7,3,3
twelve_16357,3,2,2,7,3,4
twelve_16358,3,2,2,7,3,5
twelve_16359,3,2,2,7,3,6
twelve_16360,3,2,2,7,3,7
twelve_16361,3,2,2,7,4,3
twelve_16362,3,2,2,7,4,4
twelve_16363,3,2,2,7,4,5
twelve_16364,3,2,2,7,4,6
twelve_16365,3,2,2,7,4,7
twelve_16366,3,2,3,3,0,4
twelve_16367,3,2,3,3,0,5
twelve_16368,3,2,3,3,1,5
twelve_16369,3,2,3,3,2,4
twelve_16370,3,2,3,3,2,5
twelve_16371,3,2,3,6,0,4
twelve_16372,3,2,3,6,0,5
twelve_16373,3,2,3,6,0,6
twelve_16374,3,2,3,6,1,4
twelve_16375,3,2,3,6,2,4
twelve_16376,3,2,4,1,7,3
twelve_16377,3,2,4,1,7,4
twelve_16378,3,2,4,1,7,5
twelve_16379,3,2,4,1,0,4
twelve_16380,3,2,4,1,0,5
twelve_16381,3,2,4,1,0,6
twelve_16382,3,2,4,1,1,4
twelve_16383,3,2,4,1,1,5
twelve_16384,3,2,4,1,1,6
twelve_16385,3,2,4,1,1,7
twelve_16386,3,2,4,1,2,4
twelve_16387,3,2,4,1,2,5
twelve_16388,3,2,4,1,2,6
twelve_16389,3,2,4,1,2,7
twelve_16390,3,2,4,1,3,3
twelve_16391,3,2,4,1,3,4
twelve_16392,3,2,4,1,3,5
twelve_16393,3,2,4,1,3,6
twelve_16394,3,2,4,1,3,7
twelve_16395,3,2,4,2,7,3
twelve_16396,3,2,4,2,7,4
twelve_16397,3,2,4,2,7,5
twelve_16398,3,2,4,2,0,4
twelve_16399,3,2,4,2,0,5
twelve_16400,3,2,4,2,0,6
twelve_16401,3,2,4,2,1,4
twelve_16402,3,2,4,2,1,5
twelve_16403,3,2,4,2,1,6
twelve_16404,3,2,4,2,1,7
twelve_16405,3,2,4,2,2,4
twelve_16406,3,2,4,2,2,5
twelve_16407,3,2,4,2,2,6
twelve_16408,3,2,4,2,2,7
twelve_16409,3,2,4,2,3,3
twelve_16410,3,2,4,2,3,4
twelve_16411,3,2,4,2,3,5
twelve_16412,3,2,4,2,3,6
twelve_16413,3,2,4,2,3,7
twelve_16414,3,2,4,0,7,3
twelve_16415,3,2,4,0,7,4
twelve_16416,3,2,4,0,7,5
twelve_16417,3,2,4,0,0,4
twelve_16418,3,2,4,0,0,5
twelve_16419,3,2,4,0,0,6
twelve_16420,3,2,4,0,1,4
twelve_16421,3,2,4,0,1,5
twelve_16422,3,2,4,0,1,6
twelve_16423,3,2,4,0,1,7
twelve_16424,3,2,4,0,2,4
twelve_16425,3,2,4,0,2,5
twelve_16426,3,2,4,0,2,6
twelve_16427,3,2,4,0,2,7
twelve_16428,3,2,4,0,3,4
twelve_16429,3,2,4,0,3,5
twelve_16430,3,2,4,0,3,6
twelve_16431,3,2,4,0,3,7
twelve_16432,3,2,4,3,0,4
twelve_16433,3,2,4,3,0,5
twelve_16434,3,2,4,3,0,6
twelve_16435,3,2,4,3,1,4
twelve_16436,3,2,4,3,1,5
twelve_16437,3,2,4,3,1,6
twelve_16438,3,2,4,3,2,5
twelve_16439,3,2,4,3,2,6
twelve_16440,3,2,4,3,3,5
twelve_16441,3,2,4,3,3,6
twelve_16442,3,2,4,4,1,4
twelve_16443,3,2,4,4,1,5
twelve_16444,3,2,4,4,1,6
twelve_16445,3,2,4,4,2,6
twelve_16446,3,2,4,4,3,6
twelve_16447,3,2,4,5,7,3
twelve_16448,3,2,4,5,7,4
twelve_16449,3,2,4,5,7,5
twelve_16450,3,2,4,6,7,4
twelve_16451,3,2,4,6,7,5
twelve_16452,3,2,4,6,7,6
twelve_16453,3,2,4,7,7,5
twelve_16454,3,2,4,7,7,6
twelve_16455,3,2,4,7,7,7
twelve_16456,3,2,4,7,0,4
twelve_16457,3,2,4,7,0,5
twelve_16458,3,2,4,7,0,6
twelve_16459,3,2,4,7,0,7
twelve_16460,3,2,4,7,1,4
twelve_16461,3,2,4,7,2,4
twelve_16462,3,2,4,7,3,3
twelve_16463,3,2,4,7,3,4
twelve_16464,3,2,5,1,7,3
twelve_16465,3,2,5,1,7,4
twelve_16466,3,2,5,1,7,5
twelve_16467,3,2,5,1,0,4
twelve_16468,3,2,5,1,0,5
twelve_16469,3,2,5,1,0,6
twelve_16470,3,2,5,1,1,4
twelve_16471,3,2,5,1,1,5
twelve_16472,3,2,5,1,1,6
twelve_16473,3,2,5,1,1,7
twelve_16474,3,2,5,1,2,4
twelve_16475,3,2,5,1,2,5
twelve_16476,3,2,5,1,2,6
twelve_16477,3,2,5,1,2,7
twelve_16478,3,2,5,1,3,2
twelve_16479,3,2,5,1,3,3
twelve_16480,3,2,5,1,3,4
twelve_16481,3,2,5,1,3,5
twelve_16482,3,2,5,1,3,6
twelve_16483,3,2,5,1,3,7
twelve_16484,3,2,5,1,4,2
twelve_16485,3,2,5,1,4,3
twelve_16486,3,2,5,1,4,4
twelve_16487,3,2,5,1,4,5
twelve_16488,3,2,5,1,4,6
twelve_16489,3,2,5,1,4,7
twelve_16490,3,2,5,2,7,3
twelve_16491,3,2,5,2,7,4
twelve_16492,3,2,5,2,7,5
twelve_16493,3,2,5,2,0,4
twelve_16494,3,2,5,2,0,5
twelve_16495,3,2,5,2,0,6
twelve_16496,3,2,5,2,1,4
twelve_16497,3,2,5,2,1,5
twelve_16498,3,2,5,2,1,6
twelve_16499,3,2,5,2,1,7
twelve_16500,3,2,5,2,2,4
twelve_16501,3,2,5,2,2,5
twelve_16502,3,2,5,2,2,6
twelve_16503,3,2,5,2,2,7
twelve_16504,3,2,5,2,3,3
twelve_16505,3,2,5,2,3,4
twelve_16506,3,2,5,2,3,5
twelve_16507,3,2,5,2,3,6
twelve_16508,3,2,5,2,3,7
twelve_16509,3,2,5,2,4,3
twelve_16510,3,2,5,2,4,4
twelve_16511,3,2,5,2,4,5
twelve_16512,3,2,5,2,4,6
twelve_16513,3,2,5,2,4,7
twelve_16514,3,2,5,0,7,3
twelve_16515,3,2,5,0,7,4
twelve_16516,3,2,5,0,7,5
twelve_16517,3,2,5,0,0,4
twelve_16518,3,2,5,0,0,5
twelve_16519,3,2,5,0,0,6
twelve_16520,3,2,5,0,1,4
twelve_16521,3,2,5,0,1,5
twelve_16522,3,2,5,0,1,6
twelve_16523,3,2,5,0,1,7
twelve_16524,3,2,5,0,2,4
twelve_16525,3,2,5,0,2,5
twelve_16526,3,2,5,0,2,6
twelve_16527,3,2,5,0,2,7
twelve_16528,3,2,5,0,3,4
twelve_16529,3,2,5,0,3,5
twelve_16530,3,2,5,0,3,6
twelve_16531,3,2,5,0,3,7
twelve_16532,3,2,5,0,4,4
twelve_16533,3,2,5,0,4,5
twelve_16534,3,2,5,0,4,6
twelve_16535,3,2,5,0,4,7
twelve_16536,3,2,5,3,0,4
twelve_16537,3,2,5,3,0,5
twelve_16538,3,2,5,3,0,6
twelve_16539,3,2,5,3,1,4
twelve_16540,3,2,5,3,1,5
twelve_16541,3,2,5,3,1,6
twelve_16542,3,2,5,3,2,4
twelve_16543,3,2,5,3,2,5
twelve_16544,3,2,5,3,2,6
twelve_16545,3,2,5,3,3,5
twelve_16546,3,2,5,3,3,6
twelve_16547,3,2,5,4,2,4
twelve_16548,3,2,5,4,2,5
twelve_16549,3,2,5,4,2,6
twelve_16550,3,2,5,4,3,6
twelve_16551,3,2,5,4,4,6
twelve_16552,3,2,5,5,7,3
twelve_16553,3,2,5,5,7,4
twelve_16554,3,2,5,5,7,5
twelve_16555,3,2,5,5,0,4
twelve_16556,3,2,5,5,0,5
twelve_16557,3,2,5,5,3,2
twelve_16558,3,2,5,5,4,2
twelve_16559,3,2,5,6,0,4
twelve_16560,3,2,5,6,0,5
twelve_16561,3,2,5,6,0,6
twelve_16562,3,2,5,6,1,6
twelve_16563,3,2,5,6,3,2
twelve_16564,3,2,5,6,4,2
twelve_16565,3,2,5,6,4,3
twelve_16566,3,2,5,7,0,4
twelve_16567,3,2,5,7,0,5
twelve_16568,3,2,5,7,0,6
twelve_16569,3,2,5,7,0,7
twelve_16570,3,2,5,7,1,4
twelve_16571,3,2,5,7,1,5
twelve_16572,3,2,5,7,1,6
twelve_16573,3,2,5,7,1,7
twelve_16574,3,2,5,7,2,4
twelve_16575,3,2,5,7,3,2
twelve_16576,3,2,5,7,3,3
twelve_16577,3,2,5,7,3,4
twelve_16578,3,2,5,7,4,2
twelve_16579,3,2,5,7,4,3
twelve_16580,3,2,5,7,4,4
twelve_16581,3,2,6,1,7,3
twelve_16582,3,2,6,1,7,4
twelve_16583,3,2,6,1,7,5
twelve_16584,3,2,6,1,0,4
twelve_16585,3,2,6,1,0,5
twelve_16586,3,2,6,1,0,6
twelve_16587,3,2,6,1,1,4
twelve_16588,3,2,6,1,1,5
twelve_16589,3,2,6,1,1,6
twelve_16590,3,2,6,1,2,4
twelve_16591,3,2,6,1,2,5
twelve_16592,3,2,6,1,2,6
twelve_16593,3,2,6,1,3,3
twelve_16594,3,2,6,1,3,4
twelve_16595,3,2,6,1,3,5
twelve_16596,3,2,6,1,3,6
twelve_16597,3,2,6,1,4,3
twelve_16598,3,2,6,1,4,4
twelve_16599,3,2,6,1,4,5
twelve_16600,3,2,6,2,7,3
twelve_16601,3,2,6,2,7,4
twelve_16602,3,2,6,2,7,5
twelve_16603,3,2,6,2,0,4
twelve_16604,3,2,6,2,0,5
twelve_16605,3,2,6,2,0,6
twelve_16606,3,2,6,2,1,4
twelve_16607,3,2,6,2,1,5
twelve_16608,3,2,6,2,1,6
twelve_16609,3,2,6,2,2,4
twelve_16610,3,2,6,2,2,5
twelve_16611,3,2,6,2,2,6
twelve_16612,3,2,6,2,3,3
twelve_16613,3,2,6,2,3,4
twelve_16614,3,2,6,2,3,5
twelve_16615,3,2,6,2,3,6
twelve_16616,3,2,6,2,4,3
twelve_16617,3,2,6,2,4,4
twelve_16618,3,2,6,2,4,5
twelve_16619,3,2,6,0,7,3
twelve_16620,3,2,6,0,7,4
twelve_16621,3,2,6,0,7,5
twelve_16622,3,2,6,0,0,4
twelve_16623,3,2,6,0,0,5
twelve_16624,3,2,6,0,0,6
twelve_16625,3,2,6,0,1,4
twelve_16626,3,2,6,0,1,5
twelve_16627,3,2,6,0,1,6
twelve_16628,3,2,6,0,2,4
twelve_16629,3,2,6,0,2,5
twelve_16630,3,2,6,0,2,6
twelve_16631,3,2,6,0,3,2
twelve_16632,3,2,6,0,3,3
twelve_16633,3,2,6,0,3,4
twelve_16634,3,2,6,0,3,5
twelve_16635,3,2,6,0,3,6
twelve_16636,3,2,6,0,4,4
twelve_16637,3,2,6,0,4,5
twelve_16638,3,2,6,0,5,4
twelve_16639,3,2,6,3,0,4
twelve_16640,3,2,6,3,0,5
twelve_16641,3,2,6,3,0,6
twelve_16642,3,2,6,3,1,4
twelve_16643,3,2,6,3,1,5
twelve_16644,3,2,6,3,1,6
twelve_16645,3,2,6,3,2,4
twelve_16646,3,2,6,3,2,5
twelve_16647,3,2,6,3,2,6
twelve_16648,3,2,6,3,3,3
twelve_16649,3,2,6,3,3,4
twelve_16650,3,2,6,3,3,5
twelve_16651,3,2,6,3,3,6
twelve_16652,3,2,6,5,7,3
twelve_16653,3,2,6,5,7,4
twelve_16654,3,2,6,5,7,5
twelve_16655,3,2,6,5,0,4
twelve_16656,3,2,6,5,0,5
twelve_16657,3,2,6,5,1,4
twelve_16658,3,2,6,5,1,5
twelve_16659,3,2,6,5,2,4
twelve_16660,3,2,6,5,2,5
twelve_16661,3,2,6,5,3,3
twelve_16662,3,2,6,5,3,4
twelve_16663,3,2,6,5,3,5
twelve_16664,3,2,6,5,4,3
twelve_16665,3,2,6,5,5,3
twelve_16666,3,2,6,6,0,4
twelve_16667,3,2,6,6,0,5
twelve_16668,3,2,6,6,0,6
twelve_16669,3,2,6,6,1,4
twelve_16670,3,2,6,6,1,5
twelve_16671,3,2,6,6,1,6
twelve_16672,3,2,6,6,2,4
twelve_16673,3,2,6,6,2,5
twelve_16674,3,2,6,6,2,6
twelve_16675,3,2,6,6,3,3
twelve_16676,3,2,6,6,3,4
twelve_16677,3,2,6,6,3,5
twelve_16678,3,2,6,6,3,6
twelve_16679,3,2,6,6,4,3
twelve_16680,3,2,6,6,4,4
twelve_16681,3,2,6,6,5,4
twelve_16682,3,2,6,7,0,4
twelve_16683,3,2,6,7,0,5
twelve_16684,3,2,6,7,0,6
twelve_16685,3,2,6,7,1,4
twelve_16686,3,2,6,7,1,5
twelve_16687,3,2,6,7,1,6
twelve_16688,3,2,6,7,2,4
twelve_16689,3,2,6,7,2,5
twelve_16690,3,2,6,7,2,6
twelve_16691,3,2,6,7,3,3
twelve_16692,3,2,6,7,3,4
twelve_16693,3,2,6,7,3,5
twelve_16694,3,2,6,7,3,6
twelve_16695,3,2,6,7,4,3
twelve_16696,3,2,6,7,4,4
twelve_16697,3,2,6,7,4,5
twelve_16698,3,3,7,5,3,3
twelve_16699,3,3,7,5,4,3
twelve_16700,3,3,7,5,4,4
twelve_16701,3,3,7,5,4,5
twelve_16702,3,3,0,5,3,3
twelve_16703,3,3,0,5,4,3
twelve_16704,3,3,0,5,4,4
twelve_16705,3,3,0,5,4,5
twelve_16706,3,3,1,0,3,4
twelve_16707,3,3,1,0,4,4
twelve_16708,3,3,1,0,4,5
twelve_16709,3,3,1,0,4,6
twelve_16710,3,3,1,5,3,3
twelve_16711,3,3,1,5,4,3
twelve_16712,3,3,1,5,4,4
twelve_16713,3,3,1,5,4,5
twelve_16714,3,3,1,6,3,4
twelve_16715,3,3,1,6,4,4
twelve_16716,3,3,1,6,4,5
twelve_16717,3,3,2,0,3,2
twelve_16718,3,3,2,0,3,4
twelve_16719,3,3,2,0,4,2
twelve_16720,3,3,2,0,4,3
twelve_16721,3,3,2,0,4,4
twelve_16722,3,3,4,1,3,4
twelve_16723,3,3,4,1,3,5
twelve_16724,3,3,4,2,3,4
twelve_16725,3,3,4,2,3,5
twelve_16726,3,3,4,0,3,4
twelve_16727,3,3,4,0,3,5
twelve_16728,3,3,4,6,3,4
twelve_16729,3,3,4,7,3,4
twelve_16730,3,3,5,0,3,4
twelve_16731,3,3,5,0,4,4
twelve_16732,3,3,5,0,4,5
twelve_16733,3,3,5,0,4,6
twelve_16734,3,3,5,5,3,3
twelve_16735,3,3,5,5,4,3
twelve_16736,3,3,5,6,3,4
twelve_16737,3,3,5,6,4,4
twelve_16738,3,3,5,7,4,5
twelve_16739,3,3,6,0,3,2
twelve_16740,3,3,6,0,3,3
twelve_16741,3,3,6,0,3,4
twelve_16742,3,3,6,0,4,4
twelve_16743,3,3,6,0,5,4
twelve_16744,3,3,6,5,3,3
twelve_16745,3,3,6,5,3,4
twelve_16746,3,3,6,5,3,5
twelve_16747,3,3,6,5,4,3
twelve_16748,3,3,6,5,5,3
twelve_16749,3,3,6,6,3,4
twelve_16750,3,3,6,6,3,5
twelve_16751,3,3,6,6,4,4
twelve_16752,3,3,6,6,5,4
thirteen_16753,0,0,7,2,3,0
thirteen_16754,0,0,7,2,4,0
thirteen_16755,0,0,7,3,0,0
thirteen_16756,0,0,7,3,1,0
thirteen_16757,0,0,7,3,1,2
thirteen_16758,0,0,7,4,3,0
thirteen_16759,0,0,7,4,4,0
thirteen_16760,0,0,7,4,4,2
thirteen_16761,0,0,7,4,4,3
thirteen_16762,0,0,7,4,5,2
thirteen_16763,0,0,7,4,5,3
thirteen_16764,0,0,7,4,5,5
thirteen_16765,0,0,7,5,3,0
thirteen_16766,0,0,7,5,4,0
thirteen_16767,0,0,7,6,3,0
thirteen_16768,0,0,7,6,4,0
thirteen_16769,0,0,7,7,3,0
thirteen_16770,0,0,7,7,4,0
thirteen_16771,0,0,0,1,3,0
thirteen_16772,0,0,0,1,4,0
thirteen_16773,0,0,0,1,5,5
thirteen_16774,0,0,0,1,5,6
thirteen_16775,0,0,0,1,5,7
thirteen_16776,0,0,0,2,3,0
thirteen_16777,0,0,0,2,4,0
thirteen_16778,0,0,0,3,0,1
thirteen_16779,0,0,0,3,1,1
thirteen_16780,0,0,0,4,3,0
thirteen_16781,0,0,0,4,4,0
thirteen_16782,0,0,0,4,4,2
thirteen_16783,0,0,0,4,4,3
thirteen_16784,0,0,0,4,5,2
thirteen_16785,0,0,0,4,5,3
thirteen_16786,0,0,0,5,3,0
thirteen_16787,0,0,0,5,4,0
thirteen_16788,0,0,0,6,3,0
thirteen_16789,0,0,0,6,4,0
thirteen_16790,0,0,0,7,0,1
thirteen_16791,0,0,0,7,1,1
thirteen_16792,0,0,0,7,3,0
thirteen_16793,0,0,0,7,4,0
thirteen_16794,0,0,1,1,4,0
thirteen_16795,0,0,1,1,5,5
thirteen_16796,0,0,1,1,5,6
thirteen_16797,0,0,1,1,5,7
thirteen_16798,0,0,1,2,4,0
thirteen_16799,0,0,1,3,0,0
thirteen_16800,0,0,1,3,1,0
thirteen_16801,0,0,1,3,2,0
thirteen_16802,0,0,1,3,2,2
thirteen_16803,0,0,1,4,4,0
thirteen_16804,0,0,1,4,4,2
thirteen_16805,0,0,1,4,4,3
thirteen_16806,0,0,1,4,5,2
thirteen_16807,0,0,1,4,5,3
thirteen_16808,0,0,1,5,4,0
thirteen_16809,0,0,1,5,5,6
thirteen_16810,0,0,1,6,4,0
thirteen_16811,0,0,1,7,4,0
thirteen_16812,0,0,2,1,0,2
thirteen_16813,0,0,2,1,3,1
thirteen_16814,0,0,2,1,4,0
thirteen_16815,0,0,2,1,5,5
thirteen_16816,0,0,2,1,5,6
thirteen_16817,0,0,2,1,5,7
thirteen_16818,0,0,2,2,4,0
thirteen_16819,0,0,2,3,0,1
thirteen_16820,0,0,2,3,1,1
thirteen_16821,0,0,2,4,0,1
thirteen_16822,0,0,2,4,1,1
thirteen_16823,0,0,2,4,2,1
thirteen_16824,0,0,2,4,3,1
thirteen_16825,0,0,2,4,4,0
thirteen_16826,0,0,2,4,5,2
thirteen_16827,0,0,2,4,5,3
thirteen_16828,0,0,2,4,5,4
thirteen_16829,0,0,2,4,5,5
thirteen_16830,0,0,2,4,5,6
thirteen_16831,0,0,2,5,0,1
thirteen_16832,0,0,2,5,0,0
thirteen_16833,0,0,2,5,1,1
thirteen_16834,0,0,2,5,2,1
thirteen_16835,0,0,2,5,3,1
thirteen_16836,0,0,2,5,4,0
thirteen_16837,0,0,2,5,5,6
thirteen_16838,0,0,2,6,0,1
thirteen_16839,0,0,2,6,0,0
thirteen_16840,0,0,2,6,1,1
thirteen_16841,0,0,2,6,2,1
thirteen_16842,0,0,2,6,3,1
thirteen_16843,0,0,2,6,4,0
thirteen_16844,0,0,2,7,0,1
thirteen_16845,0,0,2,7,1,1
thirteen_16846,0,0,2,7,2,1
thirteen_16847,0,0,2,7,3,1
thirteen_16848,0,0,2,7,4,0
thirteen_16849,0,0,3,1,3,5
thirteen_16850,0,0,3,1,5,5
thirteen_16851,0,0,3,1,5,6
thirteen_16852,0,0,3,1,5,7
thirteen_16853,0,0,3,3,0,2
thirteen_16854,0,0,3,3,2,0
thirteen_16855,0,0,3,3,3,0
thirteen_16856,0,0,3,3,4,0
thirteen_16857,0,0,3,3,4,2
thirteen_16858,0,0,3,3,5,7
thirteen_16859,0,0,3,5,5,6
thirteen_16860,0,0,3,7,3,0
thirteen_16861,0,0,3,7,5,0
thirteen_16862,0,0,4,1,4,2
thirteen_16863,0,0,4,1,4,3
thirteen_16864,0,0,4,1,5,1
thirteen_16865,0,0,4,1,5,0
thirteen_16866,0,0,4,1,5,2
thirteen_16867,0,0,4,1,5,3
thirteen_16868,0,0,4,2,4,3
thirteen_16869,0,0,4,2,4,4
thirteen_16870,0,0,4,2,4,5
thirteen_16871,0,0,4,2,4,6
thirteen_16872,0,0,4,2,5,0
thirteen_16873,0,0,4,2,5,2
thirteen_16874,0,0,4,2,5,3
thirteen_16875,0,0,4,2,5,4
thirteen_16876,0,0,4,2,5,5
thirteen_16877,0,0,4,2,5,6
thirteen_16878,0,0,4,0,4,5
thirteen_16879,0,0,4,0,4,6
thirteen_16880,0,0,4,0,5,5
thirteen_16881,0,0,4,0,5,6
thirteen_16882,0,0,4,0,5,7
thirteen_16883,0,0,4,3,0,0
thirteen_16884,0,0,4,3,0,2
thirteen_16885,0,0,4,3,1,1
thirteen_16886,0,0,4,3,1,0
thirteen_16887,0,0,4,3,1,2
thirteen_16888,0,0,4,3,2,1
thirteen_16889,0,0,4,3,2,0
thirteen_16890,0,0,4,3,3,1
thirteen_16891,0,0,4,3,3,0
thirteen_16892,0,0,4,3,4,5
thirteen_16893,0,0,4,3,4,6
thirteen_16894,0,0,4,3,5,3
thirteen_16895,0,0,4,3,5,4
thirteen_16896,0,0,4,3,5,5
thirteen_16897,0,0,4,3,5,6
thirteen_16898,0,0,4,3,5,7
thirteen_16899,0,0,4,4,4,1
thirteen_16900,0,0,4,4,4,0
thirteen_16901,0,0,4,4,4,6
thirteen_16902,0,0,4,4,5,1
thirteen_16903,0,0,4,4,5,0
thirteen_16904,0,0,4,4,5,5
thirteen_16905,0,0,4,4,5,6
thirteen_16906,0,0,4,4,5,7
thirteen_16907,0,0,4,5,4,1
thirteen_16908,0,0,4,5,4,0
thirteen_16909,0,0,4,5,4,2
thirteen_16910,0,0,4,5,4,3
thirteen_16911,0,0,4,5,5,1
thirteen_16912,0,0,4,5,5,0
thirteen_16913,0,0,4,5,5,2
thirteen_16914,0,0,4,5,5,3
thirteen_16915,0,0,4,5,5,4
thirteen_16916,0,0,4,5,5,5
thirteen_16917,0,0,4,5,5,6
thirteen_16918,0,0,4,5,5,7
thirteen_16919,0,0,4,6,4,0
thirteen_16920,0,0,4,6,4,2
thirteen_16921,0,0,4,6,4,3
thirteen_16922,0,0,4,6,4,4
thirteen_16923,0,0,4,6,5,0
thirteen_16924,0,0,4,6,5,2
thirteen_16925,0,0,4,6,5,3
thirteen_16926,0,0,4,6,5,4
thirteen_16927,0,0,4,6,5,5
thirteen_16928,0,0,4,6,5,6
thirteen_16929,0,0,4,7,4,3
thirteen_16930,0,0,4,7,4,4
thirteen_16931,0,0,4,7,4,5
thirteen_16932,0,0,4,7,5,3
thirteen_16933,0,0,4,7,5,4
thirteen_16934,0,0,4,7,5,5
thirteen_16935,0,0,4,7,5,6
thirteen_16936,0,0,5,3,0,0
thirteen_16937,0,0,5,3,0,2
thirteen_16938,0,0,5,3,1,0
thirteen_16939,0,0,5,3,1,2
thirteen_16940,0,0,5,3,2,0
thirteen_16941,0,0,5,3,2,2
thirteen_16942,0,0,5,3,3,0
thirteen_16943,0,0,5,3,4,0
thirteen_16944,0,0,6,1,2,0
thirteen_16945,0,0,6,1,3,1
thirteen_16946,0,0,6,1,5,5
thirteen_16947,0,0,6,1,5,6
thirteen_16948,0,0,6,1,5,7
thirteen_16949,0,0,6,2,2,0
thirteen_16950,0,0,6,3,0,0
thirteen_16951,0,0,6,3,0,2
thirteen_16952,0,0,6,4,2,0
thirteen_16953,0,0,6,4,3,1
thirteen_16954,0,0,6,4,4,1
thirteen_16955,0,0,6,4,5,1
thirteen_16956,0,0,6,5,2,0
thirteen_16957,0,0,6,5,3,1
thirteen_16958,0,0,6,5,4,1
thirteen_16959,0,0,6,5,5,1
thirteen_16960,0,0,6,5,5,7
thirteen_16961,0,0,6,6,2,0
thirteen_16962,0,0,6,6,3,1
thirteen_16963,0,0,6,6,4,1
thirteen_16964,0,0,6,6,5,1
thirteen_16965,0,0,6,7,2,0
thirteen_16966,0,0,6,7,3,1
thirteen_16967,0,0,6,7,3,0
thirteen_16968,0,0,6,7,4,1
thirteen_16969,0,0,6,7,4,0
thirteen_16970,0,0,6,7,5,1
thirteen_16971,0,0,6,7,5,0
thirteen_16972,1,0,7,1,6,4
thirteen_16973,1,0,7,1,6,5
thirteen_16974,1,0,7,1,6,6
thirteen_16975,1,0,7,1,3,7
thirteen_16976,1,0,7,1,4,7
thirteen_16977,1,0,7,1,5,2
thirteen_16978,1,0,7,1,5,7
thirteen_16979,1,0,7,2,7,4
thirteen_16980,1,0,7,2,7,5
thirteen_16981,1,0,7,2,7,6
thirteen_16982,1,0,7,2,3,7
thirteen_16983,1,0,7,2,4,7
thirteen_16984,1,0,7,2,5,2
thirteen_16985,1,0,7,2,5,3
thirteen_16986,1,0,7,2,5,4
thirteen_16987,1,0,7,2,5,5
thirteen_16988,1,0,7,2,5,6
thirteen_16989,1,0,7,2,5,7
thirteen_16990,1,0,7,0,6,4
thirteen_16991,1,0,7,0,7,5
thirteen_16992,1,0,7,0,7,6
thirteen_16993,1,0,7,0,3,7
thirteen_16994,1,0,7,0,4,7
thirteen_16995,1,0,7,0,5,2
thirteen_16996,1,0,7,0,5,7
thirteen_16997,1,0,7,3,0,2
thirteen_16998,1,0,7,3,1,0
thirteen_16999,1,0,7,3,1,2
thirteen_17000,1,0,7,3,3,7
thirteen_17001,1,0,7,3,4,7
thirteen_17002,1,0,7,3,5,7
thirteen_17003,1,0,7,4,7,7
thirteen_17004,1,0,7,4,0,7
thirteen_17005,1,0,7,4,1,5
thirteen_17006,1,0,7,4,1,6
thirteen_17007,1,0,7,4,1,7
thirteen_17008,1,0,7,4,2,5
thirteen_17009,1,0,7,4,2,6
thirteen_17010,1,0,7,4,2,7
thirteen_17011,1,0,7,4,3,2
thirteen_17012,1,0,7,4,3,3
thirteen_17013,1,0,7,4,3,4
thirteen_17014,1,0,7,4,3,5
thirteen_17015,1,0,7,4,3,6
thirteen_17016,1,0,7,4,3,7
thirteen_17017,1,0,7,4,4,4
thirteen_17018,1,0,7,4,4,5
thirteen_17019,1,0,7,4,4,6
thirteen_17020,1,0,7,4,4,7
thirteen_17021,1,0,7,4,5,4
thirteen_17022,1,0,7,4,5,5
thirteen_17023,1,0,7,4,5,6
thirteen_17024,1,0,7,4,5,7
thirteen_17025,1,0,7,5,6,7
thirteen_17026,1,0,7,5,7,7
thirteen_17027,1,0,7,5,0,6
thirteen_17028,1,0,7,5,0,7
thirteen_17029,1,0,7,5,1,6
thirteen_17030,1,0,7,5,1,7
thirteen_17031,1,0,7,5,5,2
thirteen_17032,1,0,7,6,7,2
thirteen_17033,1,0,7,6,5,2
thirteen_17034,1,0,7,7,6,5
thirteen_17035,1,0,7,7,3,7
thirteen_17036,1,0,7,7,4,7
thirteen_17037,1,0,7,7,5,3
thirteen_17038,1,0,7,7,5,7
thirteen_17039,1,0,0,2,7,4
thirteen_17040,1,0,0,2,7,5
thirteen_17041,1,0,0,2,7,6
thirteen_17042,1,0,0,2,5,2
thirteen_17043,1,0,0,2,5,3
thirteen_17044,1,0,0,2,5,4
thirteen_17045,1,0,0,2,5,5
thirteen_17046,1,0,0,2,5,6
thirteen_17047,1,0,0,2,5,7
thirteen_17048,1,0,0,0,7,5
thirteen_17049,1,0,0,0,7,6
thirteen_17050,1,0,0,0,5,2
thirteen_17051,1,0,0,0,5,7
thirteen_17052,1,0,0,3,1,0
thirteen_17053,1,0,0,3,1,2
thirteen_17054,1,0,0,3,4,7
thirteen_17055,1,0,0,3,5,7
thirteen_17056,1,0,0,4,3,5
thirteen_17057,1,0,0,4,3,6
thirteen_17058,1,0,0,4,3,7
thirteen_17059,1,0,0,4,4,4
thirteen_17060,1,0,0,4,4,5
thirteen_17061,1,0,0,4,4,6
thirteen_17062,1,0,0,4,4,7
thirteen_17063,1,0,0,4,5,4
thirteen_17064,1,0,0,4,5,5
thirteen_17065,1,0,0,4,5,6
thirteen_17066,1,0,0,4,5,7
thirteen_17067,1,0,0,5,7,7
thirteen_17068,1,0,0,5,0,7
thirteen_17069,1,0,0,5,1,6
thirteen_17070,1,0,0,5,1,7
thirteen_17071,1,0,0,5,2,6
thirteen_17072,1,0,0,5,2,7
thirteen_17073,1,0,0,5,3,6
thirteen_17074,1,0,0,5,3,7
thirteen_17075,1,0,0,5,4,6
thirteen_17076,1,0,0,5,4,7
thirteen_17077,1,0,0,5,5,2
thirteen_17078,1,0,0,6,7,2
thirteen_17079,1,0,0,6,5,2
thirteen_17080,1,0,0,7,5,3
thirteen_17081,1,0,1,1,5,3
thirteen_17082,1,0,1,1,5,4
thirteen_17083,1,0,1,1,5,5
thirteen_17084,1,0,1,1,5,6
thirteen_17085,1,0,1,1,5,7
thirteen_17086,1,0,1,2,5,2
thirteen_17087,1,0,1,2,5,3
thirteen_17088,1,0,1,2,5,4
thirteen_17089,1,0,1,2,5,5
thirteen_17090,1,0,1,2,5,6
thirteen_17091,1,0,1,2,5,7
thirteen_17092,1,0,1,0,5,2
thirteen_17093,1,0,1,0,5,7
thirteen_17094,1,0,1,3,1,0
thirteen_17095,1,0,1,3,2,0
thirteen_17096,1,0,1,3,2,2
thirteen_17097,1,0,1,3,4,7
thirteen_17098,1,0,1,3,5,7
thirteen_17099,1,0,1,4,5,4
thirteen_17100,1,0,1,4,5,5
thirteen_17101,1,0,1,4,5,6
thirteen_17102,1,0,1,4,5,7
thirteen_17103,1,0,1,5,3,6
thirteen_17104,1,0,1,5,3,7
thirteen_17105,1,0,1,5,4,6
thirteen_17106,1,0,1,5,4,7
thirteen_17107,1,0,1,5,5,2
thirteen_17108,1,0,1,5,5,6
thirteen_17109,1,0,1,5,5,7
thirteen_17110,1,0,1,6,5,2
thirteen_17111,1,0,1,7,5,3
thirteen_17112,1,0,2,1,3,1
thirteen_17113,1,0,2,1,4,0
thirteen_17114,1,0,2,1,5,3
thirteen_17115,1,0,2,1,5,4
thirteen_17116,1,0,2,1,5,5
thirteen_17117,1,0,2,1,5,6
thirteen_17118,1,0,2,1,5,7
thirteen_17119,1,0,2,2,4,0
thirteen_17120,1,0,2,2,5,5
thirteen_17121,1,0,2,2,5,6
thirteen_17122,1,0,2,2,5,7
thirteen_17123,1,0,2,0,5,7
thirteen_17124,1,0,2,3,6,2
thirteen_17125,1,0,2,3,6,3
thirteen_17126,1,0,2,3,7,3
thirteen_17127,1,0,2,3,7,4
thirteen_17128,1,0,2,3,7,5
thirteen_17129,1,0,2,3,0,5
thirteen_17130,1,0,2,3,1,6
thirteen_17131,1,0,2,3,1,7
thirteen_17132,1,0,2,3,2,6
thirteen_17133,1,0,2,3,2,7
thirteen_17134,1,0,2,3,3,6
thirteen_17135,1,0,2,3,3,7
thirteen_17136,1,0,2,3,4,3
thirteen_17137,1,0,2,3,4,4
thirteen_17138,1,0,2,3,4,5
thirteen_17139,1,0,2,3,4,6
thirteen_17140,1,0,2,3,4,7
thirteen_17141,1,0,2,3,5,3
thirteen_17142,1,0,2,3,5,4
thirteen_17143,1,0,2,3,5,5
thirteen_17144,1,0,2,3,5,6
thirteen_17145,1,0,2,3,5,7
thirteen_17146,1,0,2,4,7,2
thirteen_17147,1,0,2,4,7,3
thirteen_17148,1,0,2,4,7,4
thirteen_17149,1,0,2,4,7,5
thirteen_17150,1,0,2,4,7,6
thirteen_17151,1,0,2,4,0,2
thirteen_17152,1,0,2,4,0,6
thirteen_17153,1,0,2,4,1,1
thirteen_17154,1,0,2,4,2,1
thirteen_17155,1,0,2,4,3,1
thirteen_17156,1,0,2,4,4,0
thirteen_17157,1,0,2,4,5,4
thirteen_17158,1,0,2,4,5,5
thirteen_17159,1,0,2,4,5,6
thirteen_17160,1,0,2,4,5,7
thirteen_17161,1,0,2,5,6,3
thirteen_17162,1,0,2,5,6,4
thirteen_17163,1,0,2,5,6,5
thirteen_17164,1,0,2,5,7,2
thirteen_17165,1,0,2,5,7,3
thirteen_17166,1,0,2,5,7,4
thirteen_17167,1,0,2,5,7,5
thirteen_17168,1,0,2,5,0,2
thirteen_17169,1,0,2,5,0,3
thirteen_17170,1,0,2,5,1,1
thirteen_17171,1,0,2,5,1,7
thirteen_17172,1,0,2,5,2,1
thirteen_17173,1,0,2,5,2,7
thirteen_17174,1,0,2,5,3,1
thirteen_17175,1,0,2,5,3,6
thirteen_17176,1,0,2,5,3,7
thirteen_17177,1,0,2,5,4,0
thirteen_17178,1,0,2,5,4,6
thirteen_17179,1,0,2,5,4,7
thirteen_17180,1,0,2,5,5,6
thirteen_17181,1,0,2,5,5,7
thirteen_17182,1,0,2,6,7,4
thirteen_17183,1,0,2,6,7,5
thirteen_17184,1,0,2,6,7,6
thirteen_17185,1,0,2,6,0,4
thirteen_17186,1,0,2,6,1,1
thirteen_17187,1,0,2,6,2,1
thirteen_17188,1,0,2,6,3,1
thirteen_17189,1,0,2,6,4,0
thirteen_17190,1,0,2,7,7,2
thirteen_17191,1,0,2,7,7,3
thirteen_17192,1,0,2,7,0,3
thirteen_17193,1,0,2,7,1,1
thirteen_17194,1,0,2,7,2,1
thirteen_17195,1,0,2,7,3,1
thirteen_17196,1,0,2,7,4,0
thirteen_17197,1,0,2,7,5,3
thirteen_17198,1,0,3,1,7,2
thirteen_17199,1,0,3,1,7,3
thirteen_17200,1,0,3,1,7,4
thirteen_17201,1,0,3,1,7,5
thirteen_17202,1,0,3,1,7,6
thirteen_17203,1,0,3,1,0,6
thirteen_17204,1,0,3,1,0,7
thirteen_17205,1,0,3,1,1,4
thirteen_17206,1,0,3,1,1,6
thirteen_17207,1,0,3,1,1,7
thirteen_17208,1,0,3,1,2,6
thirteen_17209,1,0,3,1,2,7
thirteen_17210,1,0,3,1,3,2
thirteen_17211,1,0,3,1,3,3
thirteen_17212,1,0,3,1,3,4
thirteen_17213,1,0,3,1,3,5
thirteen_17214,1,0,3,1,3,6
thirteen_17215,1,0,3,1,3,7
thirteen_17216,1,0,3,1,4,0
thirteen_17217,1,0,3,1,4,2
thirteen_17218,1,0,3,1,4,3
thirteen_17219,1,0,3,1,4,4
thirteen_17220,1,0,3,1,4,5
thirteen_17221,1,0,3,1,4,6
thirteen_17222,1,0,3,1,4,7
thirteen_17223,1,0,3,1,5,3
thirteen_17224,1,0,3,1,5,4
thirteen_17225,1,0,3,1,5,5
thirteen_17226,1,0,3,1,5,6
thirteen_17227,1,0,3,1,5,7
thirteen_17228,1,0,3,2,7,4
thirteen_17229,1,0,3,2,7,5
thirteen_17230,1,0,3,2,7,6
thirteen_17231,1,0,3,2,0,6
thirteen_17232,1,0,3,2,0,7
thirteen_17233,1,0,3,2,1,4
thirteen_17234,1,0,3,2,1,6
thirteen_17235,1,0,3,2,1,7
thirteen_17236,1,0,3,2,2,6
thirteen_17237,1,0,3,2,2,7
thirteen_17238,1,0,3,2,3,4
thirteen_17239,1,0,3,2,3,5
thirteen_17240,1,0,3,2,3,6
thirteen_17241,1,0,3,2,3,7
thirteen_17242,1,0,3,2,4,4
thirteen_17243,1,0,3,2,4,5
thirteen_17244,1,0,3,2,4,6
thirteen_17245,1,0,3,2,4,7
thirteen_17246,1,0,3,2,5,2
thirteen_17247,1,0,3,2,5,3
thirteen_17248,1,0,3,2,5,4
thirteen_17249,1,0,3,2,5,5
thirteen_17250,1,0,3,2,5,6
thirteen_17251,1,0,3,2,5,7
thirteen_17252,1,0,3,0,6,2
thirteen_17253,1,0,3,0,6,3
thirteen_17254,1,0,3,0,6,4
thirteen_17255,1,0,3,0,7,5
thirteen_17256,1,0,3,0,7,6
thirteen_17257,1,0,3,0,0,6
thirteen_17258,1,0,3,0,0,7
thirteen_17259,1,0,3,0,1,6
thirteen_17260,1,0,3,0,1,7
thirteen_17261,1,0,3,0,2,6
thirteen_17262,1,0,3,0,2,7
thirteen_17263,1,0,3,0,3,5
thirteen_17264,1,0,3,0,3,6
thirteen_17265,1,0,3,0,3,7
thirteen_17266,1,0,3,0,4,5
thirteen_17267,1,0,3,0,4,6
thirteen_17268,1,0,3,0,4,7
thirteen_17269,1,0,3,0,5,2
thirteen_17270,1,0,3,0,5,3
thirteen_17271,1,0,3,0,5,4
thirteen_17272,1,0,3,0,5,5
thirteen_17273,1,0,3,0,5,6
thirteen_17274,1,0,3,0,5,7
thirteen_17275,1,0,3,3,6,3
thirteen_17276,1,0,3,3,6,4
thirteen_17277,1,0,3,3,6,5
thirteen_17278,1,0,3,3,7,2
thirteen_17279,1,0,3,3,7,3
thirteen_17280,1,0,3,3,7,4
thirteen_17281,1,0,3,3,7,5
thirteen_17282,1,0,3,3,7,6
thirteen_17283,1,0,3,3,0,2
thirteen_17284,1,0,3,3,0,6
thirteen_17285,1,0,3,3,0,7
thirteen_17286,1,0,3,3,1,0
thirteen_17287,1,0,3,3,1,6
thirteen_17288,1,0,3,3,1,7
thirteen_17289,1,0,3,3,2,0
thirteen_17290,1,0,3,3,2,6
thirteen_17291,1,0,3,3,2,7
thirteen_17292,1,0,3,4,3,0
thirteen_17293,1,0,3,4,3,7
thirteen_17294,1,0,3,4,4,0
thirteen_17295,1,0,3,4,4,7
thirteen_17296,1,0,3,4,5,2
thirteen_17297,1,0,3,4,5,3
thirteen_17298,1,0,3,4,5,4
thirteen_17299,1,0,3,4,5,5
thirteen_17300,1,0,3,4,5,6
thirteen_17301,1,0,3,4,5,7
thirteen_17302,1,0,3,5,6,6
thirteen_17303,1,0,3,5,6,7
thirteen_17304,1,0,3,5,7,6
thirteen_17305,1,0,3,5,7,7
thirteen_17306,1,0,3,5,3,0
thirteen_17307,1,0,3,5,3,7
thirteen_17308,1,0,3,5,4,0
thirteen_17309,1,0,3,5,4,6
thirteen_17310,1,0,3,5,4,7
thirteen_17311,1,0,3,5,5,6
thirteen_17312,1,0,3,5,5,7
thirteen_17313,1,0,3,6,7,2
thirteen_17314,1,0,3,6,3,0
thirteen_17315,1,0,3,6,3,2
thirteen_17316,1,0,3,6,3,3
thirteen_17317,1,0,3,6,4,0
thirteen_17318,1,0,3,6,4,2
thirteen_17319,1,0,3,6,4,3
thirteen_17320,1,0,3,6,5,2
thirteen_17321,1,0,3,6,5,3
thirteen_17322,1,0,3,6,5,4
thirteen_17323,1,0,3,6,5,5
thirteen_17324,1,0,3,6,5,6
thirteen_17325,1,0,3,7,6,5
thirteen_17326,1,0,3,7,6,6
thirteen_17327,1,0,3,7,6,7
thirteen_17328,1,0,3,7,3,0
thirteen_17329,1,0,3,7,3,2
thirteen_17330,1,0,3,7,3,3
thirteen_17331,1,0,3,7,3,4
thirteen_17332,1,0,3,7,3,5
thirteen_17333,1,0,3,7,4,0
thirteen_17334,1,0,3,7,4,2
thirteen_17335,1,0,3,7,4,3
thirteen_17336,1,0,3,7,4,4
thirteen_17337,1,0,3,7,4,5
thirteen_17338,1,0,3,7,4,6
thirteen_17339,1,0,3,7,4,7
thirteen_17340,1,0,3,7,5,3
thirteen_17341,1,0,3,7,5,4
thirteen_17342,1,0,3,7,5,5
thirteen_17343,1,0,3,7,5,6
thirteen_17344,1,0,3,7,5,7
thirteen_17345,1,0,4,1,7,2
thirteen_17346,1,0,4,1,7,3
thirteen_17347,1,0,4,1,7,4
thirteen_17348,1,0,4,1,7,5
thirteen_17349,1,0,4,1,7,6
thirteen_17350,1,0,4,1,1,1
thirteen_17351,1,0,4,2,7,2
thirteen_17352,1,0,4,2,7,3
thirteen_17353,1,0,4,2,7,4
thirteen_17354,1,0,4,2,7,5
thirteen_17355,1,0,4,2,7,6
thirteen_17356,1,0,4,2,4,3
thirteen_17357,1,0,4,2,5,0
thirteen_17358,1,0,4,2,5,2
thirteen_17359,1,0,4,2,5,3
thirteen_17360,1,0,4,0,6,2
thirteen_17361,1,0,4,0,6,3
thirteen_17362,1,0,4,0,6,4
thirteen_17363,1,0,4,0,7,5
thirteen_17364,1,0,4,0,7,6
thirteen_17365,1,0,4,0,4,4
thirteen_17366,1,0,4,0,4,5
thirteen_17367,1,0,4,0,5,2
thirteen_17368,1,0,4,0,5,3
thirteen_17369,1,0,4,0,5,4
thirteen_17370,1,0,4,0,5,5
thirteen_17371,1,0,4,3,7,2
thirteen_17372,1,0,4,3,1,0
thirteen_17373,1,0,4,3,1,2
thirteen_17374,1,0,4,3,4,5
thirteen_17375,1,0,4,3,5,3
thirteen_17376,1,0,4,3,5,4
thirteen_17377,1,0,4,3,5,5
thirteen_17378,1,0,4,4,6,5
thirteen_17379,1,0,4,4,6,6
thirteen_17380,1,0,4,4,1,1
thirteen_17381,1,0,4,4,2,1
thirteen_17382,1,0,4,4,3,1
thirteen_17383,1,0,4,4,4,6
thirteen_17384,1,0,4,4,4,7
thirteen_17385,1,0,4,4,5,4
thirteen_17386,1,0,4,4,5,5
thirteen_17387,1,0,4,4,5,6
thirteen_17388,1,0,4,4,5,7
thirteen_17389,1,0,4,5,6,6
thirteen_17390,1,0,4,5,6,7
thirteen_17391,1,0,4,5,7,6
thirteen_17392,1,0,4,5,7,7
thirteen_17393,1,0,4,5,0,6
thirteen_17394,1,0,4,5,0,7
thirteen_17395,1,0,4,5,1,1
thirteen_17396,1,0,4,5,1,6
thirteen_17397,1,0,4,5,1,7
thirteen_17398,1,0,4,5,2,1
thirteen_17399,1,0,4,5,2,7
thirteen_17400,1,0,4,5,3,1
thirteen_17401,1,0,4,5,3,7
thirteen_17402,1,0,4,5,4,0
thirteen_17403,1,0,4,5,4,3
thirteen_17404,1,0,4,5,4,7
thirteen_17405,1,0,4,5,5,0
thirteen_17406,1,0,4,5,5,2
thirteen_17407,1,0,4,5,5,3
thirteen_17408,1,0,4,5,5,4
thirteen_17409,1,0,4,5,5,5
thirteen_17410,1,0,4,5,5,6
thirteen_17411,1,0,4,5,5,7
thirteen_17412,1,0,4,6,7,2
thirteen_17413,1,0,4,6,1,1
thirteen_17414,1,0,4,6,2,1
thirteen_17415,1,0,4,6,3,1
thirteen_17416,1,0,4,6,4,3
thirteen_17417,1,0,4,6,4,4
thirteen_17418,1,0,4,6,5,3
thirteen_17419,1,0,4,6,5,4
thirteen_17420,1,0,4,6,5,5
thirteen_17421,1,0,4,6,5,6
thirteen_17422,1,0,4,7,6,5
thirteen_17423,1,0,4,7,6,6
thirteen_17424,1,0,4,7,6,7
thirteen_17425,1,0,4,7,1,1
thirteen_17426,1,0,4,7,2,1
thirteen_17427,1,0,4,7,3,1
thirteen_17428,1,0,4,7,4,5
thirteen_17429,1,0,4,7,5,5
thirteen_17430,1,0,4,7,5,6
thirteen_17431,1,0,4,7,5,7
thirteen_17432,1,0,5,1,7,2
thirteen_17433,1,0,5,1,7,3
thirteen_17434,1,0,5,1,7,4
thirteen_17435,1,0,5,1,7,5
thirteen_17436,1,0,5,1,7,6
thirteen_17437,1,0,5,2,7,2
thirteen_17438,1,0,5,2,7,3
thirteen_17439,1,0,5,2,7,4
thirteen_17440,1,0,5,2,7,5
thirteen_17441,1,0,5,2,7,6
thirteen_17442,1,0,5,0,6,2
thirteen_17443,1,0,5,0,6,3
thirteen_17444,1,0,5,0,6,4
thirteen_17445,1,0,5,0,7,5
thirteen_17446,1,0,5,0,7,6
thirteen_17447,1,0,5,3,7,2
thirteen_17448,1,0,5,3,1,0
thirteen_17449,1,0,5,3,1,2
thirteen_17450,1,0,5,3,4,7
thirteen_17451,1,0,5,4,6,5
thirteen_17452,1,0,5,4,6,6
thirteen_17453,1,0,5,4,7,5
thirteen_17454,1,0,5,4,7,6
thirteen_17455,1,0,5,4,7,7
thirteen_17456,1,0,5,5,7,6
thirteen_17457,1,0,5,5,7,7
thirteen_17458,1,0,5,5,0,6
thirteen_17459,1,0,5,5,0,7
thirteen_17460,1,0,5,5,1,6
thirteen_17461,1,0,5,5,1,7
thirteen_17462,1,0,5,5,2,6
thirteen_17463,1,0,5,5,2,7
thirteen_17464,1,0,5,5,3,7
thirteen_17465,1,0,5,5,4,7
thirteen_17466,1,0,5,6,7,2
thirteen_17467,1,0,5,7,6,5
thirteen_17468,1,0,5,7,6,6
thirteen_17469,1,0,5,7,6,7
thirteen_17470,1,0,6,1,7,2
thirteen_17471,1,0,6,1,7,3
thirteen_17472,1,0,6,1,7,4
thirteen_17473,1,0,6,1,7,5
thirteen_17474,1,0,6,1,7,6
thirteen_17475,1,0,6,1,1,0
thirteen_17476,1,0,6,1,2,0
thirteen_17477,1,0,6,1,3,0
thirteen_17478,1,0,6,1,5,2
thirteen_17479,1,0,6,1,5,3
thirteen_17480,1,0,6,1,5,4
thirteen_17481,1,0,6,1,5,5
thirteen_17482,1,0,6,1,5,6
thirteen_17483,1,0,6,1,5,7
thirteen_17484,1,0,6,2,7,2
thirteen_17485,1,0,6,2,7,3
thirteen_17486,1,0,6,2,7,4
thirteen_17487,1,0,6,2,7,5
thirteen_17488,1,0,6,2,7,6
thirteen_17489,1,0,6,2,1,0
thirteen_17490,1,0,6,2,2,0
thirteen_17491,1,0,6,2,5,5
thirteen_17492,1,0,6,2,5,6
thirteen_17493,1,0,6,2,5,7
thirteen_17494,1,0,6,0,6,2
thirteen_17495,1,0,6,0,6,3
thirteen_17496,1,0,6,0,6,4
thirteen_17497,1,0,6,0,7,5
thirteen_17498,1,0,6,0,7,6
thirteen_17499,1,0,6,0,5,7
thirteen_17500,1,0,6,3,4,7
thirteen_17501,1,0,6,3,5,7
thirteen_17502,1,0,6,4,6,5
thirteen_17503,1,0,6,4,6,6
thirteen_17504,1,0,6,4,7,5
thirteen_17505,1,0,6,4,7,6
thirteen_17506,1,0,6,4,7,7
thirteen_17507,1,0,6,4,0,5
thirteen_17508,1,0,6,4,0,6
thirteen_17509,1,0,6,4,0,7
thirteen_17510,1,0,6,4,1,0
thirteen_17511,1,0,6,4,1,5
thirteen_17512,1,0,6,4,1,6
thirteen_17513,1,0,6,4,1,7
thirteen_17514,1,0,6,4,2,0
thirteen_17515,1,0,6,4,4,2
thirteen_17516,1,0,6,4,5,2
thirteen_17517,1,0,6,5,1,0
thirteen_17518,1,0,6,5,1,6
thirteen_17519,1,0,6,5,1,7
thirteen_17520,1,0,6,5,2,0
thirteen_17521,1,0,6,5,2,6
thirteen_17522,1,0,6,5,2,7
thirteen_17523,1,0,6,5,3,0
thirteen_17524,1,0,6,5,3,6
thirteen_17525,1,0,6,5,3,7
thirteen_17526,1,0,6,5,4,0
thirteen_17527,1,0,6,5,4,7
thirteen_17528,1,0,6,5,5,0
thirteen_17529,1,0,6,5,5,7
thirteen_17530,1,0,6,6,7,2
thirteen_17531,1,0,6,6,1,0
thirteen_17532,1,0,6,6,2,0
thirteen_17533,1,0,6,6,3,0
thirteen_17534,1,0,6,6,4,0
thirteen_17535,1,0,6,6,5,0
thirteen_17536,1,0,6,7,6,5
thirteen_17537,1,0,6,7,6,6
thirteen_17538,1,0,6,7,6,7
thirteen_17539,1,0,6,7,7,5
thirteen_17540,1,0,6,7,7,6
thirteen_17541,1,0,6,7,7,7
thirteen_17542,1,0,6,7,1,0
thirteen_17543,1,0,6,7,2,0
thirteen_17544,1,0,6,7,3,0
thirteen_17545,1,0,6,7,4,0
thirteen_17546,1,0,6,7,5,0
thirteen_17547,1,0,6,7,5,2
thirteen_17548,1,0,6,7,5,3
thirteen_17549,1,1,7,1,3,5
thirteen_17550,1,1,7,1,4,2
thirteen_17551,1,1,7,1,4,3
thirteen_17552,1,1,7,2,4,2
thirteen_17553,1,1,7,2,5,2
thirteen_17554,1,1,7,2,5,3
thirteen_17555,1,1,7,2,5,4
thirteen_17556,1,1,7,2,5,5
thirteen_17557,1,1,7,2,5,6
thirteen_17558,1,1,7,0,4,2
thirteen_17559,1,1,7,0,5,2
thirteen_17560,1,1,7,0,5,3
thirteen_17561,1,1,7,0,5,4
thirteen_17562,1,1,7,0,5,5
thirteen_17563,1,1,7,0,5,6
thirteen_17564,1,1,7,3,5,3
thirteen_17565,1,1,7,3,5,4
thirteen_17566,1,1,7,3,5,5
thirteen_17567,1,1,7,3,5,6
thirteen_17568,1,1,7,4,1,2
thirteen_17569,1,1,7,4,2,2
thirteen_17570,1,1,7,4,2,3
thirteen_17571,1,1,7,4,3,4
thirteen_17572,1,1,7,4,4,4
thirteen_17573,1,1,7,4,5,4
thirteen_17574,1,1,7,4,5,5
thirteen_17575,1,1,7,4,5,6
thirteen_17576,1,1,7,5,4,2
thirteen_17577,1,1,7,5,5,2
thirteen_17578,1,1,7,5,5,3
thirteen_17579,1,1,7,5,5,4
thirteen_17580,1,1,7,5,5,5
thirteen_17581,1,1,7,6,4,2
thirteen_17582,1,1,7,6,5,2
thirteen_17583,1,1,7,6,5,3
thirteen_17584,1,1,7,6,5,4
thirteen_17585,1,1,7,6,5,5
thirteen_17586,1,1,7,6,5,6
thirteen_17587,1,1,7,7,4,2
thirteen_17588,1,1,7,7,5,3
thirteen_17589,1,1,7,7,5,4
thirteen_17590,1,1,7,7,5,5
thirteen_17591,1,1,7,7,5,6
thirteen_17592,1,1,0,1,1,1
thirteen_17593,1,1,0,1,2,1
thirteen_17594,1,1,0,1,3,0
thirteen_17595,1,1,0,1,4,0
thirteen_17596,1,1,0,1,5,0
thirteen_17597,1,1,0,1,5,2
thirteen_17598,1,1,0,1,5,3
thirteen_17599,1,1,0,0,4,2
thirteen_17600,1,1,0,0,5,2
thirteen_17601,1,1,0,0,5,3
thirteen_17602,1,1,0,0,5,4
thirteen_17603,1,1,0,0,5,5
thirteen_17604,1,1,0,0,5,6
thirteen_17605,1,1,0,3,5,3
thirteen_17606,1,1,0,3,5,4
thirteen_17607,1,1,0,3,5,5
thirteen_17608,1,1,0,3,5,6
thirteen_17609,1,1,0,4,2,2
thirteen_17610,1,1,0,4,2,3
thirteen_17611,1,1,0,4,3,4
thirteen_17612,1,1,0,4,4,4
thirteen_17613,1,1,0,4,4,5
thirteen_17614,1,1,0,4,5,4
thirteen_17615,1,1,0,4,5,5
thirteen_17616,1,1,0,4,5,6
thirteen_17617,1,1,0,5,4,2
thirteen_17618,1,1,0,5,5,2
thirteen_17619,1,1,0,5,5,3
thirteen_17620,1,1,0,5,5,4
thirteen_17621,1,1,0,5,5,5
thirteen_17622,1,1,0,6,4,2
thirteen_17623,1,1,0,6,5,2
thirteen_17624,1,1,0,6,5,3
thirteen_17625,1,1,0,6,5,4
thirteen_17626,1,1,0,6,5,5
thirteen_17627,1,1,0,6,5,6
thirteen_17628,1,1,0,7,4,2
thirteen_17629,1,1,0,7,5,3
thirteen_17630,1,1,0,7,5,4
thirteen_17631,1,1,0,7,5,5
thirteen_17632,1,1,0,7,5,6
thirteen_17633,1,1,1,1,4,2
thirteen_17634,1,1,1,1,4,3
thirteen_17635,1,1,1,2,4,2
thirteen_17636,1,1,1,2,5,2
thirteen_17637,1,1,1,2,5,3
thirteen_17638,1,1,1,2,5,4
thirteen_17639,1,1,1,2,5,5
thirteen_17640,1,1,1,2,5,6
thirteen_17641,1,1,1,0,4,2
thirteen_17642,1,1,1,0,5,2
thirteen_17643,1,1,1,0,5,3
thirteen_17644,1,1,1,0,5,4
thirteen_17645,1,1,1,0,5,5
thirteen_17646,1,1,1,0,5,6
thirteen_17647,1,1,1,0,5,7
thirteen_17648,1,1,1,3,5,3
thirteen_17649,1,1,1,3,5,4
thirteen_17650,1,1,1,3,5,5
thirteen_17651,1,1,1,3,5,6
thirteen_17652,1,1,1,4,3,4
thirteen_17653,1,1,1,4,4,4
thirteen_17654,1,1,1,4,4,5
thirteen_17655,1,1,1,4,5,4
thirteen_17656,1,1,1,4,5,5
thirteen_17657,1,1,1,4,5,6
thirteen_17658,1,1,1,5,4,2
thirteen_17659,1,1,1,5,5,2
thirteen_17660,1,1,1,5,5,3
thirteen_17661,1,1,1,5,5,4
thirteen_17662,1,1,1,5,5,5
thirteen_17663,1,1,1,6,4,2
thirteen_17664,1,1,1,6,5,2
thirteen_17665,1,1,1,6,5,3
thirteen_17666,1,1,1,7,4,2
thirteen_17667,1,1,1,7,5,3
thirteen_17668,1,1,1,7,5,4
thirteen_17669,1,1,1,7,5,5
thirteen_17670,1,1,1,7,5,6
thirteen_17671,1,1,2,2,5,2
thirteen_17672,1,1,2,2,5,3
thirteen_17673,1,1,2,2,5,4
thirteen_17674,1,1,2,2,5,5
thirteen_17675,1,1,2,2,5,6
thirteen_17676,1,1,2,0,5,2
thirteen_17677,1,1,2,0,5,3
thirteen_17678,1,1,2,0,5,4
thirteen_17679,1,1,2,0,5,5
thirteen_17680,1,1,2,0,5,6
thirteen_17681,1,1,2,0,5,7
thirteen_17682,1,1,2,3,3,3
thirteen_17683,1,1,2,3,3,4
thirteen_17684,1,1,2,3,3,5
thirteen_17685,1,1,2,3,4,3
thirteen_17686,1,1,2,3,4,4
thirteen_17687,1,1,2,3,4,5
thirteen_17688,1,1,2,3,4,6
thirteen_17689,1,1,2,3,5,3
thirteen_17690,1,1,2,3,5,4
thirteen_17691,1,1,2,3,5,5
thirteen_17692,1,1,2,3,5,6
thirteen_17693,1,1,2,3,5,7
thirteen_17694,1,1,2,5,5,2
thirteen_17695,1,1,2,5,5,3
thirteen_17696,1,1,2,5,5,4
thirteen_17697,1,1,2,5,5,5
thirteen_17698,1,1,2,6,5,2
thirteen_17699,1,1,2,6,5,3
thirteen_17700,1,1,2,6,5,4
thirteen_17701,1,1,2,6,5,5
thirteen_17702,1,1,2,6,5,6
thirteen_17703,1,1,2,7,5,3
thirteen_17704,1,1,2,7,5,4
thirteen_17705,1,1,2,7,5,5
thirteen_17706,1,1,2,7,5,6
thirteen_17707,1,1,3,1,1,2
thirteen_17708,1,1,3,1,1,3
thirteen_17709,1,1,3,1,2,2
thirteen_17710,1,1,3,1,2,3
thirteen_17711,1,1,3,1,2,4
thirteen_17712,1,1,3,1,3,3
thirteen_17713,1,1,3,1,3,5
thirteen_17714,1,1,3,1,4,0
thirteen_17715,1,1,3,1,4,2
thirteen_17716,1,1,3,1,4,3
thirteen_17717,1,1,3,1,4,4
thirteen_17718,1,1,3,1,4,5
thirteen_17719,1,1,3,1,4,6
thirteen_17720,1,1,3,2,2,4
thirteen_17721,1,1,3,2,3,3
thirteen_17722,1,1,3,2,3,4
thirteen_17723,1,1,3,2,3,5
thirteen_17724,1,1,3,2,4,0
thirteen_17725,1,1,3,2,4,2
thirteen_17726,1,1,3,2,4,3
thirteen_17727,1,1,3,2,4,4
thirteen_17728,1,1,3,2,4,5
thirteen_17729,1,1,3,2,4,6
thirteen_17730,1,1,3,2,5,2
thirteen_17731,1,1,3,2,5,3
thirteen_17732,1,1,3,2,5,4
thirteen_17733,1,1,3,2,5,5
thirteen_17734,1,1,3,2,5,6
thirteen_17735,1,1,3,0,3,5
thirteen_17736,1,1,3,0,4,5
thirteen_17737,1,1,3,0,4,6
thirteen_17738,1,1,3,0,5,2
thirteen_17739,1,1,3,0,5,3
thirteen_17740,1,1,3,0,5,4
thirteen_17741,1,1,3,0,5,5
thirteen_17742,1,1,3,0,5,6
thirteen_17743,1,1,3,0,5,7
thirteen_17744,1,1,3,3,3,5
thirteen_17745,1,1,3,3,4,3
thirteen_17746,1,1,3,3,4,4
thirteen_17747,1,1,3,3,4,5
thirteen_17748,1,1,3,4,3,2
thirteen_17749,1,1,3,4,4,2
thirteen_17750,1,1,3,4,4,3
thirteen_17751,1,1,3,5,3,0
thirteen_17752,1,1,3,5,4,0
thirteen_17753,1,1,3,5,5,2
thirteen_17754,1,1,3,6,3,0
thirteen_17755,1,1,3,6,3,2
thirteen_17756,1,1,3,6,3,3
thirteen_17757,1,1,3,6,4,0
thirteen_17758,1,1,3,6,4,2
thirteen_17759,1,1,3,6,4,3
thirteen_17760,1,1,3,6,5,2
thirteen_17761,1,1,3,6,5,3
thirteen_17762,1,1,3,6,5,4
thirteen_17763,1,1,3,6,5,5
thirteen_17764,1,1,3,6,5,6
thirteen_17765,1,1,3,7,1,2
thirteen_17766,1,1,3,7,3,0
thirteen_17767,1,1,3,7,3,3
thirteen_17768,1,1,3,7,3,4
thirteen_17769,1,1,3,7,4,0
thirteen_17770,1,1,3,7,4,2
thirteen_17771,1,1,3,7,4,3
thirteen_17772,1,1,3,7,4,4
thirteen_17773,1,1,3,7,4,5
thirteen_17774,1,1,3,7,5,3
thirteen_17775,1,1,3,7,5,4
thirteen_17776,1,1,3,7,5,5
thirteen_17777,1,1,3,7,5,6
thirteen_17778,1,1,4,1,1,1
thirteen_17779,1,1,4,4,1,0
thirteen_17780,1,1,4,4,2,0
thirteen_17781,1,1,4,5,1,1
thirteen_17782,1,1,4,5,2,1
thirteen_17783,1,1,4,5,3,1
thirteen_17784,1,1,4,6,1,1
thirteen_17785,1,1,4,6,2,1
thirteen_17786,1,1,4,6,3,1
thirteen_17787,1,1,4,7,1,1
thirteen_17788,1,1,4,7,2,1
thirteen_17789,1,1,4,7,3,1
thirteen_17790,1,1,5,1,2,0
thirteen_17791,1,1,5,4,2,0
thirteen_17792,1,1,5,4,3,0
thirteen_17793,1,1,5,4,3,2
thirteen_17794,1,1,5,4,4,0
thirteen_17795,1,1,5,4,4,2
thirteen_17796,1,1,5,7,2,0
thirteen_17797,1,1,5,7,3,0
thirteen_17798,1,1,5,7,4,0
thirteen_17799,1,1,6,1,3,0
thirteen_17800,1,1,6,1,5,2
thirteen_17801,1,1,6,1,5,3
thirteen_17802,1,1,6,2,5,4
thirteen_17803,1,1,6,2,5,5
thirteen_17804,1,1,6,2,5,6
thirteen_17805,1,1,6,0,5,5
thirteen_17806,1,1,6,0,5,6
thirteen_17807,1,1,6,0,5,7
thirteen_17808,1,1,6,3,5,6
thirteen_17809,1,1,6,3,5,7
thirteen_17810,1,1,6,4,2,2
thirteen_17811,1,1,6,4,2,3
thirteen_17812,1,1,6,4,2,4
thirteen_17813,1,1,6,4,3,2
thirteen_17814,1,1,6,4,3,3
thirteen_17815,1,1,6,4,3,4
thirteen_17816,1,1,6,4,3,5
thirteen_17817,1,1,6,4,4,2
thirteen_17818,1,1,6,4,4,6
thirteen_17819,1,1,6,4,5,2
thirteen_17820,1,1,6,4,5,6
thirteen_17821,1,1,6,4,5,7
thirteen_17822,1,1,6,5,3,0
thirteen_17823,1,1,6,5,4,0
thirteen_17824,1,1,6,5,5,0
thirteen_17825,1,1,6,5,5,2
thirteen_17826,1,1,6,6,3,0
thirteen_17827,1,1,6,6,4,0
thirteen_17828,1,1,6,6,5,0
thirteen_17829,1,1,6,6,5,2
thirteen_17830,1,1,6,6,5,3
thirteen_17831,1,1,6,7,5,3
thirteen_17832,1,1,6,7,5,4
thirteen_17833,2,0,7,1,6,4
thirteen_17834,2,0,7,1,6,5
thirteen_17835,2,0,7,1,6,6
thirteen_17836,2,0,7,1,2,0
thirteen_17837,2,0,7,1,3,7
thirteen_17838,2,0,7,1,4,7
thirteen_17839,2,0,7,1,5,2
thirteen_17840,2,0,7,1,5,7
thirteen_17841,2,0,7,2,7,5
thirteen_17842,2,0,7,2,7,6
thirteen_17843,2,0,7,2,2,0
thirteen_17844,2,0,7,2,3,7
thirteen_17845,2,0,7,2,4,7
thirteen_17846,2,0,7,2,5,2
thirteen_17847,2,0,7,2,5,3
thirteen_17848,2,0,7,2,5,4
thirteen_17849,2,0,7,0,6,4
thirteen_17850,2,0,7,0,7,5
thirteen_17851,2,0,7,0,7,6
thirteen_17852,2,0,7,0,3,7
thirteen_17853,2,0,7,0,4,7
thirteen_17854,2,0,7,0,5,2
thirteen_17855,2,0,7,0,5,3
thirteen_17856,2,0,7,0,5,4
thirteen_17857,2,0,7,0,5,5
thirteen_17858,2,0,7,3,6,5
thirteen_17859,2,0,7,3,7,6
thirteen_17860,2,0,7,3,3,7
thirteen_17861,2,0,7,3,5,6
thirteen_17862,2,0,7,4,7,7
thirteen_17863,2,0,7,4,0,7
thirteen_17864,2,0,7,4,1,2
thirteen_17865,2,0,7,4,1,3
thirteen_17866,2,0,7,4,1,4
thirteen_17867,2,0,7,4,1,5
thirteen_17868,2,0,7,4,1,6
thirteen_17869,2,0,7,4,1,7
thirteen_17870,2,0,7,4,2,0
thirteen_17871,2,0,7,4,2,2
thirteen_17872,2,0,7,4,2,3
thirteen_17873,2,0,7,4,2,4
thirteen_17874,2,0,7,4,2,5
thirteen_17875,2,0,7,4,2,6
thirteen_17876,2,0,7,4,2,7
thirteen_17877,2,0,7,4,3,2
thirteen_17878,2,0,7,4,3,3
thirteen_17879,2,0,7,4,3,4
thirteen_17880,2,0,7,4,3,5
thirteen_17881,2,0,7,4,3,6
thirteen_17882,2,0,7,4,3,7
thirteen_17883,2,0,7,4,4,4
thirteen_17884,2,0,7,4,4,5
thirteen_17885,2,0,7,4,4,6
thirteen_17886,2,0,7,4,4,7
thirteen_17887,2,0,7,4,5,4
thirteen_17888,2,0,7,4,5,5
thirteen_17889,2,0,7,4,5,6
thirteen_17890,2,0,7,4,5,7
thirteen_17891,2,0,7,5,6,7
thirteen_17892,2,0,7,5,7,7
thirteen_17893,2,0,7,5,0,6
thirteen_17894,2,0,7,5,0,7
thirteen_17895,2,0,7,5,1,6
thirteen_17896,2,0,7,5,1,7
thirteen_17897,2,0,7,5,2,0
thirteen_17898,2,0,7,5,5,2
thirteen_17899,2,0,7,6,7,2
thirteen_17900,2,0,7,6,2,0
thirteen_17901,2,0,7,6,5,3
thirteen_17902,2,0,7,7,6,5
thirteen_17903,2,0,7,7,7,2
thirteen_17904,2,0,7,7,7,3
thirteen_17905,2,0,7,7,7,4
thirteen_17906,2,0,7,7,2,0
thirteen_17907,2,0,7,7,3,7
thirteen_17908,2,0,7,7,4,7
thirteen_17909,2,0,7,7,5,5
thirteen_17910,2,0,7,7,5,6
thirteen_17911,2,0,7,7,5,7
thirteen_17912,2,0,0,1,2,0
thirteen_17913,2,0,0,1,5,2
thirteen_17914,2,0,0,2,7,5
thirteen_17915,2,0,0,2,7,6
thirteen_17916,2,0,0,2,2,0
thirteen_17917,2,0,0,2,5,2
thirteen_17918,2,0,0,2,5,3
thirteen_17919,2,0,0,2,5,4
thirteen_17920,2,0,0,0,7,5
thirteen_17921,2,0,0,0,7,6
thirteen_17922,2,0,0,0,5,2
thirteen_17923,2,0,0,0,5,3
thirteen_17924,2,0,0,0,5,4
thirteen_17925,2,0,0,0,5,5
thirteen_17926,2,0,0,3,7,6
thirteen_17927,2,0,0,3,5,6
thirteen_17928,2,0,0,4,2,0
thirteen_17929,2,0,0,4,3,2
thirteen_17930,2,0,0,4,3,3
thirteen_17931,2,0,0,4,3,4
thirteen_17932,2,0,0,4,3,5
thirteen_17933,2,0,0,4,3,6
thirteen_17934,2,0,0,4,3,7
thirteen_17935,2,0,0,4,4,4
thirteen_17936,2,0,0,4,4,5
thirteen_17937,2,0,0,4,4,6
thirteen_17938,2,0,0,4,4,7
thirteen_17939,2,0,0,4,5,4
thirteen_17940,2,0,0,4,5,5
thirteen_17941,2,0,0,4,5,6
thirteen_17942,2,0,0,4,5,7
thirteen_17943,2,0,0,5,7,7
thirteen_17944,2,0,0,5,0,7
thirteen_17945,2,0,0,5,1,6
thirteen_17946,2,0,0,5,1,7
thirteen_17947,2,0,0,5,2,0
thirteen_17948,2,0,0,5,2,6
thirteen_17949,2,0,0,5,2,7
thirteen_17950,2,0,0,5,3,6
thirteen_17951,2,0,0,5,3,7
thirteen_17952,2,0,0,5,4,6
thirteen_17953,2,0,0,5,4,7
thirteen_17954,2,0,0,5,5,2
thirteen_17955,2,0,0,6,7,2
thirteen_17956,2,0,0,6,2,0
thirteen_17957,2,0,0,6,5,3
thirteen_17958,2,0,0,7,7,2
thirteen_17959,2,0,0,7,7,3
thirteen_17960,2,0,0,7,7,4
thirteen_17961,2,0,0,7,2,0
thirteen_17962,2,0,0,7,5,5
thirteen_17963,2,0,0,7,5,6
thirteen_17964,2,0,0,7,5,7
thirteen_17965,2,0,1,2,3,0
thirteen_17966,2,0,1,2,5,2
thirteen_17967,2,0,1,2,5,3
thirteen_17968,2,0,1,2,5,4
thirteen_17969,2,0,1,0,5,2
thirteen_17970,2,0,1,0,5,3
thirteen_17971,2,0,1,0,5,4
thirteen_17972,2,0,1,0,5,5
thirteen_17973,2,0,1,3,5,6
thirteen_17974,2,0,1,4,3,0
thirteen_17975,2,0,1,4,3,2
thirteen_17976,2,0,1,4,3,3
thirteen_17977,2,0,1,4,5,4
thirteen_17978,2,0,1,4,5,5
thirteen_17979,2,0,1,4,5,6
thirteen_17980,2,0,1,4,5,7
thirteen_17981,2,0,1,5,0,7
thirteen_17982,2,0,1,5,1,7
thirteen_17983,2,0,1,5,2,6
thirteen_17984,2,0,1,5,2,7
thirteen_17985,2,0,1,5,3,0
thirteen_17986,2,0,1,5,3,6
thirteen_17987,2,0,1,5,3,7
thirteen_17988,2,0,1,5,4,6
thirteen_17989,2,0,1,5,4,7
thirteen_17990,2,0,1,5,5,2
thirteen_17991,2,0,1,5,5,6
thirteen_17992,2,0,1,5,5,7
thirteen_17993,2,0,1,6,3,0
thirteen_17994,2,0,1,6,5,3
thirteen_17995,2,0,1,7,3,0
thirteen_17996,2,0,1,7,5,5
thirteen_17997,2,0,1,7,5,6
thirteen_17998,2,0,1,7,5,7
thirteen_17999,2,0,2,1,6,0
thirteen_18000,2,0,2,1,6,2
thirteen_18001,2,0,2,1,6,3
thirteen_18002,2,0,2,1,7,3
thirteen_18003,2,0,2,1,0,2
thirteen_18004,2,0,2,1,0,3
thirteen_18005,2,0,2,1,1,6
thirteen_18006,2,0,2,1,1,7
thirteen_18007,2,0,2,1,2,6
thirteen_18008,2,0,2,1,2,7
thirteen_18009,2,0,2,1,3,6
thirteen_18010,2,0,2,1,3,7
thirteen_18011,2,0,2,1,4,6
thirteen_18012,2,0,2,1,4,7
thirteen_18013,2,0,2,2,7,2
thirteen_18014,2,0,2,2,7,3
thirteen_18015,2,0,2,2,0,3
thirteen_18016,2,0,2,2,5,2
thirteen_18017,2,0,2,2,5,3
thirteen_18018,2,0,2,2,5,4
thirteen_18019,2,0,2,0,1,6
thirteen_18020,2,0,2,0,1,7
thirteen_18021,2,0,2,0,2,6
thirteen_18022,2,0,2,0,2,7
thirteen_18023,2,0,2,0,3,6
thirteen_18024,2,0,2,0,3,7
thirteen_18025,2,0,2,0,4,6
thirteen_18026,2,0,2,0,4,7
thirteen_18027,2,0,2,0,5,5
thirteen_18028,2,0,2,3,1,6
thirteen_18029,2,0,2,3,1,7
thirteen_18030,2,0,2,3,2,6
thirteen_18031,2,0,2,3,2,7
thirteen_18032,2,0,2,3,3,6
thirteen_18033,2,0,2,3,3,7
thirteen_18034,2,0,2,3,4,3
thirteen_18035,2,0,2,3,4,4
thirteen_18036,2,0,2,3,4,5
thirteen_18037,2,0,2,3,4,6
thirteen_18038,2,0,2,3,5,3
thirteen_18039,2,0,2,3,5,4
thirteen_18040,2,0,2,3,5,5
thirteen_18041,2,0,2,3,5,6
thirteen_18042,2,0,2,4,7,2
thirteen_18043,2,0,2,4,7,3
thirteen_18044,2,0,2,4,7,4
thirteen_18045,2,0,2,4,7,5
thirteen_18046,2,0,2,4,7,6
thirteen_18047,2,0,2,4,0,2
thirteen_18048,2,0,2,4,0,6
thirteen_18049,2,0,2,5,6,3
thirteen_18050,2,0,2,5,6,4
thirteen_18051,2,0,2,5,6,5
thirteen_18052,2,0,2,5,7,2
thirteen_18053,2,0,2,5,7,3
thirteen_18054,2,0,2,5,7,4
thirteen_18055,2,0,2,5,7,5
thirteen_18056,2,0,2,5,0,2
thirteen_18057,2,0,2,5,0,3
thirteen_18058,2,0,2,5,1,7
thirteen_18059,2,0,2,5,2,7
thirteen_18060,2,0,2,5,3,6
thirteen_18061,2,0,2,5,3,7
thirteen_18062,2,0,2,5,4,6
thirteen_18063,2,0,2,5,4,7
thirteen_18064,2,0,2,5,5,2
thirteen_18065,2,0,2,5,5,6
thirteen_18066,2,0,2,5,5,7
thirteen_18067,2,0,2,6,7,4
thirteen_18068,2,0,2,6,7,5
thirteen_18069,2,0,2,6,7,6
thirteen_18070,2,0,2,6,0,4
thirteen_18071,2,0,2,6,5,3
thirteen_18072,2,0,2,7,5,5
thirteen_18073,2,0,2,7,5,6
thirteen_18074,2,0,2,7,5,7
thirteen_18075,2,0,3,1,6,2
thirteen_18076,2,0,3,1,6,3
thirteen_18077,2,0,3,1,6,4
thirteen_18078,2,0,3,1,6,5
thirteen_18079,2,0,3,1,6,6
thirteen_18080,2,0,3,1,7,5
thirteen_18081,2,0,3,1,7,6
thirteen_18082,2,0,3,1,0,6
thirteen_18083,2,0,3,1,0,7
thirteen_18084,2,0,3,1,1,6
thirteen_18085,2,0,3,1,1,7
thirteen_18086,2,0,3,1,2,6
thirteen_18087,2,0,3,1,2,7
thirteen_18088,2,0,3,1,3,2
thirteen_18089,2,0,3,1,3,3
thirteen_18090,2,0,3,1,3,4
thirteen_18091,2,0,3,1,3,5
thirteen_18092,2,0,3,1,3,6
thirteen_18093,2,0,3,1,4,0
thirteen_18094,2,0,3,1,4,2
thirteen_18095,2,0,3,1,4,3
thirteen_18096,2,0,3,1,4,4
thirteen_18097,2,0,3,1,4,5
thirteen_18098,2,0,3,1,4,6
thirteen_18099,2,0,3,2,7,5
thirteen_18100,2,0,3,2,7,6
thirteen_18101,2,0,3,2,0,6
thirteen_18102,2,0,3,2,0,7
thirteen_18103,2,0,3,2,1,6
thirteen_18104,2,0,3,2,1,7
thirteen_18105,2,0,3,2,2,6
thirteen_18106,2,0,3,2,2,7
thirteen_18107,2,0,3,2,3,3
thirteen_18108,2,0,3,2,3,4
thirteen_18109,2,0,3,2,3,5
thirteen_18110,2,0,3,2,3,6
thirteen_18111,2,0,3,2,4,0
thirteen_18112,2,0,3,2,4,2
thirteen_18113,2,0,3,2,4,3
thirteen_18114,2,0,3,2,4,4
thirteen_18115,2,0,3,2,4,5
thirteen_18116,2,0,3,2,4,6
thirteen_18117,2,0,3,2,5,2
thirteen_18118,2,0,3,2,5,3
thirteen_18119,2,0,3,2,5,4
thirteen_18120,2,0,3,0,6,2
thirteen_18121,2,0,3,0,6,3
thirteen_18122,2,0,3,0,6,4
thirteen_18123,2,0,3,0,7,5
thirteen_18124,2,0,3,0,7,6
thirteen_18125,2,0,3,0,0,6
thirteen_18126,2,0,3,0,0,7
thirteen_18127,2,0,3,0,1,6
thirteen_18128,2,0,3,0,1,7
thirteen_18129,2,0,3,0,2,6
thirteen_18130,2,0,3,0,2,7
thirteen_18131,2,0,3,0,3,4
thirteen_18132,2,0,3,0,3,5
thirteen_18133,2,0,3,0,3,6
thirteen_18134,2,0,3,0,4,2
thirteen_18135,2,0,3,0,4,3
thirteen_18136,2,0,3,0,4,4
thirteen_18137,2,0,3,0,4,5
thirteen_18138,2,0,3,0,4,6
thirteen_18139,2,0,3,0,5,2
thirteen_18140,2,0,3,0,5,3
thirteen_18141,2,0,3,0,5,4
thirteen_18142,2,0,3,0,5,5
thirteen_18143,2,0,3,3,6,3
thirteen_18144,2,0,3,3,6,4
thirteen_18145,2,0,3,3,6,5
thirteen_18146,2,0,3,3,7,3
thirteen_18147,2,0,3,3,7,4
thirteen_18148,2,0,3,3,7,5
thirteen_18149,2,0,3,3,7,6
thirteen_18150,2,0,3,3,0,6
thirteen_18151,2,0,3,3,0,7
thirteen_18152,2,0,3,3,1,6
thirteen_18153,2,0,3,3,1,7
thirteen_18154,2,0,3,3,2,6
thirteen_18155,2,0,3,3,2,7
thirteen_18156,2,0,3,4,7,2
thirteen_18157,2,0,3,4,7,3
thirteen_18158,2,0,3,4,3,0
thirteen_18159,2,0,3,4,4,0
thirteen_18160,2,0,3,4,5,2
thirteen_18161,2,0,3,4,5,3
thirteen_18162,2,0,3,4,5,4
thirteen_18163,2,0,3,5,6,6
thirteen_18164,2,0,3,5,6,7
thirteen_18165,2,0,3,5,7,6
thirteen_18166,2,0,3,5,7,7
thirteen_18167,2,0,3,5,0,6
thirteen_18168,2,0,3,5,0,7
thirteen_18169,2,0,3,5,1,7
thirteen_18170,2,0,3,5,2,7
thirteen_18171,2,0,3,5,3,0
thirteen_18172,2,0,3,5,4,0
thirteen_18173,2,0,3,5,5,2
thirteen_18174,2,0,3,6,7,2
thirteen_18175,2,0,3,6,3,0
thirteen_18176,2,0,3,6,3,2
thirteen_18177,2,0,3,6,3,3
thirteen_18178,2,0,3,6,4,0
thirteen_18179,2,0,3,6,4,2
thirteen_18180,2,0,3,6,4,3
thirteen_18181,2,0,3,6,5,3
thirteen_18182,2,0,3,6,5,4
thirteen_18183,2,0,3,6,5,5
thirteen_18184,2,0,3,7,6,5
thirteen_18185,2,0,3,7,6,6
thirteen_18186,2,0,3,7,6,7
thirteen_18187,2,0,3,7,7,2
thirteen_18188,2,0,3,7,7,3
thirteen_18189,2,0,3,7,7,4
thirteen_18190,2,0,3,7,1,2
thirteen_18191,2,0,3,7,3,0
thirteen_18192,2,0,3,7,3,2
thirteen_18193,2,0,3,7,3,3
thirteen_18194,2,0,3,7,3,4
thirteen_18195,2,0,3,7,3,5
thirteen_18196,2,0,3,7,4,0
thirteen_18197,2,0,3,7,4,2
thirteen_18198,2,0,3,7,4,3
thirteen_18199,2,0,3,7,4,4
thirteen_18200,2,0,3,7,4,5
thirteen_18201,2,0,4,1,6,2
thirteen_18202,2,0,4,1,6,3
thirteen_18203,2,0,4,1,6,4
thirteen_18204,2,0,4,1,6,5
thirteen_18205,2,0,4,1,6,6
thirteen_18206,2,0,4,1,7,5
thirteen_18207,2,0,4,1,7,6
thirteen_18208,2,0,4,2,7,5
thirteen_18209,2,0,4,2,7,6
thirteen_18210,2,0,4,0,6,2
thirteen_18211,2,0,4,0,6,3
thirteen_18212,2,0,4,0,6,4
thirteen_18213,2,0,4,0,7,5
thirteen_18214,2,0,4,0,7,6
thirteen_18215,2,0,4,3,6,3
thirteen_18216,2,0,4,3,6,4
thirteen_18217,2,0,4,3,6,5
thirteen_18218,2,0,4,3,7,6
thirteen_18219,2,0,4,4,6,4
thirteen_18220,2,0,4,4,6,5
thirteen_18221,2,0,4,4,6,6
thirteen_18222,2,0,4,4,7,2
thirteen_18223,2,0,4,4,7,3
thirteen_18224,2,0,4,4,2,1
thirteen_18225,2,0,4,4,3,1
thirteen_18226,2,0,4,5,6,6
thirteen_18227,2,0,4,5,6,7
thirteen_18228,2,0,4,5,7,6
thirteen_18229,2,0,4,5,7,7
thirteen_18230,2,0,4,5,0,6
thirteen_18231,2,0,4,5,0,7
thirteen_18232,2,0,4,5,1,6
thirteen_18233,2,0,4,5,1,7
thirteen_18234,2,0,4,5,2,1
thirteen_18235,2,0,4,5,2,7
thirteen_18236,2,0,4,5,3,1
thirteen_18237,2,0,4,5,3,7
thirteen_18238,2,0,4,6,7,2
thirteen_18239,2,0,4,6,2,1
thirteen_18240,2,0,4,6,3,1
thirteen_18241,2,0,4,7,6,5
thirteen_18242,2,0,4,7,6,6
thirteen_18243,2,0,4,7,6,7
thirteen_18244,2,0,4,7,7,2
thirteen_18245,2,0,4,7,7,3
thirteen_18246,2,0,4,7,7,4
thirteen_18247,2,0,4,7,2,1
thirteen_18248,2,0,4,7,3,1
thirteen_18249,2,0,5,1,6,2
thirteen_18250,2,0,5,1,6,3
thirteen_18251,2,0,5,1,6,4
thirteen_18252,2,0,5,1,6,5
thirteen_18253,2,0,5,1,6,6
thirteen_18254,2,0,5,1,7,5
thirteen_18255,2,0,5,1,7,6
thirteen_18256,2,0,5,2,7,5
thirteen_18257,2,0,5,2,7,6
thirteen_18258,2,0,5,0,6,2
thirteen_18259,2,0,5,0,6,3
thirteen_18260,2,0,5,0,6,4
thirteen_18261,2,0,5,0,7,5
thirteen_18262,2,0,5,0,7,6
thirteen_18263,2,0,5,3,6,3
thirteen_18264,2,0,5,3,6,4
thirteen_18265,2,0,5,3,6,5
thirteen_18266,2,0,5,3,7,6
thirteen_18267,2,0,5,4,6,4
thirteen_18268,2,0,5,4,6,5
thirteen_18269,2,0,5,4,6,6
thirteen_18270,2,0,5,4,7,2
thirteen_18271,2,0,5,4,7,3
thirteen_18272,2,0,5,4,7,4
thirteen_18273,2,0,5,4,7,5
thirteen_18274,2,0,5,4,7,6
thirteen_18275,2,0,5,4,7,7
thirteen_18276,2,0,5,4,0,5
thirteen_18277,2,0,5,4,0,6
thirteen_18278,2,0,5,4,0,7
thirteen_18279,2,0,5,4,1,3
thirteen_18280,2,0,5,5,7,6
thirteen_18281,2,0,5,5,7,7
thirteen_18282,2,0,5,5,0,6
thirteen_18283,2,0,5,5,0,7
thirteen_18284,2,0,5,5,1,6
thirteen_18285,2,0,5,5,1,7
thirteen_18286,2,0,5,5,2,6
thirteen_18287,2,0,5,5,2,7
thirteen_18288,2,0,5,5,3,7
thirteen_18289,2,0,5,5,4,7
thirteen_18290,2,0,5,6,7,2
thirteen_18291,2,0,5,7,6,5
thirteen_18292,2,0,5,7,6,6
thirteen_18293,2,0,5,7,6,7
thirteen_18294,2,0,5,7,7,2
thirteen_18295,2,0,5,7,7,3
thirteen_18296,2,0,5,7,7,4
thirteen_18297,2,0,6,1,6,2
thirteen_18298,2,0,6,1,6,3
thirteen_18299,2,0,6,1,6,4
thirteen_18300,2,0,6,1,6,5
thirteen_18301,2,0,6,1,6,6
thirteen_18302,2,0,6,1,7,5
thirteen_18303,2,0,6,1,7,6
thirteen_18304,2,0,6,1,0,7
thirteen_18305,2,0,6,2,7,5
thirteen_18306,2,0,6,2,7,6
thirteen_18307,2,0,6,2,0,7
thirteen_18308,2,0,6,2,5,4
thirteen_18309,2,0,6,0,6,2
thirteen_18310,2,0,6,0,6,3
thirteen_18311,2,0,6,0,6,4
thirteen_18312,2,0,6,0,7,5
thirteen_18313,2,0,6,0,7,6
thirteen_18314,2,0,6,0,0,7
thirteen_18315,2,0,6,0,5,5
thirteen_18316,2,0,6,3,6,3
thirteen_18317,2,0,6,3,6,4
thirteen_18318,2,0,6,3,6,5
thirteen_18319,2,0,6,3,7,6
thirteen_18320,2,0,6,3,0,7
thirteen_18321,2,0,6,3,5,6
thirteen_18322,2,0,6,4,6,4
thirteen_18323,2,0,6,4,6,5
thirteen_18324,2,0,6,4,6,6
thirteen_18325,2,0,6,4,7,2
thirteen_18326,2,0,6,4,7,3
thirteen_18327,2,0,6,4,7,4
thirteen_18328,2,0,6,4,7,5
thirteen_18329,2,0,6,4,7,6
thirteen_18330,2,0,6,4,7,7
thirteen_18331,2,0,6,4,0,2
thirteen_18332,2,0,6,4,0,3
thirteen_18333,2,0,6,4,0,4
thirteen_18334,2,0,6,4,0,5
thirteen_18335,2,0,6,4,0,6
thirteen_18336,2,0,6,4,0,7
thirteen_18337,2,0,6,4,1,2
thirteen_18338,2,0,6,4,1,3
thirteen_18339,2,0,6,4,1,4
thirteen_18340,2,0,6,4,1,5
thirteen_18341,2,0,6,4,1,6
thirteen_18342,2,0,6,4,1,7
thirteen_18343,2,0,6,4,2,2
thirteen_18344,2,0,6,4,2,3
thirteen_18345,2,0,6,4,2,4
thirteen_18346,2,0,6,4,2,5
thirteen_18347,2,0,6,4,2,6
thirteen_18348,2,0,6,4,2,7
thirteen_18349,2,0,6,4,3,2
thirteen_18350,2,0,6,4,3,3
thirteen_18351,2,0,6,4,3,7
thirteen_18352,2,0,6,4,4,2
thirteen_18353,2,0,6,4,4,7
thirteen_18354,2,0,6,4,5,2
thirteen_18355,2,0,6,4,5,7
thirteen_18356,2,0,6,5,2,6
thirteen_18357,2,0,6,5,2,7
thirteen_18358,2,0,6,5,3,0
thirteen_18359,2,0,6,5,3,6
thirteen_18360,2,0,6,5,3,7
thirteen_18361,2,0,6,5,4,0
thirteen_18362,2,0,6,5,4,7
thirteen_18363,2,0,6,5,5,0
thirteen_18364,2,0,6,5,5,2
thirteen_18365,2,0,6,5,5,7
thirteen_18366,2,0,6,6,7,2
thirteen_18367,2,0,6,6,5,3
thirteen_18368,2,0,6,7,6,5
thirteen_18369,2,0,6,7,6,6
thirteen_18370,2,0,6,7,6,7
thirteen_18371,2,0,6,7,7,2
thirteen_18372,2,0,6,7,7,3
thirteen_18373,2,0,6,7,7,4
thirteen_18374,2,0,6,7,7,5
thirteen_18375,2,0,6,7,7,6
thirteen_18376,2,0,6,7,7,7
thirteen_18377,2,0,6,7,0,7
thirteen_18378,2,0,6,7,5,5
thirteen_18379,2,1,7,1,0,3
thirteen_18380,2,1,7,1,0,4
thirteen_18381,2,1,7,1,0,5
thirteen_18382,2,1,7,1,0,6
thirteen_18383,2,1,7,1,1,3
thirteen_18384,2,1,7,1,1,4
thirteen_18385,2,1,7,1,1,5
thirteen_18386,2,1,7,1,1,6
thirteen_18387,2,1,7,1,2,2
thirteen_18388,2,1,7,1,2,3
thirteen_18389,2,1,7,1,2,4
thirteen_18390,2,1,7,1,2,5
thirteen_18391,2,1,7,1,2,6
thirteen_18392,2,1,7,1,3,2
thirteen_18393,2,1,7,1,3,3
thirteen_18394,2,1,7,1,3,4
thirteen_18395,2,1,7,1,3,5
thirteen_18396,2,1,7,1,3,6
thirteen_18397,2,1,7,1,4,3
thirteen_18398,2,1,7,1,4,4
thirteen_18399,2,1,7,1,4,5
thirteen_18400,2,1,7,1,4,6
thirteen_18401,2,1,7,2,6,3
thirteen_18402,2,1,7,2,6,4
thirteen_18403,2,1,7,2,7,3
thirteen_18404,2,1,7,2,7,4
thirteen_18405,2,1,7,2,7,5
thirteen_18406,2,1,7,2,7,6
thirteen_18407,2,1,7,2,7,7
thirteen_18408,2,1,7,2,0,5
thirteen_18409,2,1,7,2,0,6
thirteen_18410,2,1,7,2,0,7
thirteen_18411,2,1,7,2,1,3
thirteen_18412,2,1,7,2,1,5
thirteen_18413,2,1,7,2,1,6
thirteen_18414,2,1,7,2,1,7
thirteen_18415,2,1,7,2,2,5
thirteen_18416,2,1,7,2,2,6
thirteen_18417,2,1,7,2,3,2
thirteen_18418,2,1,7,2,3,3
thirteen_18419,2,1,7,2,3,4
thirteen_18420,2,1,7,2,3,5
thirteen_18421,2,1,7,2,3,6
thirteen_18422,2,1,7,2,4,3
thirteen_18423,2,1,7,2,4,4
thirteen_18424,2,1,7,2,4,5
thirteen_18425,2,1,7,2,4,6
thirteen_18426,2,1,7,2,5,3
thirteen_18427,2,1,7,2,5,4
thirteen_18428,2,1,7,2,5,5
thirteen_18429,2,1,7,2,5,6
thirteen_18430,2,1,7,0,0,5
thirteen_18431,2,1,7,0,0,6
thirteen_18432,2,1,7,0,1,3
thirteen_18433,2,1,7,0,1,5
thirteen_18434,2,1,7,0,1,6
thirteen_18435,2,1,7,0,2,5
thirteen_18436,2,1,7,0,2,6
thirteen_18437,2,1,7,0,3,2
thirteen_18438,2,1,7,0,3,3
thirteen_18439,2,1,7,0,3,4
thirteen_18440,2,1,7,0,3,5
thirteen_18441,2,1,7,0,3,6
thirteen_18442,2,1,7,0,4,3
thirteen_18443,2,1,7,0,4,4
thirteen_18444,2,1,7,0,4,5
thirteen_18445,2,1,7,0,4,6
thirteen_18446,2,1,7,0,5,3
thirteen_18447,2,1,7,0,5,4
thirteen_18448,2,1,7,0,5,5
thirteen_18449,2,1,7,3,7,5
thirteen_18450,2,1,7,3,0,3
thirteen_18451,2,1,7,3,0,4
thirteen_18452,2,1,7,3,0,5
thirteen_18453,2,1,7,3,0,6
thirteen_18454,2,1,7,3,1,3
thirteen_18455,2,1,7,3,1,4
thirteen_18456,2,1,7,3,1,5
thirteen_18457,2,1,7,3,1,6
thirteen_18458,2,1,7,3,2,3
thirteen_18459,2,1,7,3,2,4
thirteen_18460,2,1,7,3,2,5
thirteen_18461,2,1,7,3,2,6
thirteen_18462,2,1,7,3,3,3
thirteen_18463,2,1,7,3,3,4
thirteen_18464,2,1,7,3,3,5
thirteen_18465,2,1,7,3,3,6
thirteen_18466,2,1,7,3,4,3
thirteen_18467,2,1,7,3,4,4
thirteen_18468,2,1,7,3,4,5
thirteen_18469,2,1,7,5,6,3
thirteen_18470,2,1,7,5,7,3
thirteen_18471,2,1,7,5,0,5
thirteen_18472,2,1,7,5,1,3
thirteen_18473,2,1,7,5,1,5
thirteen_18474,2,1,7,5,2,5
thirteen_18475,2,1,7,5,3,2
thirteen_18476,2,1,7,5,3,3
thirteen_18477,2,1,7,5,3,4
thirteen_18478,2,1,7,5,3,5
thirteen_18479,2,1,7,5,4,3
thirteen_18480,2,1,7,5,4,4
thirteen_18481,2,1,7,5,4,5
thirteen_18482,2,1,7,5,5,3
thirteen_18483,2,1,7,5,5,4
thirteen_18484,2,1,7,5,5,5
thirteen_18485,2,1,7,6,7,4
thirteen_18486,2,1,7,6,0,5
thirteen_18487,2,1,7,6,0,6
thirteen_18488,2,1,7,6,1,3
thirteen_18489,2,1,7,6,1,5
thirteen_18490,2,1,7,6,1,6
thirteen_18491,2,1,7,6,2,5
thirteen_18492,2,1,7,6,2,6
thirteen_18493,2,1,7,6,3,2
thirteen_18494,2,1,7,6,3,3
thirteen_18495,2,1,7,6,3,4
thirteen_18496,2,1,7,6,3,5
thirteen_18497,2,1,7,6,3,6
thirteen_18498,2,1,7,6,4,3
thirteen_18499,2,1,7,6,4,4
thirteen_18500,2,1,7,6,4,5
thirteen_18501,2,1,7,6,4,6
thirteen_18502,2,1,7,6,5,3
thirteen_18503,2,1,7,6,5,4
thirteen_18504,2,1,7,6,5,5
thirteen_18505,2,1,7,6,5,6
thirteen_18506,2,1,7,7,7,5
thirteen_18507,2,1,7,7,0,3
thirteen_18508,2,1,7,7,0,4
thirteen_18509,2,1,7,7,0,5
thirteen_18510,2,1,7,7,0,6
thirteen_18511,2,1,7,7,0,7
thirteen_18512,2,1,7,7,1,3
thirteen_18513,2,1,7,7,1,4
thirteen_18514,2,1,7,7,1,5
thirteen_18515,2,1,7,7,1,6
thirteen_18516,2,1,7,7,1,7
thirteen_18517,2,1,7,7,2,2
thirteen_18518,2,1,7,7,2,3
thirteen_18519,2,1,7,7,2,4
thirteen_18520,2,1,7,7,2,5
thirteen_18521,2,1,7,7,2,6
thirteen_18522,2,1,7,7,3,2
thirteen_18523,2,1,7,7,3,3
thirteen_18524,2,1,7,7,3,4
thirteen_18525,2,1,7,7,3,5
thirteen_18526,2,1,7,7,3,6
thirteen_18527,2,1,7,7,4,3
thirteen_18528,2,1,7,7,4,4
thirteen_18529,2,1,7,7,4,5
thirteen_18530,2,1,7,7,4,6
thirteen_18531,2,1,0,1,0,3
thirteen_18532,2,1,0,1,0,4
thirteen_18533,2,1,0,1,0,5
thirteen_18534,2,1,0,1,0,6
thirteen_18535,2,1,0,1,0,7
thirteen_18536,2,1,0,1,1,5
thirteen_18537,2,1,0,1,1,6
thirteen_18538,2,1,0,1,1,7
thirteen_18539,2,1,0,1,2,3
thirteen_18540,2,1,0,1,2,5
thirteen_18541,2,1,0,1,2,6
thirteen_18542,2,1,0,1,2,7
thirteen_18543,2,1,0,1,3,5
thirteen_18544,2,1,0,1,3,6
thirteen_18545,2,1,0,1,3,7
thirteen_18546,2,1,0,1,4,3
thirteen_18547,2,1,0,1,4,4
thirteen_18548,2,1,0,1,4,5
thirteen_18549,2,1,0,1,4,6
thirteen_18550,2,1,0,1,4,7
thirteen_18551,2,1,0,2,7,5
thirteen_18552,2,1,0,2,7,6
thirteen_18553,2,1,0,2,7,7
thirteen_18554,2,1,0,2,0,5
thirteen_18555,2,1,0,2,0,6
thirteen_18556,2,1,0,2,0,7
thirteen_18557,2,1,0,2,1,5
thirteen_18558,2,1,0,2,1,6
thirteen_18559,2,1,0,2,1,7
thirteen_18560,2,1,0,2,2,5
thirteen_18561,2,1,0,2,2,6
thirteen_18562,2,1,0,2,2,7
thirteen_18563,2,1,0,2,3,5
thirteen_18564,2,1,0,2,3,6
thirteen_18565,2,1,0,2,3,7
thirteen_18566,2,1,0,2,4,3
thirteen_18567,2,1,0,2,4,4
thirteen_18568,2,1,0,2,4,5
thirteen_18569,2,1,0,2,4,6
thirteen_18570,2,1,0,2,4,7
thirteen_18571,2,1,0,2,5,3
thirteen_18572,2,1,0,2,5,4
thirteen_18573,2,1,0,2,5,5
thirteen_18574,2,1,0,2,5,6
thirteen_18575,2,1,0,0,0,6
thirteen_18576,2,1,0,0,0,7
thirteen_18577,2,1,0,0,1,6
thirteen_18578,2,1,0,0,1,7
thirteen_18579,2,1,0,0,2,6
thirteen_18580,2,1,0,0,2,7
thirteen_18581,2,1,0,0,3,5
thirteen_18582,2,1,0,0,3,6
thirteen_18583,2,1,0,0,3,7
thirteen_18584,2,1,0,0,4,3
thirteen_18585,2,1,0,0,4,4
thirteen_18586,2,1,0,0,4,5
thirteen_18587,2,1,0,0,4,6
thirteen_18588,2,1,0,0,4,7
thirteen_18589,2,1,0,0,5,3
thirteen_18590,2,1,0,0,5,4
thirteen_18591,2,1,0,0,5,5
thirteen_18592,2,1,0,3,7,5
thirteen_18593,2,1,0,3,0,5
thirteen_18594,2,1,0,3,0,6
thirteen_18595,2,1,0,3,0,7
thirteen_18596,2,1,0,3,1,3
thirteen_18597,2,1,0,3,1,4
thirteen_18598,2,1,0,3,1,5
thirteen_18599,2,1,0,3,1,6
thirteen_18600,2,1,0,3,1,7
thirteen_18601,2,1,0,3,2,3
thirteen_18602,2,1,0,3,2,4
thirteen_18603,2,1,0,3,2,5
thirteen_18604,2,1,0,3,2,6
thirteen_18605,2,1,0,3,2,7
thirteen_18606,2,1,0,3,3,3
thirteen_18607,2,1,0,3,3,4
thirteen_18608,2,1,0,3,3,5
thirteen_18609,2,1,0,3,3,6
thirteen_18610,2,1,0,3,3,7
thirteen_18611,2,1,0,3,4,3
thirteen_18612,2,1,0,3,4,4
thirteen_18613,2,1,0,3,4,5
thirteen_18614,2,1,0,4,7,6
thirteen_18615,2,1,0,4,0,6
thirteen_18616,2,1,0,4,1,3
thirteen_18617,2,1,0,4,1,4
thirteen_18618,2,1,0,4,1,5
thirteen_18619,2,1,0,4,1,6
thirteen_18620,2,1,0,4,2,2
thirteen_18621,2,1,0,4,2,3
thirteen_18622,2,1,0,4,2,4
thirteen_18623,2,1,0,5,2,5
thirteen_18624,2,1,0,5,3,5
thirteen_18625,2,1,0,5,4,3
thirteen_18626,2,1,0,5,4,4
thirteen_18627,2,1,0,5,4,5
thirteen_18628,2,1,0,5,5,3
thirteen_18629,2,1,0,5,5,4
thirteen_18630,2,1,0,5,5,5
thirteen_18631,2,1,0,6,3,5
thirteen_18632,2,1,0,6,3,6
thirteen_18633,2,1,0,6,4,3
thirteen_18634,2,1,0,6,4,4
thirteen_18635,2,1,0,6,4,5
thirteen_18636,2,1,0,6,4,6
thirteen_18637,2,1,0,6,5,3
thirteen_18638,2,1,0,6,5,4
thirteen_18639,2,1,0,6,5,5
thirteen_18640,2,1,0,6,5,6
thirteen_18641,2,1,0,7,0,3
thirteen_18642,2,1,0,7,0,4
thirteen_18643,2,1,0,7,2,3
thirteen_18644,2,1,0,7,2,5
thirteen_18645,2,1,0,7,2,6
thirteen_18646,2,1,0,7,2,7
thirteen_18647,2,1,0,7,3,5
thirteen_18648,2,1,0,7,3,6
thirteen_18649,2,1,0,7,3,7
thirteen_18650,2,1,0,7,4,3
thirteen_18651,2,1,0,7,4,4
thirteen_18652,2,1,0,7,4,5
thirteen_18653,2,1,0,7,4,6
thirteen_18654,2,1,0,7,4,7
thirteen_18655,2,1,1,1,0,3
thirteen_18656,2,1,1,1,0,4
thirteen_18657,2,1,1,1,0,5
thirteen_18658,2,1,1,1,0,6
thirteen_18659,2,1,1,1,0,7
thirteen_18660,2,1,1,1,1,5
thirteen_18661,2,1,1,1,1,6
thirteen_18662,2,1,1,1,1,7
thirteen_18663,2,1,1,1,2,5
thirteen_18664,2,1,1,1,2,6
thirteen_18665,2,1,1,1,2,7
thirteen_18666,2,1,1,1,3,5
thirteen_18667,2,1,1,1,3,6
thirteen_18668,2,1,1,1,3,7
thirteen_18669,2,1,1,1,4,2
thirteen_18670,2,1,1,1,4,3
thirteen_18671,2,1,1,1,4,4
thirteen_18672,2,1,1,1,4,5
thirteen_18673,2,1,1,1,4,6
thirteen_18674,2,1,1,1,4,7
thirteen_18675,2,1,1,0,0,6
thirteen_18676,2,1,1,0,0,7
thirteen_18677,2,1,1,0,1,6
thirteen_18678,2,1,1,0,1,7
thirteen_18679,2,1,1,0,2,6
thirteen_18680,2,1,1,0,2,7
thirteen_18681,2,1,1,0,3,6
thirteen_18682,2,1,1,0,3,7
thirteen_18683,2,1,1,0,4,3
thirteen_18684,2,1,1,0,4,4
thirteen_18685,2,1,1,0,4,5
thirteen_18686,2,1,1,0,4,6
thirteen_18687,2,1,1,0,4,7
thirteen_18688,2,1,1,0,5,3
thirteen_18689,2,1,1,0,5,4
thirteen_18690,2,1,1,0,5,5
thirteen_18691,2,1,1,3,0,5
thirteen_18692,2,1,1,3,0,6
thirteen_18693,2,1,1,3,0,7
thirteen_18694,2,1,1,3,1,5
thirteen_18695,2,1,1,3,1,6
thirteen_18696,2,1,1,3,1,7
thirteen_18697,2,1,1,3,2,3
thirteen_18698,2,1,1,3,2,4
thirteen_18699,2,1,1,3,2,5
thirteen_18700,2,1,1,3,2,6
thirteen_18701,2,1,1,3,2,7
thirteen_18702,2,1,1,3,3,3
thirteen_18703,2,1,1,3,3,4
thirteen_18704,2,1,1,3,3,5
thirteen_18705,2,1,1,3,3,6
thirteen_18706,2,1,1,3,3,7
thirteen_18707,2,1,1,3,4,3
thirteen_18708,2,1,1,3,4,4
thirteen_18709,2,1,1,3,4,5
thirteen_18710,2,1,1,4,0,6
thirteen_18711,2,1,1,4,0,7
thirteen_18712,2,1,1,4,1,6
thirteen_18713,2,1,1,4,1,7
thirteen_18714,2,1,1,4,2,5
thirteen_18715,2,1,1,4,2,6
thirteen_18716,2,1,1,4,2,7
thirteen_18717,2,1,1,4,3,4
thirteen_18718,2,1,1,4,3,5
thirteen_18719,2,1,1,4,3,6
thirteen_18720,2,1,1,4,3,7
thirteen_18721,2,1,1,5,5,3
thirteen_18722,2,1,1,5,5,4
thirteen_18723,2,1,1,5,5,5
thirteen_18724,2,1,1,6,4,3
thirteen_18725,2,1,1,6,5,3
thirteen_18726,2,1,1,6,5,4
thirteen_18727,2,1,1,6,5,5
thirteen_18728,2,1,1,6,5,6
thirteen_18729,2,1,1,7,0,3
thirteen_18730,2,1,1,7,2,3
thirteen_18731,2,1,1,7,3,7
thirteen_18732,2,1,1,7,4,3
thirteen_18733,2,1,1,7,4,4
thirteen_18734,2,1,1,7,4,5
thirteen_18735,2,1,1,7,4,6
thirteen_18736,2,1,1,7,4,7
thirteen_18737,2,1,1,7,5,5
thirteen_18738,2,1,1,7,5,6
thirteen_18739,2,1,1,7,5,7
thirteen_18740,2,1,2,1,1,5
thirteen_18741,2,1,2,1,1,6
thirteen_18742,2,1,2,1,1,7
thirteen_18743,2,1,2,1,2,5
thirteen_18744,2,1,2,1,2,6
thirteen_18745,2,1,2,1,2,7
thirteen_18746,2,1,2,1,3,5
thirteen_18747,2,1,2,1,3,6
thirteen_18748,2,1,2,1,3,7
thirteen_18749,2,1,2,1,4,2
thirteen_18750,2,1,2,1,4,3
thirteen_18751,2,1,2,1,4,4
thirteen_18752,2,1,2,1,4,5
thirteen_18753,2,1,2,1,4,6
thirteen_18754,2,1,2,2,1,5
thirteen_18755,2,1,2,2,1,6
thirteen_18756,2,1,2,2,1,7
thirteen_18757,2,1,2,2,2,5
thirteen_18758,2,1,2,2,2,6
thirteen_18759,2,1,2,2,2,7
thirteen_18760,2,1,2,2,3,5
thirteen_18761,2,1,2,2,3,6
thirteen_18762,2,1,2,2,3,7
thirteen_18763,2,1,2,2,4,2
thirteen_18764,2,1,2,2,4,3
thirteen_18765,2,1,2,2,4,4
thirteen_18766,2,1,2,2,4,5
thirteen_18767,2,1,2,2,4,6
thirteen_18768,2,1,2,0,1,6
thirteen_18769,2,1,2,0,1,7
thirteen_18770,2,1,2,0,2,6
thirteen_18771,2,1,2,0,2,7
thirteen_18772,2,1,2,0,3,6
thirteen_18773,2,1,2,0,3,7
thirteen_18774,2,1,2,0,4,2
thirteen_18775,2,1,2,0,4,3
thirteen_18776,2,1,2,0,4,4
thirteen_18777,2,1,2,0,4,5
thirteen_18778,2,1,2,0,4,6
thirteen_18779,2,1,2,0,4,7
thirteen_18780,2,1,2,0,5,3
thirteen_18781,2,1,2,0,5,4
thirteen_18782,2,1,2,0,5,5
thirteen_18783,2,1,2,4,1,6
thirteen_18784,2,1,2,4,2,2
thirteen_18785,2,1,2,4,2,6
thirteen_18786,2,1,2,4,3,2
thirteen_18787,2,1,2,4,3,3
thirteen_18788,2,1,2,4,3,4
thirteen_18789,2,1,2,4,3,5
thirteen_18790,2,1,2,4,3,6
thirteen_18791,2,1,2,5,4,2
thirteen_18792,2,1,2,5,4,3
thirteen_18793,2,1,2,5,4,4
thirteen_18794,2,1,2,5,4,5
thirteen_18795,2,1,2,5,5,3
thirteen_18796,2,1,2,5,5,4
thirteen_18797,2,1,2,5,5,5
thirteen_18798,2,1,2,6,3,5
thirteen_18799,2,1,2,6,3,6
thirteen_18800,2,1,2,6,4,2
thirteen_18801,2,1,2,6,4,3
thirteen_18802,2,1,2,6,4,4
thirteen_18803,2,1,2,6,4,5
thirteen_18804,2,1,2,6,4,6
thirteen_18805,2,1,2,6,5,3
thirteen_18806,2,1,2,6,5,4
thirteen_18807,2,1,2,6,5,5
thirteen_18808,2,1,2,6,5,6
thirteen_18809,2,1,2,7,1,5
thirteen_18810,2,1,2,7,2,5
thirteen_18811,2,1,2,7,3,5
thirteen_18812,2,1,2,7,3,6
thirteen_18813,2,1,2,7,3,7
thirteen_18814,2,1,2,7,4,2
thirteen_18815,2,1,2,7,4,3
thirteen_18816,2,1,2,7,4,4
thirteen_18817,2,1,2,7,4,5
thirteen_18818,2,1,2,7,4,6
thirteen_18819,2,1,2,7,4,7
thirteen_18820,2,1,2,7,5,5
thirteen_18821,2,1,2,7,5,6
thirteen_18822,2,1,2,7,5,7
thirteen_18823,2,1,3,1,0,3
thirteen_18824,2,1,3,1,0,4
thirteen_18825,2,1,3,1,1,4
thirteen_18826,2,1,3,1,2,2
thirteen_18827,2,1,3,1,2,3
thirteen_18828,2,1,3,1,2,4
thirteen_18829,2,1,3,2,0,3
thirteen_18830,2,1,3,2,0,4
thirteen_18831,2,1,3,2,1,4
thirteen_18832,2,1,3,2,2,3
thirteen_18833,2,1,3,2,2,4
thirteen_18834,2,1,3,0,0,3
thirteen_18835,2,1,3,0,0,4
thirteen_18836,2,1,3,0,1,4
thirteen_18837,2,1,3,0,2,4
thirteen_18838,2,1,3,4,7,3
thirteen_18839,2,1,3,4,7,4
thirteen_18840,2,1,3,4,0,3
thirteen_18841,2,1,3,4,0,4
thirteen_18842,2,1,3,4,0,5
thirteen_18843,2,1,3,4,0,6
thirteen_18844,2,1,3,4,1,6
thirteen_18845,2,1,3,4,2,2
thirteen_18846,2,1,3,4,2,6
thirteen_18847,2,1,3,5,7,3
thirteen_18848,2,1,3,5,7,4
thirteen_18849,2,1,3,5,2,2
thirteen_18850,2,1,3,5,3,3
thirteen_18851,2,1,3,5,4,3
thirteen_18852,2,1,3,5,4,4
thirteen_18853,2,1,3,5,4,5
thirteen_18854,2,1,3,6,7,4
thirteen_18855,2,1,3,6,7,5
thirteen_18856,2,1,3,6,7,6
thirteen_18857,2,1,3,6,0,3
thirteen_18858,2,1,3,6,0,4
thirteen_18859,2,1,3,6,0,5
thirteen_18860,2,1,3,6,0,6
thirteen_18861,2,1,3,6,1,3
thirteen_18862,2,1,3,6,1,4
thirteen_18863,2,1,3,6,2,2
thirteen_18864,2,1,3,6,2,3
thirteen_18865,2,1,3,6,2,4
thirteen_18866,2,1,3,7,0,3
thirteen_18867,2,1,3,7,0,4
thirteen_18868,2,1,3,7,0,5
thirteen_18869,2,1,3,7,0,6
thirteen_18870,2,1,3,7,0,7
thirteen_18871,2,1,3,7,1,4
thirteen_18872,2,1,3,7,1,5
thirteen_18873,2,1,3,7,2,2
thirteen_18874,2,1,3,7,2,3
thirteen_18875,2,1,3,7,2,4
thirteen_18876,2,1,3,7,2,5
thirteen_18877,2,1,4,1,0,3
thirteen_18878,2,1,4,1,0,4
thirteen_18879,2,1,4,1,0,5
thirteen_18880,2,1,4,1,0,6
thirteen_18881,2,1,4,1,0,7
thirteen_18882,2,1,4,1,1,5
thirteen_18883,2,1,4,1,1,6
thirteen_18884,2,1,4,1,1,7
thirteen_18885,2,1,4,1,2,5
thirteen_18886,2,1,4,1,2,6
thirteen_18887,2,1,4,1,2,7
thirteen_18888,2,1,4,1,3,5
thirteen_18889,2,1,4,1,3,6
thirteen_18890,2,1,4,1,3,7
thirteen_18891,2,1,4,2,0,3
thirteen_18892,2,1,4,2,0,4
thirteen_18893,2,1,4,2,0,5
thirteen_18894,2,1,4,2,0,6
thirteen_18895,2,1,4,2,0,7
thirteen_18896,2,1,4,2,1,5
thirteen_18897,2,1,4,2,1,6
thirteen_18898,2,1,4,2,1,7
thirteen_18899,2,1,4,2,2,5
thirteen_18900,2,1,4,2,2,6
thirteen_18901,2,1,4,2,2,7
thirteen_18902,2,1,4,2,3,5
thirteen_18903,2,1,4,2,3,6
thirteen_18904,2,1,4,2,3,7
thirteen_18905,2,1,4,0,0,5
thirteen_18906,2,1,4,0,0,6
thirteen_18907,2,1,4,0,0,7
thirteen_18908,2,1,4,0,1,5
thirteen_18909,2,1,4,0,1,6
thirteen_18910,2,1,4,0,1,7
thirteen_18911,2,1,4,0,2,5
thirteen_18912,2,1,4,0,2,6
thirteen_18913,2,1,4,0,2,7
thirteen_18914,2,1,4,0,3,5
thirteen_18915,2,1,4,0,3,6
thirteen_18916,2,1,4,0,3,7
thirteen_18917,2,1,4,3,7,3
thirteen_18918,2,1,4,3,7,4
thirteen_18919,2,1,4,3,7,5
thirteen_18920,2,1,4,3,0,3
thirteen_18921,2,1,4,3,0,4
thirteen_18922,2,1,4,3,0,5
thirteen_18923,2,1,4,3,0,6
thirteen_18924,2,1,4,3,0,7
thirteen_18925,2,1,4,3,1,6
thirteen_18926,2,1,4,3,1,7
thirteen_18927,2,1,4,3,2,6
thirteen_18928,2,1,4,3,2,7
thirteen_18929,2,1,4,3,3,6
thirteen_18930,2,1,4,3,3,7
thirteen_18931,2,1,4,4,7,3
thirteen_18932,2,1,4,4,7,4
thirteen_18933,2,1,4,4,0,5
thirteen_18934,2,1,4,4,0,6
thirteen_18935,2,1,4,4,0,7
thirteen_18936,2,1,4,4,1,3
thirteen_18937,2,1,4,4,1,5
thirteen_18938,2,1,4,4,1,6
thirteen_18939,2,1,4,4,1,7
thirteen_18940,2,1,4,4,2,6
thirteen_18941,2,1,4,4,2,7
thirteen_18942,2,1,4,4,3,2
thirteen_18943,2,1,4,4,3,6
thirteen_18944,2,1,4,4,3,7
thirteen_18945,2,1,4,5,6,3
thirteen_18946,2,1,4,5,6,4
thirteen_18947,2,1,4,5,6,5
thirteen_18948,2,1,4,7,7,5
thirteen_18949,2,1,4,7,7,6
thirteen_18950,2,1,4,7,7,7
thirteen_18951,2,1,4,7,0,3
thirteen_18952,2,1,4,7,0,7
thirteen_18953,2,1,5,1,0,3
thirteen_18954,2,1,5,1,0,4
thirteen_18955,2,1,5,1,0,5
thirteen_18956,2,1,5,1,0,6
thirteen_18957,2,1,5,1,0,7
thirteen_18958,2,1,5,1,1,5
thirteen_18959,2,1,5,1,1,6
thirteen_18960,2,1,5,1,1,7
thirteen_18961,2,1,5,1,2,0
thirteen_18962,2,1,5,1,2,3
thirteen_18963,2,1,5,1,2,5
thirteen_18964,2,1,5,1,2,6
thirteen_18965,2,1,5,1,2,7
thirteen_18966,2,1,5,1,3,5
thirteen_18967,2,1,5,1,3,6
thirteen_18968,2,1,5,1,3,7
thirteen_18969,2,1,5,1,4,2
thirteen_18970,2,1,5,1,4,3
thirteen_18971,2,1,5,1,4,4
thirteen_18972,2,1,5,1,4,5
thirteen_18973,2,1,5,1,4,6
thirteen_18974,2,1,5,1,4,7
thirteen_18975,2,1,5,2,0,3
thirteen_18976,2,1,5,2,0,4
thirteen_18977,2,1,5,2,0,5
thirteen_18978,2,1,5,2,0,6
thirteen_18979,2,1,5,2,0,7
thirteen_18980,2,1,5,2,1,5
thirteen_18981,2,1,5,2,1,6
thirteen_18982,2,1,5,2,1,7
thirteen_18983,2,1,5,2,2,5
thirteen_18984,2,1,5,2,2,6
thirteen_18985,2,1,5,2,2,7
thirteen_18986,2,1,5,2,3,5
thirteen_18987,2,1,5,2,3,6
thirteen_18988,2,1,5,2,3,7
thirteen_18989,2,1,5,2,4,4
thirteen_18990,2,1,5,2,4,5
thirteen_18991,2,1,5,2,4,6
thirteen_18992,2,1,5,2,4,7
thirteen_18993,2,1,5,0,0,5
thirteen_18994,2,1,5,0,0,6
thirteen_18995,2,1,5,0,0,7
thirteen_18996,2,1,5,0,1,5
thirteen_18997,2,1,5,0,1,6
thirteen_18998,2,1,5,0,1,7
thirteen_18999,2,1,5,0,2,5
thirteen_19000,2,1,5,0,2,6
thirteen_19001,2,1,5,0,2,7
thirteen_19002,2,1,5,0,3,5
thirteen_19003,2,1,5,0,3,6
thirteen_19004,2,1,5,0,3,7
thirteen_19005,2,1,5,0,4,5
thirteen_19006,2,1,5,0,4,6
thirteen_19007,2,1,5,0,4,7
thirteen_19008,2,1,5,3,7,3
thirteen_19009,2,1,5,3,7,4
thirteen_19010,2,1,5,3,7,5
thirteen_19011,2,1,5,3,0,3
thirteen_19012,2,1,5,3,0,4
thirteen_19013,2,1,5,3,0,5
thirteen_19014,2,1,5,3,0,6
thirteen_19015,2,1,5,3,0,7
thirteen_19016,2,1,5,3,1,3
thirteen_19017,2,1,5,3,1,4
thirteen_19018,2,1,5,3,1,5
thirteen_19019,2,1,5,3,1,6
thirteen_19020,2,1,5,3,1,7
thirteen_19021,2,1,5,3,2,3
thirteen_19022,2,1,5,3,2,4
thirteen_19023,2,1,5,3,2,5
thirteen_19024,2,1,5,3,2,6
thirteen_19025,2,1,5,3,2,7
thirteen_19026,2,1,5,3,3,5
thirteen_19027,2,1,5,3,3,6
thirteen_19028,2,1,5,3,3,7
thirteen_19029,2,1,5,3,4,5
thirteen_19030,2,1,5,4,7,3
thirteen_19031,2,1,5,4,7,4
thirteen_19032,2,1,5,4,1,3
thirteen_19033,2,1,5,4,1,5
thirteen_19034,2,1,5,4,1,6
thirteen_19035,2,1,5,4,1,7
thirteen_19036,2,1,5,4,2,5
thirteen_19037,2,1,5,4,2,6
thirteen_19038,2,1,5,4,2,7
thirteen_19039,2,1,5,4,3,2
thirteen_19040,2,1,5,4,3,6
thirteen_19041,2,1,5,4,3,7
thirteen_19042,2,1,5,4,4,6
thirteen_19043,2,1,5,4,4,7
thirteen_19044,2,1,5,5,6,3
thirteen_19045,2,1,5,5,6,4
thirteen_19046,2,1,5,5,6,5
thirteen_19047,2,1,5,5,7,3
thirteen_19048,2,1,5,5,7,4
thirteen_19049,2,1,5,5,7,5
thirteen_19050,2,1,5,5,2,0
thirteen_19051,2,1,5,5,3,0
thirteen_19052,2,1,5,5,4,0
thirteen_19053,2,1,5,6,7,4
thirteen_19054,2,1,5,6,7,5
thirteen_19055,2,1,5,6,7,6
thirteen_19056,2,1,5,6,2,0
thirteen_19057,2,1,5,6,3,0
thirteen_19058,2,1,5,6,4,0
thirteen_19059,2,1,5,6,4,2
thirteen_19060,2,1,5,6,4,3
thirteen_19061,2,1,5,7,7,5
thirteen_19062,2,1,5,7,7,6
thirteen_19063,2,1,5,7,7,7
thirteen_19064,2,1,5,7,0,3
thirteen_19065,2,1,5,7,0,4
thirteen_19066,2,1,5,7,0,5
thirteen_19067,2,1,5,7,0,6
thirteen_19068,2,1,5,7,0,7
thirteen_19069,2,1,5,7,1,7
thirteen_19070,2,1,5,7,2,0
thirteen_19071,2,1,5,7,2,3
thirteen_19072,2,1,5,7,3,0
thirteen_19073,2,1,5,7,4,0
thirteen_19074,2,1,5,7,4,2
thirteen_19075,2,1,5,7,4,3
thirteen_19076,2,1,5,7,4,4
thirteen_19077,2,1,6,1,0,3
thirteen_19078,2,1,6,1,0,4
thirteen_19079,2,1,6,1,0,5
thirteen_19080,2,1,6,1,0,6
thirteen_19081,2,1,6,1,1,5
thirteen_19082,2,1,6,1,1,6
thirteen_19083,2,1,6,1,1,7
thirteen_19084,2,1,6,1,2,3
thirteen_19085,2,1,6,1,2,5
thirteen_19086,2,1,6,1,2,6
thirteen_19087,2,1,6,1,2,7
thirteen_19088,2,1,6,1,3,5
thirteen_19089,2,1,6,1,3,6
thirteen_19090,2,1,6,1,3,7
thirteen_19091,2,1,6,1,4,2
thirteen_19092,2,1,6,1,4,3
thirteen_19093,2,1,6,1,4,4
thirteen_19094,2,1,6,1,4,5
thirteen_19095,2,1,6,1,4,6
thirteen_19096,2,1,6,1,4,7
thirteen_19097,2,1,6,2,0,3
thirteen_19098,2,1,6,2,0,4
thirteen_19099,2,1,6,2,0,5
thirteen_19100,2,1,6,2,0,6
thirteen_19101,2,1,6,2,1,5
thirteen_19102,2,1,6,2,1,6
thirteen_19103,2,1,6,2,1,7
thirteen_19104,2,1,6,2,2,3
thirteen_19105,2,1,6,2,2,5
thirteen_19106,2,1,6,2,2,6
thirteen_19107,2,1,6,2,2,7
thirteen_19108,2,1,6,2,3,5
thirteen_19109,2,1,6,2,3,6
thirteen_19110,2,1,6,2,3,7
thirteen_19111,2,1,6,2,4,3
thirteen_19112,2,1,6,2,4,4
thirteen_19113,2,1,6,2,4,5
thirteen_19114,2,1,6,2,4,6
thirteen_19115,2,1,6,2,4,7
thirteen_19116,2,1,6,0,0,5
thirteen_19117,2,1,6,0,0,6
thirteen_19118,2,1,6,0,1,5
thirteen_19119,2,1,6,0,1,6
thirteen_19120,2,1,6,0,1,7
thirteen_19121,2,1,6,0,2,5
thirteen_19122,2,1,6,0,2,6
thirteen_19123,2,1,6,0,2,7
thirteen_19124,2,1,6,0,3,5
thirteen_19125,2,1,6,0,3,6
thirteen_19126,2,1,6,0,3,7
thirteen_19127,2,1,6,0,4,4
thirteen_19128,2,1,6,0,4,5
thirteen_19129,2,1,6,0,4,6
thirteen_19130,2,1,6,0,4,7
thirteen_19131,2,1,6,0,5,4
thirteen_19132,2,1,6,0,5,5
thirteen_19133,2,1,6,3,7,3
thirteen_19134,2,1,6,3,7,4
thirteen_19135,2,1,6,3,7,5
thirteen_19136,2,1,6,3,0,3
thirteen_19137,2,1,6,3,0,4
thirteen_19138,2,1,6,3,0,5
thirteen_19139,2,1,6,3,0,6
thirteen_19140,2,1,6,3,1,3
thirteen_19141,2,1,6,3,1,4
thirteen_19142,2,1,6,3,1,5
thirteen_19143,2,1,6,3,1,6
thirteen_19144,2,1,6,3,1,7
thirteen_19145,2,1,6,3,2,3
thirteen_19146,2,1,6,3,2,4
thirteen_19147,2,1,6,3,2,5
thirteen_19148,2,1,6,3,2,6
thirteen_19149,2,1,6,3,2,7
thirteen_19150,2,1,6,3,3,3
thirteen_19151,2,1,6,3,3,4
thirteen_19152,2,1,6,3,3,5
thirteen_19153,2,1,6,3,3,6
thirteen_19154,2,1,6,3,3,7
thirteen_19155,2,1,6,3,4,5
thirteen_19156,2,1,6,4,7,3
thirteen_19157,2,1,6,4,7,4
thirteen_19158,2,1,6,4,0,3
thirteen_19159,2,1,6,4,0,4
thirteen_19160,2,1,6,4,1,3
thirteen_19161,2,1,6,4,1,4
thirteen_19162,2,1,6,4,2,2
thirteen_19163,2,1,6,4,2,3
thirteen_19164,2,1,6,4,2,4
thirteen_19165,2,1,6,4,3,4
thirteen_19166,2,1,6,4,3,5
thirteen_19167,2,1,6,4,3,6
thirteen_19168,2,1,6,4,4,6
thirteen_19169,2,1,6,4,5,6
thirteen_19170,2,1,6,5,6,3
thirteen_19171,2,1,6,5,6,4
thirteen_19172,2,1,6,5,6,5
thirteen_19173,2,1,6,5,7,3
thirteen_19174,2,1,6,5,7,4
thirteen_19175,2,1,6,5,7,5
thirteen_19176,2,1,6,5,0,5
thirteen_19177,2,1,6,5,1,5
thirteen_19178,2,1,6,5,2,5
thirteen_19179,2,1,6,5,4,2
thirteen_19180,2,1,6,5,5,2
thirteen_19181,2,1,6,6,7,4
thirteen_19182,2,1,6,6,7,5
thirteen_19183,2,1,6,6,7,6
thirteen_19184,2,1,6,6,0,5
thirteen_19185,2,1,6,6,0,6
thirteen_19186,2,1,6,6,1,5
thirteen_19187,2,1,6,6,1,6
thirteen_19188,2,1,6,6,2,5
thirteen_19189,2,1,6,6,2,6
thirteen_19190,2,1,6,6,3,5
thirteen_19191,2,1,6,6,3,6
thirteen_19192,2,1,6,6,4,2
thirteen_19193,2,1,6,6,4,3
thirteen_19194,2,1,6,6,4,4
thirteen_19195,2,1,6,6,5,3
thirteen_19196,2,1,6,6,5,4
thirteen_19197,2,1,6,7,0,3
thirteen_19198,2,1,6,7,0,4
thirteen_19199,2,1,6,7,0,5
thirteen_19200,2,1,6,7,0,6
thirteen_19201,2,1,6,7,1,5
thirteen_19202,2,1,6,7,1,6
thirteen_19203,2,1,6,7,1,7
thirteen_19204,2,1,6,7,2,3
thirteen_19205,2,1,6,7,2,5
thirteen_19206,2,1,6,7,2,6
thirteen_19207,2,1,6,7,2,7
thirteen_19208,2,1,6,7,3,5
thirteen_19209,2,1,6,7,3,6
thirteen_19210,2,1,6,7,3,7
thirteen_19211,2,1,6,7,4,2
thirteen_19212,2,1,6,7,4,3
thirteen_19213,2,1,6,7,4,4
thirteen_19214,2,1,6,7,4,5
thirteen_19215,2,1,6,7,5,5
thirteen_19216,2,2,7,1,2,3
thirteen_19217,2,2,7,1,3,3
thirteen_19218,2,2,7,1,3,4
thirteen_19219,2,2,7,1,3,5
thirteen_19220,2,2,7,2,2,3
thirteen_19221,2,2,7,2,3,3
thirteen_19222,2,2,7,2,3,4
thirteen_19223,2,2,7,0,2,3
thirteen_19224,2,2,7,0,3,3
thirteen_19225,2,2,7,0,3,4
thirteen_19226,2,2,7,3,2,3
thirteen_19227,2,2,7,3,3,3
thirteen_19228,2,2,7,3,3,4
thirteen_19229,2,2,7,5,2,3
thirteen_19230,2,2,7,5,3,3
thirteen_19231,2,2,7,5,3,4
thirteen_19232,2,2,7,5,4,3
thirteen_19233,2,2,7,5,4,5
thirteen_19234,2,2,7,5,5,3
thirteen_19235,2,2,7,5,5,4
thirteen_19236,2,2,7,5,5,5
thirteen_19237,2,2,7,6,2,3
thirteen_19238,2,2,7,6,3,3
thirteen_19239,2,2,7,6,3,4
thirteen_19240,2,2,7,7,2,3
thirteen_19241,2,2,7,7,3,3
thirteen_19242,2,2,7,7,3,4
thirteen_19243,2,2,0,1,2,3
thirteen_19244,2,2,0,1,3,3
thirteen_19245,2,2,0,1,3,4
thirteen_19246,2,2,0,1,3,5
thirteen_19247,2,2,0,2,2,3
thirteen_19248,2,2,0,2,3,3
thirteen_19249,2,2,0,2,3,4
thirteen_19250,2,2,0,2,3,5
thirteen_19251,2,2,0,0,2,3
thirteen_19252,2,2,0,0,3,3
thirteen_19253,2,2,0,0,3,4
thirteen_19254,2,2,0,3,2,3
thirteen_19255,2,2,0,3,3,3
thirteen_19256,2,2,0,3,3,4
thirteen_19257,2,2,0,5,2,3
thirteen_19258,2,2,0,5,3,3
thirteen_19259,2,2,0,5,3,4
thirteen_19260,2,2,0,5,4,3
thirteen_19261,2,2,0,5,4,5
thirteen_19262,2,2,0,5,5,3
thirteen_19263,2,2,0,5,5,4
thirteen_19264,2,2,0,5,5,5
thirteen_19265,2,2,0,6,2,3
thirteen_19266,2,2,0,6,3,3
thirteen_19267,2,2,0,6,3,4
thirteen_19268,2,2,0,7,2,3
thirteen_19269,2,2,0,7,3,3
thirteen_19270,2,2,0,7,3,4
thirteen_19271,2,2,1,1,2,0
thirteen_19272,2,2,1,1,2,2
thirteen_19273,2,2,1,1,2,3
thirteen_19274,2,2,1,1,2,4
thirteen_19275,2,2,1,1,3,0
thirteen_19276,2,2,1,1,3,2
thirteen_19277,2,2,1,1,3,3
thirteen_19278,2,2,1,1,3,4
thirteen_19279,2,2,1,1,3,5
thirteen_19280,2,2,1,2,2,0
thirteen_19281,2,2,1,2,2,2
thirteen_19282,2,2,1,2,2,3
thirteen_19283,2,2,1,2,2,4
thirteen_19284,2,2,1,2,3,0
thirteen_19285,2,2,1,2,3,2
thirteen_19286,2,2,1,2,3,3
thirteen_19287,2,2,1,2,3,4
thirteen_19288,2,2,1,2,3,5
thirteen_19289,2,2,1,3,2,3
thirteen_19290,2,2,1,3,3,3
thirteen_19291,2,2,1,3,3,4
thirteen_19292,2,2,1,5,3,3
thirteen_19293,2,2,1,5,3,4
thirteen_19294,2,2,1,5,4,3
thirteen_19295,2,2,1,5,4,5
thirteen_19296,2,2,1,5,5,3
thirteen_19297,2,2,1,5,5,4
thirteen_19298,2,2,1,5,5,5
thirteen_19299,2,2,1,6,2,3
thirteen_19300,2,2,1,6,3,3
thirteen_19301,2,2,1,6,3,4
thirteen_19302,2,2,1,6,4,3
thirteen_19303,2,2,1,6,4,4
thirteen_19304,2,2,1,6,4,5
thirteen_19305,2,2,1,6,5,4
thirteen_19306,2,2,1,6,5,5
thirteen_19307,2,2,1,6,5,6
thirteen_19308,2,2,1,7,2,3
thirteen_19309,2,2,1,7,3,3
thirteen_19310,2,2,1,7,3,4
thirteen_19311,2,2,2,1,2,2
thirteen_19312,2,2,2,1,2,3
thirteen_19313,2,2,2,1,2,4
thirteen_19314,2,2,2,1,3,2
thirteen_19315,2,2,2,1,3,3
thirteen_19316,2,2,2,1,3,4
thirteen_19317,2,2,2,1,3,5
thirteen_19318,2,2,2,2,2,2
thirteen_19319,2,2,2,2,2,3
thirteen_19320,2,2,2,2,2,4
thirteen_19321,2,2,2,2,3,2
thirteen_19322,2,2,2,2,3,3
thirteen_19323,2,2,2,2,3,4
thirteen_19324,2,2,2,2,3,5
thirteen_19325,2,2,2,0,2,2
thirteen_19326,2,2,2,0,2,3
thirteen_19327,2,2,2,0,2,4
thirteen_19328,2,2,2,0,3,2
thirteen_19329,2,2,2,0,3,3
thirteen_19330,2,2,2,0,3,4
thirteen_19331,2,2,2,0,3,5
thirteen_19332,2,2,2,5,2,2
thirteen_19333,2,2,2,5,2,3
thirteen_19334,2,2,2,5,3,2
thirteen_19335,2,2,2,5,3,3
thirteen_19336,2,2,2,5,3,4
thirteen_19337,2,2,2,6,2,2
thirteen_19338,2,2,2,6,2,3
thirteen_19339,2,2,2,6,3,2
thirteen_19340,2,2,2,6,3,3
thirteen_19341,2,2,2,6,3,4
thirteen_19342,2,2,2,7,2,2
thirteen_19343,2,2,2,7,2,3
thirteen_19344,2,2,2,7,3,2
thirteen_19345,2,2,2,7,3,3
thirteen_19346,2,2,2,7,3,4
thirteen_19347,2,2,3,5,2,3
thirteen_19348,2,2,3,5,3,3
thirteen_19349,2,2,3,5,4,3
thirteen_19350,2,2,3,5,4,4
thirteen_19351,2,2,3,5,4,5
thirteen_19352,2,2,4,1,2,2
thirteen_19353,2,2,4,1,2,3
thirteen_19354,2,2,4,1,2,4
thirteen_19355,2,2,4,1,3,2
thirteen_19356,2,2,4,1,3,3
thirteen_19357,2,2,4,1,3,4
thirteen_19358,2,2,4,1,3,5
thirteen_19359,2,2,4,2,2,3
thirteen_19360,2,2,4,2,2,4
thirteen_19361,2,2,4,2,3,3
thirteen_19362,2,2,4,2,3,4
thirteen_19363,2,2,4,2,3,5
thirteen_19364,2,2,4,0,3,5
thirteen_19365,2,2,4,3,3,5
thirteen_19366,2,2,4,6,2,2
thirteen_19367,2,2,4,6,2,3
thirteen_19368,2,2,4,6,3,2
thirteen_19369,2,2,4,6,3,3
thirteen_19370,2,2,4,7,2,2
thirteen_19371,2,2,4,7,2,3
thirteen_19372,2,2,4,7,3,2
thirteen_19373,2,2,4,7,3,3
thirteen_19374,2,2,4,7,3,4
thirteen_19375,2,2,5,1,2,2
thirteen_19376,2,2,5,1,2,3
thirteen_19377,2,2,5,1,2,4
thirteen_19378,2,2,5,1,3,2
thirteen_19379,2,2,5,1,3,3
thirteen_19380,2,2,5,1,3,4
thirteen_19381,2,2,5,1,3,5
thirteen_19382,2,2,5,2,2,0
thirteen_19383,2,2,5,2,2,2
thirteen_19384,2,2,5,2,2,3
thirteen_19385,2,2,5,2,2,4
thirteen_19386,2,2,5,2,3,3
thirteen_19387,2,2,5,2,3,4
thirteen_19388,2,2,5,2,3,5
thirteen_19389,2,2,5,2,4,3
thirteen_19390,2,2,5,0,3,5
thirteen_19391,2,2,5,0,4,5
thirteen_19392,2,2,5,0,4,6
thirteen_19393,2,2,5,3,2,3
thirteen_19394,2,2,5,3,2,4
thirteen_19395,2,2,5,3,3,5
thirteen_19396,2,2,5,3,4,5
thirteen_19397,2,2,5,5,2,2
thirteen_19398,2,2,5,5,3,2
thirteen_19399,2,2,5,5,4,2
thirteen_19400,2,2,5,6,2,2
thirteen_19401,2,2,5,6,2,3
thirteen_19402,2,2,5,6,3,2
thirteen_19403,2,2,5,6,3,3
thirteen_19404,2,2,5,6,4,3
thirteen_19405,2,2,5,7,2,2
thirteen_19406,2,2,5,7,2,3
thirteen_19407,2,2,5,7,3,2
thirteen_19408,2,2,5,7,3,3
thirteen_19409,2,2,5,7,3,4
thirteen_19410,2,2,5,7,4,5
thirteen_19411,2,2,6,1,2,3
thirteen_19412,2,2,6,1,3,3
thirteen_19413,2,2,6,1,3,4
thirteen_19414,2,2,6,1,3,5
thirteen_19415,2,2,6,2,2,3
thirteen_19416,2,2,6,2,3,3
thirteen_19417,2,2,6,2,3,4
thirteen_19418,2,2,6,2,3,5
thirteen_19419,2,2,6,0,2,3
thirteen_19420,2,2,6,0,2,4
thirteen_19421,2,2,6,0,3,2
thirteen_19422,2,2,6,0,3,3
thirteen_19423,2,2,6,0,3,4
thirteen_19424,2,2,6,0,3,5
thirteen_19425,2,2,6,0,4,4
thirteen_19426,2,2,6,0,4,5
thirteen_19427,2,2,6,0,5,4
thirteen_19428,2,2,6,3,2,3
thirteen_19429,2,2,6,3,2,4
thirteen_19430,2,2,6,3,3,3
thirteen_19431,2,2,6,3,3,4
thirteen_19432,2,2,6,3,3,5
thirteen_19433,2,2,6,5,2,3
thirteen_19434,2,2,6,5,2,4
thirteen_19435,2,2,6,5,3,3
thirteen_19436,2,2,6,5,3,4
thirteen_19437,2,2,6,5,3,5
thirteen_19438,2,2,6,5,4,3
thirteen_19439,2,2,6,5,5,3
thirteen_19440,2,2,6,6,2,3
thirteen_19441,2,2,6,6,2,4
thirteen_19442,2,2,6,6,3,3
thirteen_19443,2,2,6,6,3,4
thirteen_19444,2,2,6,6,3,5
thirteen_19445,2,2,6,6,4,3
thirteen_19446,2,2,6,6,4,4
thirteen_19447,2,2,6,6,5,4
thirteen_19448,2,2,6,7,2,3
thirteen_19449,2,2,6,7,3,3
thirteen_19450,2,2,6,7,3,4
thirteen_19451,2,2,6,7,3,5
thirteen_19452,2,2,6,7,4,5
thirteen_19453,2,2,6,7,5,5
thirteen_19454,3,0,7,1,3,7
thirteen_19455,3,0,7,1,4,7
thirteen_19456,3,0,7,1,5,2
thirteen_19457,3,0,7,1,5,7
thirteen_19458,3,0,7,2,7,3
thirteen_19459,3,0,7,2,7,4
thirteen_19460,3,0,7,2,7,5
thirteen_19461,3,0,7,2,7,6
thirteen_19462,3,0,7,2,3,7
thirteen_19463,3,0,7,2,4,7
thirteen_19464,3,0,7,0,6,4
thirteen_19465,3,0,7,0,7,5
thirteen_19466,3,0,7,0,7,6
thirteen_19467,3,0,7,0,3,7
thirteen_19468,3,0,7,0,4,5
thirteen_19469,3,0,7,0,4,6
thirteen_19470,3,0,7,0,5,2
thirteen_19471,3,0,7,0,5,3
thirteen_19472,3,0,7,0,5,4
thirteen_19473,3,0,7,3,3,7
thirteen_19474,3,0,7,3,5,6
thirteen_19475,3,0,7,4,6,2
thirteen_19476,3,0,7,4,7,2
thirteen_19477,3,0,7,4,7,7
thirteen_19478,3,0,7,4,0,2
thirteen_19479,3,0,7,4,0,3
thirteen_19480,3,0,7,4,0,7
thirteen_19481,3,0,7,4,1,2
thirteen_19482,3,0,7,4,1,3
thirteen_19483,3,0,7,4,1,4
thirteen_19484,3,0,7,4,1,5
thirteen_19485,3,0,7,4,1,6
thirteen_19486,3,0,7,4,1,7
thirteen_19487,3,0,7,4,2,2
thirteen_19488,3,0,7,4,2,4
thirteen_19489,3,0,7,4,2,5
thirteen_19490,3,0,7,4,2,6
thirteen_19491,3,0,7,4,2,7
thirteen_19492,3,0,7,4,3,2
thirteen_19493,3,0,7,4,3,3
thirteen_19494,3,0,7,4,3,4
thirteen_19495,3,0,7,4,3,5
thirteen_19496,3,0,7,4,3,6
thirteen_19497,3,0,7,4,3,7
thirteen_19498,3,0,7,4,4,4
thirteen_19499,3,0,7,4,4,5
thirteen_19500,3,0,7,4,4,6
thirteen_19501,3,0,7,4,4,7
thirteen_19502,3,0,7,4,5,4
thirteen_19503,3,0,7,4,5,5
thirteen_19504,3,0,7,4,5,6
thirteen_19505,3,0,7,5,6,7
thirteen_19506,3,0,7,5,7,7
thirteen_19507,3,0,7,5,0,6
thirteen_19508,3,0,7,5,0,7
thirteen_19509,3,0,7,5,1,6
thirteen_19510,3,0,7,5,1,7
thirteen_19511,3,0,7,5,5,2
thirteen_19512,3,0,7,7,6,5
thirteen_19513,3,0,7,7,3,7
thirteen_19514,3,0,7,7,4,5
thirteen_19515,3,0,7,7,4,6
thirteen_19516,3,0,7,7,4,7
thirteen_19517,3,0,7,7,5,5
thirteen_19518,3,0,7,7,5,6
thirteen_19519,3,0,7,7,5,7
thirteen_19520,3,0,0,1,5,2
thirteen_19521,3,0,0,2,7,3
thirteen_19522,3,0,0,2,7,4
thirteen_19523,3,0,0,2,7,5
thirteen_19524,3,0,0,2,7,6
thirteen_19525,3,0,0,0,7,5
thirteen_19526,3,0,0,0,7,6
thirteen_19527,3,0,0,0,4,5
thirteen_19528,3,0,0,0,4,6
thirteen_19529,3,0,0,0,5,2
thirteen_19530,3,0,0,0,5,3
thirteen_19531,3,0,0,0,5,4
thirteen_19532,3,0,0,3,5,6
thirteen_19533,3,0,0,4,2,2
thirteen_19534,3,0,0,4,2,3
thirteen_19535,3,0,0,4,3,2
thirteen_19536,3,0,0,4,3,3
thirteen_19537,3,0,0,4,3,4
thirteen_19538,3,0,0,4,3,5
thirteen_19539,3,0,0,4,3,6
thirteen_19540,3,0,0,4,3,7
thirteen_19541,3,0,0,4,4,4
thirteen_19542,3,0,0,4,4,5
thirteen_19543,3,0,0,4,4,6
thirteen_19544,3,0,0,4,4,7
thirteen_19545,3,0,0,4,5,4
thirteen_19546,3,0,0,4,5,5
thirteen_19547,3,0,0,4,5,6
thirteen_19548,3,0,0,5,7,7
thirteen_19549,3,0,0,5,0,7
thirteen_19550,3,0,0,5,1,6
thirteen_19551,3,0,0,5,1,7
thirteen_19552,3,0,0,5,2,6
thirteen_19553,3,0,0,5,2,7
thirteen_19554,3,0,0,5,3,6
thirteen_19555,3,0,0,5,3,7
thirteen_19556,3,0,0,5,4,6
thirteen_19557,3,0,0,5,4,7
thirteen_19558,3,0,0,5,5,2
thirteen_19559,3,0,0,6,7,0
thirteen_19560,3,0,0,7,7,0
thirteen_19561,3,0,0,7,5,5
thirteen_19562,3,0,0,7,5,6
thirteen_19563,3,0,0,7,5,7
thirteen_19564,3,0,1,1,5,2
thirteen_19565,3,0,1,0,4,5
thirteen_19566,3,0,1,0,4,6
thirteen_19567,3,0,1,0,5,2
thirteen_19568,3,0,1,0,5,3
thirteen_19569,3,0,1,0,5,4
thirteen_19570,3,0,1,3,5,6
thirteen_19571,3,0,1,4,1,2
thirteen_19572,3,0,1,4,3,2
thirteen_19573,3,0,1,4,3,3
thirteen_19574,3,0,1,4,5,4
thirteen_19575,3,0,1,4,5,5
thirteen_19576,3,0,1,4,5,6
thirteen_19577,3,0,1,5,0,7
thirteen_19578,3,0,1,5,1,7
thirteen_19579,3,0,1,5,2,6
thirteen_19580,3,0,1,5,2,7
thirteen_19581,3,0,1,5,3,6
thirteen_19582,3,0,1,5,3,7
thirteen_19583,3,0,1,5,4,6
thirteen_19584,3,0,1,5,4,7
thirteen_19585,3,0,1,5,5,2
thirteen_19586,3,0,1,5,5,6
thirteen_19587,3,0,1,5,5,7
thirteen_19588,3,0,1,7,5,5
thirteen_19589,3,0,1,7,5,6
thirteen_19590,3,0,1,7,5,7
thirteen_19591,3,0,2,2,1,6
thirteen_19592,3,0,2,2,1,7
thirteen_19593,3,0,2,2,2,6
thirteen_19594,3,0,2,2,2,7
thirteen_19595,3,0,2,2,3,6
thirteen_19596,3,0,2,2,3,7
thirteen_19597,3,0,2,2,4,6
thirteen_19598,3,0,2,2,4,7
thirteen_19599,3,0,2,0,1,6
thirteen_19600,3,0,2,0,1,7
thirteen_19601,3,0,2,0,2,6
thirteen_19602,3,0,2,0,2,7
thirteen_19603,3,0,2,0,3,6
thirteen_19604,3,0,2,0,3,7
thirteen_19605,3,0,2,0,4,5
thirteen_19606,3,0,2,0,4,6
thirteen_19607,3,0,2,0,5,2
thirteen_19608,3,0,2,0,5,3
thirteen_19609,3,0,2,0,5,4
thirteen_19610,3,0,2,3,7,3
thirteen_19611,3,0,2,3,7,4
thirteen_19612,3,0,2,3,7,5
thirteen_19613,3,0,2,3,0,5
thirteen_19614,3,0,2,3,1,6
thirteen_19615,3,0,2,3,1,7
thirteen_19616,3,0,2,3,2,6
thirteen_19617,3,0,2,3,2,7
thirteen_19618,3,0,2,3,3,6
thirteen_19619,3,0,2,3,3,7
thirteen_19620,3,0,2,3,4,3
thirteen_19621,3,0,2,3,4,4
thirteen_19622,3,0,2,3,4,5
thirteen_19623,3,0,2,3,4,6
thirteen_19624,3,0,2,3,5,3
thirteen_19625,3,0,2,3,5,4
thirteen_19626,3,0,2,3,5,5
thirteen_19627,3,0,2,3,5,6
thirteen_19628,3,0,2,4,7,0
thirteen_19629,3,0,2,4,7,2
thirteen_19630,3,0,2,4,7,3
thirteen_19631,3,0,2,4,7,4
thirteen_19632,3,0,2,4,7,5
thirteen_19633,3,0,2,4,7,6
thirteen_19634,3,0,2,4,0,2
thirteen_19635,3,0,2,4,0,6
thirteen_19636,3,0,2,4,2,2
thirteen_19637,3,0,2,4,4,2
thirteen_19638,3,0,2,4,4,3
thirteen_19639,3,0,2,5,6,3
thirteen_19640,3,0,2,5,6,4
thirteen_19641,3,0,2,5,6,5
thirteen_19642,3,0,2,5,7,0
thirteen_19643,3,0,2,5,7,2
thirteen_19644,3,0,2,5,7,3
thirteen_19645,3,0,2,5,7,4
thirteen_19646,3,0,2,5,7,5
thirteen_19647,3,0,2,5,0,2
thirteen_19648,3,0,2,5,0,3
thirteen_19649,3,0,2,5,1,7
thirteen_19650,3,0,2,5,2,7
thirteen_19651,3,0,2,5,3,6
thirteen_19652,3,0,2,5,3,7
thirteen_19653,3,0,2,5,4,6
thirteen_19654,3,0,2,5,4,7
thirteen_19655,3,0,2,5,5,2
thirteen_19656,3,0,2,5,5,6
thirteen_19657,3,0,2,5,5,7
thirteen_19658,3,0,2,6,7,0
thirteen_19659,3,0,2,6,7,2
thirteen_19660,3,0,2,6,7,3
thirteen_19661,3,0,2,6,7,4
thirteen_19662,3,0,2,6,7,5
thirteen_19663,3,0,2,6,7,6
thirteen_19664,3,0,2,6,0,3
thirteen_19665,3,0,2,6,0,4
thirteen_19666,3,0,2,7,7,0
thirteen_19667,3,0,2,7,7,2
thirteen_19668,3,0,2,7,7,3
thirteen_19669,3,0,2,7,0,3
thirteen_19670,3,0,2,7,5,5
thirteen_19671,3,0,2,7,5,6
thirteen_19672,3,0,2,7,5,7
thirteen_19673,3,0,3,1,6,2
thirteen_19674,3,0,3,1,6,3
thirteen_19675,3,0,3,1,6,4
thirteen_19676,3,0,3,1,6,5
thirteen_19677,3,0,3,1,6,6
thirteen_19678,3,0,3,1,7,6
thirteen_19679,3,0,3,1,7,7
thirteen_19680,3,0,3,1,0,6
thirteen_19681,3,0,3,1,0,7
thirteen_19682,3,0,3,1,1,6
thirteen_19683,3,0,3,1,1,7
thirteen_19684,3,0,3,1,2,6
thirteen_19685,3,0,3,1,2,7
thirteen_19686,3,0,3,1,3,0
thirteen_19687,3,0,3,1,3,2
thirteen_19688,3,0,3,1,3,3
thirteen_19689,3,0,3,1,3,4
thirteen_19690,3,0,3,1,3,5
thirteen_19691,3,0,3,1,3,6
thirteen_19692,3,0,3,1,4,0
thirteen_19693,3,0,3,1,4,2
thirteen_19694,3,0,3,1,4,3
thirteen_19695,3,0,3,1,4,4
thirteen_19696,3,0,3,1,4,5
thirteen_19697,3,0,3,1,4,6
thirteen_19698,3,0,3,2,7,2
thirteen_19699,3,0,3,2,7,3
thirteen_19700,3,0,3,2,7,4
thirteen_19701,3,0,3,2,7,5
thirteen_19702,3,0,3,2,7,6
thirteen_19703,3,0,3,2,0,6
thirteen_19704,3,0,3,2,0,7
thirteen_19705,3,0,3,2,1,2
thirteen_19706,3,0,3,2,1,4
thirteen_19707,3,0,3,2,1,6
thirteen_19708,3,0,3,2,1,7
thirteen_19709,3,0,3,2,2,6
thirteen_19710,3,0,3,2,2,7
thirteen_19711,3,0,3,2,3,0
thirteen_19712,3,0,3,2,3,2
thirteen_19713,3,0,3,2,3,3
thirteen_19714,3,0,3,2,3,4
thirteen_19715,3,0,3,2,3,5
thirteen_19716,3,0,3,2,3,6
thirteen_19717,3,0,3,2,4,0
thirteen_19718,3,0,3,2,4,2
thirteen_19719,3,0,3,2,4,3
thirteen_19720,3,0,3,2,4,4
thirteen_19721,3,0,3,2,4,5
thirteen_19722,3,0,3,2,4,6
thirteen_19723,3,0,3,0,6,2
thirteen_19724,3,0,3,0,6,3
thirteen_19725,3,0,3,0,6,4
thirteen_19726,3,0,3,0,7,5
thirteen_19727,3,0,3,0,7,6
thirteen_19728,3,0,3,0,0,6
thirteen_19729,3,0,3,0,0,7
thirteen_19730,3,0,3,0,1,6
thirteen_19731,3,0,3,0,1,7
thirteen_19732,3,0,3,0,2,6
thirteen_19733,3,0,3,0,2,7
thirteen_19734,3,0,3,3,6,3
thirteen_19735,3,0,3,3,6,4
thirteen_19736,3,0,3,3,6,5
thirteen_19737,3,0,3,3,7,3
thirteen_19738,3,0,3,3,7,4
thirteen_19739,3,0,3,3,7,5
thirteen_19740,3,0,3,3,7,6
thirteen_19741,3,0,3,3,0,6
thirteen_19742,3,0,3,3,0,7
thirteen_19743,3,0,3,3,1,6
thirteen_19744,3,0,3,3,1,7
thirteen_19745,3,0,3,3,2,6
thirteen_19746,3,0,3,3,2,7
thirteen_19747,3,0,3,3,3,5
thirteen_19748,3,0,3,3,4,3
thirteen_19749,3,0,3,3,4,4
thirteen_19750,3,0,3,3,4,5
thirteen_19751,3,0,3,4,7,2
thirteen_19752,3,0,3,4,7,3
thirteen_19753,3,0,3,4,1,2
thirteen_19754,3,0,3,4,3,0
thirteen_19755,3,0,3,4,3,6
thirteen_19756,3,0,3,4,4,0
thirteen_19757,3,0,3,4,4,5
thirteen_19758,3,0,3,4,4,6
thirteen_19759,3,0,3,4,5,2
thirteen_19760,3,0,3,4,5,3
thirteen_19761,3,0,3,4,5,4
thirteen_19762,3,0,3,5,6,6
thirteen_19763,3,0,3,5,6,7
thirteen_19764,3,0,3,5,7,6
thirteen_19765,3,0,3,5,7,7
thirteen_19766,3,0,3,5,0,6
thirteen_19767,3,0,3,5,0,7
thirteen_19768,3,0,3,5,1,7
thirteen_19769,3,0,3,5,2,7
thirteen_19770,3,0,3,5,3,0
thirteen_19771,3,0,3,5,3,2
thirteen_19772,3,0,3,5,3,3
thirteen_19773,3,0,3,5,4,0
thirteen_19774,3,0,3,5,4,2
thirteen_19775,3,0,3,5,4,3
thirteen_19776,3,0,3,5,4,4
thirteen_19777,3,0,3,5,4,5
thirteen_19778,3,0,3,5,5,2
thirteen_19779,3,0,3,5,5,3
thirteen_19780,3,0,3,5,5,4
thirteen_19781,3,0,3,5,5,5
thirteen_19782,3,0,3,6,3,0
thirteen_19783,3,0,3,6,3,3
thirteen_19784,3,0,3,6,3,4
thirteen_19785,3,0,3,6,4,0
thirteen_19786,3,0,3,6,4,2
thirteen_19787,3,0,3,6,4,3
thirteen_19788,3,0,3,6,4,4
thirteen_19789,3,0,3,6,4,5
thirteen_19790,3,0,3,6,4,6
thirteen_19791,3,0,3,7,6,5
thirteen_19792,3,0,3,7,6,6
thirteen_19793,3,0,3,7,6,7
thirteen_19794,3,0,3,7,3,0
thirteen_19795,3,0,3,7,3,3
thirteen_19796,3,0,3,7,4,0
thirteen_19797,3,0,3,7,4,2
thirteen_19798,3,0,3,7,4,3
thirteen_19799,3,0,4,1,6,2
thirteen_19800,3,0,4,1,6,3
thirteen_19801,3,0,4,1,6,4
thirteen_19802,3,0,4,1,6,5
thirteen_19803,3,0,4,1,6,6
thirteen_19804,3,0,4,2,7,2
thirteen_19805,3,0,4,2,7,3
thirteen_19806,3,0,4,2,7,4
thirteen_19807,3,0,4,2,7,5
thirteen_19808,3,0,4,2,7,6
thirteen_19809,3,0,4,0,6,2
thirteen_19810,3,0,4,0,6,3
thirteen_19811,3,0,4,0,6,4
thirteen_19812,3,0,4,0,7,5
thirteen_19813,3,0,4,0,7,6
thirteen_19814,3,0,4,4,6,4
thirteen_19815,3,0,4,4,6,5
thirteen_19816,3,0,4,4,6,6
thirteen_19817,3,0,4,4,0,2
thirteen_19818,3,0,4,4,0,3
thirteen_19819,3,0,4,4,2,2
thirteen_19820,3,0,4,5,6,6
thirteen_19821,3,0,4,5,6,7
thirteen_19822,3,0,4,5,7,6
thirteen_19823,3,0,4,5,7,7
thirteen_19824,3,0,4,5,0,6
thirteen_19825,3,0,4,5,0,7
thirteen_19826,3,0,4,5,1,6
thirteen_19827,3,0,4,5,1,7
thirteen_19828,3,0,4,5,2,7
thirteen_19829,3,0,4,5,3,7
thirteen_19830,3,0,4,7,6,5
thirteen_19831,3,0,4,7,6,6
thirteen_19832,3,0,4,7,6,7
thirteen_19833,3,0,5,1,6,2
thirteen_19834,3,0,5,1,6,3
thirteen_19835,3,0,5,1,6,4
thirteen_19836,3,0,5,1,6,5
thirteen_19837,3,0,5,1,6,6
thirteen_19838,3,0,5,2,7,2
thirteen_19839,3,0,5,2,7,3
thirteen_19840,3,0,5,2,7,4
thirteen_19841,3,0,5,2,7,5
thirteen_19842,3,0,5,2,7,6
thirteen_19843,3,0,5,0,6,2
thirteen_19844,3,0,5,0,6,3
thirteen_19845,3,0,5,0,6,4
thirteen_19846,3,0,5,0,7,5
thirteen_19847,3,0,5,0,7,6
thirteen_19848,3,0,5,0,4,5
thirteen_19849,3,0,5,0,4,6
thirteen_19850,3,0,5,4,6,4
thirteen_19851,3,0,5,4,6,5
thirteen_19852,3,0,5,4,6,6
thirteen_19853,3,0,5,4,7,4
thirteen_19854,3,0,5,4,7,5
thirteen_19855,3,0,5,4,7,6
thirteen_19856,3,0,5,4,7,7
thirteen_19857,3,0,5,4,0,2
thirteen_19858,3,0,5,4,0,3
thirteen_19859,3,0,5,4,0,4
thirteen_19860,3,0,5,4,0,5
thirteen_19861,3,0,5,4,0,6
thirteen_19862,3,0,5,4,0,7
thirteen_19863,3,0,5,4,1,2
thirteen_19864,3,0,5,4,1,3
thirteen_19865,3,0,5,5,7,6
thirteen_19866,3,0,5,5,7,7
thirteen_19867,3,0,5,5,0,6
thirteen_19868,3,0,5,5,0,7
thirteen_19869,3,0,5,5,1,6
thirteen_19870,3,0,5,5,1,7
thirteen_19871,3,0,5,5,2,6
thirteen_19872,3,0,5,5,2,7
thirteen_19873,3,0,5,5,3,7
thirteen_19874,3,0,5,5,4,7
thirteen_19875,3,0,5,6,3,0
thirteen_19876,3,0,5,6,4,0
thirteen_19877,3,0,5,7,6,5
thirteen_19878,3,0,5,7,6,6
thirteen_19879,3,0,5,7,6,7
thirteen_19880,3,0,5,7,3,0
thirteen_19881,3,0,5,7,4,0
thirteen_19882,3,0,6,1,6,2
thirteen_19883,3,0,6,1,6,3
thirteen_19884,3,0,6,1,6,4
thirteen_19885,3,0,6,1,6,5
thirteen_19886,3,0,6,1,6,6
thirteen_19887,3,0,6,1,7,7
thirteen_19888,3,0,6,1,0,7
thirteen_19889,3,0,6,2,7,2
thirteen_19890,3,0,6,2,7,3
thirteen_19891,3,0,6,2,7,4
thirteen_19892,3,0,6,2,7,5
thirteen_19893,3,0,6,2,7,6
thirteen_19894,3,0,6,2,0,2
thirteen_19895,3,0,6,2,0,7
thirteen_19896,3,0,6,0,6,2
thirteen_19897,3,0,6,0,6,3
thirteen_19898,3,0,6,0,6,4
thirteen_19899,3,0,6,0,7,5
thirteen_19900,3,0,6,0,7,6
thirteen_19901,3,0,6,0,0,7
thirteen_19902,3,0,6,0,4,5
thirteen_19903,3,0,6,0,4,6
thirteen_19904,3,0,6,0,5,4
thirteen_19905,3,0,6,3,0,7
thirteen_19906,3,0,6,3,5,6
thirteen_19907,3,0,6,4,6,4
thirteen_19908,3,0,6,4,6,5
thirteen_19909,3,0,6,4,6,6
thirteen_19910,3,0,6,4,7,4
thirteen_19911,3,0,6,4,7,5
thirteen_19912,3,0,6,4,7,6
thirteen_19913,3,0,6,4,7,7
thirteen_19914,3,0,6,4,0,2
thirteen_19915,3,0,6,4,0,3
thirteen_19916,3,0,6,4,0,4
thirteen_19917,3,0,6,4,0,5
thirteen_19918,3,0,6,4,0,6
thirteen_19919,3,0,6,4,0,7
thirteen_19920,3,0,6,4,1,2
thirteen_19921,3,0,6,4,1,4
thirteen_19922,3,0,6,4,1,5
thirteen_19923,3,0,6,4,1,6
thirteen_19924,3,0,6,4,1,7
thirteen_19925,3,0,6,4,2,2
thirteen_19926,3,0,6,4,2,3
thirteen_19927,3,0,6,4,2,4
thirteen_19928,3,0,6,4,2,5
thirteen_19929,3,0,6,4,2,6
thirteen_19930,3,0,6,4,2,7
thirteen_19931,3,0,6,4,3,2
thirteen_19932,3,0,6,4,3,3
thirteen_19933,3,0,6,4,3,7
thirteen_19934,3,0,6,4,4,2
thirteen_19935,3,0,6,4,4,7
thirteen_19936,3,0,6,4,5,2
thirteen_19937,3,0,6,5,2,6
thirteen_19938,3,0,6,5,2,7
thirteen_19939,3,0,6,5,3,6
thirteen_19940,3,0,6,5,3,7
thirteen_19941,3,0,6,5,4,7
thirteen_19942,3,0,6,5,5,2
thirteen_19943,3,0,6,5,5,7
thirteen_19944,3,0,6,7,6,5
thirteen_19945,3,0,6,7,6,6
thirteen_19946,3,0,6,7,6,7
thirteen_19947,3,0,6,7,7,5
thirteen_19948,3,0,6,7,7,6
thirteen_19949,3,0,6,7,7,7
thirteen_19950,3,0,6,7,0,7
thirteen_19951,3,0,6,7,5,5
thirteen_19952,3,1,7,1,7,2
thirteen_19953,3,1,7,1,7,3
thirteen_19954,3,1,7,1,7,4
thirteen_19955,3,1,7,1,7,5
thirteen_19956,3,1,7,1,7,6
thirteen_19957,3,1,7,1,7,7
thirteen_19958,3,1,7,1,0,3
thirteen_19959,3,1,7,1,0,4
thirteen_19960,3,1,7,1,0,5
thirteen_19961,3,1,7,1,0,6
thirteen_19962,3,1,7,1,0,7
thirteen_19963,3,1,7,1,1,5
thirteen_19964,3,1,7,1,1,6
thirteen_19965,3,1,7,1,1,7
thirteen_19966,3,1,7,1,2,3
thirteen_19967,3,1,7,1,2,5
thirteen_19968,3,1,7,1,2,6
thirteen_19969,3,1,7,1,3,5
thirteen_19970,3,1,7,1,3,6
thirteen_19971,3,1,7,1,4,3
thirteen_19972,3,1,7,1,4,4
thirteen_19973,3,1,7,1,4,5
thirteen_19974,3,1,7,1,4,6
thirteen_19975,3,1,7,2,7,3
thirteen_19976,3,1,7,2,7,4
thirteen_19977,3,1,7,2,7,5
thirteen_19978,3,1,7,2,7,6
thirteen_19979,3,1,7,2,7,7
thirteen_19980,3,1,7,2,0,3
thirteen_19981,3,1,7,2,0,4
thirteen_19982,3,1,7,2,0,5
thirteen_19983,3,1,7,2,0,6
thirteen_19984,3,1,7,2,0,7
thirteen_19985,3,1,7,2,1,5
thirteen_19986,3,1,7,2,1,6
thirteen_19987,3,1,7,2,1,7
thirteen_19988,3,1,7,2,2,3
thirteen_19989,3,1,7,2,2,5
thirteen_19990,3,1,7,2,2,6
thirteen_19991,3,1,7,2,3,5
thirteen_19992,3,1,7,2,3,6
thirteen_19993,3,1,7,2,4,3
thirteen_19994,3,1,7,2,4,4
thirteen_19995,3,1,7,2,4,5
thirteen_19996,3,1,7,2,4,6
thirteen_19997,3,1,7,2,5,3
thirteen_19998,3,1,7,2,5,4
thirteen_19999,3,1,7,2,5,5
thirteen_20000,3,1,7,2,5,6
thirteen_20001,3,1,7,0,0,3
thirteen_20002,3,1,7,0,0,4
thirteen_20003,3,1,7,0,0,5
thirteen_20004,3,1,7,0,0,6
thirteen_20005,3,1,7,0,1,5
thirteen_20006,3,1,7,0,1,6
thirteen_20007,3,1,7,0,2,3
thirteen_20008,3,1,7,0,2,5
thirteen_20009,3,1,7,0,2,6
thirteen_20010,3,1,7,0,3,5
thirteen_20011,3,1,7,0,3,6
thirteen_20012,3,1,7,0,4,3
thirteen_20013,3,1,7,0,4,4
thirteen_20014,3,1,7,0,4,5
thirteen_20015,3,1,7,0,4,6
thirteen_20016,3,1,7,3,7,5
thirteen_20017,3,1,7,3,0,3
thirteen_20018,3,1,7,3,0,4
thirteen_20019,3,1,7,3,0,5
thirteen_20020,3,1,7,3,0,6
thirteen_20021,3,1,7,3,1,3
thirteen_20022,3,1,7,3,1,4
thirteen_20023,3,1,7,3,1,5
thirteen_20024,3,1,7,3,1,6
thirteen_20025,3,1,7,3,2,3
thirteen_20026,3,1,7,3,2,4
thirteen_20027,3,1,7,3,2,5
thirteen_20028,3,1,7,3,2,6
thirteen_20029,3,1,7,3,3,3
thirteen_20030,3,1,7,3,3,4
thirteen_20031,3,1,7,3,3,5
thirteen_20032,3,1,7,3,3,6
thirteen_20033,3,1,7,3,4,3
thirteen_20034,3,1,7,3,4,4
thirteen_20035,3,1,7,3,4,5
thirteen_20036,3,1,7,4,0,3
thirteen_20037,3,1,7,4,0,4
thirteen_20038,3,1,7,4,1,4
thirteen_20039,3,1,7,4,2,3
thirteen_20040,3,1,7,4,2,4
thirteen_20041,3,1,7,5,6,3
thirteen_20042,3,1,7,5,7,2
thirteen_20043,3,1,7,5,7,3
thirteen_20044,3,1,7,5,0,3
thirteen_20045,3,1,7,5,0,4
thirteen_20046,3,1,7,5,0,5
thirteen_20047,3,1,7,5,1,5
thirteen_20048,3,1,7,5,2,3
thirteen_20049,3,1,7,5,2,5
thirteen_20050,3,1,7,5,3,5
thirteen_20051,3,1,7,5,4,3
thirteen_20052,3,1,7,5,4,4
thirteen_20053,3,1,7,5,4,5
thirteen_20054,3,1,7,5,5,3
thirteen_20055,3,1,7,5,5,4
thirteen_20056,3,1,7,5,5,5
thirteen_20057,3,1,7,6,7,3
thirteen_20058,3,1,7,6,7,4
thirteen_20059,3,1,7,6,0,3
thirteen_20060,3,1,7,6,0,4
thirteen_20061,3,1,7,6,0,5
thirteen_20062,3,1,7,6,0,6
thirteen_20063,3,1,7,6,1,5
thirteen_20064,3,1,7,6,1,6
thirteen_20065,3,1,7,6,2,3
thirteen_20066,3,1,7,6,2,5
thirteen_20067,3,1,7,6,2,6
thirteen_20068,3,1,7,6,3,5
thirteen_20069,3,1,7,6,3,6
thirteen_20070,3,1,7,6,4,3
thirteen_20071,3,1,7,6,4,4
thirteen_20072,3,1,7,6,4,5
thirteen_20073,3,1,7,6,4,6
thirteen_20074,3,1,7,7,7,5
thirteen_20075,3,1,7,7,0,3
thirteen_20076,3,1,7,7,0,4
thirteen_20077,3,1,7,7,0,5
thirteen_20078,3,1,7,7,0,6
thirteen_20079,3,1,7,7,0,7
thirteen_20080,3,1,7,7,1,5
thirteen_20081,3,1,7,7,1,6
thirteen_20082,3,1,7,7,1,7
thirteen_20083,3,1,7,7,2,3
thirteen_20084,3,1,7,7,2,5
thirteen_20085,3,1,7,7,2,6
thirteen_20086,3,1,7,7,3,5
thirteen_20087,3,1,7,7,3,6
thirteen_20088,3,1,7,7,4,3
thirteen_20089,3,1,7,7,4,4
thirteen_20090,3,1,7,7,4,5
thirteen_20091,3,1,0,1,7,2
thirteen_20092,3,1,0,1,7,3
thirteen_20093,3,1,0,1,7,4
thirteen_20094,3,1,0,1,7,5
thirteen_20095,3,1,0,1,7,6
thirteen_20096,3,1,0,1,7,7
thirteen_20097,3,1,0,1,0,5
thirteen_20098,3,1,0,1,0,6
thirteen_20099,3,1,0,1,0,7
thirteen_20100,3,1,0,1,1,3
thirteen_20101,3,1,0,1,1,5
thirteen_20102,3,1,0,1,1,6
thirteen_20103,3,1,0,1,1,7
thirteen_20104,3,1,0,1,2,5
thirteen_20105,3,1,0,1,2,6
thirteen_20106,3,1,0,1,2,7
thirteen_20107,3,1,0,1,3,2
thirteen_20108,3,1,0,1,3,3
thirteen_20109,3,1,0,1,3,4
thirteen_20110,3,1,0,1,3,5
thirteen_20111,3,1,0,1,3,6
thirteen_20112,3,1,0,1,3,7
thirteen_20113,3,1,0,1,4,3
thirteen_20114,3,1,0,1,4,4
thirteen_20115,3,1,0,1,4,5
thirteen_20116,3,1,0,1,4,6
thirteen_20117,3,1,0,2,7,3
thirteen_20118,3,1,0,2,7,4
thirteen_20119,3,1,0,2,7,5
thirteen_20120,3,1,0,2,7,6
thirteen_20121,3,1,0,2,7,7
thirteen_20122,3,1,0,2,0,5
thirteen_20123,3,1,0,2,0,6
thirteen_20124,3,1,0,2,0,7
thirteen_20125,3,1,0,2,1,3
thirteen_20126,3,1,0,2,1,5
thirteen_20127,3,1,0,2,1,6
thirteen_20128,3,1,0,2,1,7
thirteen_20129,3,1,0,2,2,5
thirteen_20130,3,1,0,2,2,6
thirteen_20131,3,1,0,2,2,7
thirteen_20132,3,1,0,2,3,2
thirteen_20133,3,1,0,2,3,3
thirteen_20134,3,1,0,2,3,4
thirteen_20135,3,1,0,2,3,5
thirteen_20136,3,1,0,2,3,6
thirteen_20137,3,1,0,2,3,7
thirteen_20138,3,1,0,2,4,3
thirteen_20139,3,1,0,2,4,4
thirteen_20140,3,1,0,2,4,5
thirteen_20141,3,1,0,2,4,6
thirteen_20142,3,1,0,2,4,7
thirteen_20143,3,1,0,2,5,3
thirteen_20144,3,1,0,2,5,4
thirteen_20145,3,1,0,2,5,5
thirteen_20146,3,1,0,2,5,6
thirteen_20147,3,1,0,0,0,4
thirteen_20148,3,1,0,0,0,5
thirteen_20149,3,1,0,0,0,6
thirteen_20150,3,1,0,0,0,7
thirteen_20151,3,1,0,0,1,3
thirteen_20152,3,1,0,0,1,4
thirteen_20153,3,1,0,0,1,5
thirteen_20154,3,1,0,0,1,6
thirteen_20155,3,1,0,0,1,7
thirteen_20156,3,1,0,0,2,3
thirteen_20157,3,1,0,0,2,4
thirteen_20158,3,1,0,0,2,5
thirteen_20159,3,1,0,0,2,6
thirteen_20160,3,1,0,0,2,7
thirteen_20161,3,1,0,0,3,2
thirteen_20162,3,1,0,0,3,3
thirteen_20163,3,1,0,0,3,4
thirteen_20164,3,1,0,0,3,5
thirteen_20165,3,1,0,0,3,6
thirteen_20166,3,1,0,0,3,7
thirteen_20167,3,1,0,0,4,3
thirteen_20168,3,1,0,0,4,4
thirteen_20169,3,1,0,0,4,5
thirteen_20170,3,1,0,0,4,6
thirteen_20171,3,1,0,3,7,5
thirteen_20172,3,1,0,3,0,5
thirteen_20173,3,1,0,3,0,6
thirteen_20174,3,1,0,3,0,7
thirteen_20175,3,1,0,3,1,3
thirteen_20176,3,1,0,3,1,4
thirteen_20177,3,1,0,3,1,5
thirteen_20178,3,1,0,3,1,6
thirteen_20179,3,1,0,3,1,7
thirteen_20180,3,1,0,3,2,3
thirteen_20181,3,1,0,3,2,4
thirteen_20182,3,1,0,3,2,5
thirteen_20183,3,1,0,3,2,6
thirteen_20184,3,1,0,3,2,7
thirteen_20185,3,1,0,3,3,3
thirteen_20186,3,1,0,3,3,4
thirteen_20187,3,1,0,3,3,5
thirteen_20188,3,1,0,3,3,6
thirteen_20189,3,1,0,3,3,7
thirteen_20190,3,1,0,3,4,3
thirteen_20191,3,1,0,3,4,4
thirteen_20192,3,1,0,3,4,5
thirteen_20193,3,1,0,4,7,2
thirteen_20194,3,1,0,4,7,6
thirteen_20195,3,1,0,4,0,6
thirteen_20196,3,1,0,4,1,3
thirteen_20197,3,1,0,4,1,4
thirteen_20198,3,1,0,4,1,5
thirteen_20199,3,1,0,4,1,6
thirteen_20200,3,1,0,5,7,2
thirteen_20201,3,1,0,5,2,5
thirteen_20202,3,1,0,5,3,2
thirteen_20203,3,1,0,5,3,3
thirteen_20204,3,1,0,5,3,4
thirteen_20205,3,1,0,5,3,5
thirteen_20206,3,1,0,5,4,3
thirteen_20207,3,1,0,5,4,4
thirteen_20208,3,1,0,5,4,5
thirteen_20209,3,1,0,5,5,3
thirteen_20210,3,1,0,5,5,4
thirteen_20211,3,1,0,5,5,5
thirteen_20212,3,1,0,6,7,3
thirteen_20213,3,1,0,6,3,2
thirteen_20214,3,1,0,6,3,3
thirteen_20215,3,1,0,6,3,4
thirteen_20216,3,1,0,6,3,5
thirteen_20217,3,1,0,6,3,6
thirteen_20218,3,1,0,6,4,3
thirteen_20219,3,1,0,6,4,4
thirteen_20220,3,1,0,6,4,5
thirteen_20221,3,1,0,6,4,6
thirteen_20222,3,1,0,7,0,3
thirteen_20223,3,1,0,7,0,4
thirteen_20224,3,1,0,7,1,3
thirteen_20225,3,1,0,7,1,4
thirteen_20226,3,1,0,7,2,3
thirteen_20227,3,1,0,7,2,4
thirteen_20228,3,1,0,7,2,5
thirteen_20229,3,1,0,7,2,6
thirteen_20230,3,1,0,7,2,7
thirteen_20231,3,1,0,7,3,2
thirteen_20232,3,1,0,7,3,3
thirteen_20233,3,1,0,7,3,4
thirteen_20234,3,1,0,7,3,5
thirteen_20235,3,1,0,7,3,6
thirteen_20236,3,1,0,7,3,7
thirteen_20237,3,1,0,7,4,3
thirteen_20238,3,1,0,7,4,4
thirteen_20239,3,1,0,7,4,5
thirteen_20240,3,1,0,7,4,6
thirteen_20241,3,1,0,7,4,7
thirteen_20242,3,1,1,1,0,5
thirteen_20243,3,1,1,1,0,6
thirteen_20244,3,1,1,1,0,7
thirteen_20245,3,1,1,1,1,3
thirteen_20246,3,1,1,1,1,5
thirteen_20247,3,1,1,1,1,6
thirteen_20248,3,1,1,1,1,7
thirteen_20249,3,1,1,1,2,5
thirteen_20250,3,1,1,1,2,6
thirteen_20251,3,1,1,1,2,7
thirteen_20252,3,1,1,1,3,2
thirteen_20253,3,1,1,1,3,3
thirteen_20254,3,1,1,1,3,4
thirteen_20255,3,1,1,1,3,5
thirteen_20256,3,1,1,1,3,6
thirteen_20257,3,1,1,1,3,7
thirteen_20258,3,1,1,1,4,3
thirteen_20259,3,1,1,1,4,4
thirteen_20260,3,1,1,1,4,5
thirteen_20261,3,1,1,1,4,6
thirteen_20262,3,1,1,2,0,5
thirteen_20263,3,1,1,2,0,6
thirteen_20264,3,1,1,2,0,7
thirteen_20265,3,1,1,2,1,3
thirteen_20266,3,1,1,2,1,5
thirteen_20267,3,1,1,2,1,6
thirteen_20268,3,1,1,2,1,7
thirteen_20269,3,1,1,2,2,5
thirteen_20270,3,1,1,2,2,6
thirteen_20271,3,1,1,2,2,7
thirteen_20272,3,1,1,2,3,2
thirteen_20273,3,1,1,2,3,3
thirteen_20274,3,1,1,2,3,4
thirteen_20275,3,1,1,2,3,5
thirteen_20276,3,1,1,2,3,6
thirteen_20277,3,1,1,2,3,7
thirteen_20278,3,1,1,2,4,3
thirteen_20279,3,1,1,2,4,4
thirteen_20280,3,1,1,2,4,5
thirteen_20281,3,1,1,2,4,6
thirteen_20282,3,1,1,2,4,7
thirteen_20283,3,1,1,2,5,3
thirteen_20284,3,1,1,2,5,4
thirteen_20285,3,1,1,2,5,5
thirteen_20286,3,1,1,2,5,6
thirteen_20287,3,1,1,0,0,3
thirteen_20288,3,1,1,0,0,4
thirteen_20289,3,1,1,0,0,5
thirteen_20290,3,1,1,0,0,6
thirteen_20291,3,1,1,0,0,7
thirteen_20292,3,1,1,0,1,3
thirteen_20293,3,1,1,0,1,4
thirteen_20294,3,1,1,0,1,5
thirteen_20295,3,1,1,0,1,6
thirteen_20296,3,1,1,0,1,7
thirteen_20297,3,1,1,0,2,3
thirteen_20298,3,1,1,0,2,4
thirteen_20299,3,1,1,0,2,5
thirteen_20300,3,1,1,0,2,6
thirteen_20301,3,1,1,0,2,7
thirteen_20302,3,1,1,0,3,2
thirteen_20303,3,1,1,0,3,3
thirteen_20304,3,1,1,0,3,4
thirteen_20305,3,1,1,0,3,5
thirteen_20306,3,1,1,0,3,6
thirteen_20307,3,1,1,0,3,7
thirteen_20308,3,1,1,0,4,3
thirteen_20309,3,1,1,0,4,4
thirteen_20310,3,1,1,0,4,5
thirteen_20311,3,1,1,0,4,6
thirteen_20312,3,1,1,3,0,5
thirteen_20313,3,1,1,3,0,6
thirteen_20314,3,1,1,3,0,7
thirteen_20315,3,1,1,3,1,5
thirteen_20316,3,1,1,3,1,6
thirteen_20317,3,1,1,3,1,7
thirteen_20318,3,1,1,3,2,3
thirteen_20319,3,1,1,3,2,4
thirteen_20320,3,1,1,3,2,5
thirteen_20321,3,1,1,3,2,6
thirteen_20322,3,1,1,3,2,7
thirteen_20323,3,1,1,3,3,3
thirteen_20324,3,1,1,3,3,4
thirteen_20325,3,1,1,3,3,5
thirteen_20326,3,1,1,3,3,6
thirteen_20327,3,1,1,3,3,7
thirteen_20328,3,1,1,3,4,3
thirteen_20329,3,1,1,3,4,4
thirteen_20330,3,1,1,3,4,5
thirteen_20331,3,1,1,4,0,6
thirteen_20332,3,1,1,4,0,7
thirteen_20333,3,1,1,4,1,6
thirteen_20334,3,1,1,4,1,7
thirteen_20335,3,1,1,4,2,4
thirteen_20336,3,1,1,4,2,5
thirteen_20337,3,1,1,4,2,6
thirteen_20338,3,1,1,4,2,7
thirteen_20339,3,1,1,4,3,4
thirteen_20340,3,1,1,4,3,5
thirteen_20341,3,1,1,4,3,6
thirteen_20342,3,1,1,4,3,7
thirteen_20343,3,1,1,5,3,2
thirteen_20344,3,1,1,5,5,3
thirteen_20345,3,1,1,5,5,4
thirteen_20346,3,1,1,5,5,5
thirteen_20347,3,1,1,6,3,2
thirteen_20348,3,1,1,6,4,3
thirteen_20349,3,1,1,7,0,3
thirteen_20350,3,1,1,7,1,3
thirteen_20351,3,1,1,7,2,3
thirteen_20352,3,1,1,7,3,2
thirteen_20353,3,1,1,7,3,3
thirteen_20354,3,1,1,7,3,7
thirteen_20355,3,1,1,7,4,3
thirteen_20356,3,1,1,7,4,4
thirteen_20357,3,1,1,7,4,5
thirteen_20358,3,1,1,7,4,6
thirteen_20359,3,1,1,7,4,7
thirteen_20360,3,1,2,1,3,0
thirteen_20361,3,1,2,1,4,0
thirteen_20362,3,1,2,1,4,2
thirteen_20363,3,1,2,1,4,3
thirteen_20364,3,1,2,1,4,4
thirteen_20365,3,1,2,0,1,3
thirteen_20366,3,1,2,0,1,4
thirteen_20367,3,1,2,0,2,3
thirteen_20368,3,1,2,0,2,4
thirteen_20369,3,1,2,0,3,2
thirteen_20370,3,1,2,0,3,3
thirteen_20371,3,1,2,0,3,4
thirteen_20372,3,1,2,0,4,2
thirteen_20373,3,1,2,0,4,3
thirteen_20374,3,1,2,0,4,4
thirteen_20375,3,1,2,4,1,6
thirteen_20376,3,1,2,4,2,6
thirteen_20377,3,1,2,4,3,2
thirteen_20378,3,1,2,4,3,3
thirteen_20379,3,1,2,4,3,4
thirteen_20380,3,1,2,4,3,5
thirteen_20381,3,1,2,4,3,6
thirteen_20382,3,1,2,5,4,2
thirteen_20383,3,1,2,5,4,3
thirteen_20384,3,1,2,5,4,4
thirteen_20385,3,1,2,6,2,3
thirteen_20386,3,1,2,6,3,5
thirteen_20387,3,1,2,6,3,6
thirteen_20388,3,1,2,6,4,2
thirteen_20389,3,1,2,6,4,3
thirteen_20390,3,1,2,6,4,4
thirteen_20391,3,1,2,6,4,5
thirteen_20392,3,1,2,6,4,6
thirteen_20393,3,1,2,7,1,3
thirteen_20394,3,1,2,7,1,4
thirteen_20395,3,1,2,7,1,5
thirteen_20396,3,1,2,7,2,3
thirteen_20397,3,1,2,7,2,4
thirteen_20398,3,1,2,7,2,5
thirteen_20399,3,1,2,7,3,2
thirteen_20400,3,1,2,7,3,3
thirteen_20401,3,1,2,7,3,4
thirteen_20402,3,1,2,7,3,5
thirteen_20403,3,1,2,7,3,6
thirteen_20404,3,1,2,7,3,7
thirteen_20405,3,1,2,7,4,2
thirteen_20406,3,1,2,7,4,3
thirteen_20407,3,1,2,7,4,4
thirteen_20408,3,1,3,1,7,2
thirteen_20409,3,1,3,1,7,3
thirteen_20410,3,1,3,1,7,4
thirteen_20411,3,1,3,1,0,3
thirteen_20412,3,1,3,1,0,4
thirteen_20413,3,1,3,1,1,3
thirteen_20414,3,1,3,1,1,4
thirteen_20415,3,1,3,1,2,3
thirteen_20416,3,1,3,1,2,4
thirteen_20417,3,1,3,2,7,2
thirteen_20418,3,1,3,2,7,3
thirteen_20419,3,1,3,2,7,4
thirteen_20420,3,1,3,2,0,3
thirteen_20421,3,1,3,2,0,4
thirteen_20422,3,1,3,2,1,3
thirteen_20423,3,1,3,2,1,4
thirteen_20424,3,1,3,2,2,3
thirteen_20425,3,1,3,2,2,4
thirteen_20426,3,1,3,0,0,3
thirteen_20427,3,1,3,0,0,4
thirteen_20428,3,1,3,0,1,4
thirteen_20429,3,1,3,0,2,3
thirteen_20430,3,1,3,0,2,4
thirteen_20431,3,1,3,4,0,4
thirteen_20432,3,1,3,4,0,5
thirteen_20433,3,1,3,4,0,6
thirteen_20434,3,1,3,4,1,6
thirteen_20435,3,1,3,4,2,6
thirteen_20436,3,1,3,5,7,2
thirteen_20437,3,1,3,5,7,3
thirteen_20438,3,1,3,5,7,4
thirteen_20439,3,1,3,5,3,3
thirteen_20440,3,1,3,5,4,3
thirteen_20441,3,1,3,5,4,4
thirteen_20442,3,1,3,5,4,5
thirteen_20443,3,1,3,6,7,3
thirteen_20444,3,1,3,6,7,4
thirteen_20445,3,1,3,6,7,5
thirteen_20446,3,1,3,6,7,6
thirteen_20447,3,1,3,6,0,3
thirteen_20448,3,1,3,6,0,4
thirteen_20449,3,1,3,6,0,5
thirteen_20450,3,1,3,6,0,6
thirteen_20451,3,1,3,6,1,3
thirteen_20452,3,1,3,6,1,4
thirteen_20453,3,1,3,6,2,3
thirteen_20454,3,1,3,6,2,4
thirteen_20455,3,1,3,7,0,3
thirteen_20456,3,1,3,7,0,4
thirteen_20457,3,1,3,7,0,5
thirteen_20458,3,1,3,7,0,6
thirteen_20459,3,1,3,7,0,7
thirteen_20460,3,1,3,7,1,4
thirteen_20461,3,1,3,7,1,5
thirteen_20462,3,1,3,7,2,3
thirteen_20463,3,1,3,7,2,4
thirteen_20464,3,1,3,7,2,5
thirteen_20465,3,1,4,1,7,2
thirteen_20466,3,1,4,1,7,3
thirteen_20467,3,1,4,1,7,4
thirteen_20468,3,1,4,1,7,5
thirteen_20469,3,1,4,1,7,6
thirteen_20470,3,1,4,1,7,7
thirteen_20471,3,1,4,1,0,5
thirteen_20472,3,1,4,1,0,6
thirteen_20473,3,1,4,1,0,7
thirteen_20474,3,1,4,1,1,5
thirteen_20475,3,1,4,1,1,6
thirteen_20476,3,1,4,1,1,7
thirteen_20477,3,1,4,1,2,5
thirteen_20478,3,1,4,1,2,6
thirteen_20479,3,1,4,1,2,7
thirteen_20480,3,1,4,1,3,5
thirteen_20481,3,1,4,1,3,6
thirteen_20482,3,1,4,1,3,7
thirteen_20483,3,1,4,2,7,2
thirteen_20484,3,1,4,2,7,3
thirteen_20485,3,1,4,2,7,4
thirteen_20486,3,1,4,2,7,5
thirteen_20487,3,1,4,2,7,6
thirteen_20488,3,1,4,2,7,7
thirteen_20489,3,1,4,2,0,5
thirteen_20490,3,1,4,2,0,6
thirteen_20491,3,1,4,2,0,7
thirteen_20492,3,1,4,2,1,5
thirteen_20493,3,1,4,2,1,6
thirteen_20494,3,1,4,2,1,7
thirteen_20495,3,1,4,2,2,5
thirteen_20496,3,1,4,2,2,6
thirteen_20497,3,1,4,2,2,7
thirteen_20498,3,1,4,2,3,5
thirteen_20499,3,1,4,2,3,6
thirteen_20500,3,1,4,2,3,7
thirteen_20501,3,1,4,0,0,3
thirteen_20502,3,1,4,0,0,4
thirteen_20503,3,1,4,0,0,5
thirteen_20504,3,1,4,0,0,6
thirteen_20505,3,1,4,0,0,7
thirteen_20506,3,1,4,0,1,5
thirteen_20507,3,1,4,0,1,6
thirteen_20508,3,1,4,0,1,7
thirteen_20509,3,1,4,0,2,5
thirteen_20510,3,1,4,0,2,6
thirteen_20511,3,1,4,0,2,7
thirteen_20512,3,1,4,0,3,5
thirteen_20513,3,1,4,0,3,6
thirteen_20514,3,1,4,0,3,7
thirteen_20515,3,1,4,3,7,3
thirteen_20516,3,1,4,3,7,4
thirteen_20517,3,1,4,3,7,5
thirteen_20518,3,1,4,3,0,3
thirteen_20519,3,1,4,3,0,4
thirteen_20520,3,1,4,3,0,5
thirteen_20521,3,1,4,3,0,6
thirteen_20522,3,1,4,3,0,7
thirteen_20523,3,1,4,3,1,3
thirteen_20524,3,1,4,3,1,4
thirteen_20525,3,1,4,3,1,5
thirteen_20526,3,1,4,3,1,6
thirteen_20527,3,1,4,3,1,7
thirteen_20528,3,1,4,3,2,5
thirteen_20529,3,1,4,3,2,6
thirteen_20530,3,1,4,3,2,7
thirteen_20531,3,1,4,3,3,5
thirteen_20532,3,1,4,3,3,6
thirteen_20533,3,1,4,3,3,7
thirteen_20534,3,1,4,4,0,4
thirteen_20535,3,1,4,4,0,5
thirteen_20536,3,1,4,4,0,6
thirteen_20537,3,1,4,4,0,7
thirteen_20538,3,1,4,4,1,3
thirteen_20539,3,1,4,4,1,4
thirteen_20540,3,1,4,4,1,5
thirteen_20541,3,1,4,4,1,6
thirteen_20542,3,1,4,4,1,7
thirteen_20543,3,1,4,4,2,6
thirteen_20544,3,1,4,4,2,7
thirteen_20545,3,1,4,4,3,2
thirteen_20546,3,1,4,4,3,6
thirteen_20547,3,1,4,4,3,7
thirteen_20548,3,1,4,5,6,3
thirteen_20549,3,1,4,5,6,4
thirteen_20550,3,1,4,5,6,5
thirteen_20551,3,1,4,5,7,2
thirteen_20552,3,1,4,6,7,3
thirteen_20553,3,1,4,7,7,5
thirteen_20554,3,1,4,7,7,6
thirteen_20555,3,1,4,7,7,7
thirteen_20556,3,1,4,7,0,3
thirteen_20557,3,1,4,7,0,7
thirteen_20558,3,1,4,7,2,3
thirteen_20559,3,1,5,1,7,2
thirteen_20560,3,1,5,1,7,3
thirteen_20561,3,1,5,1,7,4
thirteen_20562,3,1,5,1,7,5
thirteen_20563,3,1,5,1,7,6
thirteen_20564,3,1,5,1,7,7
thirteen_20565,3,1,5,1,0,5
thirteen_20566,3,1,5,1,0,6
thirteen_20567,3,1,5,1,0,7
thirteen_20568,3,1,5,1,1,3
thirteen_20569,3,1,5,1,1,5
thirteen_20570,3,1,5,1,1,6
thirteen_20571,3,1,5,1,1,7
thirteen_20572,3,1,5,1,2,5
thirteen_20573,3,1,5,1,2,6
thirteen_20574,3,1,5,1,2,7
thirteen_20575,3,1,5,1,3,2
thirteen_20576,3,1,5,1,3,3
thirteen_20577,3,1,5,1,3,4
thirteen_20578,3,1,5,1,3,5
thirteen_20579,3,1,5,1,3,6
thirteen_20580,3,1,5,1,3,7
thirteen_20581,3,1,5,1,4,2
thirteen_20582,3,1,5,1,4,3
thirteen_20583,3,1,5,1,4,4
thirteen_20584,3,1,5,1,4,5
thirteen_20585,3,1,5,1,4,6
thirteen_20586,3,1,5,2,7,2
thirteen_20587,3,1,5,2,7,3
thirteen_20588,3,1,5,2,7,4
thirteen_20589,3,1,5,2,7,5
thirteen_20590,3,1,5,2,7,6
thirteen_20591,3,1,5,2,7,7
thirteen_20592,3,1,5,2,0,5
thirteen_20593,3,1,5,2,0,6
thirteen_20594,3,1,5,2,0,7
thirteen_20595,3,1,5,2,1,3
thirteen_20596,3,1,5,2,1,5
thirteen_20597,3,1,5,2,1,6
thirteen_20598,3,1,5,2,1,7
thirteen_20599,3,1,5,2,2,5
thirteen_20600,3,1,5,2,2,6
thirteen_20601,3,1,5,2,2,7
thirteen_20602,3,1,5,2,3,3
thirteen_20603,3,1,5,2,3,4
thirteen_20604,3,1,5,2,3,5
thirteen_20605,3,1,5,2,3,6
thirteen_20606,3,1,5,2,3,7
thirteen_20607,3,1,5,2,4,3
thirteen_20608,3,1,5,2,4,4
thirteen_20609,3,1,5,2,4,5
thirteen_20610,3,1,5,2,4,6
thirteen_20611,3,1,5,0,0,3
thirteen_20612,3,1,5,0,0,4
thirteen_20613,3,1,5,0,0,5
thirteen_20614,3,1,5,0,0,6
thirteen_20615,3,1,5,0,0,7
thirteen_20616,3,1,5,0,1,3
thirteen_20617,3,1,5,0,1,4
thirteen_20618,3,1,5,0,1,5
thirteen_20619,3,1,5,0,1,6
thirteen_20620,3,1,5,0,1,7
thirteen_20621,3,1,5,0,2,3
thirteen_20622,3,1,5,0,2,4
thirteen_20623,3,1,5,0,2,5
thirteen_20624,3,1,5,0,2,6
thirteen_20625,3,1,5,0,2,7
thirteen_20626,3,1,5,0,3,4
thirteen_20627,3,1,5,0,3,5
thirteen_20628,3,1,5,0,3,6
thirteen_20629,3,1,5,0,3,7
thirteen_20630,3,1,5,0,4,4
thirteen_20631,3,1,5,0,4,5
thirteen_20632,3,1,5,0,4,6
thirteen_20633,3,1,5,3,7,3
thirteen_20634,3,1,5,3,7,4
thirteen_20635,3,1,5,3,7,5
thirteen_20636,3,1,5,3,0,3
thirteen_20637,3,1,5,3,0,4
thirteen_20638,3,1,5,3,0,5
thirteen_20639,3,1,5,3,0,6
thirteen_20640,3,1,5,3,0,7
thirteen_20641,3,1,5,3,1,3
thirteen_20642,3,1,5,3,1,4
thirteen_20643,3,1,5,3,1,5
thirteen_20644,3,1,5,3,1,6
thirteen_20645,3,1,5,3,1,7
thirteen_20646,3,1,5,3,2,3
thirteen_20647,3,1,5,3,2,4
thirteen_20648,3,1,5,3,2,5
thirteen_20649,3,1,5,3,2,6
thirteen_20650,3,1,5,3,2,7
thirteen_20651,3,1,5,3,3,5
thirteen_20652,3,1,5,3,3,6
thirteen_20653,3,1,5,3,3,7
thirteen_20654,3,1,5,3,4,5
thirteen_20655,3,1,5,4,1,3
thirteen_20656,3,1,5,4,1,4
thirteen_20657,3,1,5,4,2,4
thirteen_20658,3,1,5,4,2,5
thirteen_20659,3,1,5,4,2,6
thirteen_20660,3,1,5,4,3,2
thirteen_20661,3,1,5,4,3,6
thirteen_20662,3,1,5,4,4,6
thirteen_20663,3,1,5,5,6,3
thirteen_20664,3,1,5,5,6,4
thirteen_20665,3,1,5,5,6,5
thirteen_20666,3,1,5,5,7,2
thirteen_20667,3,1,5,5,7,3
thirteen_20668,3,1,5,5,7,4
thirteen_20669,3,1,5,5,7,5
thirteen_20670,3,1,5,5,0,5
thirteen_20671,3,1,5,5,1,3
thirteen_20672,3,1,5,5,1,5
thirteen_20673,3,1,5,5,3,0
thirteen_20674,3,1,5,5,4,0
thirteen_20675,3,1,5,6,7,3
thirteen_20676,3,1,5,6,7,4
thirteen_20677,3,1,5,6,7,5
thirteen_20678,3,1,5,6,7,6
thirteen_20679,3,1,5,6,0,5
thirteen_20680,3,1,5,6,0,6
thirteen_20681,3,1,5,6,3,0
thirteen_20682,3,1,5,6,3,2
thirteen_20683,3,1,5,6,4,0
thirteen_20684,3,1,5,6,4,2
thirteen_20685,3,1,5,6,4,3
thirteen_20686,3,1,5,7,7,5
thirteen_20687,3,1,5,7,7,6
thirteen_20688,3,1,5,7,7,7
thirteen_20689,3,1,5,7,0,3
thirteen_20690,3,1,5,7,0,4
thirteen_20691,3,1,5,7,0,5
thirteen_20692,3,1,5,7,0,6
thirteen_20693,3,1,5,7,0,7
thirteen_20694,3,1,5,7,1,3
thirteen_20695,3,1,5,7,1,4
thirteen_20696,3,1,5,7,1,5
thirteen_20697,3,1,5,7,1,6
thirteen_20698,3,1,5,7,1,7
thirteen_20699,3,1,5,7,2,3
thirteen_20700,3,1,5,7,2,4
thirteen_20701,3,1,5,7,3,0
thirteen_20702,3,1,5,7,3,2
thirteen_20703,3,1,5,7,3,3
thirteen_20704,3,1,5,7,3,4
thirteen_20705,3,1,5,7,4,0
thirteen_20706,3,1,5,7,4,2
thirteen_20707,3,1,5,7,4,3
thirteen_20708,3,1,5,7,4,4
thirteen_20709,3,1,6,1,7,2
thirteen_20710,3,1,6,1,7,3
thirteen_20711,3,1,6,1,7,4
thirteen_20712,3,1,6,1,7,5
thirteen_20713,3,1,6,1,7,6
thirteen_20714,3,1,6,1,0,3
thirteen_20715,3,1,6,1,0,4
thirteen_20716,3,1,6,1,0,5
thirteen_20717,3,1,6,1,0,6
thirteen_20718,3,1,6,1,1,3
thirteen_20719,3,1,6,1,1,4
thirteen_20720,3,1,6,1,1,5
thirteen_20721,3,1,6,1,1,6
thirteen_20722,3,1,6,1,2,3
thirteen_20723,3,1,6,1,2,4
thirteen_20724,3,1,6,1,2,5
thirteen_20725,3,1,6,1,2,6
thirteen_20726,3,1,6,1,3,2
thirteen_20727,3,1,6,1,3,3
thirteen_20728,3,1,6,1,3,4
thirteen_20729,3,1,6,1,3,5
thirteen_20730,3,1,6,1,3,6
thirteen_20731,3,1,6,1,4,2
thirteen_20732,3,1,6,1,4,3
thirteen_20733,3,1,6,1,4,4
thirteen_20734,3,1,6,1,4,5
thirteen_20735,3,1,6,1,4,6
thirteen_20736,3,1,6,2,7,2
thirteen_20737,3,1,6,2,7,3
thirteen_20738,3,1,6,2,7,4
thirteen_20739,3,1,6,2,7,5
thirteen_20740,3,1,6,2,7,6
thirteen_20741,3,1,6,2,0,3
thirteen_20742,3,1,6,2,0,4
thirteen_20743,3,1,6,2,0,5
thirteen_20744,3,1,6,2,0,6
thirteen_20745,3,1,6,2,1,3
thirteen_20746,3,1,6,2,1,4
thirteen_20747,3,1,6,2,1,5
thirteen_20748,3,1,6,2,1,6
thirteen_20749,3,1,6,2,2,3
thirteen_20750,3,1,6,2,2,4
thirteen_20751,3,1,6,2,2,5
thirteen_20752,3,1,6,2,2,6
thirteen_20753,3,1,6,2,3,2
thirteen_20754,3,1,6,2,3,3
thirteen_20755,3,1,6,2,3,4
thirteen_20756,3,1,6,2,3,5
thirteen_20757,3,1,6,2,3,6
thirteen_20758,3,1,6,2,4,3
thirteen_20759,3,1,6,2,4,4
thirteen_20760,3,1,6,2,4,5
thirteen_20761,3,1,6,2,4,6
thirteen_20762,3,1,6,0,0,3
thirteen_20763,3,1,6,0,0,4
thirteen_20764,3,1,6,0,0,5
thirteen_20765,3,1,6,0,0,6
thirteen_20766,3,1,6,0,1,3
thirteen_20767,3,1,6,0,1,4
thirteen_20768,3,1,6,0,1,5
thirteen_20769,3,1,6,0,1,6
thirteen_20770,3,1,6,0,2,3
thirteen_20771,3,1,6,0,2,4
thirteen_20772,3,1,6,0,2,5
thirteen_20773,3,1,6,0,2,6
thirteen_20774,3,1,6,0,3,2
thirteen_20775,3,1,6,0,3,3
thirteen_20776,3,1,6,0,3,4
thirteen_20777,3,1,6,0,3,5
thirteen_20778,3,1,6,0,3,6
thirteen_20779,3,1,6,0,4,4
thirteen_20780,3,1,6,0,4,5
thirteen_20781,3,1,6,0,4,6
thirteen_20782,3,1,6,0,5,4
thirteen_20783,3,1,6,3,7,3
thirteen_20784,3,1,6,3,7,4
thirteen_20785,3,1,6,3,7,5
thirteen_20786,3,1,6,3,0,3
thirteen_20787,3,1,6,3,0,4
thirteen_20788,3,1,6,3,0,5
thirteen_20789,3,1,6,3,0,6
thirteen_20790,3,1,6,3,1,3
thirteen_20791,3,1,6,3,1,4
thirteen_20792,3,1,6,3,1,5
thirteen_20793,3,1,6,3,1,6
thirteen_20794,3,1,6,3,2,3
thirteen_20795,3,1,6,3,2,4
thirteen_20796,3,1,6,3,2,5
thirteen_20797,3,1,6,3,2,6
thirteen_20798,3,1,6,3,3,3
thirteen_20799,3,1,6,3,3,4
thirteen_20800,3,1,6,3,3,5
thirteen_20801,3,1,6,3,3,6
thirteen_20802,3,1,6,3,4,5
thirteen_20803,3,1,6,5,6,3
thirteen_20804,3,1,6,5,6,4
thirteen_20805,3,1,6,5,6,5
thirteen_20806,3,1,6,5,7,2
thirteen_20807,3,1,6,5,7,3
thirteen_20808,3,1,6,5,7,4
thirteen_20809,3,1,6,5,7,5
thirteen_20810,3,1,6,5,0,3
thirteen_20811,3,1,6,5,0,4
thirteen_20812,3,1,6,5,0,5
thirteen_20813,3,1,6,5,1,3
thirteen_20814,3,1,6,5,1,4
thirteen_20815,3,1,6,5,1,5
thirteen_20816,3,1,6,5,2,3
thirteen_20817,3,1,6,5,2,4
thirteen_20818,3,1,6,5,2,5
thirteen_20819,3,1,6,5,3,2
thirteen_20820,3,1,6,5,4,2
thirteen_20821,3,1,6,6,7,3
thirteen_20822,3,1,6,6,7,4
thirteen_20823,3,1,6,6,7,5
thirteen_20824,3,1,6,6,7,6
thirteen_20825,3,1,6,6,0,3
thirteen_20826,3,1,6,6,0,4
thirteen_20827,3,1,6,6,0,5
thirteen_20828,3,1,6,6,0,6
thirteen_20829,3,1,6,6,1,3
thirteen_20830,3,1,6,6,1,4
thirteen_20831,3,1,6,6,1,5
thirteen_20832,3,1,6,6,1,6
thirteen_20833,3,1,6,6,2,3
thirteen_20834,3,1,6,6,2,4
thirteen_20835,3,1,6,6,2,5
thirteen_20836,3,1,6,6,2,6
thirteen_20837,3,1,6,6,3,2
thirteen_20838,3,1,6,6,3,3
thirteen_20839,3,1,6,6,3,4
thirteen_20840,3,1,6,6,3,5
thirteen_20841,3,1,6,6,3,6
thirteen_20842,3,1,6,6,4,2
thirteen_20843,3,1,6,6,4,3
thirteen_20844,3,1,6,6,4,4
thirteen_20845,3,1,6,7,0,3
thirteen_20846,3,1,6,7,0,4
thirteen_20847,3,1,6,7,0,5
thirteen_20848,3,1,6,7,0,6
thirteen_20849,3,1,6,7,1,3
thirteen_20850,3,1,6,7,1,4
thirteen_20851,3,1,6,7,1,5
thirteen_20852,3,1,6,7,1,6
thirteen_20853,3,1,6,7,2,3
thirteen_20854,3,1,6,7,2,4
thirteen_20855,3,1,6,7,2,5
thirteen_20856,3,1,6,7,2,6
thirteen_20857,3,1,6,7,2,7
thirteen_20858,3,1,6,7,3,2
thirteen_20859,3,1,6,7,3,3
thirteen_20860,3,1,6,7,3,4
thirteen_20861,3,1,6,7,3,5
thirteen_20862,3,1,6,7,3,6
thirteen_20863,3,1,6,7,3,7
thirteen_20864,3,1,6,7,4,2
thirteen_20865,3,1,6,7,4,3
thirteen_20866,3,1,6,7,4,4
thirteen_20867,3,1,6,7,4,5
thirteen_20868,3,2,0,0,7,4
thirteen_20869,3,2,0,0,7,5
thirteen_20870,3,2,0,0,0,5
thirteen_20871,3,2,0,0,1,4
thirteen_20872,3,2,0,0,1,5
thirteen_20873,3,2,0,6,7,4
thirteen_20874,3,2,0,6,0,4
thirteen_20875,3,2,0,6,1,4
thirteen_20876,3,2,0,6,1,5
thirteen_20877,3,2,0,6,1,6
thirteen_20878,3,2,1,0,0,4
thirteen_20879,3,2,1,0,0,5
thirteen_20880,3,2,1,0,1,4
thirteen_20881,3,2,1,0,1,5
thirteen_20882,3,2,1,0,1,6
thirteen_20883,3,2,1,0,2,4
thirteen_20884,3,2,1,0,2,5
thirteen_20885,3,2,1,0,2,6
thirteen_20886,3,2,1,0,3,3
thirteen_20887,3,2,1,0,3,4
thirteen_20888,3,2,1,0,3,5
thirteen_20889,3,2,1,0,3,6
thirteen_20890,3,2,1,5,2,4
thirteen_20891,3,2,1,5,2,5
thirteen_20892,3,2,1,5,3,3
thirteen_20893,3,2,1,5,3,4
thirteen_20894,3,2,1,5,3,5
thirteen_20895,3,2,1,6,0,4
thirteen_20896,3,2,1,6,1,4
thirteen_20897,3,2,1,6,2,4
thirteen_20898,3,2,1,6,2,5
thirteen_20899,3,2,1,6,2,6
thirteen_20900,3,2,1,6,3,3
thirteen_20901,3,2,1,6,3,4
thirteen_20902,3,2,1,6,3,5
thirteen_20903,3,2,1,6,3,6
thirteen_20904,3,2,1,7,0,5
thirteen_20905,3,2,1,7,1,5
thirteen_20906,3,2,1,7,2,5
thirteen_20907,3,2,1,7,2,6
thirteen_20908,3,2,1,7,2,7
thirteen_20909,3,2,4,5,0,4
thirteen_20910,3,2,4,5,0,5
thirteen_20911,3,2,4,5,1,4
thirteen_20912,3,2,4,5,1,5
thirteen_20913,3,2,4,5,3,3
thirteen_20914,3,2,4,6,0,4
thirteen_20915,3,2,4,6,0,5
thirteen_20916,3,2,4,6,0,6
thirteen_20917,3,2,4,6,1,4
thirteen_20918,3,2,4,6,1,5
thirteen_20919,3,2,4,6,1,6
thirteen_20920,3,2,4,6,2,4
thirteen_20921,3,2,4,6,3,3
thirteen_20922,3,2,4,6,3,4
thirteen_20923,3,2,4,7,1,5
thirteen_20924,3,2,4,7,1,6
thirteen_20925,3,2,4,7,1,7
thirteen_20926,3,2,4,7,2,5
thirteen_20927,3,2,4,7,3,5
thirteen_20928,3,2,5,5,1,4
thirteen_20929,3,2,5,5,1,5
thirteen_20930,3,2,5,5,2,4
thirteen_20931,3,2,5,5,2,5
thirteen_20932,3,2,5,5,3,3
thirteen_20933,3,2,5,5,4,3
thirteen_20934,3,2,5,6,1,4
thirteen_20935,3,2,5,6,1,5
thirteen_20936,3,2,5,6,2,4
thirteen_20937,3,2,5,6,2,5
thirteen_20938,3,2,5,6,2,6
thirteen_20939,3,2,5,6,3,3
thirteen_20940,3,2,5,6,3,4
thirteen_20941,3,2,5,6,4,4
thirteen_20942,3,2,5,7,2,5
thirteen_20943,3,2,5,7,2,6
thirteen_20944,3,2,5,7,2,7
thirteen_20945,3,2,5,7,3,5
thirteen_20946,3,2,5,7,4,5
fourteen_20947,0,0,7,2,1,0
fourteen_20948,0,0,7,2,2,0
fourteen_20949,0,0,7,2,5,2
fourteen_20950,0,0,7,2,5,3
fourteen_20951,0,0,7,2,5,4
fourteen_20952,0,0,7,2,5,5
fourteen_20953,0,0,7,2,5,6
fourteen_20954,0,0,7,0,5,2
fourteen_20955,0,0,7,0,5,6
fourteen_20956,0,0,7,3,5,6
fourteen_20957,0,0,7,4,0,0
fourteen_20958,0,0,7,4,1,0
fourteen_20959,0,0,7,4,1,2
fourteen_20960,0,0,7,4,2,0
fourteen_20961,0,0,7,4,2,2
fourteen_20962,0,0,7,4,2,3
fourteen_20963,0,0,7,4,3,2
fourteen_20964,0,0,7,4,3,3
fourteen_20965,0,0,7,4,3,4
fourteen_20966,0,0,7,4,4,4
fourteen_20967,0,0,7,4,4,5
fourteen_20968,0,0,7,4,5,4
fourteen_20969,0,0,7,4,5,6
fourteen_20970,0,0,7,5,0,0
fourteen_20971,0,0,7,5,1,0
fourteen_20972,0,0,7,5,2,0
fourteen_20973,0,0,7,5,5,2
fourteen_20974,0,0,7,6,0,0
fourteen_20975,0,0,7,6,1,0
fourteen_20976,0,0,7,6,2,0
fourteen_20977,0,0,7,6,5,2
fourteen_20978,0,0,7,6,5,3
fourteen_20979,0,0,7,7,0,0
fourteen_20980,0,0,7,7,1,0
fourteen_20981,0,0,7,7,2,0
fourteen_20982,0,0,7,7,5,2
fourteen_20983,0,0,7,7,5,3
fourteen_20984,0,0,7,7,5,4
fourteen_20985,0,0,7,7,5,5
fourteen_20986,0,0,7,7,5,6
fourteen_20987,0,0,0,1,4,6
fourteen_20988,0,0,0,1,5,2
fourteen_20989,0,0,0,1,5,3
fourteen_20990,0,0,0,1,5,4
fourteen_20991,0,0,0,2,5,2
fourteen_20992,0,0,0,2,5,3
fourteen_20993,0,0,0,2,5,4
fourteen_20994,0,0,0,2,5,5
fourteen_20995,0,0,0,2,5,6
fourteen_20996,0,0,0,2,5,7
fourteen_20997,0,0,0,0,5,2
fourteen_20998,0,0,0,0,5,6
fourteen_20999,0,0,0,3,0,0
fourteen_21000,0,0,0,3,1,0
fourteen_21001,0,0,0,3,1,2
fourteen_21002,0,0,0,3,5,6
fourteen_21003,0,0,0,4,3,2
fourteen_21004,0,0,0,4,3,3
fourteen_21005,0,0,0,4,3,4
fourteen_21006,0,0,0,4,4,4
fourteen_21007,0,0,0,4,4,5
fourteen_21008,0,0,0,4,5,4
fourteen_21009,0,0,0,4,5,5
fourteen_21010,0,0,0,4,5,6
fourteen_21011,0,0,0,5,0,1
fourteen_21012,0,0,0,5,1,1
fourteen_21013,0,0,0,5,5,2
fourteen_21014,0,0,0,6,0,1
fourteen_21015,0,0,0,6,1,1
fourteen_21016,0,0,0,6,5,2
fourteen_21017,0,0,0,6,5,3
fourteen_21018,0,0,0,7,5,2
fourteen_21019,0,0,0,7,5,3
fourteen_21020,0,0,0,7,5,4
fourteen_21021,0,0,0,7,5,5
fourteen_21022,0,0,0,7,5,6
fourteen_21023,0,0,1,1,2,1
fourteen_21024,0,0,1,1,3,0
fourteen_21025,0,0,1,1,4,6
fourteen_21026,0,0,1,1,5,2
fourteen_21027,0,0,1,1,5,3
fourteen_21028,0,0,1,1,5,4
fourteen_21029,0,0,1,2,3,0
fourteen_21030,0,0,1,2,5,2
fourteen_21031,0,0,1,2,5,3
fourteen_21032,0,0,1,2,5,4
fourteen_21033,0,0,1,2,5,5
fourteen_21034,0,0,1,2,5,6
fourteen_21035,0,0,1,2,5,7
fourteen_21036,0,0,1,0,5,2
fourteen_21037,0,0,1,0,5,6
fourteen_21038,0,0,1,0,5,7
fourteen_21039,0,0,1,3,5,6
fourteen_21040,0,0,1,4,0,1
fourteen_21041,0,0,1,4,1,1
fourteen_21042,0,0,1,4,2,1
fourteen_21043,0,0,1,4,3,0
fourteen_21044,0,0,1,4,4,4
fourteen_21045,0,0,1,4,4,5
fourteen_21046,0,0,1,4,5,4
fourteen_21047,0,0,1,4,5,5
fourteen_21048,0,0,1,4,5,6
fourteen_21049,0,0,1,5,0,1
fourteen_21050,0,0,1,5,1,1
fourteen_21051,0,0,1,5,2,1
fourteen_21052,0,0,1,5,3,0
fourteen_21053,0,0,1,5,5,2
fourteen_21054,0,0,1,6,0,1
fourteen_21055,0,0,1,6,1,1
fourteen_21056,0,0,1,6,2,1
fourteen_21057,0,0,1,6,3,0
fourteen_21058,0,0,1,6,5,2
fourteen_21059,0,0,1,6,5,3
fourteen_21060,0,0,1,7,0,1
fourteen_21061,0,0,1,7,1,1
fourteen_21062,0,0,1,7,2,1
fourteen_21063,0,0,1,7,3,0
fourteen_21064,0,0,1,7,5,2
fourteen_21065,0,0,1,7,5,3
fourteen_21066,0,0,1,7,5,4
fourteen_21067,0,0,1,7,5,5
fourteen_21068,0,0,1,7,5,6
fourteen_21069,0,0,2,1,4,6
fourteen_21070,0,0,2,1,5,2
fourteen_21071,0,0,2,1,5,3
fourteen_21072,0,0,2,1,5,4
fourteen_21073,0,0,2,2,5,2
fourteen_21074,0,0,2,2,5,3
fourteen_21075,0,0,2,2,5,4
fourteen_21076,0,0,2,2,5,5
fourteen_21077,0,0,2,2,5,6
fourteen_21078,0,0,2,2,5,7
fourteen_21079,0,0,2,0,5,6
fourteen_21080,0,0,2,0,5,7
fourteen_21081,0,0,2,3,0,0
fourteen_21082,0,0,2,3,1,0
fourteen_21083,0,0,2,3,4,3
fourteen_21084,0,0,2,3,4,4
fourteen_21085,0,0,2,3,4,5
fourteen_21086,0,0,2,3,4,6
fourteen_21087,0,0,2,3,5,3
fourteen_21088,0,0,2,3,5,4
fourteen_21089,0,0,2,3,5,5
fourteen_21090,0,0,2,3,5,6
fourteen_21091,0,0,2,3,5,7
fourteen_21092,0,0,2,4,0,0
fourteen_21093,0,0,2,4,4,5
fourteen_21094,0,0,2,5,5,2
fourteen_21095,0,0,2,6,5,2
fourteen_21096,0,0,2,6,5,3
fourteen_21097,0,0,2,7,5,2
fourteen_21098,0,0,2,7,5,3
fourteen_21099,0,0,2,7,5,4
fourteen_21100,0,0,2,7,5,5
fourteen_21101,0,0,2,7,5,6
fourteen_21102,0,0,3,1,1,3
fourteen_21103,0,0,3,1,2,3
fourteen_21104,0,0,3,1,2,4
fourteen_21105,0,0,3,1,3,2
fourteen_21106,0,0,3,1,3,3
fourteen_21107,0,0,3,1,3,4
fourteen_21108,0,0,3,1,4,1
fourteen_21109,0,0,3,1,4,0
fourteen_21110,0,0,3,1,4,2
fourteen_21111,0,0,3,1,4,3
fourteen_21112,0,0,3,1,4,4
fourteen_21113,0,0,3,1,4,5
fourteen_21114,0,0,3,1,4,6
fourteen_21115,0,0,3,1,5,0
fourteen_21116,0,0,3,1,5,2
fourteen_21117,0,0,3,1,5,3
fourteen_21118,0,0,3,1,5,4
fourteen_21119,0,0,3,2,3,4
fourteen_21120,0,0,3,2,3,5
fourteen_21121,0,0,3,2,4,4
fourteen_21122,0,0,3,2,4,5
fourteen_21123,0,0,3,2,4,6
fourteen_21124,0,0,3,2,5,0
fourteen_21125,0,0,3,2,5,2
fourteen_21126,0,0,3,2,5,3
fourteen_21127,0,0,3,2,5,4
fourteen_21128,0,0,3,2,5,5
fourteen_21129,0,0,3,2,5,6
fourteen_21130,0,0,3,2,5,7
fourteen_21131,0,0,3,0,4,6
fourteen_21132,0,0,3,0,5,6
fourteen_21133,0,0,3,0,5,7
fourteen_21134,0,0,3,3,0,0
fourteen_21135,0,0,3,3,1,0
fourteen_21136,0,0,3,3,4,6
fourteen_21137,0,0,3,3,5,3
fourteen_21138,0,0,3,3,5,4
fourteen_21139,0,0,3,3,5,5
fourteen_21140,0,0,3,3,5,6
fourteen_21141,0,0,3,4,3,0
fourteen_21142,0,0,3,4,4,0
fourteen_21143,0,0,3,4,5,0
fourteen_21144,0,0,3,4,5,2
fourteen_21145,0,0,3,4,5,3
fourteen_21146,0,0,3,4,5,7
fourteen_21147,0,0,3,5,3,1
fourteen_21148,0,0,3,5,4,1
fourteen_21149,0,0,3,5,5,0
fourteen_21150,0,0,3,5,5,2
fourteen_21151,0,0,3,6,3,1
fourteen_21152,0,0,3,6,3,0
fourteen_21153,0,0,3,6,3,2
fourteen_21154,0,0,3,6,4,1
fourteen_21155,0,0,3,6,4,0
fourteen_21156,0,0,3,6,4,2
fourteen_21157,0,0,3,6,5,0
fourteen_21158,0,0,3,6,5,2
fourteen_21159,0,0,3,6,5,3
fourteen_21160,0,0,3,7,1,0
fourteen_21161,0,0,3,7,3,1
fourteen_21162,0,0,3,7,3,2
fourteen_21163,0,0,3,7,3,3
fourteen_21164,0,0,3,7,3,4
fourteen_21165,0,0,3,7,4,1
fourteen_21166,0,0,3,7,4,0
fourteen_21167,0,0,3,7,4,2
fourteen_21168,0,0,3,7,4,3
fourteen_21169,0,0,3,7,4,4
fourteen_21170,0,0,3,7,5,2
fourteen_21171,0,0,3,7,5,3
fourteen_21172,0,0,3,7,5,4
fourteen_21173,0,0,3,7,5,5
fourteen_21174,0,0,3,7,5,6
fourteen_21175,0,0,4,1,0,0
fourteen_21176,0,0,4,1,1,1
fourteen_21177,0,0,4,2,0,0
fourteen_21178,0,0,4,0,4,4
fourteen_21179,0,0,4,0,5,2
fourteen_21180,0,0,4,0,5,3
fourteen_21181,0,0,4,0,5,4
fourteen_21182,0,0,4,4,0,0
fourteen_21183,0,0,4,4,1,1
fourteen_21184,0,0,4,4,2,1
fourteen_21185,0,0,4,4,3,1
fourteen_21186,0,0,4,4,4,2
fourteen_21187,0,0,4,4,5,2
fourteen_21188,0,0,4,4,5,3
fourteen_21189,0,0,4,4,5,4
fourteen_21190,0,0,4,5,0,0
fourteen_21191,0,0,4,5,1,1
fourteen_21192,0,0,4,5,2,1
fourteen_21193,0,0,4,5,3,1
fourteen_21194,0,0,4,6,0,0
fourteen_21195,0,0,4,6,1,1
fourteen_21196,0,0,4,6,2,1
fourteen_21197,0,0,4,6,3,1
fourteen_21198,0,0,4,7,0,0
fourteen_21199,0,0,4,7,1,1
fourteen_21200,0,0,4,7,2,1
fourteen_21201,0,0,4,7,3,1
fourteen_21202,0,0,5,1,0,0
fourteen_21203,0,0,5,1,1,0
fourteen_21204,0,0,5,1,2,1
fourteen_21205,0,0,5,2,0,0
fourteen_21206,0,0,5,2,1,0
fourteen_21207,0,0,5,4,0,0
fourteen_21208,0,0,5,4,1,0
fourteen_21209,0,0,5,4,2,1
fourteen_21210,0,0,5,4,2,0
fourteen_21211,0,0,5,4,3,1
fourteen_21212,0,0,5,4,3,0
fourteen_21213,0,0,5,4,4,1
fourteen_21214,0,0,5,4,4,0
fourteen_21215,0,0,5,5,0,0
fourteen_21216,0,0,5,5,1,0
fourteen_21217,0,0,5,5,2,1
fourteen_21218,0,0,5,5,3,1
fourteen_21219,0,0,5,5,4,1
fourteen_21220,0,0,5,6,0,0
fourteen_21221,0,0,5,6,1,0
fourteen_21222,0,0,5,6,2,1
fourteen_21223,0,0,5,6,3,1
fourteen_21224,0,0,5,6,4,1
fourteen_21225,0,0,5,7,0,0
fourteen_21226,0,0,5,7,1,0
fourteen_21227,0,0,5,7,2,1
fourteen_21228,0,0,5,7,3,1
fourteen_21229,0,0,5,7,4,1
fourteen_21230,0,0,6,1,0,0
fourteen_21231,0,0,6,1,1,0
fourteen_21232,0,0,6,1,3,0
fourteen_21233,0,0,6,1,4,6
fourteen_21234,0,0,6,1,5,2
fourteen_21235,0,0,6,1,5,3
fourteen_21236,0,0,6,1,5,4
fourteen_21237,0,0,6,2,0,0
fourteen_21238,0,0,6,2,1,0
fourteen_21239,0,0,6,2,5,4
fourteen_21240,0,0,6,2,5,5
fourteen_21241,0,0,6,2,5,6
fourteen_21242,0,0,6,2,5,7
fourteen_21243,0,0,6,0,5,6
fourteen_21244,0,0,6,0,5,7
fourteen_21245,0,0,6,3,5,6
fourteen_21246,0,0,6,3,5,7
fourteen_21247,0,0,6,4,0,0
fourteen_21248,0,0,6,4,1,0
fourteen_21249,0,0,6,4,1,3
fourteen_21250,0,0,6,4,3,0
fourteen_21251,0,0,6,4,3,2
fourteen_21252,0,0,6,4,3,3
fourteen_21253,0,0,6,4,4,0
fourteen_21254,0,0,6,4,4,2
fourteen_21255,0,0,6,4,5,0
fourteen_21256,0,0,6,4,5,2
fourteen_21257,0,0,6,4,5,7
fourteen_21258,0,0,6,5,0,0
fourteen_21259,0,0,6,5,1,0
fourteen_21260,0,0,6,5,3,0
fourteen_21261,0,0,6,5,4,0
fourteen_21262,0,0,6,5,5,0
fourteen_21263,0,0,6,5,5,2
fourteen_21264,0,0,6,6,0,0
fourteen_21265,0,0,6,6,1,0
fourteen_21266,0,0,6,6,3,0
fourteen_21267,0,0,6,6,4,0
fourteen_21268,0,0,6,6,5,0
fourteen_21269,0,0,6,6,5,2
fourteen_21270,0,0,6,6,5,3
fourteen_21271,0,0,6,7,0,0
fourteen_21272,0,0,6,7,1,0
fourteen_21273,0,0,6,7,5,2
fourteen_21274,0,0,6,7,5,3
fourteen_21275,0,0,6,7,5,4
fourteen_21276,1,0,7,1,6,2
fourteen_21277,1,0,7,1,6,3
fourteen_21278,1,0,7,1,7,2
fourteen_21279,1,0,7,1,7,3
fourteen_21280,1,0,7,1,7,4
fourteen_21281,1,0,7,1,7,5
fourteen_21282,1,0,7,1,7,6
fourteen_21283,1,0,7,1,7,7
fourteen_21284,1,0,7,1,0,2
fourteen_21285,1,0,7,1,0,3
fourteen_21286,1,0,7,1,0,4
fourteen_21287,1,0,7,1,0,5
fourteen_21288,1,0,7,1,0,6
fourteen_21289,1,0,7,1,0,7
fourteen_21290,1,0,7,1,1,0
fourteen_21291,1,0,7,1,1,2
fourteen_21292,1,0,7,1,1,3
fourteen_21293,1,0,7,1,1,4
fourteen_21294,1,0,7,1,1,5
fourteen_21295,1,0,7,1,1,6
fourteen_21296,1,0,7,1,1,7
fourteen_21297,1,0,7,1,2,0
fourteen_21298,1,0,7,1,2,2
fourteen_21299,1,0,7,1,2,3
fourteen_21300,1,0,7,1,2,4
fourteen_21301,1,0,7,1,2,5
fourteen_21302,1,0,7,1,2,6
fourteen_21303,1,0,7,1,2,7
fourteen_21304,1,0,7,1,3,2
fourteen_21305,1,0,7,1,3,3
fourteen_21306,1,0,7,1,3,4
fourteen_21307,1,0,7,1,3,5
fourteen_21308,1,0,7,1,3,6
fourteen_21309,1,0,7,1,4,2
fourteen_21310,1,0,7,1,4,3
fourteen_21311,1,0,7,1,4,4
fourteen_21312,1,0,7,1,4,5
fourteen_21313,1,0,7,1,4,6
fourteen_21314,1,0,7,1,5,3
fourteen_21315,1,0,7,1,5,4
fourteen_21316,1,0,7,1,5,5
fourteen_21317,1,0,7,1,5,6
fourteen_21318,1,0,7,2,7,2
fourteen_21319,1,0,7,2,7,3
fourteen_21320,1,0,7,2,0,2
fourteen_21321,1,0,7,2,0,3
fourteen_21322,1,0,7,2,0,4
fourteen_21323,1,0,7,2,0,5
fourteen_21324,1,0,7,2,0,6
fourteen_21325,1,0,7,2,0,7
fourteen_21326,1,0,7,2,1,0
fourteen_21327,1,0,7,2,1,6
fourteen_21328,1,0,7,2,1,7
fourteen_21329,1,0,7,2,2,0
fourteen_21330,1,0,7,2,2,6
fourteen_21331,1,0,7,2,2,7
fourteen_21332,1,0,7,2,3,6
fourteen_21333,1,0,7,2,4,2
fourteen_21334,1,0,7,2,4,3
fourteen_21335,1,0,7,2,4,4
fourteen_21336,1,0,7,2,4,5
fourteen_21337,1,0,7,2,4,6
fourteen_21338,1,0,7,0,0,6
fourteen_21339,1,0,7,0,0,7
fourteen_21340,1,0,7,0,1,6
fourteen_21341,1,0,7,0,1,7
fourteen_21342,1,0,7,0,2,6
fourteen_21343,1,0,7,0,2,7
fourteen_21344,1,0,7,0,3,6
fourteen_21345,1,0,7,0,4,2
fourteen_21346,1,0,7,0,4,3
fourteen_21347,1,0,7,0,4,4
fourteen_21348,1,0,7,0,4,5
fourteen_21349,1,0,7,0,4,6
fourteen_21350,1,0,7,0,5,3
fourteen_21351,1,0,7,0,5,4
fourteen_21352,1,0,7,0,5,5
fourteen_21353,1,0,7,0,5,6
fourteen_21354,1,0,7,3,6,5
fourteen_21355,1,0,7,3,7,5
fourteen_21356,1,0,7,3,7,6
fourteen_21357,1,0,7,3,0,3
fourteen_21358,1,0,7,3,0,4
fourteen_21359,1,0,7,3,0,5
fourteen_21360,1,0,7,3,0,6
fourteen_21361,1,0,7,3,0,7
fourteen_21362,1,0,7,3,1,3
fourteen_21363,1,0,7,3,1,4
fourteen_21364,1,0,7,3,1,5
fourteen_21365,1,0,7,3,1,6
fourteen_21366,1,0,7,3,1,7
fourteen_21367,1,0,7,3,2,3
fourteen_21368,1,0,7,3,2,4
fourteen_21369,1,0,7,3,2,5
fourteen_21370,1,0,7,3,2,6
fourteen_21371,1,0,7,3,2,7
fourteen_21372,1,0,7,3,3,3
fourteen_21373,1,0,7,3,3,4
fourteen_21374,1,0,7,3,3,5
fourteen_21375,1,0,7,3,3,6
fourteen_21376,1,0,7,3,4,3
fourteen_21377,1,0,7,3,4,4
fourteen_21378,1,0,7,3,4,5
fourteen_21379,1,0,7,3,4,6
fourteen_21380,1,0,7,3,5,3
fourteen_21381,1,0,7,3,5,4
fourteen_21382,1,0,7,3,5,5
fourteen_21383,1,0,7,3,5,6
fourteen_21384,1,0,7,4,6,2
fourteen_21385,1,0,7,4,6,6
fourteen_21386,1,0,7,4,7,2
fourteen_21387,1,0,7,4,7,6
fourteen_21388,1,0,7,4,0,2
fourteen_21389,1,0,7,4,0,3
fourteen_21390,1,0,7,4,0,4
fourteen_21391,1,0,7,4,0,5
fourteen_21392,1,0,7,4,0,6
fourteen_21393,1,0,7,4,1,0
fourteen_21394,1,0,7,4,1,2
fourteen_21395,1,0,7,4,1,3
fourteen_21396,1,0,7,4,1,4
fourteen_21397,1,0,7,4,2,0
fourteen_21398,1,0,7,4,2,2
fourteen_21399,1,0,7,4,2,3
fourteen_21400,1,0,7,4,2,4
fourteen_21401,1,0,7,5,6,3
fourteen_21402,1,0,7,5,7,2
fourteen_21403,1,0,7,5,0,2
fourteen_21404,1,0,7,5,1,0
fourteen_21405,1,0,7,5,2,0
fourteen_21406,1,0,7,5,4,2
fourteen_21407,1,0,7,5,4,3
fourteen_21408,1,0,7,5,4,4
fourteen_21409,1,0,7,5,4,5
fourteen_21410,1,0,7,5,5,3
fourteen_21411,1,0,7,5,5,4
fourteen_21412,1,0,7,5,5,5
fourteen_21413,1,0,7,6,6,4
fourteen_21414,1,0,7,6,7,3
fourteen_21415,1,0,7,6,7,4
fourteen_21416,1,0,7,6,0,2
fourteen_21417,1,0,7,6,0,6
fourteen_21418,1,0,7,6,1,0
fourteen_21419,1,0,7,6,1,6
fourteen_21420,1,0,7,6,2,0
fourteen_21421,1,0,7,6,2,6
fourteen_21422,1,0,7,6,3,6
fourteen_21423,1,0,7,6,4,2
fourteen_21424,1,0,7,6,4,3
fourteen_21425,1,0,7,6,4,4
fourteen_21426,1,0,7,6,4,5
fourteen_21427,1,0,7,6,4,6
fourteen_21428,1,0,7,6,5,3
fourteen_21429,1,0,7,6,5,4
fourteen_21430,1,0,7,6,5,5
fourteen_21431,1,0,7,6,5,6
fourteen_21432,1,0,7,7,7,2
fourteen_21433,1,0,7,7,7,3
fourteen_21434,1,0,7,7,7,4
fourteen_21435,1,0,7,7,7,5
fourteen_21436,1,0,7,7,0,2
fourteen_21437,1,0,7,7,0,3
fourteen_21438,1,0,7,7,0,4
fourteen_21439,1,0,7,7,0,5
fourteen_21440,1,0,7,7,0,6
fourteen_21441,1,0,7,7,0,7
fourteen_21442,1,0,7,7,1,0
fourteen_21443,1,0,7,7,1,2
fourteen_21444,1,0,7,7,1,3
fourteen_21445,1,0,7,7,1,4
fourteen_21446,1,0,7,7,1,5
fourteen_21447,1,0,7,7,1,6
fourteen_21448,1,0,7,7,1,7
fourteen_21449,1,0,7,7,2,0
fourteen_21450,1,0,7,7,2,2
fourteen_21451,1,0,7,7,2,3
fourteen_21452,1,0,7,7,2,4
fourteen_21453,1,0,7,7,2,5
fourteen_21454,1,0,7,7,2,6
fourteen_21455,1,0,7,7,2,7
fourteen_21456,1,0,7,7,3,2
fourteen_21457,1,0,7,7,3,3
fourteen_21458,1,0,7,7,3,4
fourteen_21459,1,0,7,7,3,5
fourteen_21460,1,0,7,7,3,6
fourteen_21461,1,0,7,7,4,2
fourteen_21462,1,0,7,7,4,3
fourteen_21463,1,0,7,7,4,4
fourteen_21464,1,0,7,7,4,5
fourteen_21465,1,0,7,7,4,6
fourteen_21466,1,0,7,7,5,4
fourteen_21467,1,0,7,7,5,5
fourteen_21468,1,0,7,7,5,6
fourteen_21469,1,0,0,2,0,5
fourteen_21470,1,0,0,2,0,6
fourteen_21471,1,0,0,2,0,7
fourteen_21472,1,0,0,2,1,6
fourteen_21473,1,0,0,2,1,7
fourteen_21474,1,0,0,2,2,0
fourteen_21475,1,0,0,2,2,6
fourteen_21476,1,0,0,2,2,7
fourteen_21477,1,0,0,2,3,6
fourteen_21478,1,0,0,2,3,7
fourteen_21479,1,0,0,2,4,5
fourteen_21480,1,0,0,2,4,6
fourteen_21481,1,0,0,2,4,7
fourteen_21482,1,0,0,0,0,7
fourteen_21483,1,0,0,0,1,7
fourteen_21484,1,0,0,0,2,7
fourteen_21485,1,0,0,0,3,7
fourteen_21486,1,0,0,0,4,6
fourteen_21487,1,0,0,0,4,7
fourteen_21488,1,0,0,0,5,3
fourteen_21489,1,0,0,0,5,4
fourteen_21490,1,0,0,0,5,5
fourteen_21491,1,0,0,0,5,6
fourteen_21492,1,0,0,3,7,6
fourteen_21493,1,0,0,3,0,6
fourteen_21494,1,0,0,3,0,7
fourteen_21495,1,0,0,3,1,6
fourteen_21496,1,0,0,3,1,7
fourteen_21497,1,0,0,3,2,3
fourteen_21498,1,0,0,3,2,4
fourteen_21499,1,0,0,3,2,5
fourteen_21500,1,0,0,3,2,6
fourteen_21501,1,0,0,3,2,7
fourteen_21502,1,0,0,3,3,3
fourteen_21503,1,0,0,3,3,4
fourteen_21504,1,0,0,3,3,5
fourteen_21505,1,0,0,3,3,6
fourteen_21506,1,0,0,3,3,7
fourteen_21507,1,0,0,3,4,3
fourteen_21508,1,0,0,3,4,4
fourteen_21509,1,0,0,3,4,5
fourteen_21510,1,0,0,3,4,6
fourteen_21511,1,0,0,3,5,3
fourteen_21512,1,0,0,3,5,4
fourteen_21513,1,0,0,3,5,5
fourteen_21514,1,0,0,3,5,6
fourteen_21515,1,0,0,4,7,6
fourteen_21516,1,0,0,4,7,7
fourteen_21517,1,0,0,4,0,6
fourteen_21518,1,0,0,4,0,7
fourteen_21519,1,0,0,4,1,0
fourteen_21520,1,0,0,4,1,5
fourteen_21521,1,0,0,4,1,6
fourteen_21522,1,0,0,4,1,7
fourteen_21523,1,0,0,4,2,0
fourteen_21524,1,0,0,4,2,2
fourteen_21525,1,0,0,4,2,3
fourteen_21526,1,0,0,4,2,4
fourteen_21527,1,0,0,4,2,5
fourteen_21528,1,0,0,4,2,6
fourteen_21529,1,0,0,4,2,7
fourteen_21530,1,0,0,4,3,2
fourteen_21531,1,0,0,4,3,3
fourteen_21532,1,0,0,4,3,4
fourteen_21533,1,0,0,5,7,2
fourteen_21534,1,0,0,5,1,0
fourteen_21535,1,0,0,5,2,0
fourteen_21536,1,0,0,5,5,3
fourteen_21537,1,0,0,5,5,4
fourteen_21538,1,0,0,5,5,5
fourteen_21539,1,0,0,6,7,3
fourteen_21540,1,0,0,6,1,0
fourteen_21541,1,0,0,6,2,0
fourteen_21542,1,0,0,6,4,2
fourteen_21543,1,0,0,6,4,6
fourteen_21544,1,0,0,6,5,3
fourteen_21545,1,0,0,6,5,4
fourteen_21546,1,0,0,6,5,5
fourteen_21547,1,0,0,6,5,6
fourteen_21548,1,0,0,7,7,2
fourteen_21549,1,0,0,7,7,3
fourteen_21550,1,0,0,7,7,4
fourteen_21551,1,0,0,7,1,0
fourteen_21552,1,0,0,7,2,0
fourteen_21553,1,0,0,7,2,7
fourteen_21554,1,0,0,7,3,2
fourteen_21555,1,0,0,7,3,6
fourteen_21556,1,0,0,7,3,7
fourteen_21557,1,0,0,7,4,2
fourteen_21558,1,0,0,7,4,3
fourteen_21559,1,0,0,7,4,4
fourteen_21560,1,0,0,7,4,5
fourteen_21561,1,0,0,7,4,6
fourteen_21562,1,0,0,7,4,7
fourteen_21563,1,0,0,7,5,4
fourteen_21564,1,0,0,7,5,5
fourteen_21565,1,0,0,7,5,6
fourteen_21566,1,0,0,7,5,7
fourteen_21567,1,0,1,1,0,5
fourteen_21568,1,0,1,1,0,6
fourteen_21569,1,0,1,1,0,7
fourteen_21570,1,0,1,1,1,1
fourteen_21571,1,0,1,1,1,6
fourteen_21572,1,0,1,1,1,7
fourteen_21573,1,0,1,1,2,1
fourteen_21574,1,0,1,1,2,6
fourteen_21575,1,0,1,1,2,7
fourteen_21576,1,0,1,1,3,0
fourteen_21577,1,0,1,1,3,6
fourteen_21578,1,0,1,1,3,7
fourteen_21579,1,0,1,1,4,2
fourteen_21580,1,0,1,1,4,3
fourteen_21581,1,0,1,1,4,4
fourteen_21582,1,0,1,1,4,5
fourteen_21583,1,0,1,1,4,6
fourteen_21584,1,0,1,1,4,7
fourteen_21585,1,0,1,2,0,7
fourteen_21586,1,0,1,2,1,7
fourteen_21587,1,0,1,2,2,7
fourteen_21588,1,0,1,2,3,0
fourteen_21589,1,0,1,2,3,7
fourteen_21590,1,0,1,2,4,5
fourteen_21591,1,0,1,2,4,6
fourteen_21592,1,0,1,2,4,7
fourteen_21593,1,0,1,0,0,7
fourteen_21594,1,0,1,0,1,7
fourteen_21595,1,0,1,0,2,7
fourteen_21596,1,0,1,0,3,7
fourteen_21597,1,0,1,0,4,6
fourteen_21598,1,0,1,0,4,7
fourteen_21599,1,0,1,0,5,3
fourteen_21600,1,0,1,0,5,4
fourteen_21601,1,0,1,0,5,5
fourteen_21602,1,0,1,0,5,6
fourteen_21603,1,0,1,3,0,6
fourteen_21604,1,0,1,3,0,7
fourteen_21605,1,0,1,3,1,6
fourteen_21606,1,0,1,3,1,7
fourteen_21607,1,0,1,3,2,6
fourteen_21608,1,0,1,3,2,7
fourteen_21609,1,0,1,3,3,3
fourteen_21610,1,0,1,3,3,4
fourteen_21611,1,0,1,3,3,5
fourteen_21612,1,0,1,3,3,6
fourteen_21613,1,0,1,3,3,7
fourteen_21614,1,0,1,3,4,3
fourteen_21615,1,0,1,3,4,4
fourteen_21616,1,0,1,3,4,5
fourteen_21617,1,0,1,3,4,6
fourteen_21618,1,0,1,3,5,3
fourteen_21619,1,0,1,3,5,4
fourteen_21620,1,0,1,3,5,5
fourteen_21621,1,0,1,3,5,6
fourteen_21622,1,0,1,4,0,6
fourteen_21623,1,0,1,4,0,7
fourteen_21624,1,0,1,4,1,1
fourteen_21625,1,0,1,4,1,6
fourteen_21626,1,0,1,4,1,7
fourteen_21627,1,0,1,4,2,1
fourteen_21628,1,0,1,4,2,5
fourteen_21629,1,0,1,4,2,6
fourteen_21630,1,0,1,4,2,7
fourteen_21631,1,0,1,4,3,0
fourteen_21632,1,0,1,4,3,5
fourteen_21633,1,0,1,4,3,6
fourteen_21634,1,0,1,4,3,7
fourteen_21635,1,0,1,4,4,4
fourteen_21636,1,0,1,4,4,5
fourteen_21637,1,0,1,4,4,6
fourteen_21638,1,0,1,4,4,7
fourteen_21639,1,0,1,5,0,7
fourteen_21640,1,0,1,5,1,1
fourteen_21641,1,0,1,5,1,7
fourteen_21642,1,0,1,5,2,1
fourteen_21643,1,0,1,5,2,6
fourteen_21644,1,0,1,5,2,7
fourteen_21645,1,0,1,5,3,0
fourteen_21646,1,0,1,6,1,1
fourteen_21647,1,0,1,6,2,1
fourteen_21648,1,0,1,6,3,0
fourteen_21649,1,0,1,6,4,2
fourteen_21650,1,0,1,6,5,3
fourteen_21651,1,0,1,7,1,1
fourteen_21652,1,0,1,7,2,1
fourteen_21653,1,0,1,7,3,0
fourteen_21654,1,0,1,7,3,2
fourteen_21655,1,0,1,7,4,2
fourteen_21656,1,0,1,7,4,3
fourteen_21657,1,0,1,7,4,4
fourteen_21658,1,0,1,7,4,5
fourteen_21659,1,0,1,7,4,6
fourteen_21660,1,0,1,7,4,7
fourteen_21661,1,0,1,7,5,4
fourteen_21662,1,0,1,7,5,5
fourteen_21663,1,0,1,7,5,6
fourteen_21664,1,0,1,7,5,7
fourteen_21665,1,0,2,1,1,6
fourteen_21666,1,0,2,1,1,7
fourteen_21667,1,0,2,1,2,6
fourteen_21668,1,0,2,1,2,7
fourteen_21669,1,0,2,1,3,6
fourteen_21670,1,0,2,1,3,7
fourteen_21671,1,0,2,1,4,2
fourteen_21672,1,0,2,1,4,3
fourteen_21673,1,0,2,1,4,4
fourteen_21674,1,0,2,1,4,5
fourteen_21675,1,0,2,1,4,6
fourteen_21676,1,0,2,1,4,7
fourteen_21677,1,0,2,2,1,6
fourteen_21678,1,0,2,2,1,7
fourteen_21679,1,0,2,2,2,6
fourteen_21680,1,0,2,2,2,7
fourteen_21681,1,0,2,2,3,6
fourteen_21682,1,0,2,2,3,7
fourteen_21683,1,0,2,2,4,5
fourteen_21684,1,0,2,2,4,6
fourteen_21685,1,0,2,2,4,7
fourteen_21686,1,0,2,2,5,2
fourteen_21687,1,0,2,2,5,3
fourteen_21688,1,0,2,2,5,4
fourteen_21689,1,0,2,0,1,7
fourteen_21690,1,0,2,0,2,7
fourteen_21691,1,0,2,0,3,7
fourteen_21692,1,0,2,0,4,6
fourteen_21693,1,0,2,0,4,7
fourteen_21694,1,0,2,0,5,2
fourteen_21695,1,0,2,0,5,3
fourteen_21696,1,0,2,0,5,4
fourteen_21697,1,0,2,0,5,5
fourteen_21698,1,0,2,0,5,6
fourteen_21699,1,0,2,4,1,0
fourteen_21700,1,0,2,4,1,6
fourteen_21701,1,0,2,4,1,7
fourteen_21702,1,0,2,4,2,0
fourteen_21703,1,0,2,4,2,6
fourteen_21704,1,0,2,4,2,7
fourteen_21705,1,0,2,4,3,0
fourteen_21706,1,0,2,4,3,5
fourteen_21707,1,0,2,4,3,6
fourteen_21708,1,0,2,4,3,7
fourteen_21709,1,0,2,4,4,2
fourteen_21710,1,0,2,4,4,3
fourteen_21711,1,0,2,4,4,4
fourteen_21712,1,0,2,4,4,5
fourteen_21713,1,0,2,4,4,6
fourteen_21714,1,0,2,4,4,7
fourteen_21715,1,0,2,5,5,2
fourteen_21716,1,0,2,5,5,3
fourteen_21717,1,0,2,5,5,4
fourteen_21718,1,0,2,5,5,5
fourteen_21719,1,0,2,6,4,2
fourteen_21720,1,0,2,6,4,6
fourteen_21721,1,0,2,6,5,2
fourteen_21722,1,0,2,6,5,3
fourteen_21723,1,0,2,6,5,4
fourteen_21724,1,0,2,6,5,5
fourteen_21725,1,0,2,6,5,6
fourteen_21726,1,0,2,7,3,6
fourteen_21727,1,0,2,7,3,7
fourteen_21728,1,0,2,7,4,2
fourteen_21729,1,0,2,7,4,3
fourteen_21730,1,0,2,7,4,4
fourteen_21731,1,0,2,7,4,5
fourteen_21732,1,0,2,7,4,6
fourteen_21733,1,0,2,7,4,7
fourteen_21734,1,0,2,7,5,4
fourteen_21735,1,0,2,7,5,5
fourteen_21736,1,0,2,7,5,6
fourteen_21737,1,0,2,7,5,7
fourteen_21738,1,0,3,1,0,2
fourteen_21739,1,0,3,1,0,3
fourteen_21740,1,0,3,1,0,4
fourteen_21741,1,0,3,1,0,5
fourteen_21742,1,0,3,1,1,2
fourteen_21743,1,0,3,1,1,3
fourteen_21744,1,0,3,1,1,5
fourteen_21745,1,0,3,1,2,2
fourteen_21746,1,0,3,1,2,3
fourteen_21747,1,0,3,1,2,4
fourteen_21748,1,0,3,1,2,5
fourteen_21749,1,0,3,2,7,2
fourteen_21750,1,0,3,2,7,3
fourteen_21751,1,0,3,2,0,4
fourteen_21752,1,0,3,2,0,5
fourteen_21753,1,0,3,2,1,5
fourteen_21754,1,0,3,2,2,4
fourteen_21755,1,0,3,2,2,5
fourteen_21756,1,0,3,2,3,3
fourteen_21757,1,0,3,2,4,0
fourteen_21758,1,0,3,2,4,2
fourteen_21759,1,0,3,2,4,3
fourteen_21760,1,0,3,0,7,2
fourteen_21761,1,0,3,0,7,3
fourteen_21762,1,0,3,0,7,4
fourteen_21763,1,0,3,0,0,5
fourteen_21764,1,0,3,0,1,5
fourteen_21765,1,0,3,0,2,5
fourteen_21766,1,0,3,0,3,4
fourteen_21767,1,0,3,0,4,2
fourteen_21768,1,0,3,0,4,3
fourteen_21769,1,0,3,0,4,4
fourteen_21770,1,0,3,3,0,3
fourteen_21771,1,0,3,3,0,4
fourteen_21772,1,0,3,3,0,5
fourteen_21773,1,0,3,3,1,5
fourteen_21774,1,0,3,3,2,5
fourteen_21775,1,0,3,3,3,5
fourteen_21776,1,0,3,3,4,3
fourteen_21777,1,0,3,3,4,4
fourteen_21778,1,0,3,3,4,5
fourteen_21779,1,0,3,4,6,2
fourteen_21780,1,0,3,4,6,3
fourteen_21781,1,0,3,4,6,4
fourteen_21782,1,0,3,4,7,2
fourteen_21783,1,0,3,4,7,3
fourteen_21784,1,0,3,4,7,4
fourteen_21785,1,0,3,4,7,5
fourteen_21786,1,0,3,4,7,6
fourteen_21787,1,0,3,4,7,7
fourteen_21788,1,0,3,4,0,5
fourteen_21789,1,0,3,4,0,6
fourteen_21790,1,0,3,4,0,7
fourteen_21791,1,0,3,4,1,1
fourteen_21792,1,0,3,4,1,6
fourteen_21793,1,0,3,4,1,7
fourteen_21794,1,0,3,4,2,1
fourteen_21795,1,0,3,4,2,6
fourteen_21796,1,0,3,4,2,7
fourteen_21797,1,0,3,4,3,2
fourteen_21798,1,0,3,4,3,6
fourteen_21799,1,0,3,4,4,2
fourteen_21800,1,0,3,4,4,3
fourteen_21801,1,0,3,4,4,4
fourteen_21802,1,0,3,4,4,5
fourteen_21803,1,0,3,4,4,6
fourteen_21804,1,0,3,5,6,3
fourteen_21805,1,0,3,5,6,4
fourteen_21806,1,0,3,5,6,5
fourteen_21807,1,0,3,5,7,2
fourteen_21808,1,0,3,5,0,6
fourteen_21809,1,0,3,5,0,7
fourteen_21810,1,0,3,5,1,1
fourteen_21811,1,0,3,5,1,7
fourteen_21812,1,0,3,5,2,1
fourteen_21813,1,0,3,5,2,7
fourteen_21814,1,0,3,5,3,2
fourteen_21815,1,0,3,5,3,3
fourteen_21816,1,0,3,5,4,2
fourteen_21817,1,0,3,5,4,3
fourteen_21818,1,0,3,5,4,4
fourteen_21819,1,0,3,5,4,5
fourteen_21820,1,0,3,5,5,2
fourteen_21821,1,0,3,5,5,3
fourteen_21822,1,0,3,5,5,4
fourteen_21823,1,0,3,5,5,5
fourteen_21824,1,0,3,6,6,4
fourteen_21825,1,0,3,6,6,5
fourteen_21826,1,0,3,6,6,6
fourteen_21827,1,0,3,6,7,3
fourteen_21828,1,0,3,6,7,4
fourteen_21829,1,0,3,6,7,5
fourteen_21830,1,0,3,6,7,6
fourteen_21831,1,0,3,6,1,1
fourteen_21832,1,0,3,6,1,2
fourteen_21833,1,0,3,6,2,1
fourteen_21834,1,0,3,6,3,4
fourteen_21835,1,0,3,6,4,4
fourteen_21836,1,0,3,6,4,5
fourteen_21837,1,0,3,6,4,6
fourteen_21838,1,0,3,7,7,2
fourteen_21839,1,0,3,7,7,3
fourteen_21840,1,0,3,7,7,4
fourteen_21841,1,0,3,7,7,5
fourteen_21842,1,0,3,7,7,6
fourteen_21843,1,0,3,7,7,7
fourteen_21844,1,0,3,7,0,2
fourteen_21845,1,0,3,7,0,3
fourteen_21846,1,0,3,7,0,4
fourteen_21847,1,0,3,7,0,5
fourteen_21848,1,0,3,7,0,6
fourteen_21849,1,0,3,7,0,7
fourteen_21850,1,0,3,7,1,1
fourteen_21851,1,0,3,7,1,0
fourteen_21852,1,0,3,7,1,2
fourteen_21853,1,0,3,7,1,3
fourteen_21854,1,0,3,7,1,4
fourteen_21855,1,0,3,7,1,5
fourteen_21856,1,0,3,7,2,1
fourteen_21857,1,0,3,7,2,0
fourteen_21858,1,0,3,7,2,2
fourteen_21859,1,0,3,7,2,3
fourteen_21860,1,0,3,7,2,4
fourteen_21861,1,0,3,7,2,5
fourteen_21862,1,0,4,1,0,5
fourteen_21863,1,0,4,1,0,6
fourteen_21864,1,0,4,1,0,7
fourteen_21865,1,0,4,1,1,6
fourteen_21866,1,0,4,1,1,7
fourteen_21867,1,0,4,1,2,6
fourteen_21868,1,0,4,1,2,7
fourteen_21869,1,0,4,1,3,6
fourteen_21870,1,0,4,1,3,7
fourteen_21871,1,0,4,2,0,5
fourteen_21872,1,0,4,2,0,6
fourteen_21873,1,0,4,2,0,7
fourteen_21874,1,0,4,2,1,6
fourteen_21875,1,0,4,2,1,7
fourteen_21876,1,0,4,2,2,6
fourteen_21877,1,0,4,2,2,7
fourteen_21878,1,0,4,2,3,6
fourteen_21879,1,0,4,2,3,7
fourteen_21880,1,0,4,0,0,6
fourteen_21881,1,0,4,0,0,7
fourteen_21882,1,0,4,0,1,6
fourteen_21883,1,0,4,0,1,7
fourteen_21884,1,0,4,0,2,6
fourteen_21885,1,0,4,0,2,7
fourteen_21886,1,0,4,0,3,6
fourteen_21887,1,0,4,0,3,7
fourteen_21888,1,0,4,3,6,3
fourteen_21889,1,0,4,3,6,4
fourteen_21890,1,0,4,3,6,5
fourteen_21891,1,0,4,3,7,3
fourteen_21892,1,0,4,3,7,4
fourteen_21893,1,0,4,3,7,5
fourteen_21894,1,0,4,3,7,6
fourteen_21895,1,0,4,3,0,7
fourteen_21896,1,0,4,3,1,7
fourteen_21897,1,0,4,3,2,7
fourteen_21898,1,0,4,3,3,7
fourteen_21899,1,0,4,4,6,2
fourteen_21900,1,0,4,4,6,3
fourteen_21901,1,0,4,4,6,4
fourteen_21902,1,0,4,4,7,5
fourteen_21903,1,0,4,4,7,6
fourteen_21904,1,0,4,4,7,7
fourteen_21905,1,0,4,4,0,3
fourteen_21906,1,0,4,4,0,5
fourteen_21907,1,0,4,4,0,6
fourteen_21908,1,0,4,4,0,7
fourteen_21909,1,0,4,4,1,5
fourteen_21910,1,0,4,4,1,6
fourteen_21911,1,0,4,4,1,7
fourteen_21912,1,0,4,4,2,6
fourteen_21913,1,0,4,4,2,7
fourteen_21914,1,0,4,4,3,6
fourteen_21915,1,0,4,4,3,7
fourteen_21916,1,0,4,5,6,3
fourteen_21917,1,0,4,5,6,4
fourteen_21918,1,0,4,5,6,5
fourteen_21919,1,0,4,5,7,2
fourteen_21920,1,0,4,6,6,4
fourteen_21921,1,0,4,6,6,5
fourteen_21922,1,0,4,6,6,6
fourteen_21923,1,0,4,6,7,3
fourteen_21924,1,0,4,7,7,2
fourteen_21925,1,0,4,7,7,3
fourteen_21926,1,0,4,7,7,4
fourteen_21927,1,0,4,7,7,5
fourteen_21928,1,0,4,7,7,6
fourteen_21929,1,0,4,7,7,7
fourteen_21930,1,0,4,7,0,7
fourteen_21931,1,0,5,1,0,5
fourteen_21932,1,0,5,1,0,6
fourteen_21933,1,0,5,1,0,7
fourteen_21934,1,0,5,1,1,0
fourteen_21935,1,0,5,1,1,6
fourteen_21936,1,0,5,1,1,7
fourteen_21937,1,0,5,1,2,0
fourteen_21938,1,0,5,1,2,6
fourteen_21939,1,0,5,1,2,7
fourteen_21940,1,0,5,1,3,2
fourteen_21941,1,0,5,1,3,6
fourteen_21942,1,0,5,1,3,7
fourteen_21943,1,0,5,1,4,2
fourteen_21944,1,0,5,1,4,3
fourteen_21945,1,0,5,1,4,4
fourteen_21946,1,0,5,1,4,5
fourteen_21947,1,0,5,1,4,6
fourteen_21948,1,0,5,1,4,7
fourteen_21949,1,0,5,2,0,5
fourteen_21950,1,0,5,2,0,6
fourteen_21951,1,0,5,2,0,7
fourteen_21952,1,0,5,2,1,0
fourteen_21953,1,0,5,2,1,6
fourteen_21954,1,0,5,2,1,7
fourteen_21955,1,0,5,2,2,6
fourteen_21956,1,0,5,2,2,7
fourteen_21957,1,0,5,2,3,6
fourteen_21958,1,0,5,2,3,7
fourteen_21959,1,0,5,2,4,5
fourteen_21960,1,0,5,2,4,6
fourteen_21961,1,0,5,2,4,7
fourteen_21962,1,0,5,0,0,6
fourteen_21963,1,0,5,0,0,7
fourteen_21964,1,0,5,0,1,6
fourteen_21965,1,0,5,0,1,7
fourteen_21966,1,0,5,0,2,6
fourteen_21967,1,0,5,0,2,7
fourteen_21968,1,0,5,0,3,6
fourteen_21969,1,0,5,0,3,7
fourteen_21970,1,0,5,0,4,6
fourteen_21971,1,0,5,0,4,7
fourteen_21972,1,0,5,3,6,3
fourteen_21973,1,0,5,3,6,4
fourteen_21974,1,0,5,3,6,5
fourteen_21975,1,0,5,3,7,3
fourteen_21976,1,0,5,3,7,4
fourteen_21977,1,0,5,3,7,5
fourteen_21978,1,0,5,3,7,6
fourteen_21979,1,0,5,3,0,3
fourteen_21980,1,0,5,3,0,4
fourteen_21981,1,0,5,3,0,5
fourteen_21982,1,0,5,3,0,6
fourteen_21983,1,0,5,3,0,7
fourteen_21984,1,0,5,3,1,3
fourteen_21985,1,0,5,3,1,4
fourteen_21986,1,0,5,3,1,5
fourteen_21987,1,0,5,3,1,6
fourteen_21988,1,0,5,3,1,7
fourteen_21989,1,0,5,3,2,6
fourteen_21990,1,0,5,3,2,7
fourteen_21991,1,0,5,3,3,6
fourteen_21992,1,0,5,3,3,7
fourteen_21993,1,0,5,3,4,6
fourteen_21994,1,0,5,4,6,2
fourteen_21995,1,0,5,4,6,3
fourteen_21996,1,0,5,4,6,4
fourteen_21997,1,0,5,4,0,3
fourteen_21998,1,0,5,4,0,5
fourteen_21999,1,0,5,4,0,6
fourteen_22000,1,0,5,4,0,7
fourteen_22001,1,0,5,4,1,0
fourteen_22002,1,0,5,4,1,5
fourteen_22003,1,0,5,4,1,6
fourteen_22004,1,0,5,4,1,7
fourteen_22005,1,0,5,4,2,0
fourteen_22006,1,0,5,4,2,3
fourteen_22007,1,0,5,4,2,5
fourteen_22008,1,0,5,4,2,6
fourteen_22009,1,0,5,4,2,7
fourteen_22010,1,0,5,4,3,0
fourteen_22011,1,0,5,4,3,6
fourteen_22012,1,0,5,4,3,7
fourteen_22013,1,0,5,4,4,0
fourteen_22014,1,0,5,4,4,2
fourteen_22015,1,0,5,4,4,6
fourteen_22016,1,0,5,4,4,7
fourteen_22017,1,0,5,5,6,3
fourteen_22018,1,0,5,5,6,4
fourteen_22019,1,0,5,5,6,5
fourteen_22020,1,0,5,5,7,2
fourteen_22021,1,0,5,5,1,0
fourteen_22022,1,0,5,6,6,4
fourteen_22023,1,0,5,6,6,5
fourteen_22024,1,0,5,6,6,6
fourteen_22025,1,0,5,6,7,3
fourteen_22026,1,0,5,6,1,0
fourteen_22027,1,0,5,6,2,0
fourteen_22028,1,0,5,6,3,0
fourteen_22029,1,0,5,6,4,0
fourteen_22030,1,0,5,6,4,2
fourteen_22031,1,0,5,7,7,2
fourteen_22032,1,0,5,7,7,3
fourteen_22033,1,0,5,7,7,4
fourteen_22034,1,0,5,7,7,5
fourteen_22035,1,0,5,7,7,6
fourteen_22036,1,0,5,7,7,7
fourteen_22037,1,0,5,7,0,7
fourteen_22038,1,0,5,7,1,0
fourteen_22039,1,0,5,7,1,7
fourteen_22040,1,0,5,7,2,0
fourteen_22041,1,0,5,7,3,0
fourteen_22042,1,0,5,7,3,2
fourteen_22043,1,0,5,7,4,0
fourteen_22044,1,0,5,7,4,2
fourteen_22045,1,0,5,7,4,3
fourteen_22046,1,0,5,7,4,4
fourteen_22047,1,0,6,1,0,5
fourteen_22048,1,0,6,1,0,6
fourteen_22049,1,0,6,1,0,7
fourteen_22050,1,0,6,1,1,6
fourteen_22051,1,0,6,1,1,7
fourteen_22052,1,0,6,1,2,6
fourteen_22053,1,0,6,1,2,7
fourteen_22054,1,0,6,1,3,2
fourteen_22055,1,0,6,1,3,6
fourteen_22056,1,0,6,1,3,7
fourteen_22057,1,0,6,1,4,2
fourteen_22058,1,0,6,1,4,3
fourteen_22059,1,0,6,1,4,4
fourteen_22060,1,0,6,1,4,5
fourteen_22061,1,0,6,1,4,6
fourteen_22062,1,0,6,1,4,7
fourteen_22063,1,0,6,2,0,5
fourteen_22064,1,0,6,2,0,6
fourteen_22065,1,0,6,2,0,7
fourteen_22066,1,0,6,2,1,6
fourteen_22067,1,0,6,2,1,7
fourteen_22068,1,0,6,2,2,6
fourteen_22069,1,0,6,2,2,7
fourteen_22070,1,0,6,2,3,0
fourteen_22071,1,0,6,2,3,6
fourteen_22072,1,0,6,2,3,7
fourteen_22073,1,0,6,2,4,5
fourteen_22074,1,0,6,2,4,6
fourteen_22075,1,0,6,2,4,7
fourteen_22076,1,0,6,2,5,3
fourteen_22077,1,0,6,2,5,4
fourteen_22078,1,0,6,0,0,6
fourteen_22079,1,0,6,0,0,7
fourteen_22080,1,0,6,0,1,6
fourteen_22081,1,0,6,0,1,7
fourteen_22082,1,0,6,0,2,6
fourteen_22083,1,0,6,0,2,7
fourteen_22084,1,0,6,0,3,6
fourteen_22085,1,0,6,0,3,7
fourteen_22086,1,0,6,0,4,6
fourteen_22087,1,0,6,0,4,7
fourteen_22088,1,0,6,0,5,5
fourteen_22089,1,0,6,0,5,6
fourteen_22090,1,0,6,3,6,3
fourteen_22091,1,0,6,3,6,4
fourteen_22092,1,0,6,3,6,5
fourteen_22093,1,0,6,3,7,3
fourteen_22094,1,0,6,3,7,4
fourteen_22095,1,0,6,3,7,5
fourteen_22096,1,0,6,3,7,6
fourteen_22097,1,0,6,3,0,3
fourteen_22098,1,0,6,3,0,4
fourteen_22099,1,0,6,3,0,5
fourteen_22100,1,0,6,3,0,6
fourteen_22101,1,0,6,3,0,7
fourteen_22102,1,0,6,3,1,3
fourteen_22103,1,0,6,3,1,4
fourteen_22104,1,0,6,3,1,5
fourteen_22105,1,0,6,3,1,6
fourteen_22106,1,0,6,3,1,7
fourteen_22107,1,0,6,3,2,3
fourteen_22108,1,0,6,3,2,4
fourteen_22109,1,0,6,3,2,5
fourteen_22110,1,0,6,3,2,6
fourteen_22111,1,0,6,3,2,7
fourteen_22112,1,0,6,3,3,3
fourteen_22113,1,0,6,3,3,4
fourteen_22114,1,0,6,3,3,5
fourteen_22115,1,0,6,3,3,6
fourteen_22116,1,0,6,3,3,7
fourteen_22117,1,0,6,3,4,5
fourteen_22118,1,0,6,3,4,6
fourteen_22119,1,0,6,3,5,5
fourteen_22120,1,0,6,3,5,6
fourteen_22121,1,0,6,4,6,2
fourteen_22122,1,0,6,4,6,3
fourteen_22123,1,0,6,4,6,4
fourteen_22124,1,0,6,4,7,2
fourteen_22125,1,0,6,4,7,3
fourteen_22126,1,0,6,4,7,4
fourteen_22127,1,0,6,4,0,2
fourteen_22128,1,0,6,4,0,3
fourteen_22129,1,0,6,4,0,4
fourteen_22130,1,0,6,4,1,2
fourteen_22131,1,0,6,4,1,3
fourteen_22132,1,0,6,4,1,4
fourteen_22133,1,0,6,4,2,2
fourteen_22134,1,0,6,4,2,3
fourteen_22135,1,0,6,4,2,4
fourteen_22136,1,0,6,4,2,5
fourteen_22137,1,0,6,4,2,6
fourteen_22138,1,0,6,4,2,7
fourteen_22139,1,0,6,4,3,2
fourteen_22140,1,0,6,4,3,3
fourteen_22141,1,0,6,4,3,4
fourteen_22142,1,0,6,4,3,5
fourteen_22143,1,0,6,4,3,6
fourteen_22144,1,0,6,4,3,7
fourteen_22145,1,0,6,4,4,6
fourteen_22146,1,0,6,4,4,7
fourteen_22147,1,0,6,4,5,6
fourteen_22148,1,0,6,4,5,7
fourteen_22149,1,0,6,5,6,3
fourteen_22150,1,0,6,5,6,4
fourteen_22151,1,0,6,5,6,5
fourteen_22152,1,0,6,5,7,2
fourteen_22153,1,0,6,5,5,2
fourteen_22154,1,0,6,6,6,4
fourteen_22155,1,0,6,6,6,5
fourteen_22156,1,0,6,6,6,6
fourteen_22157,1,0,6,6,7,3
fourteen_22158,1,0,6,6,7,4
fourteen_22159,1,0,6,6,7,5
fourteen_22160,1,0,6,6,7,6
fourteen_22161,1,0,6,6,0,6
fourteen_22162,1,0,6,6,1,6
fourteen_22163,1,0,6,6,2,6
fourteen_22164,1,0,6,6,4,2
fourteen_22165,1,0,6,6,5,2
fourteen_22166,1,0,6,6,5,3
fourteen_22167,1,0,6,7,7,2
fourteen_22168,1,0,6,7,7,3
fourteen_22169,1,0,6,7,7,4
fourteen_22170,1,0,6,7,0,6
fourteen_22171,1,0,6,7,0,7
fourteen_22172,1,0,6,7,1,6
fourteen_22173,1,0,6,7,1,7
fourteen_22174,1,0,6,7,2,6
fourteen_22175,1,0,6,7,2,7
fourteen_22176,1,0,6,7,3,2
fourteen_22177,1,0,6,7,3,6
fourteen_22178,1,0,6,7,3,7
fourteen_22179,1,0,6,7,4,2
fourteen_22180,1,0,6,7,4,3
fourteen_22181,1,0,6,7,4,4
fourteen_22182,1,0,6,7,4,5
fourteen_22183,1,0,6,7,5,4
fourteen_22184,1,0,6,7,5,5
fourteen_22185,1,1,7,1,1,2
fourteen_22186,1,1,7,1,1,3
fourteen_22187,1,1,7,1,2,2
fourteen_22188,1,1,7,1,2,3
fourteen_22189,1,1,7,1,2,4
fourteen_22190,1,1,7,1,3,2
fourteen_22191,1,1,7,1,3,3
fourteen_22192,1,1,7,1,3,4
fourteen_22193,1,1,7,1,4,4
fourteen_22194,1,1,7,1,4,5
fourteen_22195,1,1,7,1,4,6
fourteen_22196,1,1,7,2,1,2
fourteen_22197,1,1,7,2,2,2
fourteen_22198,1,1,7,2,2,3
fourteen_22199,1,1,7,2,3,2
fourteen_22200,1,1,7,2,3,3
fourteen_22201,1,1,7,2,3,4
fourteen_22202,1,1,7,2,4,3
fourteen_22203,1,1,7,2,4,4
fourteen_22204,1,1,7,2,4,5
fourteen_22205,1,1,7,0,1,2
fourteen_22206,1,1,7,0,2,2
fourteen_22207,1,1,7,0,2,3
fourteen_22208,1,1,7,0,3,2
fourteen_22209,1,1,7,0,3,3
fourteen_22210,1,1,7,0,3,4
fourteen_22211,1,1,7,0,4,3
fourteen_22212,1,1,7,0,4,4
fourteen_22213,1,1,7,0,4,5
fourteen_22214,1,1,7,3,2,3
fourteen_22215,1,1,7,3,3,3
fourteen_22216,1,1,7,3,3,4
fourteen_22217,1,1,7,3,4,3
fourteen_22218,1,1,7,3,4,4
fourteen_22219,1,1,7,3,4,5
fourteen_22220,1,1,7,5,1,2
fourteen_22221,1,1,7,5,2,2
fourteen_22222,1,1,7,5,2,3
fourteen_22223,1,1,7,5,3,2
fourteen_22224,1,1,7,5,3,3
fourteen_22225,1,1,7,5,3,4
fourteen_22226,1,1,7,5,4,3
fourteen_22227,1,1,7,5,4,4
fourteen_22228,1,1,7,5,4,5
fourteen_22229,1,1,7,6,1,2
fourteen_22230,1,1,7,6,2,2
fourteen_22231,1,1,7,6,2,3
fourteen_22232,1,1,7,6,3,2
fourteen_22233,1,1,7,6,3,3
fourteen_22234,1,1,7,6,3,4
fourteen_22235,1,1,7,6,4,3
fourteen_22236,1,1,7,6,4,4
fourteen_22237,1,1,7,6,4,5
fourteen_22238,1,1,7,7,1,2
fourteen_22239,1,1,7,7,2,2
fourteen_22240,1,1,7,7,2,3
fourteen_22241,1,1,7,7,3,2
fourteen_22242,1,1,7,7,3,3
fourteen_22243,1,1,7,7,3,4
fourteen_22244,1,1,7,7,4,3
fourteen_22245,1,1,7,7,4,4
fourteen_22246,1,1,7,7,4,5
fourteen_22247,1,1,0,1,1,0
fourteen_22248,1,1,0,1,1,2
fourteen_22249,1,1,0,1,1,3
fourteen_22250,1,1,0,1,2,0
fourteen_22251,1,1,0,1,2,2
fourteen_22252,1,1,0,1,2,3
fourteen_22253,1,1,0,1,2,4
fourteen_22254,1,1,0,1,3,2
fourteen_22255,1,1,0,1,3,3
fourteen_22256,1,1,0,1,3,4
fourteen_22257,1,1,0,1,3,5
fourteen_22258,1,1,0,1,4,2
fourteen_22259,1,1,0,1,4,3
fourteen_22260,1,1,0,1,4,4
fourteen_22261,1,1,0,1,4,5
fourteen_22262,1,1,0,1,4,6
fourteen_22263,1,1,0,0,3,2
fourteen_22264,1,1,0,0,3,3
fourteen_22265,1,1,0,0,3,4
fourteen_22266,1,1,0,0,4,3
fourteen_22267,1,1,0,0,4,4
fourteen_22268,1,1,0,0,4,5
fourteen_22269,1,1,0,3,2,3
fourteen_22270,1,1,0,3,3,3
fourteen_22271,1,1,0,3,3,4
fourteen_22272,1,1,0,3,4,3
fourteen_22273,1,1,0,3,4,4
fourteen_22274,1,1,0,3,4,5
fourteen_22275,1,1,0,4,1,2
fourteen_22276,1,1,0,5,3,2
fourteen_22277,1,1,0,5,3,3
fourteen_22278,1,1,0,5,3,4
fourteen_22279,1,1,0,5,4,3
fourteen_22280,1,1,0,5,4,4
fourteen_22281,1,1,0,5,4,5
fourteen_22282,1,1,0,6,3,2
fourteen_22283,1,1,0,6,3,3
fourteen_22284,1,1,0,6,3,4
fourteen_22285,1,1,0,6,4,3
fourteen_22286,1,1,0,6,4,4
fourteen_22287,1,1,0,6,4,5
fourteen_22288,1,1,0,7,3,2
fourteen_22289,1,1,0,7,3,3
fourteen_22290,1,1,0,7,3,4
fourteen_22291,1,1,0,7,4,3
fourteen_22292,1,1,0,7,4,4
fourteen_22293,1,1,0,7,4,5
fourteen_22294,1,1,1,1,1,0
fourteen_22295,1,1,1,1,1,2
fourteen_22296,1,1,1,1,1,3
fourteen_22297,1,1,1,1,2,0
fourteen_22298,1,1,1,1,2,2
fourteen_22299,1,1,1,1,2,3
fourteen_22300,1,1,1,1,2,4
fourteen_22301,1,1,1,1,3,2
fourteen_22302,1,1,1,1,3,3
fourteen_22303,1,1,1,1,3,4
fourteen_22304,1,1,1,1,3,5
fourteen_22305,1,1,1,1,4,4
fourteen_22306,1,1,1,1,4,5
fourteen_22307,1,1,1,1,4,6
fourteen_22308,1,1,1,2,3,2
fourteen_22309,1,1,1,2,3,3
fourteen_22310,1,1,1,2,3,4
fourteen_22311,1,1,1,2,3,5
fourteen_22312,1,1,1,2,4,3
fourteen_22313,1,1,1,2,4,4
fourteen_22314,1,1,1,2,4,5
fourteen_22315,1,1,1,2,4,6
fourteen_22316,1,1,1,0,4,3
fourteen_22317,1,1,1,0,4,4
fourteen_22318,1,1,1,0,4,5
fourteen_22319,1,1,1,0,4,6
fourteen_22320,1,1,1,3,2,3
fourteen_22321,1,1,1,3,3,3
fourteen_22322,1,1,1,3,3,4
fourteen_22323,1,1,1,3,4,3
fourteen_22324,1,1,1,3,4,4
fourteen_22325,1,1,1,3,4,5
fourteen_22326,1,1,1,4,1,0
fourteen_22327,1,1,1,4,1,2
fourteen_22328,1,1,1,4,2,0
fourteen_22329,1,1,1,4,2,2
fourteen_22330,1,1,1,4,2,3
fourteen_22331,1,1,1,5,4,3
fourteen_22332,1,1,1,5,4,4
fourteen_22333,1,1,1,5,4,5
fourteen_22334,1,1,1,6,3,2
fourteen_22335,1,1,1,6,4,3
fourteen_22336,1,1,1,6,4,4
fourteen_22337,1,1,1,6,4,5
fourteen_22338,1,1,1,6,5,4
fourteen_22339,1,1,1,6,5,5
fourteen_22340,1,1,1,6,5,6
fourteen_22341,1,1,1,7,1,0
fourteen_22342,1,1,1,7,2,0
fourteen_22343,1,1,1,7,3,2
fourteen_22344,1,1,1,7,3,3
fourteen_22345,1,1,1,7,3,4
fourteen_22346,1,1,1,7,4,3
fourteen_22347,1,1,1,7,4,4
fourteen_22348,1,1,1,7,4,5
fourteen_22349,1,1,2,1,1,2
fourteen_22350,1,1,2,1,1,3
fourteen_22351,1,1,2,1,2,2
fourteen_22352,1,1,2,1,2,3
fourteen_22353,1,1,2,1,2,4
fourteen_22354,1,1,2,1,3,0
fourteen_22355,1,1,2,1,3,2
fourteen_22356,1,1,2,1,3,3
fourteen_22357,1,1,2,1,3,4
fourteen_22358,1,1,2,1,3,5
fourteen_22359,1,1,2,1,4,2
fourteen_22360,1,1,2,1,4,3
fourteen_22361,1,1,2,1,4,4
fourteen_22362,1,1,2,1,4,5
fourteen_22363,1,1,2,1,4,6
fourteen_22364,1,1,2,2,1,3
fourteen_22365,1,1,2,2,2,3
fourteen_22366,1,1,2,2,2,4
fourteen_22367,1,1,2,2,3,0
fourteen_22368,1,1,2,2,3,2
fourteen_22369,1,1,2,2,3,3
fourteen_22370,1,1,2,2,3,4
fourteen_22371,1,1,2,2,3,5
fourteen_22372,1,1,2,2,4,2
fourteen_22373,1,1,2,2,4,3
fourteen_22374,1,1,2,2,4,4
fourteen_22375,1,1,2,2,4,5
fourteen_22376,1,1,2,2,4,6
fourteen_22377,1,1,2,0,2,4
fourteen_22378,1,1,2,0,3,2
fourteen_22379,1,1,2,0,3,3
fourteen_22380,1,1,2,0,3,4
fourteen_22381,1,1,2,0,3,5
fourteen_22382,1,1,2,0,4,2
fourteen_22383,1,1,2,0,4,3
fourteen_22384,1,1,2,0,4,4
fourteen_22385,1,1,2,0,4,5
fourteen_22386,1,1,2,0,4,6
fourteen_22387,1,1,2,4,1,2
fourteen_22388,1,1,2,4,2,2
fourteen_22389,1,1,2,4,3,2
fourteen_22390,1,1,2,4,3,3
fourteen_22391,1,1,2,4,3,4
fourteen_22392,1,1,2,5,1,0
fourteen_22393,1,1,2,5,1,2
fourteen_22394,1,1,2,5,2,0
fourteen_22395,1,1,2,5,2,2
fourteen_22396,1,1,2,5,3,0
fourteen_22397,1,1,2,5,3,2
fourteen_22398,1,1,2,5,4,2
fourteen_22399,1,1,2,5,4,3
fourteen_22400,1,1,2,5,4,4
fourteen_22401,1,1,2,5,4,5
fourteen_22402,1,1,2,6,1,0
fourteen_22403,1,1,2,6,1,2
fourteen_22404,1,1,2,6,2,0
fourteen_22405,1,1,2,6,2,2
fourteen_22406,1,1,2,6,2,3
fourteen_22407,1,1,2,6,3,0
fourteen_22408,1,1,2,6,3,2
fourteen_22409,1,1,2,6,3,3
fourteen_22410,1,1,2,6,3,4
fourteen_22411,1,1,2,6,4,2
fourteen_22412,1,1,2,6,4,3
fourteen_22413,1,1,2,6,4,4
fourteen_22414,1,1,2,6,4,5
fourteen_22415,1,1,2,7,1,0
fourteen_22416,1,1,2,7,1,2
fourteen_22417,1,1,2,7,2,0
fourteen_22418,1,1,2,7,2,2
fourteen_22419,1,1,2,7,2,3
fourteen_22420,1,1,2,7,3,0
fourteen_22421,1,1,2,7,3,2
fourteen_22422,1,1,2,7,3,3
fourteen_22423,1,1,2,7,3,4
fourteen_22424,1,1,2,7,4,2
fourteen_22425,1,1,2,7,4,3
fourteen_22426,1,1,2,7,4,4
fourteen_22427,1,1,2,7,4,5
fourteen_22428,1,1,3,2,1,3
fourteen_22429,1,1,3,2,2,3
fourteen_22430,1,1,3,0,2,4
fourteen_22431,1,1,3,0,3,4
fourteen_22432,1,1,3,0,4,2
fourteen_22433,1,1,3,0,4,3
fourteen_22434,1,1,3,0,4,4
fourteen_22435,1,1,3,4,1,0
fourteen_22436,1,1,3,4,1,2
fourteen_22437,1,1,3,4,2,0
fourteen_22438,1,1,3,4,2,2
fourteen_22439,1,1,3,4,4,4
fourteen_22440,1,1,3,4,4,5
fourteen_22441,1,1,3,4,4,6
fourteen_22442,1,1,3,5,1,0
fourteen_22443,1,1,3,5,1,2
fourteen_22444,1,1,3,5,2,0
fourteen_22445,1,1,3,5,2,2
fourteen_22446,1,1,3,5,2,3
fourteen_22447,1,1,3,5,3,2
fourteen_22448,1,1,3,5,3,3
fourteen_22449,1,1,3,5,4,2
fourteen_22450,1,1,3,5,4,3
fourteen_22451,1,1,3,5,4,4
fourteen_22452,1,1,3,5,4,5
fourteen_22453,1,1,3,5,5,3
fourteen_22454,1,1,3,5,5,4
fourteen_22455,1,1,3,5,5,5
fourteen_22456,1,1,3,6,1,0
fourteen_22457,1,1,3,6,1,2
fourteen_22458,1,1,3,6,2,0
fourteen_22459,1,1,3,6,2,2
fourteen_22460,1,1,3,6,2,3
fourteen_22461,1,1,3,6,3,4
fourteen_22462,1,1,3,6,4,4
fourteen_22463,1,1,3,6,4,5
fourteen_22464,1,1,3,7,1,0
fourteen_22465,1,1,3,7,2,0
fourteen_22466,1,1,3,7,2,2
fourteen_22467,1,1,3,7,2,3
fourteen_22468,1,1,4,1,1,0
fourteen_22469,1,1,4,1,1,2
fourteen_22470,1,1,4,1,1,3
fourteen_22471,1,1,4,1,2,2
fourteen_22472,1,1,4,1,2,3
fourteen_22473,1,1,4,1,2,4
fourteen_22474,1,1,4,1,3,2
fourteen_22475,1,1,4,1,3,3
fourteen_22476,1,1,4,1,3,4
fourteen_22477,1,1,4,1,3,5
fourteen_22478,1,1,4,2,3,4
fourteen_22479,1,1,4,2,3,5
fourteen_22480,1,1,4,4,1,2
fourteen_22481,1,1,4,4,1,3
fourteen_22482,1,1,4,4,2,2
fourteen_22483,1,1,4,4,3,2
fourteen_22484,1,1,4,6,1,0
fourteen_22485,1,1,4,6,2,0
fourteen_22486,1,1,4,6,3,0
fourteen_22487,1,1,4,6,3,2
fourteen_22488,1,1,4,7,1,0
fourteen_22489,1,1,4,7,2,0
fourteen_22490,1,1,4,7,3,0
fourteen_22491,1,1,4,7,3,2
fourteen_22492,1,1,4,7,3,3
fourteen_22493,1,1,4,7,3,4
fourteen_22494,1,1,5,1,1,2
fourteen_22495,1,1,5,1,1,3
fourteen_22496,1,1,5,1,2,2
fourteen_22497,1,1,5,1,2,3
fourteen_22498,1,1,5,1,2,4
fourteen_22499,1,1,5,1,3,2
fourteen_22500,1,1,5,1,3,3
fourteen_22501,1,1,5,1,3,4
fourteen_22502,1,1,5,1,3,5
fourteen_22503,1,1,5,1,4,2
fourteen_22504,1,1,5,1,4,3
fourteen_22505,1,1,5,1,4,4
fourteen_22506,1,1,5,1,4,5
fourteen_22507,1,1,5,1,4,6
fourteen_22508,1,1,5,2,1,3
fourteen_22509,1,1,5,2,2,0
fourteen_22510,1,1,5,2,3,3
fourteen_22511,1,1,5,2,3,4
fourteen_22512,1,1,5,2,3,5
fourteen_22513,1,1,5,2,4,3
fourteen_22514,1,1,5,2,4,4
fourteen_22515,1,1,5,2,4,5
fourteen_22516,1,1,5,2,4,6
fourteen_22517,1,1,5,0,4,6
fourteen_22518,1,1,5,3,1,3
fourteen_22519,1,1,5,3,2,3
fourteen_22520,1,1,5,3,2,4
fourteen_22521,1,1,5,3,3,5
fourteen_22522,1,1,5,3,4,5
fourteen_22523,1,1,5,3,4,6
fourteen_22524,1,1,5,4,1,2
fourteen_22525,1,1,5,4,1,3
fourteen_22526,1,1,5,4,2,2
fourteen_22527,1,1,5,4,2,3
fourteen_22528,1,1,5,4,2,4
fourteen_22529,1,1,5,4,4,6
fourteen_22530,1,1,5,5,2,0
fourteen_22531,1,1,5,5,3,0
fourteen_22532,1,1,5,5,4,0
fourteen_22533,1,1,5,6,2,0
fourteen_22534,1,1,5,6,3,0
fourteen_22535,1,1,5,6,3,2
fourteen_22536,1,1,5,6,4,0
fourteen_22537,1,1,5,6,4,2
fourteen_22538,1,1,5,7,3,2
fourteen_22539,1,1,5,7,3,3
fourteen_22540,1,1,5,7,3,4
fourteen_22541,1,1,5,7,4,2
fourteen_22542,1,1,5,7,4,3
fourteen_22543,1,1,5,7,4,4
fourteen_22544,1,1,6,1,1,2
fourteen_22545,1,1,6,1,1,3
fourteen_22546,1,1,6,1,2,2
fourteen_22547,1,1,6,1,2,3
fourteen_22548,1,1,6,1,2,4
fourteen_22549,1,1,6,1,3,2
fourteen_22550,1,1,6,1,3,3
fourteen_22551,1,1,6,1,3,4
fourteen_22552,1,1,6,1,3,5
fourteen_22553,1,1,6,1,4,2
fourteen_22554,1,1,6,1,4,3
fourteen_22555,1,1,6,1,4,4
fourteen_22556,1,1,6,1,4,5
fourteen_22557,1,1,6,1,4,6
fourteen_22558,1,1,6,2,1,3
fourteen_22559,1,1,6,2,3,0
fourteen_22560,1,1,6,2,3,2
fourteen_22561,1,1,6,2,3,3
fourteen_22562,1,1,6,2,3,4
fourteen_22563,1,1,6,2,3,5
fourteen_22564,1,1,6,2,4,3
fourteen_22565,1,1,6,2,4,4
fourteen_22566,1,1,6,2,4,5
fourteen_22567,1,1,6,2,4,6
fourteen_22568,1,1,6,2,5,3
fourteen_22569,1,1,6,0,1,3
fourteen_22570,1,1,6,0,3,5
fourteen_22571,1,1,6,0,4,5
fourteen_22572,1,1,6,0,4,6
fourteen_22573,1,1,6,3,1,3
fourteen_22574,1,1,6,3,2,3
fourteen_22575,1,1,6,3,2,4
fourteen_22576,1,1,6,3,3,3
fourteen_22577,1,1,6,3,3,4
fourteen_22578,1,1,6,3,3,5
fourteen_22579,1,1,6,3,4,5
fourteen_22580,1,1,6,3,4,6
fourteen_22581,1,1,6,3,5,5
fourteen_22582,1,1,6,4,1,2
fourteen_22583,1,1,6,4,1,3
fourteen_22584,1,1,6,5,1,3
fourteen_22585,1,1,6,5,3,2
fourteen_22586,1,1,6,5,4,2
fourteen_22587,1,1,6,6,1,3
fourteen_22588,1,1,6,6,3,2
fourteen_22589,1,1,6,6,3,3
fourteen_22590,1,1,6,6,4,2
fourteen_22591,1,1,6,6,4,3
fourteen_22592,1,1,6,7,1,3
fourteen_22593,1,1,6,7,3,2
fourteen_22594,1,1,6,7,3,3
fourteen_22595,1,1,6,7,3,4
fourteen_22596,1,1,6,7,3,5
fourteen_22597,1,1,6,7,4,2
fourteen_22598,1,1,6,7,4,3
fourteen_22599,1,1,6,7,4,4
fourteen_22600,1,1,6,7,4,5
fourteen_22601,1,1,6,7,5,5
fourteen_22602,2,0,7,1,6,2
fourteen_22603,2,0,7,1,6,3
fourteen_22604,2,0,7,1,7,2
fourteen_22605,2,0,7,1,7,3
fourteen_22606,2,0,7,1,7,4
fourteen_22607,2,0,7,1,7,5
fourteen_22608,2,0,7,1,7,6
fourteen_22609,2,0,7,1,7,7
fourteen_22610,2,0,7,1,0,2
fourteen_22611,2,0,7,1,0,3
fourteen_22612,2,0,7,1,0,4
fourteen_22613,2,0,7,1,0,5
fourteen_22614,2,0,7,1,0,6
fourteen_22615,2,0,7,1,0,7
fourteen_22616,2,0,7,1,1,2
fourteen_22617,2,0,7,1,1,3
fourteen_22618,2,0,7,1,1,4
fourteen_22619,2,0,7,1,1,5
fourteen_22620,2,0,7,1,1,6
fourteen_22621,2,0,7,1,1,7
fourteen_22622,2,0,7,1,2,2
fourteen_22623,2,0,7,1,2,3
fourteen_22624,2,0,7,1,2,4
fourteen_22625,2,0,7,1,2,5
fourteen_22626,2,0,7,1,2,6
fourteen_22627,2,0,7,1,2,7
fourteen_22628,2,0,7,1,3,2
fourteen_22629,2,0,7,1,3,3
fourteen_22630,2,0,7,1,3,4
fourteen_22631,2,0,7,1,3,5
fourteen_22632,2,0,7,1,3,6
fourteen_22633,2,0,7,1,4,2
fourteen_22634,2,0,7,1,4,3
fourteen_22635,2,0,7,1,4,4
fourteen_22636,2,0,7,1,4,5
fourteen_22637,2,0,7,1,4,6
fourteen_22638,2,0,7,1,5,3
fourteen_22639,2,0,7,1,5,4
fourteen_22640,2,0,7,1,5,5
fourteen_22641,2,0,7,1,5,6
fourteen_22642,2,0,7,2,7,3
fourteen_22643,2,0,7,2,7,4
fourteen_22644,2,0,7,2,0,2
fourteen_22645,2,0,7,2,0,3
fourteen_22646,2,0,7,2,0,4
fourteen_22647,2,0,7,2,0,5
fourteen_22648,2,0,7,2,0,6
fourteen_22649,2,0,7,2,0,7
fourteen_22650,2,0,7,2,1,2
fourteen_22651,2,0,7,2,1,3
fourteen_22652,2,0,7,2,1,4
fourteen_22653,2,0,7,2,1,5
fourteen_22654,2,0,7,2,1,6
fourteen_22655,2,0,7,2,1,7
fourteen_22656,2,0,7,2,2,2
fourteen_22657,2,0,7,2,2,3
fourteen_22658,2,0,7,2,2,4
fourteen_22659,2,0,7,2,2,5
fourteen_22660,2,0,7,2,2,6
fourteen_22661,2,0,7,2,2,7
fourteen_22662,2,0,7,2,3,2
fourteen_22663,2,0,7,2,3,3
fourteen_22664,2,0,7,2,3,4
fourteen_22665,2,0,7,2,3,5
fourteen_22666,2,0,7,2,3,6
fourteen_22667,2,0,7,2,4,2
fourteen_22668,2,0,7,2,4,3
fourteen_22669,2,0,7,2,4,4
fourteen_22670,2,0,7,2,4,5
fourteen_22671,2,0,7,2,4,6
fourteen_22672,2,0,7,0,7,4
fourteen_22673,2,0,7,0,0,2
fourteen_22674,2,0,7,0,0,3
fourteen_22675,2,0,7,0,0,4
fourteen_22676,2,0,7,0,0,5
fourteen_22677,2,0,7,0,0,6
fourteen_22678,2,0,7,0,0,7
fourteen_22679,2,0,7,0,1,2
fourteen_22680,2,0,7,0,1,3
fourteen_22681,2,0,7,0,1,4
fourteen_22682,2,0,7,0,1,5
fourteen_22683,2,0,7,0,1,6
fourteen_22684,2,0,7,0,1,7
fourteen_22685,2,0,7,0,2,2
fourteen_22686,2,0,7,0,2,3
fourteen_22687,2,0,7,0,2,4
fourteen_22688,2,0,7,0,2,5
fourteen_22689,2,0,7,0,2,6
fourteen_22690,2,0,7,0,2,7
fourteen_22691,2,0,7,0,3,2
fourteen_22692,2,0,7,0,3,3
fourteen_22693,2,0,7,0,3,4
fourteen_22694,2,0,7,0,3,5
fourteen_22695,2,0,7,0,3,6
fourteen_22696,2,0,7,0,4,2
fourteen_22697,2,0,7,0,4,3
fourteen_22698,2,0,7,0,4,4
fourteen_22699,2,0,7,0,4,5
fourteen_22700,2,0,7,0,4,6
fourteen_22701,2,0,7,3,7,5
fourteen_22702,2,0,7,3,0,3
fourteen_22703,2,0,7,3,0,4
fourteen_22704,2,0,7,3,0,5
fourteen_22705,2,0,7,3,0,6
fourteen_22706,2,0,7,3,0,7
fourteen_22707,2,0,7,3,1,3
fourteen_22708,2,0,7,3,1,4
fourteen_22709,2,0,7,3,1,5
fourteen_22710,2,0,7,3,1,6
fourteen_22711,2,0,7,3,1,7
fourteen_22712,2,0,7,3,2,3
fourteen_22713,2,0,7,3,2,4
fourteen_22714,2,0,7,3,2,5
fourteen_22715,2,0,7,3,2,6
fourteen_22716,2,0,7,3,2,7
fourteen_22717,2,0,7,3,3,3
fourteen_22718,2,0,7,3,3,4
fourteen_22719,2,0,7,3,3,5
fourteen_22720,2,0,7,3,3,6
fourteen_22721,2,0,7,3,4,3
fourteen_22722,2,0,7,3,4,4
fourteen_22723,2,0,7,3,4,5
fourteen_22724,2,0,7,3,4,6
fourteen_22725,2,0,7,3,5,3
fourteen_22726,2,0,7,3,5,4
fourteen_22727,2,0,7,3,5,5
fourteen_22728,2,0,7,4,6,2
fourteen_22729,2,0,7,4,6,6
fourteen_22730,2,0,7,4,7,2
fourteen_22731,2,0,7,4,7,6
fourteen_22732,2,0,7,4,0,2
fourteen_22733,2,0,7,4,0,3
fourteen_22734,2,0,7,4,0,4
fourteen_22735,2,0,7,4,0,5
fourteen_22736,2,0,7,4,0,6
fourteen_22737,2,0,7,5,6,3
fourteen_22738,2,0,7,5,7,2
fourteen_22739,2,0,7,5,7,3
fourteen_22740,2,0,7,5,0,2
fourteen_22741,2,0,7,5,0,3
fourteen_22742,2,0,7,5,0,4
fourteen_22743,2,0,7,5,0,5
fourteen_22744,2,0,7,5,1,2
fourteen_22745,2,0,7,5,1,3
fourteen_22746,2,0,7,5,1,4
fourteen_22747,2,0,7,5,1,5
fourteen_22748,2,0,7,5,2,2
fourteen_22749,2,0,7,5,2,3
fourteen_22750,2,0,7,5,2,4
fourteen_22751,2,0,7,5,2,5
fourteen_22752,2,0,7,5,3,2
fourteen_22753,2,0,7,5,3,3
fourteen_22754,2,0,7,5,3,4
fourteen_22755,2,0,7,5,3,5
fourteen_22756,2,0,7,5,4,2
fourteen_22757,2,0,7,5,4,3
fourteen_22758,2,0,7,5,4,4
fourteen_22759,2,0,7,5,4,5
fourteen_22760,2,0,7,5,5,3
fourteen_22761,2,0,7,5,5,4
fourteen_22762,2,0,7,5,5,5
fourteen_22763,2,0,7,6,6,4
fourteen_22764,2,0,7,6,7,3
fourteen_22765,2,0,7,6,7,4
fourteen_22766,2,0,7,6,0,2
fourteen_22767,2,0,7,6,0,3
fourteen_22768,2,0,7,6,0,4
fourteen_22769,2,0,7,6,0,5
fourteen_22770,2,0,7,6,0,6
fourteen_22771,2,0,7,6,1,2
fourteen_22772,2,0,7,6,1,3
fourteen_22773,2,0,7,6,1,4
fourteen_22774,2,0,7,6,1,5
fourteen_22775,2,0,7,6,1,6
fourteen_22776,2,0,7,6,2,2
fourteen_22777,2,0,7,6,2,3
fourteen_22778,2,0,7,6,2,4
fourteen_22779,2,0,7,6,2,5
fourteen_22780,2,0,7,6,2,6
fourteen_22781,2,0,7,6,3,2
fourteen_22782,2,0,7,6,3,3
fourteen_22783,2,0,7,6,3,4
fourteen_22784,2,0,7,6,3,5
fourteen_22785,2,0,7,6,3,6
fourteen_22786,2,0,7,6,4,2
fourteen_22787,2,0,7,6,4,3
fourteen_22788,2,0,7,6,4,4
fourteen_22789,2,0,7,6,4,5
fourteen_22790,2,0,7,6,4,6
fourteen_22791,2,0,7,6,5,4
fourteen_22792,2,0,7,6,5,5
fourteen_22793,2,0,7,6,5,6
fourteen_22794,2,0,7,7,7,5
fourteen_22795,2,0,7,7,0,2
fourteen_22796,2,0,7,7,0,3
fourteen_22797,2,0,7,7,0,4
fourteen_22798,2,0,7,7,0,5
fourteen_22799,2,0,7,7,0,6
fourteen_22800,2,0,7,7,0,7
fourteen_22801,2,0,7,7,1,2
fourteen_22802,2,0,7,7,1,3
fourteen_22803,2,0,7,7,1,4
fourteen_22804,2,0,7,7,1,5
fourteen_22805,2,0,7,7,1,6
fourteen_22806,2,0,7,7,1,7
fourteen_22807,2,0,7,7,2,2
fourteen_22808,2,0,7,7,2,3
fourteen_22809,2,0,7,7,2,4
fourteen_22810,2,0,7,7,2,5
fourteen_22811,2,0,7,7,2,6
fourteen_22812,2,0,7,7,2,7
fourteen_22813,2,0,7,7,3,2
fourteen_22814,2,0,7,7,3,3
fourteen_22815,2,0,7,7,3,4
fourteen_22816,2,0,7,7,3,5
fourteen_22817,2,0,7,7,3,6
fourteen_22818,2,0,7,7,4,2
fourteen_22819,2,0,7,7,4,3
fourteen_22820,2,0,7,7,4,4
fourteen_22821,2,0,7,7,4,5
fourteen_22822,2,0,7,7,4,6
fourteen_22823,2,0,0,1,7,4
fourteen_22824,2,0,0,1,7,5
fourteen_22825,2,0,0,1,7,6
fourteen_22826,2,0,0,1,7,7
fourteen_22827,2,0,0,1,0,2
fourteen_22828,2,0,0,1,0,6
fourteen_22829,2,0,0,1,0,7
fourteen_22830,2,0,0,1,1,6
fourteen_22831,2,0,0,1,1,7
fourteen_22832,2,0,0,1,2,2
fourteen_22833,2,0,0,1,2,6
fourteen_22834,2,0,0,1,2,7
fourteen_22835,2,0,0,1,3,2
fourteen_22836,2,0,0,1,3,6
fourteen_22837,2,0,0,1,3,7
fourteen_22838,2,0,0,1,4,2
fourteen_22839,2,0,0,1,4,3
fourteen_22840,2,0,0,1,4,4
fourteen_22841,2,0,0,1,4,5
fourteen_22842,2,0,0,1,4,6
fourteen_22843,2,0,0,1,4,7
fourteen_22844,2,0,0,1,5,3
fourteen_22845,2,0,0,1,5,4
fourteen_22846,2,0,0,1,5,5
fourteen_22847,2,0,0,1,5,6
fourteen_22848,2,0,0,1,5,7
fourteen_22849,2,0,0,2,7,2
fourteen_22850,2,0,0,2,7,3
fourteen_22851,2,0,0,2,7,4
fourteen_22852,2,0,0,2,0,2
fourteen_22853,2,0,0,2,0,6
fourteen_22854,2,0,0,2,0,7
fourteen_22855,2,0,0,2,1,6
fourteen_22856,2,0,0,2,1,7
fourteen_22857,2,0,0,2,2,6
fourteen_22858,2,0,0,2,2,7
fourteen_22859,2,0,0,2,3,6
fourteen_22860,2,0,0,2,3,7
fourteen_22861,2,0,0,2,4,2
fourteen_22862,2,0,0,2,4,3
fourteen_22863,2,0,0,2,4,4
fourteen_22864,2,0,0,2,4,5
fourteen_22865,2,0,0,2,4,6
fourteen_22866,2,0,0,2,4,7
fourteen_22867,2,0,0,0,0,5
fourteen_22868,2,0,0,0,0,6
fourteen_22869,2,0,0,0,0,7
fourteen_22870,2,0,0,0,1,5
fourteen_22871,2,0,0,0,1,6
fourteen_22872,2,0,0,0,1,7
fourteen_22873,2,0,0,0,2,2
fourteen_22874,2,0,0,0,2,3
fourteen_22875,2,0,0,0,2,4
fourteen_22876,2,0,0,0,2,5
fourteen_22877,2,0,0,0,2,6
fourteen_22878,2,0,0,0,2,7
fourteen_22879,2,0,0,0,3,2
fourteen_22880,2,0,0,0,3,3
fourteen_22881,2,0,0,0,3,4
fourteen_22882,2,0,0,0,3,5
fourteen_22883,2,0,0,0,3,6
fourteen_22884,2,0,0,0,3,7
fourteen_22885,2,0,0,0,4,2
fourteen_22886,2,0,0,0,4,3
fourteen_22887,2,0,0,0,4,4
fourteen_22888,2,0,0,0,4,5
fourteen_22889,2,0,0,0,4,6
fourteen_22890,2,0,0,0,4,7
fourteen_22891,2,0,0,3,0,6
fourteen_22892,2,0,0,3,0,7
fourteen_22893,2,0,0,3,1,6
fourteen_22894,2,0,0,3,1,7
fourteen_22895,2,0,0,3,2,3
fourteen_22896,2,0,0,3,2,4
fourteen_22897,2,0,0,3,2,5
fourteen_22898,2,0,0,3,2,6
fourteen_22899,2,0,0,3,2,7
fourteen_22900,2,0,0,3,3,3
fourteen_22901,2,0,0,3,3,4
fourteen_22902,2,0,0,3,3,5
fourteen_22903,2,0,0,3,3,6
fourteen_22904,2,0,0,3,3,7
fourteen_22905,2,0,0,3,4,3
fourteen_22906,2,0,0,3,4,4
fourteen_22907,2,0,0,3,4,5
fourteen_22908,2,0,0,3,4,6
fourteen_22909,2,0,0,3,5,3
fourteen_22910,2,0,0,3,5,4
fourteen_22911,2,0,0,3,5,5
fourteen_22912,2,0,0,4,7,2
fourteen_22913,2,0,0,4,7,6
fourteen_22914,2,0,0,4,7,7
fourteen_22915,2,0,0,4,0,2
fourteen_22916,2,0,0,4,0,6
fourteen_22917,2,0,0,4,0,7
fourteen_22918,2,0,0,4,1,2
fourteen_22919,2,0,0,4,1,3
fourteen_22920,2,0,0,4,1,4
fourteen_22921,2,0,0,4,1,5
fourteen_22922,2,0,0,4,1,6
fourteen_22923,2,0,0,4,1,7
fourteen_22924,2,0,0,4,2,2
fourteen_22925,2,0,0,4,2,3
fourteen_22926,2,0,0,4,2,4
fourteen_22927,2,0,0,4,2,5
fourteen_22928,2,0,0,4,2,6
fourteen_22929,2,0,0,4,2,7
fourteen_22930,2,0,0,5,7,2
fourteen_22931,2,0,0,5,4,2
fourteen_22932,2,0,0,5,4,3
fourteen_22933,2,0,0,5,4,4
fourteen_22934,2,0,0,5,4,5
fourteen_22935,2,0,0,5,5,3
fourteen_22936,2,0,0,5,5,4
fourteen_22937,2,0,0,5,5,5
fourteen_22938,2,0,0,6,7,3
fourteen_22939,2,0,0,6,4,2
fourteen_22940,2,0,0,6,4,3
fourteen_22941,2,0,0,6,4,4
fourteen_22942,2,0,0,6,4,5
fourteen_22943,2,0,0,6,4,6
fourteen_22944,2,0,0,6,5,4
fourteen_22945,2,0,0,6,5,5
fourteen_22946,2,0,0,6,5,6
fourteen_22947,2,0,0,7,0,2
fourteen_22948,2,0,0,7,0,3
fourteen_22949,2,0,0,7,1,2
fourteen_22950,2,0,0,7,1,3
fourteen_22951,2,0,0,7,2,2
fourteen_22952,2,0,0,7,2,3
fourteen_22953,2,0,0,7,2,7
fourteen_22954,2,0,0,7,3,2
fourteen_22955,2,0,0,7,3,3
fourteen_22956,2,0,0,7,3,4
fourteen_22957,2,0,0,7,3,5
fourteen_22958,2,0,0,7,3,6
fourteen_22959,2,0,0,7,3,7
fourteen_22960,2,0,0,7,4,2
fourteen_22961,2,0,0,7,4,3
fourteen_22962,2,0,0,7,4,4
fourteen_22963,2,0,0,7,4,5
fourteen_22964,2,0,0,7,4,6
fourteen_22965,2,0,0,7,4,7
fourteen_22966,2,0,1,2,0,6
fourteen_22967,2,0,1,2,0,7
fourteen_22968,2,0,1,2,1,6
fourteen_22969,2,0,1,2,1,7
fourteen_22970,2,0,1,2,2,6
fourteen_22971,2,0,1,2,2,7
fourteen_22972,2,0,1,2,3,6
fourteen_22973,2,0,1,2,3,7
fourteen_22974,2,0,1,2,4,2
fourteen_22975,2,0,1,2,4,3
fourteen_22976,2,0,1,2,4,4
fourteen_22977,2,0,1,2,4,5
fourteen_22978,2,0,1,2,4,6
fourteen_22979,2,0,1,2,4,7
fourteen_22980,2,0,1,0,0,4
fourteen_22981,2,0,1,0,0,5
fourteen_22982,2,0,1,0,0,6
fourteen_22983,2,0,1,0,0,7
fourteen_22984,2,0,1,0,1,4
fourteen_22985,2,0,1,0,1,5
fourteen_22986,2,0,1,0,1,6
fourteen_22987,2,0,1,0,1,7
fourteen_22988,2,0,1,0,2,2
fourteen_22989,2,0,1,0,2,3
fourteen_22990,2,0,1,0,2,4
fourteen_22991,2,0,1,0,2,5
fourteen_22992,2,0,1,0,2,6
fourteen_22993,2,0,1,0,2,7
fourteen_22994,2,0,1,0,3,2
fourteen_22995,2,0,1,0,3,3
fourteen_22996,2,0,1,0,3,4
fourteen_22997,2,0,1,0,3,5
fourteen_22998,2,0,1,0,3,6
fourteen_22999,2,0,1,0,3,7
fourteen_23000,2,0,1,0,4,2
fourteen_23001,2,0,1,0,4,3
fourteen_23002,2,0,1,0,4,4
fourteen_23003,2,0,1,0,4,5
fourteen_23004,2,0,1,0,4,6
fourteen_23005,2,0,1,0,4,7
fourteen_23006,2,0,1,3,0,6
fourteen_23007,2,0,1,3,0,7
fourteen_23008,2,0,1,3,1,6
fourteen_23009,2,0,1,3,1,7
fourteen_23010,2,0,1,3,2,6
fourteen_23011,2,0,1,3,2,7
fourteen_23012,2,0,1,3,3,3
fourteen_23013,2,0,1,3,3,4
fourteen_23014,2,0,1,3,3,5
fourteen_23015,2,0,1,3,3,6
fourteen_23016,2,0,1,3,3,7
fourteen_23017,2,0,1,3,4,3
fourteen_23018,2,0,1,3,4,4
fourteen_23019,2,0,1,3,4,5
fourteen_23020,2,0,1,3,4,6
fourteen_23021,2,0,1,3,5,3
fourteen_23022,2,0,1,3,5,4
fourteen_23023,2,0,1,3,5,5
fourteen_23024,2,0,1,4,0,2
fourteen_23025,2,0,1,4,0,6
fourteen_23026,2,0,1,4,0,7
fourteen_23027,2,0,1,4,1,2
fourteen_23028,2,0,1,4,1,6
fourteen_23029,2,0,1,4,1,7
fourteen_23030,2,0,1,4,2,0
fourteen_23031,2,0,1,4,2,2
fourteen_23032,2,0,1,4,2,3
fourteen_23033,2,0,1,4,2,4
fourteen_23034,2,0,1,4,2,5
fourteen_23035,2,0,1,4,2,6
fourteen_23036,2,0,1,4,2,7
fourteen_23037,2,0,1,4,3,4
fourteen_23038,2,0,1,4,3,5
fourteen_23039,2,0,1,4,3,6
fourteen_23040,2,0,1,4,3,7
fourteen_23041,2,0,1,4,4,4
fourteen_23042,2,0,1,4,4,5
fourteen_23043,2,0,1,4,4,6
fourteen_23044,2,0,1,4,4,7
fourteen_23045,2,0,1,5,4,2
fourteen_23046,2,0,1,6,4,2
fourteen_23047,2,0,1,7,0,2
fourteen_23048,2,0,1,7,1,2
fourteen_23049,2,0,1,7,2,0
fourteen_23050,2,0,1,7,2,2
fourteen_23051,2,0,1,7,3,2
fourteen_23052,2,0,1,7,3,7
fourteen_23053,2,0,1,7,4,2
fourteen_23054,2,0,1,7,4,3
fourteen_23055,2,0,1,7,4,4
fourteen_23056,2,0,1,7,4,5
fourteen_23057,2,0,1,7,4,6
fourteen_23058,2,0,1,7,4,7
fourteen_23059,2,0,2,1,4,2
fourteen_23060,2,0,2,1,4,3
fourteen_23061,2,0,2,1,4,4
fourteen_23062,2,0,2,1,4,5
fourteen_23063,2,0,2,2,1,6
fourteen_23064,2,0,2,2,1,7
fourteen_23065,2,0,2,2,2,6
fourteen_23066,2,0,2,2,2,7
fourteen_23067,2,0,2,2,3,6
fourteen_23068,2,0,2,2,3,7
fourteen_23069,2,0,2,2,4,2
fourteen_23070,2,0,2,2,4,3
fourteen_23071,2,0,2,2,4,4
fourteen_23072,2,0,2,2,4,5
fourteen_23073,2,0,2,2,4,6
fourteen_23074,2,0,2,2,4,7
fourteen_23075,2,0,2,0,1,4
fourteen_23076,2,0,2,0,1,5
fourteen_23077,2,0,2,0,2,4
fourteen_23078,2,0,2,0,2,5
fourteen_23079,2,0,2,0,3,2
fourteen_23080,2,0,2,0,3,3
fourteen_23081,2,0,2,0,3,4
fourteen_23082,2,0,2,0,3,5
fourteen_23083,2,0,2,0,4,2
fourteen_23084,2,0,2,0,4,3
fourteen_23085,2,0,2,0,4,4
fourteen_23086,2,0,2,0,4,5
fourteen_23087,2,0,2,0,5,2
fourteen_23088,2,0,2,0,5,3
fourteen_23089,2,0,2,0,5,4
fourteen_23090,2,0,2,4,1,2
fourteen_23091,2,0,2,4,1,6
fourteen_23092,2,0,2,4,1,7
fourteen_23093,2,0,2,4,2,0
fourteen_23094,2,0,2,4,2,2
fourteen_23095,2,0,2,4,2,6
fourteen_23096,2,0,2,4,2,7
fourteen_23097,2,0,2,4,3,0
fourteen_23098,2,0,2,4,3,2
fourteen_23099,2,0,2,4,3,3
fourteen_23100,2,0,2,4,3,4
fourteen_23101,2,0,2,4,3,5
fourteen_23102,2,0,2,4,3,6
fourteen_23103,2,0,2,4,3,7
fourteen_23104,2,0,2,4,4,2
fourteen_23105,2,0,2,4,4,3
fourteen_23106,2,0,2,4,4,4
fourteen_23107,2,0,2,4,4,5
fourteen_23108,2,0,2,4,4,6
fourteen_23109,2,0,2,4,4,7
fourteen_23110,2,0,2,5,5,3
fourteen_23111,2,0,2,5,5,4
fourteen_23112,2,0,2,5,5,5
fourteen_23113,2,0,2,6,2,2
fourteen_23114,2,0,2,6,4,2
fourteen_23115,2,0,2,6,4,6
fourteen_23116,2,0,2,6,5,4
fourteen_23117,2,0,2,6,5,5
fourteen_23118,2,0,2,6,5,6
fourteen_23119,2,0,2,7,1,4
fourteen_23120,2,0,2,7,1,5
fourteen_23121,2,0,2,7,2,2
fourteen_23122,2,0,2,7,2,4
fourteen_23123,2,0,2,7,2,5
fourteen_23124,2,0,2,7,3,4
fourteen_23125,2,0,2,7,3,5
fourteen_23126,2,0,2,7,3,6
fourteen_23127,2,0,2,7,3,7
fourteen_23128,2,0,2,7,4,2
fourteen_23129,2,0,2,7,4,3
fourteen_23130,2,0,2,7,4,4
fourteen_23131,2,0,2,7,4,5
fourteen_23132,2,0,2,7,4,6
fourteen_23133,2,0,2,7,4,7
fourteen_23134,2,0,3,1,7,2
fourteen_23135,2,0,3,1,7,3
fourteen_23136,2,0,3,1,7,4
fourteen_23137,2,0,3,1,0,2
fourteen_23138,2,0,3,1,0,3
fourteen_23139,2,0,3,1,0,4
fourteen_23140,2,0,3,1,0,5
fourteen_23141,2,0,3,1,1,2
fourteen_23142,2,0,3,1,1,3
fourteen_23143,2,0,3,1,1,4
fourteen_23144,2,0,3,1,1,5
fourteen_23145,2,0,3,1,2,2
fourteen_23146,2,0,3,1,2,3
fourteen_23147,2,0,3,1,2,4
fourteen_23148,2,0,3,1,2,5
fourteen_23149,2,0,3,2,7,2
fourteen_23150,2,0,3,2,7,3
fourteen_23151,2,0,3,2,7,4
fourteen_23152,2,0,3,2,0,2
fourteen_23153,2,0,3,2,0,3
fourteen_23154,2,0,3,2,0,4
fourteen_23155,2,0,3,2,0,5
fourteen_23156,2,0,3,2,1,3
fourteen_23157,2,0,3,2,1,4
fourteen_23158,2,0,3,2,1,5
fourteen_23159,2,0,3,2,2,3
fourteen_23160,2,0,3,2,2,4
fourteen_23161,2,0,3,2,2,5
fourteen_23162,2,0,3,0,7,2
fourteen_23163,2,0,3,0,7,3
fourteen_23164,2,0,3,0,7,4
fourteen_23165,2,0,3,0,0,2
fourteen_23166,2,0,3,0,0,3
fourteen_23167,2,0,3,0,0,4
fourteen_23168,2,0,3,0,0,5
fourteen_23169,2,0,3,0,1,4
fourteen_23170,2,0,3,0,1,5
fourteen_23171,2,0,3,0,2,4
fourteen_23172,2,0,3,0,2,5
fourteen_23173,2,0,3,3,3,5
fourteen_23174,2,0,3,3,4,3
fourteen_23175,2,0,3,3,4,4
fourteen_23176,2,0,3,3,4,5
fourteen_23177,2,0,3,4,7,4
fourteen_23178,2,0,3,4,7,5
fourteen_23179,2,0,3,4,7,6
fourteen_23180,2,0,3,4,7,7
fourteen_23181,2,0,3,4,0,2
fourteen_23182,2,0,3,4,0,3
fourteen_23183,2,0,3,4,0,4
fourteen_23184,2,0,3,4,0,5
fourteen_23185,2,0,3,4,0,6
fourteen_23186,2,0,3,4,0,7
fourteen_23187,2,0,3,4,1,2
fourteen_23188,2,0,3,4,1,6
fourteen_23189,2,0,3,4,1,7
fourteen_23190,2,0,3,4,2,0
fourteen_23191,2,0,3,4,2,2
fourteen_23192,2,0,3,4,2,6
fourteen_23193,2,0,3,4,2,7
fourteen_23194,2,0,3,4,3,2
fourteen_23195,2,0,3,4,3,6
fourteen_23196,2,0,3,4,4,2
fourteen_23197,2,0,3,4,4,3
fourteen_23198,2,0,3,4,4,4
fourteen_23199,2,0,3,4,4,5
fourteen_23200,2,0,3,4,4,6
fourteen_23201,2,0,3,5,6,3
fourteen_23202,2,0,3,5,6,4
fourteen_23203,2,0,3,5,6,5
fourteen_23204,2,0,3,5,7,2
fourteen_23205,2,0,3,5,2,0
fourteen_23206,2,0,3,5,3,2
fourteen_23207,2,0,3,5,3,3
fourteen_23208,2,0,3,5,4,2
fourteen_23209,2,0,3,5,4,3
fourteen_23210,2,0,3,5,4,4
fourteen_23211,2,0,3,5,4,5
fourteen_23212,2,0,3,5,5,3
fourteen_23213,2,0,3,5,5,4
fourteen_23214,2,0,3,5,5,5
fourteen_23215,2,0,3,6,6,4
fourteen_23216,2,0,3,6,6,5
fourteen_23217,2,0,3,6,6,6
fourteen_23218,2,0,3,6,7,3
fourteen_23219,2,0,3,6,7,4
fourteen_23220,2,0,3,6,7,5
fourteen_23221,2,0,3,6,7,6
fourteen_23222,2,0,3,6,0,2
fourteen_23223,2,0,3,6,0,3
fourteen_23224,2,0,3,6,1,2
fourteen_23225,2,0,3,6,1,3
fourteen_23226,2,0,3,6,2,0
fourteen_23227,2,0,3,6,2,2
fourteen_23228,2,0,3,6,2,3
fourteen_23229,2,0,3,6,3,4
fourteen_23230,2,0,3,6,4,4
fourteen_23231,2,0,3,6,4,5
fourteen_23232,2,0,3,6,4,6
fourteen_23233,2,0,3,7,7,5
fourteen_23234,2,0,3,7,7,6
fourteen_23235,2,0,3,7,7,7
fourteen_23236,2,0,3,7,0,2
fourteen_23237,2,0,3,7,0,3
fourteen_23238,2,0,3,7,0,4
fourteen_23239,2,0,3,7,0,5
fourteen_23240,2,0,3,7,0,6
fourteen_23241,2,0,3,7,0,7
fourteen_23242,2,0,3,7,1,3
fourteen_23243,2,0,3,7,1,4
fourteen_23244,2,0,3,7,1,5
fourteen_23245,2,0,3,7,2,0
fourteen_23246,2,0,3,7,2,2
fourteen_23247,2,0,3,7,2,3
fourteen_23248,2,0,3,7,2,4
fourteen_23249,2,0,3,7,2,5
fourteen_23250,2,0,4,1,7,2
fourteen_23251,2,0,4,1,7,3
fourteen_23252,2,0,4,1,7,4
fourteen_23253,2,0,4,1,0,6
fourteen_23254,2,0,4,1,0,7
fourteen_23255,2,0,4,1,1,6
fourteen_23256,2,0,4,1,1,7
fourteen_23257,2,0,4,1,2,6
fourteen_23258,2,0,4,1,2,7
fourteen_23259,2,0,4,1,3,6
fourteen_23260,2,0,4,1,3,7
fourteen_23261,2,0,4,2,7,2
fourteen_23262,2,0,4,2,7,3
fourteen_23263,2,0,4,2,7,4
fourteen_23264,2,0,4,2,0,6
fourteen_23265,2,0,4,2,0,7
fourteen_23266,2,0,4,2,1,6
fourteen_23267,2,0,4,2,1,7
fourteen_23268,2,0,4,2,2,6
fourteen_23269,2,0,4,2,2,7
fourteen_23270,2,0,4,2,3,6
fourteen_23271,2,0,4,2,3,7
fourteen_23272,2,0,4,0,7,2
fourteen_23273,2,0,4,0,7,3
fourteen_23274,2,0,4,0,7,4
fourteen_23275,2,0,4,0,0,6
fourteen_23276,2,0,4,0,0,7
fourteen_23277,2,0,4,0,1,6
fourteen_23278,2,0,4,0,1,7
fourteen_23279,2,0,4,0,2,6
fourteen_23280,2,0,4,0,2,7
fourteen_23281,2,0,4,0,3,6
fourteen_23282,2,0,4,0,3,7
fourteen_23283,2,0,4,3,7,3
fourteen_23284,2,0,4,3,7,4
fourteen_23285,2,0,4,3,7,5
fourteen_23286,2,0,4,3,0,3
fourteen_23287,2,0,4,3,0,4
fourteen_23288,2,0,4,3,0,5
fourteen_23289,2,0,4,3,0,6
fourteen_23290,2,0,4,3,0,7
fourteen_23291,2,0,4,3,1,6
fourteen_23292,2,0,4,3,1,7
fourteen_23293,2,0,4,3,2,6
fourteen_23294,2,0,4,3,2,7
fourteen_23295,2,0,4,3,3,6
fourteen_23296,2,0,4,3,3,7
fourteen_23297,2,0,4,4,7,4
fourteen_23298,2,0,4,4,7,5
fourteen_23299,2,0,4,4,7,6
fourteen_23300,2,0,4,4,7,7
fourteen_23301,2,0,4,4,0,2
fourteen_23302,2,0,4,4,0,3
fourteen_23303,2,0,4,4,0,4
fourteen_23304,2,0,4,4,0,5
fourteen_23305,2,0,4,4,0,6
fourteen_23306,2,0,4,4,0,7
fourteen_23307,2,0,4,4,1,2
fourteen_23308,2,0,4,4,1,3
fourteen_23309,2,0,4,4,1,4
fourteen_23310,2,0,4,4,1,5
fourteen_23311,2,0,4,4,1,6
fourteen_23312,2,0,4,4,1,7
fourteen_23313,2,0,4,4,2,0
fourteen_23314,2,0,4,4,2,2
fourteen_23315,2,0,4,4,2,6
fourteen_23316,2,0,4,4,2,7
fourteen_23317,2,0,4,4,3,0
fourteen_23318,2,0,4,4,3,2
fourteen_23319,2,0,4,4,3,6
fourteen_23320,2,0,4,4,3,7
fourteen_23321,2,0,4,5,6,3
fourteen_23322,2,0,4,5,6,4
fourteen_23323,2,0,4,5,6,5
fourteen_23324,2,0,4,5,7,2
fourteen_23325,2,0,4,6,6,4
fourteen_23326,2,0,4,6,6,5
fourteen_23327,2,0,4,6,6,6
fourteen_23328,2,0,4,6,7,3
fourteen_23329,2,0,4,7,7,5
fourteen_23330,2,0,4,7,7,6
fourteen_23331,2,0,4,7,7,7
fourteen_23332,2,0,4,7,0,7
fourteen_23333,2,0,5,1,7,2
fourteen_23334,2,0,5,1,7,3
fourteen_23335,2,0,5,1,7,4
fourteen_23336,2,0,5,1,0,2
fourteen_23337,2,0,5,1,0,6
fourteen_23338,2,0,5,1,0,7
fourteen_23339,2,0,5,1,1,2
fourteen_23340,2,0,5,1,1,6
fourteen_23341,2,0,5,1,1,7
fourteen_23342,2,0,5,1,2,0
fourteen_23343,2,0,5,1,2,2
fourteen_23344,2,0,5,1,2,6
fourteen_23345,2,0,5,1,2,7
fourteen_23346,2,0,5,1,3,2
fourteen_23347,2,0,5,1,3,6
fourteen_23348,2,0,5,1,3,7
fourteen_23349,2,0,5,1,4,2
fourteen_23350,2,0,5,1,4,3
fourteen_23351,2,0,5,1,4,4
fourteen_23352,2,0,5,1,4,5
fourteen_23353,2,0,5,1,4,6
fourteen_23354,2,0,5,1,4,7
fourteen_23355,2,0,5,2,7,2
fourteen_23356,2,0,5,2,7,3
fourteen_23357,2,0,5,2,7,4
fourteen_23358,2,0,5,2,0,2
fourteen_23359,2,0,5,2,0,6
fourteen_23360,2,0,5,2,0,7
fourteen_23361,2,0,5,2,1,6
fourteen_23362,2,0,5,2,1,7
fourteen_23363,2,0,5,2,2,6
fourteen_23364,2,0,5,2,2,7
fourteen_23365,2,0,5,2,3,6
fourteen_23366,2,0,5,2,3,7
fourteen_23367,2,0,5,2,4,4
fourteen_23368,2,0,5,2,4,5
fourteen_23369,2,0,5,2,4,6
fourteen_23370,2,0,5,2,4,7
fourteen_23371,2,0,5,0,7,2
fourteen_23372,2,0,5,0,7,3
fourteen_23373,2,0,5,0,7,4
fourteen_23374,2,0,5,0,0,2
fourteen_23375,2,0,5,0,0,3
fourteen_23376,2,0,5,0,0,4
fourteen_23377,2,0,5,0,0,5
fourteen_23378,2,0,5,0,0,6
fourteen_23379,2,0,5,0,0,7
fourteen_23380,2,0,5,0,1,2
fourteen_23381,2,0,5,0,1,3
fourteen_23382,2,0,5,0,1,4
fourteen_23383,2,0,5,0,1,5
fourteen_23384,2,0,5,0,1,6
fourteen_23385,2,0,5,0,1,7
fourteen_23386,2,0,5,0,2,5
fourteen_23387,2,0,5,0,2,6
fourteen_23388,2,0,5,0,2,7
fourteen_23389,2,0,5,0,3,5
fourteen_23390,2,0,5,0,3,6
fourteen_23391,2,0,5,0,3,7
fourteen_23392,2,0,5,0,4,5
fourteen_23393,2,0,5,0,4,6
fourteen_23394,2,0,5,0,4,7
fourteen_23395,2,0,5,3,7,3
fourteen_23396,2,0,5,3,7,4
fourteen_23397,2,0,5,3,7,5
fourteen_23398,2,0,5,3,0,3
fourteen_23399,2,0,5,3,0,4
fourteen_23400,2,0,5,3,0,5
fourteen_23401,2,0,5,3,0,6
fourteen_23402,2,0,5,3,0,7
fourteen_23403,2,0,5,3,1,3
fourteen_23404,2,0,5,3,1,4
fourteen_23405,2,0,5,3,1,5
fourteen_23406,2,0,5,3,1,6
fourteen_23407,2,0,5,3,1,7
fourteen_23408,2,0,5,3,2,6
fourteen_23409,2,0,5,3,2,7
fourteen_23410,2,0,5,3,3,6
fourteen_23411,2,0,5,3,3,7
fourteen_23412,2,0,5,3,4,6
fourteen_23413,2,0,5,4,0,2
fourteen_23414,2,0,5,4,0,3
fourteen_23415,2,0,5,4,0,4
fourteen_23416,2,0,5,4,1,2
fourteen_23417,2,0,5,4,1,4
fourteen_23418,2,0,5,4,1,5
fourteen_23419,2,0,5,4,1,6
fourteen_23420,2,0,5,4,1,7
fourteen_23421,2,0,5,4,2,0
fourteen_23422,2,0,5,4,2,2
fourteen_23423,2,0,5,4,2,3
fourteen_23424,2,0,5,4,2,4
fourteen_23425,2,0,5,4,2,5
fourteen_23426,2,0,5,4,2,6
fourteen_23427,2,0,5,4,2,7
fourteen_23428,2,0,5,4,3,0
fourteen_23429,2,0,5,4,3,2
fourteen_23430,2,0,5,4,3,6
fourteen_23431,2,0,5,4,3,7
fourteen_23432,2,0,5,4,4,0
fourteen_23433,2,0,5,4,4,2
fourteen_23434,2,0,5,4,4,6
fourteen_23435,2,0,5,4,4,7
fourteen_23436,2,0,5,5,6,3
fourteen_23437,2,0,5,5,6,4
fourteen_23438,2,0,5,5,6,5
fourteen_23439,2,0,5,5,7,2
fourteen_23440,2,0,5,5,0,2
fourteen_23441,2,0,5,6,6,4
fourteen_23442,2,0,5,6,6,5
fourteen_23443,2,0,5,6,6,6
fourteen_23444,2,0,5,6,7,3
fourteen_23445,2,0,5,6,7,4
fourteen_23446,2,0,5,6,7,5
fourteen_23447,2,0,5,6,7,6
fourteen_23448,2,0,5,6,0,2
fourteen_23449,2,0,5,6,2,0
fourteen_23450,2,0,5,6,3,0
fourteen_23451,2,0,5,6,4,0
fourteen_23452,2,0,5,6,4,2
fourteen_23453,2,0,5,7,7,5
fourteen_23454,2,0,5,7,7,6
fourteen_23455,2,0,5,7,7,7
fourteen_23456,2,0,5,7,0,2
fourteen_23457,2,0,5,7,0,3
fourteen_23458,2,0,5,7,0,4
fourteen_23459,2,0,5,7,0,5
fourteen_23460,2,0,5,7,0,6
fourteen_23461,2,0,5,7,0,7
fourteen_23462,2,0,5,7,1,2
fourteen_23463,2,0,5,7,1,3
fourteen_23464,2,0,5,7,1,7
fourteen_23465,2,0,5,7,2,0
fourteen_23466,2,0,5,7,2,2
fourteen_23467,2,0,5,7,2,3
fourteen_23468,2,0,5,7,3,0
fourteen_23469,2,0,5,7,3,2
fourteen_23470,2,0,5,7,3,3
fourteen_23471,2,0,5,7,4,0
fourteen_23472,2,0,5,7,4,2
fourteen_23473,2,0,5,7,4,3
fourteen_23474,2,0,5,7,4,4
fourteen_23475,2,0,6,1,7,2
fourteen_23476,2,0,6,1,7,3
fourteen_23477,2,0,6,1,7,4
fourteen_23478,2,0,6,1,0,2
fourteen_23479,2,0,6,1,0,3
fourteen_23480,2,0,6,1,0,4
fourteen_23481,2,0,6,1,0,5
fourteen_23482,2,0,6,1,0,6
fourteen_23483,2,0,6,1,1,2
fourteen_23484,2,0,6,1,1,3
fourteen_23485,2,0,6,1,1,4
fourteen_23486,2,0,6,1,1,5
fourteen_23487,2,0,6,1,1,6
fourteen_23488,2,0,6,1,1,7
fourteen_23489,2,0,6,1,2,2
fourteen_23490,2,0,6,1,2,3
fourteen_23491,2,0,6,1,2,4
fourteen_23492,2,0,6,1,2,5
fourteen_23493,2,0,6,1,2,6
fourteen_23494,2,0,6,1,2,7
fourteen_23495,2,0,6,1,3,2
fourteen_23496,2,0,6,1,3,3
fourteen_23497,2,0,6,1,3,4
fourteen_23498,2,0,6,1,3,5
fourteen_23499,2,0,6,1,3,6
fourteen_23500,2,0,6,1,3,7
fourteen_23501,2,0,6,1,4,2
fourteen_23502,2,0,6,1,4,3
fourteen_23503,2,0,6,1,4,4
fourteen_23504,2,0,6,1,4,5
fourteen_23505,2,0,6,1,4,6
fourteen_23506,2,0,6,1,4,7
fourteen_23507,2,0,6,2,7,2
fourteen_23508,2,0,6,2,7,3
fourteen_23509,2,0,6,2,7,4
fourteen_23510,2,0,6,2,0,2
fourteen_23511,2,0,6,2,0,3
fourteen_23512,2,0,6,2,0,4
fourteen_23513,2,0,6,2,0,5
fourteen_23514,2,0,6,2,0,6
fourteen_23515,2,0,6,2,1,2
fourteen_23516,2,0,6,2,1,3
fourteen_23517,2,0,6,2,1,4
fourteen_23518,2,0,6,2,1,5
fourteen_23519,2,0,6,2,1,6
fourteen_23520,2,0,6,2,1,7
fourteen_23521,2,0,6,2,2,2
fourteen_23522,2,0,6,2,2,3
fourteen_23523,2,0,6,2,2,4
fourteen_23524,2,0,6,2,2,5
fourteen_23525,2,0,6,2,2,6
fourteen_23526,2,0,6,2,2,7
fourteen_23527,2,0,6,2,3,0
fourteen_23528,2,0,6,2,3,2
fourteen_23529,2,0,6,2,3,3
fourteen_23530,2,0,6,2,3,4
fourteen_23531,2,0,6,2,3,5
fourteen_23532,2,0,6,2,3,6
fourteen_23533,2,0,6,2,3,7
fourteen_23534,2,0,6,2,4,3
fourteen_23535,2,0,6,2,4,4
fourteen_23536,2,0,6,2,4,5
fourteen_23537,2,0,6,2,4,6
fourteen_23538,2,0,6,2,4,7
fourteen_23539,2,0,6,2,5,3
fourteen_23540,2,0,6,0,7,2
fourteen_23541,2,0,6,0,7,3
fourteen_23542,2,0,6,0,7,4
fourteen_23543,2,0,6,0,0,2
fourteen_23544,2,0,6,0,0,3
fourteen_23545,2,0,6,0,0,4
fourteen_23546,2,0,6,0,0,5
fourteen_23547,2,0,6,0,0,6
fourteen_23548,2,0,6,0,1,2
fourteen_23549,2,0,6,0,1,3
fourteen_23550,2,0,6,0,1,4
fourteen_23551,2,0,6,0,1,5
fourteen_23552,2,0,6,0,1,6
fourteen_23553,2,0,6,0,1,7
fourteen_23554,2,0,6,0,2,2
fourteen_23555,2,0,6,0,2,3
fourteen_23556,2,0,6,0,2,4
fourteen_23557,2,0,6,0,2,5
fourteen_23558,2,0,6,0,2,6
fourteen_23559,2,0,6,0,2,7
fourteen_23560,2,0,6,0,3,2
fourteen_23561,2,0,6,0,3,3
fourteen_23562,2,0,6,0,3,4
fourteen_23563,2,0,6,0,3,5
fourteen_23564,2,0,6,0,3,6
fourteen_23565,2,0,6,0,3,7
fourteen_23566,2,0,6,0,4,4
fourteen_23567,2,0,6,0,4,5
fourteen_23568,2,0,6,0,4,6
fourteen_23569,2,0,6,0,4,7
fourteen_23570,2,0,6,0,5,4
fourteen_23571,2,0,6,3,7,3
fourteen_23572,2,0,6,3,7,4
fourteen_23573,2,0,6,3,7,5
fourteen_23574,2,0,6,3,0,3
fourteen_23575,2,0,6,3,0,4
fourteen_23576,2,0,6,3,0,5
fourteen_23577,2,0,6,3,0,6
fourteen_23578,2,0,6,3,1,3
fourteen_23579,2,0,6,3,1,4
fourteen_23580,2,0,6,3,1,5
fourteen_23581,2,0,6,3,1,6
fourteen_23582,2,0,6,3,1,7
fourteen_23583,2,0,6,3,2,3
fourteen_23584,2,0,6,3,2,4
fourteen_23585,2,0,6,3,2,5
fourteen_23586,2,0,6,3,2,6
fourteen_23587,2,0,6,3,2,7
fourteen_23588,2,0,6,3,3,3
fourteen_23589,2,0,6,3,3,4
fourteen_23590,2,0,6,3,3,5
fourteen_23591,2,0,6,3,3,6
fourteen_23592,2,0,6,3,3,7
fourteen_23593,2,0,6,3,4,5
fourteen_23594,2,0,6,3,4,6
fourteen_23595,2,0,6,3,5,5
fourteen_23596,2,0,6,4,3,4
fourteen_23597,2,0,6,4,3,5
fourteen_23598,2,0,6,4,3,6
fourteen_23599,2,0,6,4,4,6
fourteen_23600,2,0,6,4,5,6
fourteen_23601,2,0,6,5,6,3
fourteen_23602,2,0,6,5,6,4
fourteen_23603,2,0,6,5,6,5
fourteen_23604,2,0,6,5,7,2
fourteen_23605,2,0,6,5,7,3
fourteen_23606,2,0,6,5,7,4
fourteen_23607,2,0,6,5,7,5
fourteen_23608,2,0,6,5,0,2
fourteen_23609,2,0,6,5,0,3
fourteen_23610,2,0,6,5,0,4
fourteen_23611,2,0,6,5,0,5
fourteen_23612,2,0,6,5,1,2
fourteen_23613,2,0,6,5,1,3
fourteen_23614,2,0,6,5,1,4
fourteen_23615,2,0,6,5,1,5
fourteen_23616,2,0,6,5,2,2
fourteen_23617,2,0,6,5,3,2
fourteen_23618,2,0,6,5,4,2
fourteen_23619,2,0,6,6,6,4
fourteen_23620,2,0,6,6,6,5
fourteen_23621,2,0,6,6,6,6
fourteen_23622,2,0,6,6,7,3
fourteen_23623,2,0,6,6,7,4
fourteen_23624,2,0,6,6,7,5
fourteen_23625,2,0,6,6,7,6
fourteen_23626,2,0,6,6,0,2
fourteen_23627,2,0,6,6,0,3
fourteen_23628,2,0,6,6,0,4
fourteen_23629,2,0,6,6,0,5
fourteen_23630,2,0,6,6,0,6
fourteen_23631,2,0,6,6,1,2
fourteen_23632,2,0,6,6,1,3
fourteen_23633,2,0,6,6,1,4
fourteen_23634,2,0,6,6,1,5
fourteen_23635,2,0,6,6,1,6
fourteen_23636,2,0,6,6,2,2
fourteen_23637,2,0,6,6,2,3
fourteen_23638,2,0,6,6,2,4
fourteen_23639,2,0,6,6,2,5
fourteen_23640,2,0,6,6,2,6
fourteen_23641,2,0,6,6,3,2
fourteen_23642,2,0,6,6,3,3
fourteen_23643,2,0,6,6,4,2
fourteen_23644,2,0,6,6,4,3
fourteen_23645,2,0,6,7,0,2
fourteen_23646,2,0,6,7,0,3
fourteen_23647,2,0,6,7,0,4
fourteen_23648,2,0,6,7,0,5
fourteen_23649,2,0,6,7,0,6
fourteen_23650,2,0,6,7,1,2
fourteen_23651,2,0,6,7,1,3
fourteen_23652,2,0,6,7,1,4
fourteen_23653,2,0,6,7,1,5
fourteen_23654,2,0,6,7,1,6
fourteen_23655,2,0,6,7,1,7
fourteen_23656,2,0,6,7,2,2
fourteen_23657,2,0,6,7,2,3
fourteen_23658,2,0,6,7,2,4
fourteen_23659,2,0,6,7,2,5
fourteen_23660,2,0,6,7,2,6
fourteen_23661,2,0,6,7,2,7
fourteen_23662,2,0,6,7,3,2
fourteen_23663,2,0,6,7,3,3
fourteen_23664,2,0,6,7,3,4
fourteen_23665,2,0,6,7,3,5
fourteen_23666,2,0,6,7,3,6
fourteen_23667,2,0,6,7,3,7
fourteen_23668,2,0,6,7,4,2
fourteen_23669,2,0,6,7,4,3
fourteen_23670,2,0,6,7,4,4
fourteen_23671,2,0,6,7,4,5
fourteen_23672,2,1,7,2,0,3
fourteen_23673,2,1,7,2,0,4
fourteen_23674,2,1,7,2,1,4
fourteen_23675,2,1,7,2,2,2
fourteen_23676,2,1,7,2,2,3
fourteen_23677,2,1,7,2,2,4
fourteen_23678,2,1,7,0,0,3
fourteen_23679,2,1,7,0,0,4
fourteen_23680,2,1,7,0,1,4
fourteen_23681,2,1,7,0,2,2
fourteen_23682,2,1,7,0,2,3
fourteen_23683,2,1,7,0,2,4
fourteen_23684,2,1,7,4,0,4
fourteen_23685,2,1,7,4,1,3
fourteen_23686,2,1,7,4,1,4
fourteen_23687,2,1,7,5,0,3
fourteen_23688,2,1,7,5,0,4
fourteen_23689,2,1,7,5,1,4
fourteen_23690,2,1,7,5,2,2
fourteen_23691,2,1,7,5,2,3
fourteen_23692,2,1,7,5,2,4
fourteen_23693,2,1,7,6,0,3
fourteen_23694,2,1,7,6,0,4
fourteen_23695,2,1,7,6,1,4
fourteen_23696,2,1,7,6,2,2
fourteen_23697,2,1,7,6,2,3
fourteen_23698,2,1,7,6,2,4
fourteen_23699,2,1,0,1,1,3
fourteen_23700,2,1,0,1,1,4
fourteen_23701,2,1,0,1,2,2
fourteen_23702,2,1,0,1,2,4
fourteen_23703,2,1,0,1,3,2
fourteen_23704,2,1,0,1,3,3
fourteen_23705,2,1,0,1,3,4
fourteen_23706,2,1,0,2,7,3
fourteen_23707,2,1,0,2,7,4
fourteen_23708,2,1,0,2,0,3
fourteen_23709,2,1,0,2,0,4
fourteen_23710,2,1,0,2,1,3
fourteen_23711,2,1,0,2,1,4
fourteen_23712,2,1,0,2,2,2
fourteen_23713,2,1,0,2,2,3
fourteen_23714,2,1,0,2,2,4
fourteen_23715,2,1,0,2,3,2
fourteen_23716,2,1,0,2,3,3
fourteen_23717,2,1,0,2,3,4
fourteen_23718,2,1,0,0,0,3
fourteen_23719,2,1,0,0,0,4
fourteen_23720,2,1,0,0,0,5
fourteen_23721,2,1,0,0,1,3
fourteen_23722,2,1,0,0,1,4
fourteen_23723,2,1,0,0,1,5
fourteen_23724,2,1,0,0,2,2
fourteen_23725,2,1,0,0,2,3
fourteen_23726,2,1,0,0,2,4
fourteen_23727,2,1,0,0,2,5
fourteen_23728,2,1,0,0,3,2
fourteen_23729,2,1,0,0,3,3
fourteen_23730,2,1,0,0,3,4
fourteen_23731,2,1,0,5,7,3
fourteen_23732,2,1,0,5,0,3
fourteen_23733,2,1,0,5,1,3
fourteen_23734,2,1,0,5,1,4
fourteen_23735,2,1,0,5,1,5
fourteen_23736,2,1,0,5,2,2
fourteen_23737,2,1,0,5,2,3
fourteen_23738,2,1,0,5,2,4
fourteen_23739,2,1,0,5,3,2
fourteen_23740,2,1,0,5,3,3
fourteen_23741,2,1,0,5,3,4
fourteen_23742,2,1,0,6,7,4
fourteen_23743,2,1,0,6,0,3
fourteen_23744,2,1,0,6,0,4
fourteen_23745,2,1,0,6,1,3
fourteen_23746,2,1,0,6,1,4
fourteen_23747,2,1,0,6,1,5
fourteen_23748,2,1,0,6,1,6
fourteen_23749,2,1,0,6,2,2
fourteen_23750,2,1,0,6,2,3
fourteen_23751,2,1,0,6,2,4
fourteen_23752,2,1,0,6,2,5
fourteen_23753,2,1,0,6,2,6
fourteen_23754,2,1,0,6,3,2
fourteen_23755,2,1,0,6,3,3
fourteen_23756,2,1,0,6,3,4
fourteen_23757,2,1,0,7,7,5
fourteen_23758,2,1,0,7,0,5
fourteen_23759,2,1,0,7,1,3
fourteen_23760,2,1,0,7,1,4
fourteen_23761,2,1,0,7,1,5
fourteen_23762,2,1,0,7,1,6
fourteen_23763,2,1,0,7,1,7
fourteen_23764,2,1,0,7,2,2
fourteen_23765,2,1,0,7,2,4
fourteen_23766,2,1,0,7,3,2
fourteen_23767,2,1,0,7,3,3
fourteen_23768,2,1,0,7,3,4
fourteen_23769,2,1,1,1,1,3
fourteen_23770,2,1,1,1,1,4
fourteen_23771,2,1,1,1,2,0
fourteen_23772,2,1,1,1,2,2
fourteen_23773,2,1,1,1,2,3
fourteen_23774,2,1,1,1,2,4
fourteen_23775,2,1,1,1,3,0
fourteen_23776,2,1,1,1,3,2
fourteen_23777,2,1,1,1,3,3
fourteen_23778,2,1,1,1,3,4
fourteen_23779,2,1,1,0,0,3
fourteen_23780,2,1,1,0,0,4
fourteen_23781,2,1,1,0,0,5
fourteen_23782,2,1,1,0,1,3
fourteen_23783,2,1,1,0,1,4
fourteen_23784,2,1,1,0,1,5
fourteen_23785,2,1,1,0,2,2
fourteen_23786,2,1,1,0,2,3
fourteen_23787,2,1,1,0,2,4
fourteen_23788,2,1,1,0,2,5
fourteen_23789,2,1,1,0,3,2
fourteen_23790,2,1,1,0,3,3
fourteen_23791,2,1,1,0,3,4
fourteen_23792,2,1,1,0,3,5
fourteen_23793,2,1,1,4,2,2
fourteen_23794,2,1,1,4,2,3
fourteen_23795,2,1,1,4,2,4
fourteen_23796,2,1,1,5,2,2
fourteen_23797,2,1,1,5,3,2
fourteen_23798,2,1,1,5,3,3
fourteen_23799,2,1,1,5,3,4
fourteen_23800,2,1,1,5,3,5
fourteen_23801,2,1,1,5,4,3
fourteen_23802,2,1,1,5,4,4
fourteen_23803,2,1,1,5,4,5
fourteen_23804,2,1,1,6,0,3
fourteen_23805,2,1,1,6,0,4
fourteen_23806,2,1,1,6,1,3
fourteen_23807,2,1,1,6,1,4
fourteen_23808,2,1,1,6,2,2
fourteen_23809,2,1,1,6,2,3
fourteen_23810,2,1,1,6,2,4
fourteen_23811,2,1,1,6,2,5
fourteen_23812,2,1,1,6,2,6
fourteen_23813,2,1,1,6,3,2
fourteen_23814,2,1,1,6,3,3
fourteen_23815,2,1,1,6,3,4
fourteen_23816,2,1,1,6,3,5
fourteen_23817,2,1,1,6,3,6
fourteen_23818,2,1,1,6,4,4
fourteen_23819,2,1,1,6,4,5
fourteen_23820,2,1,1,6,4,6
fourteen_23821,2,1,1,7,0,4
fourteen_23822,2,1,1,7,0,5
fourteen_23823,2,1,1,7,1,3
fourteen_23824,2,1,1,7,1,4
fourteen_23825,2,1,1,7,1,5
fourteen_23826,2,1,1,7,2,2
fourteen_23827,2,1,1,7,2,4
fourteen_23828,2,1,1,7,2,5
fourteen_23829,2,1,1,7,2,6
fourteen_23830,2,1,1,7,2,7
fourteen_23831,2,1,1,7,3,2
fourteen_23832,2,1,1,7,3,3
fourteen_23833,2,1,1,7,3,4
fourteen_23834,2,1,1,7,3,5
fourteen_23835,2,1,1,7,3,6
fourteen_23836,2,1,2,1,1,3
fourteen_23837,2,1,2,1,1,4
fourteen_23838,2,1,2,1,2,0
fourteen_23839,2,1,2,1,2,2
fourteen_23840,2,1,2,1,2,3
fourteen_23841,2,1,2,1,2,4
fourteen_23842,2,1,2,1,3,0
fourteen_23843,2,1,2,1,3,2
fourteen_23844,2,1,2,1,3,3
fourteen_23845,2,1,2,1,3,4
fourteen_23846,2,1,2,2,1,3
fourteen_23847,2,1,2,2,1,4
fourteen_23848,2,1,2,2,2,0
fourteen_23849,2,1,2,2,2,2
fourteen_23850,2,1,2,2,2,3
fourteen_23851,2,1,2,2,2,4
fourteen_23852,2,1,2,2,3,0
fourteen_23853,2,1,2,2,3,2
fourteen_23854,2,1,2,2,3,3
fourteen_23855,2,1,2,2,3,4
fourteen_23856,2,1,2,0,1,3
fourteen_23857,2,1,2,0,1,4
fourteen_23858,2,1,2,0,1,5
fourteen_23859,2,1,2,0,2,2
fourteen_23860,2,1,2,0,2,3
fourteen_23861,2,1,2,0,2,4
fourteen_23862,2,1,2,0,2,5
fourteen_23863,2,1,2,0,3,2
fourteen_23864,2,1,2,0,3,3
fourteen_23865,2,1,2,0,3,4
fourteen_23866,2,1,2,0,3,5
fourteen_23867,2,1,2,5,2,0
fourteen_23868,2,1,2,5,2,2
fourteen_23869,2,1,2,5,3,0
fourteen_23870,2,1,2,5,3,2
fourteen_23871,2,1,2,6,1,3
fourteen_23872,2,1,2,6,1,4
fourteen_23873,2,1,2,6,2,0
fourteen_23874,2,1,2,6,2,2
fourteen_23875,2,1,2,6,2,3
fourteen_23876,2,1,2,6,2,4
fourteen_23877,2,1,2,6,3,0
fourteen_23878,2,1,2,6,3,2
fourteen_23879,2,1,2,6,3,3
fourteen_23880,2,1,2,6,3,4
fourteen_23881,2,1,2,7,1,3
fourteen_23882,2,1,2,7,1,4
fourteen_23883,2,1,2,7,2,0
fourteen_23884,2,1,2,7,2,2
fourteen_23885,2,1,2,7,2,3
fourteen_23886,2,1,2,7,2,4
fourteen_23887,2,1,2,7,3,0
fourteen_23888,2,1,2,7,3,2
fourteen_23889,2,1,2,7,3,3
fourteen_23890,2,1,2,7,3,4
fourteen_23891,2,1,3,5,0,3
fourteen_23892,2,1,3,5,0,4
fourteen_23893,2,1,3,5,0,5
fourteen_23894,2,1,3,5,1,3
fourteen_23895,2,1,3,5,2,3
fourteen_23896,2,1,4,1,1,3
fourteen_23897,2,1,4,1,1,4
fourteen_23898,2,1,4,1,2,2
fourteen_23899,2,1,4,1,2,3
fourteen_23900,2,1,4,1,2,4
fourteen_23901,2,1,4,1,3,2
fourteen_23902,2,1,4,1,3,3
fourteen_23903,2,1,4,1,3,4
fourteen_23904,2,1,4,2,1,4
fourteen_23905,2,1,4,2,2,4
fourteen_23906,2,1,4,2,3,4
fourteen_23907,2,1,4,0,0,3
fourteen_23908,2,1,4,0,0,4
fourteen_23909,2,1,4,3,1,3
fourteen_23910,2,1,4,3,1,4
fourteen_23911,2,1,4,3,1,5
fourteen_23912,2,1,4,3,2,5
fourteen_23913,2,1,4,3,3,5
fourteen_23914,2,1,4,4,0,3
fourteen_23915,2,1,4,4,0,4
fourteen_23916,2,1,4,4,1,4
fourteen_23917,2,1,4,4,2,2
fourteen_23918,2,1,4,5,7,3
fourteen_23919,2,1,4,5,7,4
fourteen_23920,2,1,4,5,7,5
fourteen_23921,2,1,4,5,0,3
fourteen_23922,2,1,4,5,0,4
fourteen_23923,2,1,4,5,0,5
fourteen_23924,2,1,4,5,2,0
fourteen_23925,2,1,4,5,3,0
fourteen_23926,2,1,4,6,7,4
fourteen_23927,2,1,4,6,7,5
fourteen_23928,2,1,4,6,7,6
fourteen_23929,2,1,4,6,0,3
fourteen_23930,2,1,4,6,0,4
fourteen_23931,2,1,4,6,0,5
fourteen_23932,2,1,4,6,0,6
fourteen_23933,2,1,4,6,1,3
fourteen_23934,2,1,4,6,1,4
fourteen_23935,2,1,4,6,1,5
fourteen_23936,2,1,4,6,1,6
fourteen_23937,2,1,4,6,2,0
fourteen_23938,2,1,4,6,2,2
fourteen_23939,2,1,4,6,2,3
fourteen_23940,2,1,4,6,2,4
fourteen_23941,2,1,4,6,3,0
fourteen_23942,2,1,4,6,3,2
fourteen_23943,2,1,4,6,3,3
fourteen_23944,2,1,4,6,3,4
fourteen_23945,2,1,4,7,0,4
fourteen_23946,2,1,4,7,0,5
fourteen_23947,2,1,4,7,0,6
fourteen_23948,2,1,4,7,1,3
fourteen_23949,2,1,4,7,1,4
fourteen_23950,2,1,4,7,1,5
fourteen_23951,2,1,4,7,1,6
fourteen_23952,2,1,4,7,1,7
fourteen_23953,2,1,4,7,2,0
fourteen_23954,2,1,4,7,2,2
fourteen_23955,2,1,4,7,2,3
fourteen_23956,2,1,4,7,2,4
fourteen_23957,2,1,4,7,2,5
fourteen_23958,2,1,4,7,3,0
fourteen_23959,2,1,4,7,3,2
fourteen_23960,2,1,4,7,3,3
fourteen_23961,2,1,4,7,3,4
fourteen_23962,2,1,4,7,3,5
fourteen_23963,2,1,5,1,1,3
fourteen_23964,2,1,5,1,1,4
fourteen_23965,2,1,5,1,2,2
fourteen_23966,2,1,5,1,2,4
fourteen_23967,2,1,5,1,3,2
fourteen_23968,2,1,5,1,3,3
fourteen_23969,2,1,5,1,3,4
fourteen_23970,2,1,5,2,1,3
fourteen_23971,2,1,5,2,1,4
fourteen_23972,2,1,5,2,2,0
fourteen_23973,2,1,5,2,2,2
fourteen_23974,2,1,5,2,2,3
fourteen_23975,2,1,5,2,2,4
fourteen_23976,2,1,5,2,3,3
fourteen_23977,2,1,5,2,3,4
fourteen_23978,2,1,5,2,4,3
fourteen_23979,2,1,5,0,0,3
fourteen_23980,2,1,5,0,0,4
fourteen_23981,2,1,5,0,1,3
fourteen_23982,2,1,5,0,1,4
fourteen_23983,2,1,5,0,2,2
fourteen_23984,2,1,5,0,2,3
fourteen_23985,2,1,5,0,2,4
fourteen_23986,2,1,5,0,3,4
fourteen_23987,2,1,5,0,4,4
fourteen_23988,2,1,5,4,0,3
fourteen_23989,2,1,5,4,0,4
fourteen_23990,2,1,5,4,1,4
fourteen_23991,2,1,5,4,2,2
fourteen_23992,2,1,5,4,2,3
fourteen_23993,2,1,5,4,2,4
fourteen_23994,2,1,5,5,0,3
fourteen_23995,2,1,5,5,0,4
fourteen_23996,2,1,5,5,0,5
fourteen_23997,2,1,5,5,1,3
fourteen_23998,2,1,5,5,1,4
fourteen_23999,2,1,5,5,1,5
fourteen_24000,2,1,5,5,2,2
fourteen_24001,2,1,5,5,2,3
fourteen_24002,2,1,5,5,2,4
fourteen_24003,2,1,5,5,2,5
fourteen_24004,2,1,5,5,3,2
fourteen_24005,2,1,5,5,3,3
fourteen_24006,2,1,5,5,4,2
fourteen_24007,2,1,5,5,4,3
fourteen_24008,2,1,5,6,0,3
fourteen_24009,2,1,5,6,0,4
fourteen_24010,2,1,5,6,0,5
fourteen_24011,2,1,5,6,0,6
fourteen_24012,2,1,5,6,1,3
fourteen_24013,2,1,5,6,1,4
fourteen_24014,2,1,5,6,1,5
fourteen_24015,2,1,5,6,1,6
fourteen_24016,2,1,5,6,2,2
fourteen_24017,2,1,5,6,2,3
fourteen_24018,2,1,5,6,2,4
fourteen_24019,2,1,5,6,2,5
fourteen_24020,2,1,5,6,2,6
fourteen_24021,2,1,5,6,3,2
fourteen_24022,2,1,5,6,3,3
fourteen_24023,2,1,5,6,3,4
fourteen_24024,2,1,5,6,4,4
fourteen_24025,2,1,5,7,1,3
fourteen_24026,2,1,5,7,1,4
fourteen_24027,2,1,5,7,1,5
fourteen_24028,2,1,5,7,1,6
fourteen_24029,2,1,5,7,2,2
fourteen_24030,2,1,5,7,2,4
fourteen_24031,2,1,5,7,2,5
fourteen_24032,2,1,5,7,2,6
fourteen_24033,2,1,5,7,2,7
fourteen_24034,2,1,5,7,3,2
fourteen_24035,2,1,5,7,3,3
fourteen_24036,2,1,5,7,3,4
fourteen_24037,2,1,5,7,3,5
fourteen_24038,2,1,5,7,4,5
fourteen_24039,2,1,6,1,1,3
fourteen_24040,2,1,6,1,1,4
fourteen_24041,2,1,6,1,2,2
fourteen_24042,2,1,6,1,2,4
fourteen_24043,2,1,6,1,3,2
fourteen_24044,2,1,6,1,3,3
fourteen_24045,2,1,6,1,3,4
fourteen_24046,2,1,6,2,1,3
fourteen_24047,2,1,6,2,1,4
fourteen_24048,2,1,6,2,2,2
fourteen_24049,2,1,6,2,2,4
fourteen_24050,2,1,6,2,3,2
fourteen_24051,2,1,6,2,3,3
fourteen_24052,2,1,6,2,3,4
fourteen_24053,2,1,6,0,0,3
fourteen_24054,2,1,6,0,0,4
fourteen_24055,2,1,6,0,1,3
fourteen_24056,2,1,6,0,1,4
fourteen_24057,2,1,6,0,2,2
fourteen_24058,2,1,6,0,2,3
fourteen_24059,2,1,6,0,2,4
fourteen_24060,2,1,6,0,3,2
fourteen_24061,2,1,6,0,3,3
fourteen_24062,2,1,6,0,3,4
fourteen_24063,2,1,6,5,0,3
fourteen_24064,2,1,6,5,0,4
fourteen_24065,2,1,6,5,1,3
fourteen_24066,2,1,6,5,1,4
fourteen_24067,2,1,6,5,2,2
fourteen_24068,2,1,6,5,2,3
fourteen_24069,2,1,6,5,2,4
fourteen_24070,2,1,6,5,3,2
fourteen_24071,2,1,6,5,3,3
fourteen_24072,2,1,6,5,3,4
fourteen_24073,2,1,6,5,3,5
fourteen_24074,2,1,6,5,4,3
fourteen_24075,2,1,6,5,5,3
fourteen_24076,2,1,6,6,0,3
fourteen_24077,2,1,6,6,0,4
fourteen_24078,2,1,6,6,1,3
fourteen_24079,2,1,6,6,1,4
fourteen_24080,2,1,6,6,2,2
fourteen_24081,2,1,6,6,2,3
fourteen_24082,2,1,6,6,2,4
fourteen_24083,2,1,6,6,3,2
fourteen_24084,2,1,6,6,3,3
fourteen_24085,2,1,6,6,3,4
fourteen_24086,2,1,6,7,1,3
fourteen_24087,2,1,6,7,1,4
fourteen_24088,2,1,6,7,2,2
fourteen_24089,2,1,6,7,2,4
fourteen_24090,2,1,6,7,3,2
fourteen_24091,2,1,6,7,3,3
fourteen_24092,2,1,6,7,3,4
fourteen_24093,2,2,1,5,2,3
fourteen_24094,2,2,4,0,2,4
fourteen_24095,2,2,4,0,3,4
fourteen_24096,2,2,4,5,2,2
fourteen_24097,2,2,4,5,2,3
fourteen_24098,2,2,4,5,3,2
fourteen_24099,2,2,4,5,3,3
fourteen_24100,2,2,4,6,3,4
fourteen_24101,2,2,5,0,2,2
fourteen_24102,2,2,5,0,2,3
fourteen_24103,2,2,5,0,2,4
fourteen_24104,2,2,5,0,3,4
fourteen_24105,2,2,5,0,4,4
fourteen_24106,2,2,5,5,2,3
fourteen_24107,2,2,5,5,2,4
fourteen_24108,2,2,5,5,3,3
fourteen_24109,2,2,5,5,4,3
fourteen_24110,2,2,5,6,2,4
fourteen_24111,2,2,5,6,3,4
fourteen_24112,2,2,5,6,4,4
fourteen_24113,3,0,7,1,7,2
fourteen_24114,3,0,7,1,7,3
fourteen_24115,3,0,7,1,7,4
fourteen_24116,3,0,7,1,7,5
fourteen_24117,3,0,7,1,7,6
fourteen_24118,3,0,7,1,7,7
fourteen_24119,3,0,7,1,0,2
fourteen_24120,3,0,7,1,0,3
fourteen_24121,3,0,7,1,0,4
fourteen_24122,3,0,7,1,0,5
fourteen_24123,3,0,7,1,0,6
fourteen_24124,3,0,7,1,0,7
fourteen_24125,3,0,7,1,1,2
fourteen_24126,3,0,7,1,1,3
fourteen_24127,3,0,7,1,1,4
fourteen_24128,3,0,7,1,1,5
fourteen_24129,3,0,7,1,1,6
fourteen_24130,3,0,7,1,1,7
fourteen_24131,3,0,7,1,2,2
fourteen_24132,3,0,7,1,2,3
fourteen_24133,3,0,7,1,2,4
fourteen_24134,3,0,7,1,2,5
fourteen_24135,3,0,7,1,2,6
fourteen_24136,3,0,7,1,2,7
fourteen_24137,3,0,7,1,3,2
fourteen_24138,3,0,7,1,3,3
fourteen_24139,3,0,7,1,3,4
fourteen_24140,3,0,7,1,3,5
fourteen_24141,3,0,7,1,3,6
fourteen_24142,3,0,7,1,4,2
fourteen_24143,3,0,7,1,4,3
fourteen_24144,3,0,7,1,4,4
fourteen_24145,3,0,7,1,4,5
fourteen_24146,3,0,7,1,4,6
fourteen_24147,3,0,7,1,5,3
fourteen_24148,3,0,7,1,5,4
fourteen_24149,3,0,7,1,5,5
fourteen_24150,3,0,7,1,5,6
fourteen_24151,3,0,7,2,0,2
fourteen_24152,3,0,7,2,0,3
fourteen_24153,3,0,7,2,0,4
fourteen_24154,3,0,7,2,0,5
fourteen_24155,3,0,7,2,0,6
fourteen_24156,3,0,7,2,0,7
fourteen_24157,3,0,7,2,1,2
fourteen_24158,3,0,7,2,1,3
fourteen_24159,3,0,7,2,1,4
fourteen_24160,3,0,7,2,1,5
fourteen_24161,3,0,7,2,1,6
fourteen_24162,3,0,7,2,1,7
fourteen_24163,3,0,7,2,2,2
fourteen_24164,3,0,7,2,2,3
fourteen_24165,3,0,7,2,2,4
fourteen_24166,3,0,7,2,2,5
fourteen_24167,3,0,7,2,2,6
fourteen_24168,3,0,7,2,2,7
fourteen_24169,3,0,7,2,3,2
fourteen_24170,3,0,7,2,3,3
fourteen_24171,3,0,7,2,3,4
fourteen_24172,3,0,7,2,3,5
fourteen_24173,3,0,7,2,3,6
fourteen_24174,3,0,7,2,4,2
fourteen_24175,3,0,7,2,4,3
fourteen_24176,3,0,7,2,4,4
fourteen_24177,3,0,7,2,4,5
fourteen_24178,3,0,7,2,4,6
fourteen_24179,3,0,7,0,7,4
fourteen_24180,3,0,7,0,0,2
fourteen_24181,3,0,7,0,0,3
fourteen_24182,3,0,7,0,0,4
fourteen_24183,3,0,7,0,0,5
fourteen_24184,3,0,7,0,0,6
fourteen_24185,3,0,7,0,0,7
fourteen_24186,3,0,7,0,1,2
fourteen_24187,3,0,7,0,1,3
fourteen_24188,3,0,7,0,1,4
fourteen_24189,3,0,7,0,1,5
fourteen_24190,3,0,7,0,1,6
fourteen_24191,3,0,7,0,1,7
fourteen_24192,3,0,7,0,2,2
fourteen_24193,3,0,7,0,2,3
fourteen_24194,3,0,7,0,2,4
fourteen_24195,3,0,7,0,2,5
fourteen_24196,3,0,7,0,2,6
fourteen_24197,3,0,7,0,2,7
fourteen_24198,3,0,7,0,3,2
fourteen_24199,3,0,7,0,3,3
fourteen_24200,3,0,7,0,3,4
fourteen_24201,3,0,7,0,3,5
fourteen_24202,3,0,7,0,3,6
fourteen_24203,3,0,7,0,4,2
fourteen_24204,3,0,7,0,4,3
fourteen_24205,3,0,7,0,4,4
fourteen_24206,3,0,7,3,6,5
fourteen_24207,3,0,7,3,7,5
fourteen_24208,3,0,7,3,7,6
fourteen_24209,3,0,7,3,0,3
fourteen_24210,3,0,7,3,0,4
fourteen_24211,3,0,7,3,0,5
fourteen_24212,3,0,7,3,0,6
fourteen_24213,3,0,7,3,0,7
fourteen_24214,3,0,7,3,1,3
fourteen_24215,3,0,7,3,1,4
fourteen_24216,3,0,7,3,1,5
fourteen_24217,3,0,7,3,1,6
fourteen_24218,3,0,7,3,1,7
fourteen_24219,3,0,7,3,2,3
fourteen_24220,3,0,7,3,2,4
fourteen_24221,3,0,7,3,2,5
fourteen_24222,3,0,7,3,2,6
fourteen_24223,3,0,7,3,2,7
fourteen_24224,3,0,7,3,3,3
fourteen_24225,3,0,7,3,3,4
fourteen_24226,3,0,7,3,3,5
fourteen_24227,3,0,7,3,3,6
fourteen_24228,3,0,7,3,4,3
fourteen_24229,3,0,7,3,4,4
fourteen_24230,3,0,7,3,4,5
fourteen_24231,3,0,7,3,4,6
fourteen_24232,3,0,7,3,5,3
fourteen_24233,3,0,7,3,5,4
fourteen_24234,3,0,7,3,5,5
fourteen_24235,3,0,7,4,6,6
fourteen_24236,3,0,7,4,7,6
fourteen_24237,3,0,7,4,0,4
fourteen_24238,3,0,7,4,0,5
fourteen_24239,3,0,7,4,0,6
fourteen_24240,3,0,7,5,6,3
fourteen_24241,3,0,7,5,7,2
fourteen_24242,3,0,7,5,7,3
fourteen_24243,3,0,7,5,0,2
fourteen_24244,3,0,7,5,0,3
fourteen_24245,3,0,7,5,0,4
fourteen_24246,3,0,7,5,0,5
fourteen_24247,3,0,7,5,1,2
fourteen_24248,3,0,7,5,1,3
fourteen_24249,3,0,7,5,1,4
fourteen_24250,3,0,7,5,1,5
fourteen_24251,3,0,7,5,2,2
fourteen_24252,3,0,7,5,2,3
fourteen_24253,3,0,7,5,2,4
fourteen_24254,3,0,7,5,2,5
fourteen_24255,3,0,7,5,3,2
fourteen_24256,3,0,7,5,3,3
fourteen_24257,3,0,7,5,3,4
fourteen_24258,3,0,7,5,3,5
fourteen_24259,3,0,7,5,4,2
fourteen_24260,3,0,7,5,4,3
fourteen_24261,3,0,7,5,4,4
fourteen_24262,3,0,7,5,4,5
fourteen_24263,3,0,7,5,5,3
fourteen_24264,3,0,7,5,5,4
fourteen_24265,3,0,7,5,5,5
fourteen_24266,3,0,7,6,6,4
fourteen_24267,3,0,7,6,7,2
fourteen_24268,3,0,7,6,7,3
fourteen_24269,3,0,7,6,7,4
fourteen_24270,3,0,7,6,0,2
fourteen_24271,3,0,7,6,0,3
fourteen_24272,3,0,7,6,0,4
fourteen_24273,3,0,7,6,0,5
fourteen_24274,3,0,7,6,0,6
fourteen_24275,3,0,7,6,1,2
fourteen_24276,3,0,7,6,1,3
fourteen_24277,3,0,7,6,1,4
fourteen_24278,3,0,7,6,1,5
fourteen_24279,3,0,7,6,1,6
fourteen_24280,3,0,7,6,2,2
fourteen_24281,3,0,7,6,2,3
fourteen_24282,3,0,7,6,2,4
fourteen_24283,3,0,7,6,2,5
fourteen_24284,3,0,7,6,2,6
fourteen_24285,3,0,7,6,3,2
fourteen_24286,3,0,7,6,3,3
fourteen_24287,3,0,7,6,3,4
fourteen_24288,3,0,7,6,3,5
fourteen_24289,3,0,7,6,3,6
fourteen_24290,3,0,7,6,4,2
fourteen_24291,3,0,7,6,4,3
fourteen_24292,3,0,7,6,4,4
fourteen_24293,3,0,7,6,4,5
fourteen_24294,3,0,7,6,4,6
fourteen_24295,3,0,7,6,5,4
fourteen_24296,3,0,7,6,5,5
fourteen_24297,3,0,7,6,5,6
fourteen_24298,3,0,7,7,7,2
fourteen_24299,3,0,7,7,7,3
fourteen_24300,3,0,7,7,7,4
fourteen_24301,3,0,7,7,7,5
fourteen_24302,3,0,7,7,0,2
fourteen_24303,3,0,7,7,0,3
fourteen_24304,3,0,7,7,0,4
fourteen_24305,3,0,7,7,0,5
fourteen_24306,3,0,7,7,0,6
fourteen_24307,3,0,7,7,0,7
fourteen_24308,3,0,7,7,1,2
fourteen_24309,3,0,7,7,1,3
fourteen_24310,3,0,7,7,1,4
fourteen_24311,3,0,7,7,1,5
fourteen_24312,3,0,7,7,1,6
fourteen_24313,3,0,7,7,1,7
fourteen_24314,3,0,7,7,2,2
fourteen_24315,3,0,7,7,2,3
fourteen_24316,3,0,7,7,2,4
fourteen_24317,3,0,7,7,2,5
fourteen_24318,3,0,7,7,2,6
fourteen_24319,3,0,7,7,2,7
fourteen_24320,3,0,7,7,3,2
fourteen_24321,3,0,7,7,3,3
fourteen_24322,3,0,7,7,3,4
fourteen_24323,3,0,7,7,3,5
fourteen_24324,3,0,7,7,3,6
fourteen_24325,3,0,7,7,4,2
fourteen_24326,3,0,7,7,4,3
fourteen_24327,3,0,7,7,4,4
fourteen_24328,3,0,0,1,7,2
fourteen_24329,3,0,0,1,7,3
fourteen_24330,3,0,0,1,7,4
fourteen_24331,3,0,0,1,7,5
fourteen_24332,3,0,0,1,7,6
fourteen_24333,3,0,0,1,7,7
fourteen_24334,3,0,0,1,0,2
fourteen_24335,3,0,0,1,0,6
fourteen_24336,3,0,0,1,0,7
fourteen_24337,3,0,0,1,1,2
fourteen_24338,3,0,0,1,1,6
fourteen_24339,3,0,0,1,1,7
fourteen_24340,3,0,0,1,2,2
fourteen_24341,3,0,0,1,2,6
fourteen_24342,3,0,0,1,2,7
fourteen_24343,3,0,0,1,3,2
fourteen_24344,3,0,0,1,3,6
fourteen_24345,3,0,0,1,3,7
fourteen_24346,3,0,0,1,4,2
fourteen_24347,3,0,0,1,4,3
fourteen_24348,3,0,0,1,4,4
fourteen_24349,3,0,0,1,4,5
fourteen_24350,3,0,0,1,4,6
fourteen_24351,3,0,0,1,4,7
fourteen_24352,3,0,0,1,5,3
fourteen_24353,3,0,0,1,5,4
fourteen_24354,3,0,0,1,5,5
fourteen_24355,3,0,0,1,5,6
fourteen_24356,3,0,0,1,5,7
fourteen_24357,3,0,0,2,0,3
fourteen_24358,3,0,0,2,0,4
fourteen_24359,3,0,0,2,0,5
fourteen_24360,3,0,0,2,0,6
fourteen_24361,3,0,0,2,0,7
fourteen_24362,3,0,0,2,1,2
fourteen_24363,3,0,0,2,1,6
fourteen_24364,3,0,0,2,1,7
fourteen_24365,3,0,0,2,2,2
fourteen_24366,3,0,0,2,2,4
fourteen_24367,3,0,0,2,2,6
fourteen_24368,3,0,0,2,2,7
fourteen_24369,3,0,0,2,3,2
fourteen_24370,3,0,0,2,3,6
fourteen_24371,3,0,0,2,3,7
fourteen_24372,3,0,0,2,4,2
fourteen_24373,3,0,0,2,4,3
fourteen_24374,3,0,0,2,4,4
fourteen_24375,3,0,0,2,4,5
fourteen_24376,3,0,0,2,4,6
fourteen_24377,3,0,0,2,4,7
fourteen_24378,3,0,0,0,0,5
fourteen_24379,3,0,0,0,0,6
fourteen_24380,3,0,0,0,0,7
fourteen_24381,3,0,0,0,1,5
fourteen_24382,3,0,0,0,1,6
fourteen_24383,3,0,0,0,1,7
fourteen_24384,3,0,0,0,2,2
fourteen_24385,3,0,0,0,2,3
fourteen_24386,3,0,0,0,2,4
fourteen_24387,3,0,0,0,2,5
fourteen_24388,3,0,0,0,2,6
fourteen_24389,3,0,0,0,2,7
fourteen_24390,3,0,0,0,3,2
fourteen_24391,3,0,0,0,3,3
fourteen_24392,3,0,0,0,3,4
fourteen_24393,3,0,0,0,3,5
fourteen_24394,3,0,0,0,3,6
fourteen_24395,3,0,0,0,3,7
fourteen_24396,3,0,0,0,4,2
fourteen_24397,3,0,0,0,4,3
fourteen_24398,3,0,0,0,4,4
fourteen_24399,3,0,0,3,7,6
fourteen_24400,3,0,0,3,0,6
fourteen_24401,3,0,0,3,0,7
fourteen_24402,3,0,0,3,1,6
fourteen_24403,3,0,0,3,1,7
fourteen_24404,3,0,0,3,2,3
fourteen_24405,3,0,0,3,2,4
fourteen_24406,3,0,0,3,2,5
fourteen_24407,3,0,0,3,2,6
fourteen_24408,3,0,0,3,2,7
fourteen_24409,3,0,0,3,3,3
fourteen_24410,3,0,0,3,3,4
fourteen_24411,3,0,0,3,3,5
fourteen_24412,3,0,0,3,3,6
fourteen_24413,3,0,0,3,3,7
fourteen_24414,3,0,0,3,4,3
fourteen_24415,3,0,0,3,4,4
fourteen_24416,3,0,0,3,4,5
fourteen_24417,3,0,0,3,4,6
fourteen_24418,3,0,0,3,5,3
fourteen_24419,3,0,0,3,5,4
fourteen_24420,3,0,0,3,5,5
fourteen_24421,3,0,0,4,7,0
fourteen_24422,3,0,0,4,7,2
fourteen_24423,3,0,0,4,7,6
fourteen_24424,3,0,0,4,7,7
fourteen_24425,3,0,0,4,0,2
fourteen_24426,3,0,0,4,0,6
fourteen_24427,3,0,0,4,0,7
fourteen_24428,3,0,0,4,1,2
fourteen_24429,3,0,0,4,1,3
fourteen_24430,3,0,0,4,1,4
fourteen_24431,3,0,0,4,1,5
fourteen_24432,3,0,0,4,1,6
fourteen_24433,3,0,0,4,1,7
fourteen_24434,3,0,0,4,2,4
fourteen_24435,3,0,0,4,2,5
fourteen_24436,3,0,0,4,2,6
fourteen_24437,3,0,0,4,2,7
fourteen_24438,3,0,0,5,7,0
fourteen_24439,3,0,0,5,7,2
fourteen_24440,3,0,0,5,3,2
fourteen_24441,3,0,0,5,4,2
fourteen_24442,3,0,0,5,4,3
fourteen_24443,3,0,0,5,4,4
fourteen_24444,3,0,0,5,4,5
fourteen_24445,3,0,0,5,5,3
fourteen_24446,3,0,0,5,5,4
fourteen_24447,3,0,0,5,5,5
fourteen_24448,3,0,0,6,7,2
fourteen_24449,3,0,0,6,7,3
fourteen_24450,3,0,0,6,3,2
fourteen_24451,3,0,0,6,4,2
fourteen_24452,3,0,0,6,4,3
fourteen_24453,3,0,0,6,4,4
fourteen_24454,3,0,0,6,4,5
fourteen_24455,3,0,0,6,4,6
fourteen_24456,3,0,0,6,5,4
fourteen_24457,3,0,0,6,5,5
fourteen_24458,3,0,0,6,5,6
fourteen_24459,3,0,0,7,7,2
fourteen_24460,3,0,0,7,7,3
fourteen_24461,3,0,0,7,7,4
fourteen_24462,3,0,0,7,0,2
fourteen_24463,3,0,0,7,0,3
fourteen_24464,3,0,0,7,1,2
fourteen_24465,3,0,0,7,1,3
fourteen_24466,3,0,0,7,2,2
fourteen_24467,3,0,0,7,2,3
fourteen_24468,3,0,0,7,2,7
fourteen_24469,3,0,0,7,3,2
fourteen_24470,3,0,0,7,3,3
fourteen_24471,3,0,0,7,3,4
fourteen_24472,3,0,0,7,3,5
fourteen_24473,3,0,0,7,3,6
fourteen_24474,3,0,0,7,3,7
fourteen_24475,3,0,0,7,4,2
fourteen_24476,3,0,0,7,4,3
fourteen_24477,3,0,0,7,4,4
fourteen_24478,3,0,0,7,4,5
fourteen_24479,3,0,0,7,4,6
fourteen_24480,3,0,0,7,4,7
fourteen_24481,3,0,1,1,0,2
fourteen_24482,3,0,1,1,0,6
fourteen_24483,3,0,1,1,0,7
fourteen_24484,3,0,1,1,1,6
fourteen_24485,3,0,1,1,1,7
fourteen_24486,3,0,1,1,2,6
fourteen_24487,3,0,1,1,2,7
fourteen_24488,3,0,1,1,3,6
fourteen_24489,3,0,1,1,3,7
fourteen_24490,3,0,1,1,4,2
fourteen_24491,3,0,1,1,4,3
fourteen_24492,3,0,1,1,4,4
fourteen_24493,3,0,1,1,4,5
fourteen_24494,3,0,1,1,4,6
fourteen_24495,3,0,1,1,4,7
fourteen_24496,3,0,1,1,5,3
fourteen_24497,3,0,1,1,5,4
fourteen_24498,3,0,1,1,5,5
fourteen_24499,3,0,1,1,5,6
fourteen_24500,3,0,1,1,5,7
fourteen_24501,3,0,1,2,0,2
fourteen_24502,3,0,1,2,0,3
fourteen_24503,3,0,1,2,0,4
fourteen_24504,3,0,1,2,0,5
fourteen_24505,3,0,1,2,0,6
fourteen_24506,3,0,1,2,0,7
fourteen_24507,3,0,1,2,1,6
fourteen_24508,3,0,1,2,1,7
fourteen_24509,3,0,1,2,2,6
fourteen_24510,3,0,1,2,2,7
fourteen_24511,3,0,1,2,3,6
fourteen_24512,3,0,1,2,3,7
fourteen_24513,3,0,1,2,4,2
fourteen_24514,3,0,1,2,4,3
fourteen_24515,3,0,1,2,4,4
fourteen_24516,3,0,1,2,4,5
fourteen_24517,3,0,1,2,4,6
fourteen_24518,3,0,1,2,4,7
fourteen_24519,3,0,1,0,0,4
fourteen_24520,3,0,1,0,0,5
fourteen_24521,3,0,1,0,0,6
fourteen_24522,3,0,1,0,0,7
fourteen_24523,3,0,1,0,1,4
fourteen_24524,3,0,1,0,1,5
fourteen_24525,3,0,1,0,1,6
fourteen_24526,3,0,1,0,1,7
fourteen_24527,3,0,1,0,2,2
fourteen_24528,3,0,1,0,2,3
fourteen_24529,3,0,1,0,2,4
fourteen_24530,3,0,1,0,2,5
fourteen_24531,3,0,1,0,2,6
fourteen_24532,3,0,1,0,2,7
fourteen_24533,3,0,1,0,3,2
fourteen_24534,3,0,1,0,3,3
fourteen_24535,3,0,1,0,3,4
fourteen_24536,3,0,1,0,3,5
fourteen_24537,3,0,1,0,3,6
fourteen_24538,3,0,1,0,3,7
fourteen_24539,3,0,1,0,4,2
fourteen_24540,3,0,1,0,4,3
fourteen_24541,3,0,1,0,4,4
fourteen_24542,3,0,1,3,0,6
fourteen_24543,3,0,1,3,0,7
fourteen_24544,3,0,1,3,1,6
fourteen_24545,3,0,1,3,1,7
fourteen_24546,3,0,1,3,2,6
fourteen_24547,3,0,1,3,2,7
fourteen_24548,3,0,1,3,3,3
fourteen_24549,3,0,1,3,3,4
fourteen_24550,3,0,1,3,3,5
fourteen_24551,3,0,1,3,3,6
fourteen_24552,3,0,1,3,3,7
fourteen_24553,3,0,1,3,4,3
fourteen_24554,3,0,1,3,4,4
fourteen_24555,3,0,1,3,4,5
fourteen_24556,3,0,1,3,4,6
fourteen_24557,3,0,1,3,5,3
fourteen_24558,3,0,1,3,5,4
fourteen_24559,3,0,1,3,5,5
fourteen_24560,3,0,1,4,0,2
fourteen_24561,3,0,1,4,0,6
fourteen_24562,3,0,1,4,0,7
fourteen_24563,3,0,1,4,1,6
fourteen_24564,3,0,1,4,1,7
fourteen_24565,3,0,1,4,2,2
fourteen_24566,3,0,1,4,2,3
fourteen_24567,3,0,1,4,2,4
fourteen_24568,3,0,1,4,2,5
fourteen_24569,3,0,1,4,2,6
fourteen_24570,3,0,1,4,2,7
fourteen_24571,3,0,1,4,3,4
fourteen_24572,3,0,1,4,3,5
fourteen_24573,3,0,1,4,3,6
fourteen_24574,3,0,1,4,3,7
fourteen_24575,3,0,1,4,4,4
fourteen_24576,3,0,1,4,4,5
fourteen_24577,3,0,1,4,4,6
fourteen_24578,3,0,1,4,4,7
fourteen_24579,3,0,1,5,4,2
fourteen_24580,3,0,1,5,5,3
fourteen_24581,3,0,1,5,5,4
fourteen_24582,3,0,1,5,5,5
fourteen_24583,3,0,1,6,4,2
fourteen_24584,3,0,1,6,4,3
fourteen_24585,3,0,1,6,5,4
fourteen_24586,3,0,1,6,5,5
fourteen_24587,3,0,1,6,5,6
fourteen_24588,3,0,1,7,0,2
fourteen_24589,3,0,1,7,1,2
fourteen_24590,3,0,1,7,2,2
fourteen_24591,3,0,1,7,3,2
fourteen_24592,3,0,1,7,3,7
fourteen_24593,3,0,1,7,4,2
fourteen_24594,3,0,1,7,4,3
fourteen_24595,3,0,1,7,4,4
fourteen_24596,3,0,1,7,4,5
fourteen_24597,3,0,1,7,4,6
fourteen_24598,3,0,1,7,4,7
fourteen_24599,3,0,2,2,1,2
fourteen_24600,3,0,2,2,1,3
fourteen_24601,3,0,2,2,1,4
fourteen_24602,3,0,2,2,1,5
fourteen_24603,3,0,2,2,2,2
fourteen_24604,3,0,2,2,2,3
fourteen_24605,3,0,2,2,2,4
fourteen_24606,3,0,2,2,2,5
fourteen_24607,3,0,2,2,3,0
fourteen_24608,3,0,2,2,3,2
fourteen_24609,3,0,2,2,3,3
fourteen_24610,3,0,2,2,3,4
fourteen_24611,3,0,2,2,3,5
fourteen_24612,3,0,2,2,4,2
fourteen_24613,3,0,2,2,4,3
fourteen_24614,3,0,2,2,4,4
fourteen_24615,3,0,2,2,4,5
fourteen_24616,3,0,2,0,1,4
fourteen_24617,3,0,2,0,1,5
fourteen_24618,3,0,2,0,2,4
fourteen_24619,3,0,2,0,2,5
fourteen_24620,3,0,2,0,3,2
fourteen_24621,3,0,2,0,3,3
fourteen_24622,3,0,2,0,3,4
fourteen_24623,3,0,2,0,3,5
fourteen_24624,3,0,2,0,4,2
fourteen_24625,3,0,2,0,4,3
fourteen_24626,3,0,2,0,4,4
fourteen_24627,3,0,2,4,1,2
fourteen_24628,3,0,2,4,1,6
fourteen_24629,3,0,2,4,1,7
fourteen_24630,3,0,2,4,2,6
fourteen_24631,3,0,2,4,2,7
fourteen_24632,3,0,2,4,3,0
fourteen_24633,3,0,2,4,3,2
fourteen_24634,3,0,2,4,3,3
fourteen_24635,3,0,2,4,3,4
fourteen_24636,3,0,2,4,3,5
fourteen_24637,3,0,2,4,3,6
fourteen_24638,3,0,2,4,3,7
fourteen_24639,3,0,2,4,4,4
fourteen_24640,3,0,2,4,4,5
fourteen_24641,3,0,2,4,4,6
fourteen_24642,3,0,2,4,4,7
fourteen_24643,3,0,2,5,3,0
fourteen_24644,3,0,2,5,4,2
fourteen_24645,3,0,2,5,5,3
fourteen_24646,3,0,2,5,5,4
fourteen_24647,3,0,2,5,5,5
fourteen_24648,3,0,2,6,1,2
fourteen_24649,3,0,2,6,1,3
fourteen_24650,3,0,2,6,2,2
fourteen_24651,3,0,2,6,2,3
fourteen_24652,3,0,2,6,3,0
fourteen_24653,3,0,2,6,3,2
fourteen_24654,3,0,2,6,3,3
fourteen_24655,3,0,2,6,4,2
fourteen_24656,3,0,2,6,4,3
fourteen_24657,3,0,2,6,4,4
fourteen_24658,3,0,2,6,4,5
fourteen_24659,3,0,2,6,4,6
fourteen_24660,3,0,2,6,5,4
fourteen_24661,3,0,2,6,5,5
fourteen_24662,3,0,2,6,5,6
fourteen_24663,3,0,2,7,1,2
fourteen_24664,3,0,2,7,1,3
fourteen_24665,3,0,2,7,1,4
fourteen_24666,3,0,2,7,1,5
fourteen_24667,3,0,2,7,2,2
fourteen_24668,3,0,2,7,2,3
fourteen_24669,3,0,2,7,2,4
fourteen_24670,3,0,2,7,2,5
fourteen_24671,3,0,2,7,3,0
fourteen_24672,3,0,2,7,3,2
fourteen_24673,3,0,2,7,3,3
fourteen_24674,3,0,2,7,3,4
fourteen_24675,3,0,2,7,3,5
fourteen_24676,3,0,2,7,3,6
fourteen_24677,3,0,2,7,3,7
fourteen_24678,3,0,2,7,4,2
fourteen_24679,3,0,2,7,4,3
fourteen_24680,3,0,2,7,4,4
fourteen_24681,3,0,2,7,4,5
fourteen_24682,3,0,2,7,4,6
fourteen_24683,3,0,2,7,4,7
fourteen_24684,3,0,3,1,7,2
fourteen_24685,3,0,3,1,7,3
fourteen_24686,3,0,3,1,7,4
fourteen_24687,3,0,3,1,7,5
fourteen_24688,3,0,3,1,0,2
fourteen_24689,3,0,3,1,0,3
fourteen_24690,3,0,3,1,0,4
fourteen_24691,3,0,3,1,0,5
fourteen_24692,3,0,3,1,1,2
fourteen_24693,3,0,3,1,1,3
fourteen_24694,3,0,3,1,1,4
fourteen_24695,3,0,3,1,1,5
fourteen_24696,3,0,3,1,2,2
fourteen_24697,3,0,3,1,2,3
fourteen_24698,3,0,3,1,2,4
fourteen_24699,3,0,3,1,2,5
fourteen_24700,3,0,3,2,0,2
fourteen_24701,3,0,3,2,0,3
fourteen_24702,3,0,3,2,0,4
fourteen_24703,3,0,3,2,0,5
fourteen_24704,3,0,3,2,1,3
fourteen_24705,3,0,3,2,1,5
fourteen_24706,3,0,3,2,2,2
fourteen_24707,3,0,3,2,2,3
fourteen_24708,3,0,3,2,2,4
fourteen_24709,3,0,3,2,2,5
fourteen_24710,3,0,3,0,7,2
fourteen_24711,3,0,3,0,7,3
fourteen_24712,3,0,3,0,7,4
fourteen_24713,3,0,3,0,0,2
fourteen_24714,3,0,3,0,0,3
fourteen_24715,3,0,3,0,0,4
fourteen_24716,3,0,3,0,0,5
fourteen_24717,3,0,3,0,1,4
fourteen_24718,3,0,3,0,1,5
fourteen_24719,3,0,3,0,2,4
fourteen_24720,3,0,3,0,2,5
fourteen_24721,3,0,3,3,0,3
fourteen_24722,3,0,3,3,0,4
fourteen_24723,3,0,3,3,0,5
fourteen_24724,3,0,3,3,1,5
fourteen_24725,3,0,3,3,2,5
fourteen_24726,3,0,3,4,7,4
fourteen_24727,3,0,3,4,7,5
fourteen_24728,3,0,3,4,7,6
fourteen_24729,3,0,3,4,7,7
fourteen_24730,3,0,3,4,0,2
fourteen_24731,3,0,3,4,0,3
fourteen_24732,3,0,3,4,0,4
fourteen_24733,3,0,3,4,0,5
fourteen_24734,3,0,3,4,0,6
fourteen_24735,3,0,3,4,0,7
fourteen_24736,3,0,3,4,1,6
fourteen_24737,3,0,3,4,1,7
fourteen_24738,3,0,3,4,2,2
fourteen_24739,3,0,3,4,2,6
fourteen_24740,3,0,3,4,2,7
fourteen_24741,3,0,3,4,3,2
fourteen_24742,3,0,3,4,4,2
fourteen_24743,3,0,3,4,4,3
fourteen_24744,3,0,3,4,4,4
fourteen_24745,3,0,3,5,6,3
fourteen_24746,3,0,3,5,6,4
fourteen_24747,3,0,3,5,6,5
fourteen_24748,3,0,3,5,7,2
fourteen_24749,3,0,3,6,6,4
fourteen_24750,3,0,3,6,6,5
fourteen_24751,3,0,3,6,6,6
fourteen_24752,3,0,3,6,7,2
fourteen_24753,3,0,3,6,7,3
fourteen_24754,3,0,3,6,7,4
fourteen_24755,3,0,3,6,7,5
fourteen_24756,3,0,3,6,7,6
fourteen_24757,3,0,3,6,0,2
fourteen_24758,3,0,3,6,0,3
fourteen_24759,3,0,3,6,1,2
fourteen_24760,3,0,3,6,1,3
fourteen_24761,3,0,3,6,2,2
fourteen_24762,3,0,3,6,2,3
fourteen_24763,3,0,3,7,7,2
fourteen_24764,3,0,3,7,7,3
fourteen_24765,3,0,3,7,7,4
fourteen_24766,3,0,3,7,7,5
fourteen_24767,3,0,3,7,7,6
fourteen_24768,3,0,3,7,7,7
fourteen_24769,3,0,3,7,0,2
fourteen_24770,3,0,3,7,0,3
fourteen_24771,3,0,3,7,0,4
fourteen_24772,3,0,3,7,0,5
fourteen_24773,3,0,3,7,0,6
fourteen_24774,3,0,3,7,0,7
fourteen_24775,3,0,3,7,1,2
fourteen_24776,3,0,3,7,1,3
fourteen_24777,3,0,3,7,1,4
fourteen_24778,3,0,3,7,1,5
fourteen_24779,3,0,3,7,2,2
fourteen_24780,3,0,3,7,2,3
fourteen_24781,3,0,3,7,2,4
fourteen_24782,3,0,3,7,2,5
fourteen_24783,3,0,4,1,7,2
fourteen_24784,3,0,4,1,7,3
fourteen_24785,3,0,4,1,7,4
fourteen_24786,3,0,4,1,7,5
fourteen_24787,3,0,4,1,7,6
fourteen_24788,3,0,4,1,7,7
fourteen_24789,3,0,4,1,0,6
fourteen_24790,3,0,4,1,0,7
fourteen_24791,3,0,4,1,1,6
fourteen_24792,3,0,4,1,1,7
fourteen_24793,3,0,4,1,2,6
fourteen_24794,3,0,4,1,2,7
fourteen_24795,3,0,4,1,3,2
fourteen_24796,3,0,4,1,3,6
fourteen_24797,3,0,4,1,3,7
fourteen_24798,3,0,4,2,0,5
fourteen_24799,3,0,4,2,0,6
fourteen_24800,3,0,4,2,0,7
fourteen_24801,3,0,4,2,1,6
fourteen_24802,3,0,4,2,1,7
fourteen_24803,3,0,4,2,2,6
fourteen_24804,3,0,4,2,2,7
fourteen_24805,3,0,4,2,3,6
fourteen_24806,3,0,4,2,3,7
fourteen_24807,3,0,4,0,7,2
fourteen_24808,3,0,4,0,7,3
fourteen_24809,3,0,4,0,7,4
fourteen_24810,3,0,4,0,0,2
fourteen_24811,3,0,4,0,0,3
fourteen_24812,3,0,4,0,0,4
fourteen_24813,3,0,4,0,0,5
fourteen_24814,3,0,4,0,0,6
fourteen_24815,3,0,4,0,0,7
fourteen_24816,3,0,4,0,1,2
fourteen_24817,3,0,4,0,1,3
fourteen_24818,3,0,4,0,1,4
fourteen_24819,3,0,4,0,1,5
fourteen_24820,3,0,4,0,1,6
fourteen_24821,3,0,4,0,1,7
fourteen_24822,3,0,4,0,2,4
fourteen_24823,3,0,4,0,2,5
fourteen_24824,3,0,4,0,2,6
fourteen_24825,3,0,4,0,2,7
fourteen_24826,3,0,4,0,3,4
fourteen_24827,3,0,4,0,3,5
fourteen_24828,3,0,4,0,3,6
fourteen_24829,3,0,4,0,3,7
fourteen_24830,3,0,4,3,6,3
fourteen_24831,3,0,4,3,6,4
fourteen_24832,3,0,4,3,6,5
fourteen_24833,3,0,4,3,7,3
fourteen_24834,3,0,4,3,7,4
fourteen_24835,3,0,4,3,7,5
fourteen_24836,3,0,4,3,7,6
fourteen_24837,3,0,4,3,0,3
fourteen_24838,3,0,4,3,0,4
fourteen_24839,3,0,4,3,0,5
fourteen_24840,3,0,4,3,0,6
fourteen_24841,3,0,4,3,0,7
fourteen_24842,3,0,4,3,1,6
fourteen_24843,3,0,4,3,1,7
fourteen_24844,3,0,4,3,2,6
fourteen_24845,3,0,4,3,2,7
fourteen_24846,3,0,4,3,3,6
fourteen_24847,3,0,4,3,3,7
fourteen_24848,3,0,4,4,7,4
fourteen_24849,3,0,4,4,7,5
fourteen_24850,3,0,4,4,7,6
fourteen_24851,3,0,4,4,7,7
fourteen_24852,3,0,4,4,0,4
fourteen_24853,3,0,4,4,0,5
fourteen_24854,3,0,4,4,0,6
fourteen_24855,3,0,4,4,0,7
fourteen_24856,3,0,4,4,1,2
fourteen_24857,3,0,4,4,1,3
fourteen_24858,3,0,4,4,1,4
fourteen_24859,3,0,4,4,1,5
fourteen_24860,3,0,4,4,1,6
fourteen_24861,3,0,4,4,1,7
fourteen_24862,3,0,4,4,2,6
fourteen_24863,3,0,4,4,2,7
fourteen_24864,3,0,4,4,3,0
fourteen_24865,3,0,4,4,3,2
fourteen_24866,3,0,4,4,3,6
fourteen_24867,3,0,4,4,3,7
fourteen_24868,3,0,4,5,6,3
fourteen_24869,3,0,4,5,6,4
fourteen_24870,3,0,4,5,6,5
fourteen_24871,3,0,4,5,7,2
fourteen_24872,3,0,4,5,3,0
fourteen_24873,3,0,4,6,6,4
fourteen_24874,3,0,4,6,6,5
fourteen_24875,3,0,4,6,6,6
fourteen_24876,3,0,4,6,7,2
fourteen_24877,3,0,4,6,7,3
fourteen_24878,3,0,4,6,3,0
fourteen_24879,3,0,4,7,7,2
fourteen_24880,3,0,4,7,7,3
fourteen_24881,3,0,4,7,7,4
fourteen_24882,3,0,4,7,7,5
fourteen_24883,3,0,4,7,7,6
fourteen_24884,3,0,4,7,7,7
fourteen_24885,3,0,4,7,0,2
fourteen_24886,3,0,4,7,0,7
fourteen_24887,3,0,4,7,1,2
fourteen_24888,3,0,4,7,2,2
fourteen_24889,3,0,4,7,3,0
fourteen_24890,3,0,4,7,3,2
fourteen_24891,3,0,5,1,7,2
fourteen_24892,3,0,5,1,7,3
fourteen_24893,3,0,5,1,7,4
fourteen_24894,3,0,5,1,7,5
fourteen_24895,3,0,5,1,7,6
fourteen_24896,3,0,5,1,7,7
fourteen_24897,3,0,5,1,0,2
fourteen_24898,3,0,5,1,0,6
fourteen_24899,3,0,5,1,0,7
fourteen_24900,3,0,5,1,1,2
fourteen_24901,3,0,5,1,1,6
fourteen_24902,3,0,5,1,1,7
fourteen_24903,3,0,5,1,2,2
fourteen_24904,3,0,5,1,2,6
fourteen_24905,3,0,5,1,2,7
fourteen_24906,3,0,5,1,3,2
fourteen_24907,3,0,5,1,3,6
fourteen_24908,3,0,5,1,3,7
fourteen_24909,3,0,5,1,4,2
fourteen_24910,3,0,5,1,4,3
fourteen_24911,3,0,5,1,4,4
fourteen_24912,3,0,5,1,4,5
fourteen_24913,3,0,5,1,4,6
fourteen_24914,3,0,5,1,4,7
fourteen_24915,3,0,5,2,0,2
fourteen_24916,3,0,5,2,0,3
fourteen_24917,3,0,5,2,0,4
fourteen_24918,3,0,5,2,0,5
fourteen_24919,3,0,5,2,0,6
fourteen_24920,3,0,5,2,0,7
fourteen_24921,3,0,5,2,1,2
fourteen_24922,3,0,5,2,1,6
fourteen_24923,3,0,5,2,1,7
fourteen_24924,3,0,5,2,2,2
fourteen_24925,3,0,5,2,2,4
fourteen_24926,3,0,5,2,2,6
fourteen_24927,3,0,5,2,2,7
fourteen_24928,3,0,5,2,3,6
fourteen_24929,3,0,5,2,3,7
fourteen_24930,3,0,5,2,4,3
fourteen_24931,3,0,5,2,4,4
fourteen_24932,3,0,5,2,4,5
fourteen_24933,3,0,5,2,4,6
fourteen_24934,3,0,5,2,4,7
fourteen_24935,3,0,5,0,7,2
fourteen_24936,3,0,5,0,7,3
fourteen_24937,3,0,5,0,7,4
fourteen_24938,3,0,5,0,0,2
fourteen_24939,3,0,5,0,0,3
fourteen_24940,3,0,5,0,0,4
fourteen_24941,3,0,5,0,0,5
fourteen_24942,3,0,5,0,0,6
fourteen_24943,3,0,5,0,0,7
fourteen_24944,3,0,5,0,1,2
fourteen_24945,3,0,5,0,1,3
fourteen_24946,3,0,5,0,1,4
fourteen_24947,3,0,5,0,1,5
fourteen_24948,3,0,5,0,1,6
fourteen_24949,3,0,5,0,1,7
fourteen_24950,3,0,5,0,2,5
fourteen_24951,3,0,5,0,2,6
fourteen_24952,3,0,5,0,2,7
fourteen_24953,3,0,5,0,3,5
fourteen_24954,3,0,5,0,3,6
fourteen_24955,3,0,5,0,3,7
fourteen_24956,3,0,5,3,6,3
fourteen_24957,3,0,5,3,6,4
fourteen_24958,3,0,5,3,6,5
fourteen_24959,3,0,5,3,7,3
fourteen_24960,3,0,5,3,7,4
fourteen_24961,3,0,5,3,7,5
fourteen_24962,3,0,5,3,7,6
fourteen_24963,3,0,5,3,0,3
fourteen_24964,3,0,5,3,0,4
fourteen_24965,3,0,5,3,0,5
fourteen_24966,3,0,5,3,0,6
fourteen_24967,3,0,5,3,0,7
fourteen_24968,3,0,5,3,1,3
fourteen_24969,3,0,5,3,1,4
fourteen_24970,3,0,5,3,1,5
fourteen_24971,3,0,5,3,1,6
fourteen_24972,3,0,5,3,1,7
fourteen_24973,3,0,5,3,2,6
fourteen_24974,3,0,5,3,2,7
fourteen_24975,3,0,5,3,3,6
fourteen_24976,3,0,5,3,3,7
fourteen_24977,3,0,5,3,4,6
fourteen_24978,3,0,5,4,1,4
fourteen_24979,3,0,5,4,1,5
fourteen_24980,3,0,5,4,1,6
fourteen_24981,3,0,5,4,1,7
fourteen_24982,3,0,5,4,2,2
fourteen_24983,3,0,5,4,2,3
fourteen_24984,3,0,5,4,2,4
fourteen_24985,3,0,5,4,2,5
fourteen_24986,3,0,5,4,2,6
fourteen_24987,3,0,5,4,2,7
fourteen_24988,3,0,5,4,3,0
fourteen_24989,3,0,5,4,3,2
fourteen_24990,3,0,5,4,3,6
fourteen_24991,3,0,5,4,3,7
fourteen_24992,3,0,5,4,4,0
fourteen_24993,3,0,5,4,4,2
fourteen_24994,3,0,5,4,4,6
fourteen_24995,3,0,5,4,4,7
fourteen_24996,3,0,5,5,6,3
fourteen_24997,3,0,5,5,6,4
fourteen_24998,3,0,5,5,6,5
fourteen_24999,3,0,5,5,7,2
fourteen_25000,3,0,5,5,7,3
fourteen_25001,3,0,5,5,7,4
fourteen_25002,3,0,5,5,7,5
fourteen_25003,3,0,5,5,0,2
fourteen_25004,3,0,5,5,3,0
fourteen_25005,3,0,5,5,4,0
fourteen_25006,3,0,5,5,4,2
fourteen_25007,3,0,5,6,6,4
fourteen_25008,3,0,5,6,6,5
fourteen_25009,3,0,5,6,6,6
fourteen_25010,3,0,5,6,7,2
fourteen_25011,3,0,5,6,7,3
fourteen_25012,3,0,5,6,7,4
fourteen_25013,3,0,5,6,7,5
fourteen_25014,3,0,5,6,7,6
fourteen_25015,3,0,5,6,0,2
fourteen_25016,3,0,5,6,4,2
fourteen_25017,3,0,5,6,4,3
fourteen_25018,3,0,5,7,7,2
fourteen_25019,3,0,5,7,7,3
fourteen_25020,3,0,5,7,7,4
fourteen_25021,3,0,5,7,7,5
fourteen_25022,3,0,5,7,7,6
fourteen_25023,3,0,5,7,7,7
fourteen_25024,3,0,5,7,0,2
fourteen_25025,3,0,5,7,0,3
fourteen_25026,3,0,5,7,0,4
fourteen_25027,3,0,5,7,0,5
fourteen_25028,3,0,5,7,0,6
fourteen_25029,3,0,5,7,0,7
fourteen_25030,3,0,5,7,1,2
fourteen_25031,3,0,5,7,1,3
fourteen_25032,3,0,5,7,1,7
fourteen_25033,3,0,5,7,2,2
fourteen_25034,3,0,5,7,2,3
fourteen_25035,3,0,5,7,3,2
fourteen_25036,3,0,5,7,3,3
fourteen_25037,3,0,5,7,4,2
fourteen_25038,3,0,5,7,4,3
fourteen_25039,3,0,5,7,4,4
fourteen_25040,3,0,6,1,7,2
fourteen_25041,3,0,6,1,7,3
fourteen_25042,3,0,6,1,7,4
fourteen_25043,3,0,6,1,7,5
fourteen_25044,3,0,6,1,7,6
fourteen_25045,3,0,6,1,0,2
fourteen_25046,3,0,6,1,0,3
fourteen_25047,3,0,6,1,0,4
fourteen_25048,3,0,6,1,0,5
fourteen_25049,3,0,6,1,0,6
fourteen_25050,3,0,6,1,1,2
fourteen_25051,3,0,6,1,1,3
fourteen_25052,3,0,6,1,1,4
fourteen_25053,3,0,6,1,1,5
fourteen_25054,3,0,6,1,1,6
fourteen_25055,3,0,6,1,1,7
fourteen_25056,3,0,6,1,2,2
fourteen_25057,3,0,6,1,2,3
fourteen_25058,3,0,6,1,2,4
fourteen_25059,3,0,6,1,2,5
fourteen_25060,3,0,6,1,2,6
fourteen_25061,3,0,6,1,2,7
fourteen_25062,3,0,6,1,3,2
fourteen_25063,3,0,6,1,3,3
fourteen_25064,3,0,6,1,3,4
fourteen_25065,3,0,6,1,3,5
fourteen_25066,3,0,6,1,3,6
fourteen_25067,3,0,6,1,3,7
fourteen_25068,3,0,6,1,4,2
fourteen_25069,3,0,6,1,4,3
fourteen_25070,3,0,6,1,4,4
fourteen_25071,3,0,6,1,4,5
fourteen_25072,3,0,6,1,4,6
fourteen_25073,3,0,6,1,4,7
fourteen_25074,3,0,6,2,0,3
fourteen_25075,3,0,6,2,0,4
fourteen_25076,3,0,6,2,0,5
fourteen_25077,3,0,6,2,0,6
fourteen_25078,3,0,6,2,1,2
fourteen_25079,3,0,6,2,1,3
fourteen_25080,3,0,6,2,1,4
fourteen_25081,3,0,6,2,1,5
fourteen_25082,3,0,6,2,1,6
fourteen_25083,3,0,6,2,1,7
fourteen_25084,3,0,6,2,2,2
fourteen_25085,3,0,6,2,2,3
fourteen_25086,3,0,6,2,2,4
fourteen_25087,3,0,6,2,2,5
fourteen_25088,3,0,6,2,2,6
fourteen_25089,3,0,6,2,2,7
fourteen_25090,3,0,6,2,3,0
fourteen_25091,3,0,6,2,3,2
fourteen_25092,3,0,6,2,3,3
fourteen_25093,3,0,6,2,3,4
fourteen_25094,3,0,6,2,3,5
fourteen_25095,3,0,6,2,3,6
fourteen_25096,3,0,6,2,3,7
fourteen_25097,3,0,6,2,4,3
fourteen_25098,3,0,6,2,4,4
fourteen_25099,3,0,6,2,4,5
fourteen_25100,3,0,6,2,4,6
fourteen_25101,3,0,6,2,4,7
fourteen_25102,3,0,6,2,5,3
fourteen_25103,3,0,6,0,7,2
fourteen_25104,3,0,6,0,7,3
fourteen_25105,3,0,6,0,7,4
fourteen_25106,3,0,6,0,0,2
fourteen_25107,3,0,6,0,0,3
fourteen_25108,3,0,6,0,0,4
fourteen_25109,3,0,6,0,0,5
fourteen_25110,3,0,6,0,0,6
fourteen_25111,3,0,6,0,1,2
fourteen_25112,3,0,6,0,1,3
fourteen_25113,3,0,6,0,1,4
fourteen_25114,3,0,6,0,1,5
fourteen_25115,3,0,6,0,1,6
fourteen_25116,3,0,6,0,1,7
fourteen_25117,3,0,6,0,2,2
fourteen_25118,3,0,6,0,2,3
fourteen_25119,3,0,6,0,2,4
fourteen_25120,3,0,6,0,2,5
fourteen_25121,3,0,6,0,2,6
fourteen_25122,3,0,6,0,2,7
fourteen_25123,3,0,6,0,3,2
fourteen_25124,3,0,6,0,3,3
fourteen_25125,3,0,6,0,3,4
fourteen_25126,3,0,6,0,3,5
fourteen_25127,3,0,6,0,3,6
fourteen_25128,3,0,6,0,3,7
fourteen_25129,3,0,6,0,4,4
fourteen_25130,3,0,6,3,6,3
fourteen_25131,3,0,6,3,6,4
fourteen_25132,3,0,6,3,6,5
fourteen_25133,3,0,6,3,7,3
fourteen_25134,3,0,6,3,7,4
fourteen_25135,3,0,6,3,7,5
fourteen_25136,3,0,6,3,7,6
fourteen_25137,3,0,6,3,0,3
fourteen_25138,3,0,6,3,0,4
fourteen_25139,3,0,6,3,0,5
fourteen_25140,3,0,6,3,0,6
fourteen_25141,3,0,6,3,1,3
fourteen_25142,3,0,6,3,1,4
fourteen_25143,3,0,6,3,1,5
fourteen_25144,3,0,6,3,1,6
fourteen_25145,3,0,6,3,1,7
fourteen_25146,3,0,6,3,2,3
fourteen_25147,3,0,6,3,2,4
fourteen_25148,3,0,6,3,2,5
fourteen_25149,3,0,6,3,2,6
fourteen_25150,3,0,6,3,2,7
fourteen_25151,3,0,6,3,3,3
fourteen_25152,3,0,6,3,3,4
fourteen_25153,3,0,6,3,3,5
fourteen_25154,3,0,6,3,3,6
fourteen_25155,3,0,6,3,3,7
fourteen_25156,3,0,6,3,4,5
fourteen_25157,3,0,6,3,4,6
fourteen_25158,3,0,6,3,5,5
fourteen_25159,3,0,6,4,3,4
fourteen_25160,3,0,6,4,3,5
fourteen_25161,3,0,6,4,3,6
fourteen_25162,3,0,6,4,4,6
fourteen_25163,3,0,6,4,5,6
fourteen_25164,3,0,6,5,6,3
fourteen_25165,3,0,6,5,6,4
fourteen_25166,3,0,6,5,6,5
fourteen_25167,3,0,6,5,7,2
fourteen_25168,3,0,6,5,7,3
fourteen_25169,3,0,6,5,7,4
fourteen_25170,3,0,6,5,7,5
fourteen_25171,3,0,6,5,0,2
fourteen_25172,3,0,6,5,0,3
fourteen_25173,3,0,6,5,0,4
fourteen_25174,3,0,6,5,0,5
fourteen_25175,3,0,6,5,1,2
fourteen_25176,3,0,6,5,1,3
fourteen_25177,3,0,6,5,1,4
fourteen_25178,3,0,6,5,1,5
fourteen_25179,3,0,6,5,2,2
fourteen_25180,3,0,6,5,2,3
fourteen_25181,3,0,6,5,2,4
fourteen_25182,3,0,6,5,2,5
fourteen_25183,3,0,6,5,3,2
fourteen_25184,3,0,6,5,3,3
fourteen_25185,3,0,6,5,3,4
fourteen_25186,3,0,6,5,3,5
fourteen_25187,3,0,6,5,4,2
fourteen_25188,3,0,6,5,4,3
fourteen_25189,3,0,6,5,5,3
fourteen_25190,3,0,6,6,6,4
fourteen_25191,3,0,6,6,6,5
fourteen_25192,3,0,6,6,6,6
fourteen_25193,3,0,6,6,7,2
fourteen_25194,3,0,6,6,7,3
fourteen_25195,3,0,6,6,7,4
fourteen_25196,3,0,6,6,7,5
fourteen_25197,3,0,6,6,7,6
fourteen_25198,3,0,6,6,0,2
fourteen_25199,3,0,6,6,0,3
fourteen_25200,3,0,6,6,0,4
fourteen_25201,3,0,6,6,0,5
fourteen_25202,3,0,6,6,0,6
fourteen_25203,3,0,6,6,1,2
fourteen_25204,3,0,6,6,1,3
fourteen_25205,3,0,6,6,1,4
fourteen_25206,3,0,6,6,1,5
fourteen_25207,3,0,6,6,1,6
fourteen_25208,3,0,6,6,2,2
fourteen_25209,3,0,6,6,2,3
fourteen_25210,3,0,6,6,2,4
fourteen_25211,3,0,6,6,2,5
fourteen_25212,3,0,6,6,2,6
fourteen_25213,3,0,6,6,3,2
fourteen_25214,3,0,6,6,3,3
fourteen_25215,3,0,6,6,3,4
fourteen_25216,3,0,6,6,3,5
fourteen_25217,3,0,6,6,3,6
fourteen_25218,3,0,6,6,4,2
fourteen_25219,3,0,6,6,4,3
fourteen_25220,3,0,6,6,4,4
fourteen_25221,3,0,6,6,5,4
fourteen_25222,3,0,6,7,7,2
fourteen_25223,3,0,6,7,7,3
fourteen_25224,3,0,6,7,7,4
fourteen_25225,3,0,6,7,0,2
fourteen_25226,3,0,6,7,0,3
fourteen_25227,3,0,6,7,0,4
fourteen_25228,3,0,6,7,0,5
fourteen_25229,3,0,6,7,0,6
fourteen_25230,3,0,6,7,1,2
fourteen_25231,3,0,6,7,1,3
fourteen_25232,3,0,6,7,1,4
fourteen_25233,3,0,6,7,1,5
fourteen_25234,3,0,6,7,1,6
fourteen_25235,3,0,6,7,1,7
fourteen_25236,3,0,6,7,2,2
fourteen_25237,3,0,6,7,2,3
fourteen_25238,3,0,6,7,2,4
fourteen_25239,3,0,6,7,2,5
fourteen_25240,3,0,6,7,2,6
fourteen_25241,3,0,6,7,2,7
fourteen_25242,3,0,6,7,3,2
fourteen_25243,3,0,6,7,3,3
fourteen_25244,3,0,6,7,3,4
fourteen_25245,3,0,6,7,3,5
fourteen_25246,3,0,6,7,3,6
fourteen_25247,3,0,6,7,3,7
fourteen_25248,3,0,6,7,4,2
fourteen_25249,3,0,6,7,4,3
fourteen_25250,3,0,6,7,4,4
fourteen_25251,3,0,6,7,4,5
fourteen_25252,3,1,7,1,1,3
fourteen_25253,3,1,7,1,1,4
fourteen_25254,3,1,7,1,2,4
fourteen_25255,3,1,7,1,3,2
fourteen_25256,3,1,7,1,3,3
fourteen_25257,3,1,7,1,3,4
fourteen_25258,3,1,7,2,1,3
fourteen_25259,3,1,7,2,1,4
fourteen_25260,3,1,7,2,2,4
fourteen_25261,3,1,7,2,3,2
fourteen_25262,3,1,7,2,3,3
fourteen_25263,3,1,7,2,3,4
fourteen_25264,3,1,7,0,1,3
fourteen_25265,3,1,7,0,1,4
fourteen_25266,3,1,7,0,2,4
fourteen_25267,3,1,7,0,3,2
fourteen_25268,3,1,7,0,3,3
fourteen_25269,3,1,7,0,3,4
fourteen_25270,3,1,7,5,1,3
fourteen_25271,3,1,7,5,1,4
fourteen_25272,3,1,7,5,2,4
fourteen_25273,3,1,7,5,3,2
fourteen_25274,3,1,7,5,3,3
fourteen_25275,3,1,7,5,3,4
fourteen_25276,3,1,7,6,1,3
fourteen_25277,3,1,7,6,1,4
fourteen_25278,3,1,7,6,2,4
fourteen_25279,3,1,7,6,3,2
fourteen_25280,3,1,7,6,3,3
fourteen_25281,3,1,7,6,3,4
fourteen_25282,3,1,7,7,1,3
fourteen_25283,3,1,7,7,1,4
fourteen_25284,3,1,7,7,2,4
fourteen_25285,3,1,7,7,3,2
fourteen_25286,3,1,7,7,3,3
fourteen_25287,3,1,7,7,3,4
fourteen_25288,3,1,0,1,0,3
fourteen_25289,3,1,0,1,0,4
fourteen_25290,3,1,0,1,1,4
fourteen_25291,3,1,0,1,2,3
fourteen_25292,3,1,0,1,2,4
fourteen_25293,3,1,0,2,0,3
fourteen_25294,3,1,0,2,0,4
fourteen_25295,3,1,0,2,1,4
fourteen_25296,3,1,0,2,2,3
fourteen_25297,3,1,0,2,2,4
fourteen_25298,3,1,0,5,7,3
fourteen_25299,3,1,0,5,0,3
fourteen_25300,3,1,0,5,1,3
fourteen_25301,3,1,0,5,1,4
fourteen_25302,3,1,0,5,1,5
fourteen_25303,3,1,0,5,2,3
fourteen_25304,3,1,0,5,2,4
fourteen_25305,3,1,0,6,7,4
fourteen_25306,3,1,0,6,0,3
fourteen_25307,3,1,0,6,0,4
fourteen_25308,3,1,0,6,1,3
fourteen_25309,3,1,0,6,1,4
fourteen_25310,3,1,0,6,1,5
fourteen_25311,3,1,0,6,1,6
fourteen_25312,3,1,0,6,2,3
fourteen_25313,3,1,0,6,2,4
fourteen_25314,3,1,0,6,2,5
fourteen_25315,3,1,0,6,2,6
fourteen_25316,3,1,0,7,7,5
fourteen_25317,3,1,0,7,0,5
fourteen_25318,3,1,0,7,1,5
fourteen_25319,3,1,0,7,1,6
fourteen_25320,3,1,0,7,1,7
fourteen_25321,3,1,1,1,0,3
fourteen_25322,3,1,1,1,0,4
fourteen_25323,3,1,1,1,1,4
fourteen_25324,3,1,1,1,2,3
fourteen_25325,3,1,1,1,2,4
fourteen_25326,3,1,1,2,0,3
fourteen_25327,3,1,1,2,0,4
fourteen_25328,3,1,1,2,1,4
fourteen_25329,3,1,1,2,2,3
fourteen_25330,3,1,1,2,2,4
fourteen_25331,3,1,1,5,0,3
fourteen_25332,3,1,1,5,1,3
fourteen_25333,3,1,1,5,2,3
fourteen_25334,3,1,1,5,2,4
fourteen_25335,3,1,1,5,2,5
fourteen_25336,3,1,1,5,3,3
fourteen_25337,3,1,1,5,3,4
fourteen_25338,3,1,1,5,3,5
fourteen_25339,3,1,1,5,4,3
fourteen_25340,3,1,1,5,4,4
fourteen_25341,3,1,1,5,4,5
fourteen_25342,3,1,1,6,0,3
fourteen_25343,3,1,1,6,0,4
fourteen_25344,3,1,1,6,1,3
fourteen_25345,3,1,1,6,1,4
fourteen_25346,3,1,1,6,2,3
fourteen_25347,3,1,1,6,2,4
fourteen_25348,3,1,1,6,2,5
fourteen_25349,3,1,1,6,2,6
fourteen_25350,3,1,1,6,3,3
fourteen_25351,3,1,1,6,3,4
fourteen_25352,3,1,1,6,3,5
fourteen_25353,3,1,1,6,3,6
fourteen_25354,3,1,1,6,4,4
fourteen_25355,3,1,1,6,4,5
fourteen_25356,3,1,1,6,4,6
fourteen_25357,3,1,1,7,0,4
fourteen_25358,3,1,1,7,0,5
fourteen_25359,3,1,1,7,1,4
fourteen_25360,3,1,1,7,1,5
fourteen_25361,3,1,1,7,2,4
fourteen_25362,3,1,1,7,2,5
fourteen_25363,3,1,1,7,2,6
fourteen_25364,3,1,1,7,2,7
fourteen_25365,3,1,1,7,3,4
fourteen_25366,3,1,1,7,3,5
fourteen_25367,3,1,1,7,3,6
fourteen_25368,3,1,2,1,0,3
fourteen_25369,3,1,2,1,0,4
fourteen_25370,3,1,2,1,1,3
fourteen_25371,3,1,2,1,1,4
fourteen_25372,3,1,2,1,2,3
fourteen_25373,3,1,2,1,2,4
fourteen_25374,3,1,2,1,3,2
fourteen_25375,3,1,2,1,3,3
fourteen_25376,3,1,2,1,3,4
fourteen_25377,3,1,2,5,1,3
fourteen_25378,3,1,2,5,2,3
fourteen_25379,3,1,2,5,3,2
fourteen_25380,3,1,2,5,3,3
fourteen_25381,3,1,2,5,3,4
fourteen_25382,3,1,2,5,3,5
fourteen_25383,3,1,2,6,1,3
fourteen_25384,3,1,2,6,1,4
fourteen_25385,3,1,2,6,2,4
fourteen_25386,3,1,2,6,3,2
fourteen_25387,3,1,2,6,3,3
fourteen_25388,3,1,2,6,3,4
fourteen_25389,3,1,3,5,0,3
fourteen_25390,3,1,3,5,0,4
fourteen_25391,3,1,3,5,0,5
fourteen_25392,3,1,3,5,1,3
fourteen_25393,3,1,3,5,2,3
fourteen_25394,3,1,4,1,0,3
fourteen_25395,3,1,4,1,0,4
fourteen_25396,3,1,4,1,1,3
fourteen_25397,3,1,4,1,1,4
fourteen_25398,3,1,4,1,2,3
fourteen_25399,3,1,4,1,2,4
fourteen_25400,3,1,4,1,3,2
fourteen_25401,3,1,4,1,3,3
fourteen_25402,3,1,4,1,3,4
fourteen_25403,3,1,4,2,0,3
fourteen_25404,3,1,4,2,0,4
fourteen_25405,3,1,4,2,1,3
fourteen_25406,3,1,4,2,1,4
fourteen_25407,3,1,4,2,2,3
fourteen_25408,3,1,4,2,2,4
fourteen_25409,3,1,4,2,3,3
fourteen_25410,3,1,4,2,3,4
fourteen_25411,3,1,4,0,1,3
fourteen_25412,3,1,4,0,1,4
fourteen_25413,3,1,4,0,2,4
fourteen_25414,3,1,4,0,3,4
fourteen_25415,3,1,4,5,7,3
fourteen_25416,3,1,4,5,7,4
fourteen_25417,3,1,4,5,7,5
fourteen_25418,3,1,4,5,0,3
fourteen_25419,3,1,4,5,0,4
fourteen_25420,3,1,4,5,0,5
fourteen_25421,3,1,4,5,1,3
fourteen_25422,3,1,4,5,1,4
fourteen_25423,3,1,4,5,1,5
fourteen_25424,3,1,4,5,2,3
fourteen_25425,3,1,4,5,3,2
fourteen_25426,3,1,4,5,3,3
fourteen_25427,3,1,4,6,7,4
fourteen_25428,3,1,4,6,7,5
fourteen_25429,3,1,4,6,7,6
fourteen_25430,3,1,4,6,0,3
fourteen_25431,3,1,4,6,0,4
fourteen_25432,3,1,4,6,0,5
fourteen_25433,3,1,4,6,0,6
fourteen_25434,3,1,4,6,1,3
fourteen_25435,3,1,4,6,1,4
fourteen_25436,3,1,4,6,1,5
fourteen_25437,3,1,4,6,1,6
fourteen_25438,3,1,4,6,2,3
fourteen_25439,3,1,4,6,2,4
fourteen_25440,3,1,4,6,3,2
fourteen_25441,3,1,4,6,3,3
fourteen_25442,3,1,4,6,3,4
fourteen_25443,3,1,4,7,0,4
fourteen_25444,3,1,4,7,0,5
fourteen_25445,3,1,4,7,0,6
fourteen_25446,3,1,4,7,1,3
fourteen_25447,3,1,4,7,1,4
fourteen_25448,3,1,4,7,1,5
fourteen_25449,3,1,4,7,1,6
fourteen_25450,3,1,4,7,1,7
fourteen_25451,3,1,4,7,2,4
fourteen_25452,3,1,4,7,2,5
fourteen_25453,3,1,4,7,3,2
fourteen_25454,3,1,4,7,3,3
fourteen_25455,3,1,4,7,3,4
fourteen_25456,3,1,4,7,3,5
fourteen_25457,3,1,5,1,0,3
fourteen_25458,3,1,5,1,0,4
fourteen_25459,3,1,5,1,1,4
fourteen_25460,3,1,5,1,2,3
fourteen_25461,3,1,5,1,2,4
fourteen_25462,3,1,5,2,0,3
fourteen_25463,3,1,5,2,0,4
fourteen_25464,3,1,5,2,1,4
fourteen_25465,3,1,5,2,2,3
fourteen_25466,3,1,5,2,2,4
fourteen_25467,3,1,5,5,0,3
fourteen_25468,3,1,5,5,0,4
fourteen_25469,3,1,5,5,1,4
fourteen_25470,3,1,5,5,2,3
fourteen_25471,3,1,5,5,2,4
fourteen_25472,3,1,5,5,2,5
fourteen_25473,3,1,5,5,3,2
fourteen_25474,3,1,5,5,3,3
fourteen_25475,3,1,5,5,4,2
fourteen_25476,3,1,5,5,4,3
fourteen_25477,3,1,5,6,0,3
fourteen_25478,3,1,5,6,0,4
fourteen_25479,3,1,5,6,1,3
fourteen_25480,3,1,5,6,1,4
fourteen_25481,3,1,5,6,1,5
fourteen_25482,3,1,5,6,1,6
fourteen_25483,3,1,5,6,2,3
fourteen_25484,3,1,5,6,2,4
fourteen_25485,3,1,5,6,2,5
fourteen_25486,3,1,5,6,2,6
fourteen_25487,3,1,5,6,3,3
fourteen_25488,3,1,5,6,3,4
fourteen_25489,3,1,5,6,4,4
fourteen_25490,3,1,5,7,2,5
fourteen_25491,3,1,5,7,2,6
fourteen_25492,3,1,5,7,2,7
fourteen_25493,3,1,5,7,3,5
fourteen_25494,3,1,5,7,4,5
fourteen_25495,3,1,6,5,3,3
fourteen_25496,3,1,6,5,3,4
fourteen_25497,3,1,6,5,3,5
fourteen_25498,3,1,6,5,4,3
fourteen_25499,3,1,6,5,5,3
fifteen_25500,0,0,7,2,0,0
fifteen_25501,0,0,7,2,1,2
fifteen_25502,0,0,7,2,2,2
fifteen_25503,0,0,7,2,2,3
fifteen_25504,0,0,7,2,3,2
fifteen_25505,0,0,7,2,3,3
fifteen_25506,0,0,7,2,3,4
fifteen_25507,0,0,7,2,4,2
fifteen_25508,0,0,7,2,4,3
fifteen_25509,0,0,7,2,4,4
fifteen_25510,0,0,7,2,4,5
fifteen_25511,0,0,7,0,1,2
fifteen_25512,0,0,7,0,2,2
fifteen_25513,0,0,7,0,2,3
fifteen_25514,0,0,7,0,3,2
fifteen_25515,0,0,7,0,3,3
fifteen_25516,0,0,7,0,3,4
fifteen_25517,0,0,7,0,4,2
fifteen_25518,0,0,7,0,4,3
fifteen_25519,0,0,7,0,4,4
fifteen_25520,0,0,7,0,4,5
fifteen_25521,0,0,7,0,5,3
fifteen_25522,0,0,7,0,5,4
fifteen_25523,0,0,7,0,5,5
fifteen_25524,0,0,7,3,2,3
fifteen_25525,0,0,7,3,3,3
fifteen_25526,0,0,7,3,3,4
fifteen_25527,0,0,7,3,4,3
fifteen_25528,0,0,7,3,4,4
fifteen_25529,0,0,7,3,4,5
fifteen_25530,0,0,7,3,5,3
fifteen_25531,0,0,7,3,5,4
fifteen_25532,0,0,7,3,5,5
fifteen_25533,0,0,7,5,1,2
fifteen_25534,0,0,7,5,2,2
fifteen_25535,0,0,7,5,2,3
fifteen_25536,0,0,7,5,3,2
fifteen_25537,0,0,7,5,3,3
fifteen_25538,0,0,7,5,3,4
fifteen_25539,0,0,7,5,4,2
fifteen_25540,0,0,7,5,4,3
fifteen_25541,0,0,7,5,4,4
fifteen_25542,0,0,7,5,4,5
fifteen_25543,0,0,7,5,5,3
fifteen_25544,0,0,7,5,5,4
fifteen_25545,0,0,7,5,5,5
fifteen_25546,0,0,7,6,1,2
fifteen_25547,0,0,7,6,2,2
fifteen_25548,0,0,7,6,2,3
fifteen_25549,0,0,7,6,3,2
fifteen_25550,0,0,7,6,3,3
fifteen_25551,0,0,7,6,3,4
fifteen_25552,0,0,7,6,4,2
fifteen_25553,0,0,7,6,4,3
fifteen_25554,0,0,7,6,4,4
fifteen_25555,0,0,7,6,4,5
fifteen_25556,0,0,7,6,5,4
fifteen_25557,0,0,7,6,5,5
fifteen_25558,0,0,7,6,5,6
fifteen_25559,0,0,7,7,1,2
fifteen_25560,0,0,7,7,2,2
fifteen_25561,0,0,7,7,2,3
fifteen_25562,0,0,7,7,3,2
fifteen_25563,0,0,7,7,3,3
fifteen_25564,0,0,7,7,3,4
fifteen_25565,0,0,7,7,4,2
fifteen_25566,0,0,7,7,4,3
fifteen_25567,0,0,7,7,4,4
fifteen_25568,0,0,7,7,4,5
fifteen_25569,0,0,0,1,0,1
fifteen_25570,0,0,0,1,0,0
fifteen_25571,0,0,0,1,0,2
fifteen_25572,0,0,0,1,1,1
fifteen_25573,0,0,0,1,1,0
fifteen_25574,0,0,0,1,1,2
fifteen_25575,0,0,0,1,1,3
fifteen_25576,0,0,0,1,2,0
fifteen_25577,0,0,0,1,2,2
fifteen_25578,0,0,0,1,2,3
fifteen_25579,0,0,0,1,2,4
fifteen_25580,0,0,0,1,3,2
fifteen_25581,0,0,0,1,3,3
fifteen_25582,0,0,0,1,3,4
fifteen_25583,0,0,0,1,3,5
fifteen_25584,0,0,0,1,4,2
fifteen_25585,0,0,0,1,4,3
fifteen_25586,0,0,0,1,4,4
fifteen_25587,0,0,0,1,4,5
fifteen_25588,0,0,0,2,2,0
fifteen_25589,0,0,0,2,4,2
fifteen_25590,0,0,0,2,4,3
fifteen_25591,0,0,0,2,4,4
fifteen_25592,0,0,0,2,4,5
fifteen_25593,0,0,0,2,4,6
fifteen_25594,0,0,0,0,4,2
fifteen_25595,0,0,0,0,4,3
fifteen_25596,0,0,0,0,4,4
fifteen_25597,0,0,0,0,4,5
fifteen_25598,0,0,0,0,5,3
fifteen_25599,0,0,0,0,5,4
fifteen_25600,0,0,0,0,5,5
fifteen_25601,0,0,0,3,2,3
fifteen_25602,0,0,0,3,3,3
fifteen_25603,0,0,0,3,3,4
fifteen_25604,0,0,0,3,4,3
fifteen_25605,0,0,0,3,4,4
fifteen_25606,0,0,0,3,4,5
fifteen_25607,0,0,0,3,5,3
fifteen_25608,0,0,0,3,5,4
fifteen_25609,0,0,0,3,5,5
fifteen_25610,0,0,0,4,0,1
fifteen_25611,0,0,0,4,0,0
fifteen_25612,0,0,0,4,1,1
fifteen_25613,0,0,0,4,1,0
fifteen_25614,0,0,0,4,2,0
fifteen_25615,0,0,0,4,2,2
fifteen_25616,0,0,0,4,2,3
fifteen_25617,0,0,0,5,0,0
fifteen_25618,0,0,0,5,1,0
fifteen_25619,0,0,0,5,2,0
fifteen_25620,0,0,0,5,4,2
fifteen_25621,0,0,0,5,4,3
fifteen_25622,0,0,0,5,4,4
fifteen_25623,0,0,0,5,4,5
fifteen_25624,0,0,0,5,5,3
fifteen_25625,0,0,0,5,5,4
fifteen_25626,0,0,0,5,5,5
fifteen_25627,0,0,0,6,0,0
fifteen_25628,0,0,0,6,1,0
fifteen_25629,0,0,0,6,2,0
fifteen_25630,0,0,0,6,4,2
fifteen_25631,0,0,0,6,4,3
fifteen_25632,0,0,0,6,4,4
fifteen_25633,0,0,0,6,4,5
fifteen_25634,0,0,0,6,5,4
fifteen_25635,0,0,0,6,5,5
fifteen_25636,0,0,0,6,5,6
fifteen_25637,0,0,0,7,0,0
fifteen_25638,0,0,0,7,1,0
fifteen_25639,0,0,0,7,2,0
fifteen_25640,0,0,0,7,4,2
fifteen_25641,0,0,0,7,4,3
fifteen_25642,0,0,0,7,4,4
fifteen_25643,0,0,0,7,4,5
fifteen_25644,0,0,1,1,0,2
fifteen_25645,0,0,1,1,1,2
fifteen_25646,0,0,1,1,1,3
fifteen_25647,0,0,1,1,2,0
fifteen_25648,0,0,1,1,2,2
fifteen_25649,0,0,1,1,2,3
fifteen_25650,0,0,1,1,2,4
fifteen_25651,0,0,1,1,3,2
fifteen_25652,0,0,1,1,3,3
fifteen_25653,0,0,1,1,3,4
fifteen_25654,0,0,1,1,3,5
fifteen_25655,0,0,1,1,4,2
fifteen_25656,0,0,1,1,4,3
fifteen_25657,0,0,1,1,4,4
fifteen_25658,0,0,1,1,4,5
fifteen_25659,0,0,1,2,4,2
fifteen_25660,0,0,1,2,4,3
fifteen_25661,0,0,1,2,4,4
fifteen_25662,0,0,1,2,4,5
fifteen_25663,0,0,1,2,4,6
fifteen_25664,0,0,1,0,5,3
fifteen_25665,0,0,1,0,5,4
fifteen_25666,0,0,1,0,5,5
fifteen_25667,0,0,1,3,3,3
fifteen_25668,0,0,1,3,3,4
fifteen_25669,0,0,1,3,4,3
fifteen_25670,0,0,1,3,4,4
fifteen_25671,0,0,1,3,4,5
fifteen_25672,0,0,1,3,5,3
fifteen_25673,0,0,1,3,5,4
fifteen_25674,0,0,1,3,5,5
fifteen_25675,0,0,1,4,0,0
fifteen_25676,0,0,1,4,1,0
fifteen_25677,0,0,1,4,1,2
fifteen_25678,0,0,1,4,2,0
fifteen_25679,0,0,1,4,2,2
fifteen_25680,0,0,1,4,2,3
fifteen_25681,0,0,1,4,3,2
fifteen_25682,0,0,1,4,3,3
fifteen_25683,0,0,1,4,3,4
fifteen_25684,0,0,1,5,5,3
fifteen_25685,0,0,1,5,5,4
fifteen_25686,0,0,1,5,5,5
fifteen_25687,0,0,1,6,5,4
fifteen_25688,0,0,1,6,5,5
fifteen_25689,0,0,1,6,5,6
fifteen_25690,0,0,1,7,4,2
fifteen_25691,0,0,1,7,4,3
fifteen_25692,0,0,1,7,4,4
fifteen_25693,0,0,1,7,4,5
fifteen_25694,0,0,2,1,1,2
fifteen_25695,0,0,2,1,1,3
fifteen_25696,0,0,2,1,2,2
fifteen_25697,0,0,2,1,2,3
fifteen_25698,0,0,2,1,2,4
fifteen_25699,0,0,2,1,3,0
fifteen_25700,0,0,2,1,3,2
fifteen_25701,0,0,2,1,3,3
fifteen_25702,0,0,2,1,3,4
fifteen_25703,0,0,2,1,3,5
fifteen_25704,0,0,2,1,4,2
fifteen_25705,0,0,2,1,4,3
fifteen_25706,0,0,2,1,4,4
fifteen_25707,0,0,2,1,4,5
fifteen_25708,0,0,2,2,2,4
fifteen_25709,0,0,2,2,3,4
fifteen_25710,0,0,2,2,3,5
fifteen_25711,0,0,2,2,4,2
fifteen_25712,0,0,2,2,4,3
fifteen_25713,0,0,2,2,4,4
fifteen_25714,0,0,2,2,4,5
fifteen_25715,0,0,2,2,4,6
fifteen_25716,0,0,2,0,3,5
fifteen_25717,0,0,2,0,4,2
fifteen_25718,0,0,2,0,4,3
fifteen_25719,0,0,2,0,4,4
fifteen_25720,0,0,2,0,4,5
fifteen_25721,0,0,2,0,4,6
fifteen_25722,0,0,2,0,5,2
fifteen_25723,0,0,2,0,5,3
fifteen_25724,0,0,2,0,5,4
fifteen_25725,0,0,2,0,5,5
fifteen_25726,0,0,2,4,1,0
fifteen_25727,0,0,2,4,1,2
fifteen_25728,0,0,2,4,2,0
fifteen_25729,0,0,2,4,2,2
fifteen_25730,0,0,2,4,3,0
fifteen_25731,0,0,2,4,3,2
fifteen_25732,0,0,2,4,3,3
fifteen_25733,0,0,2,4,3,4
fifteen_25734,0,0,2,4,4,2
fifteen_25735,0,0,2,4,4,3
fifteen_25736,0,0,2,4,4,4
fifteen_25737,0,0,2,5,1,0
fifteen_25738,0,0,2,5,2,0
fifteen_25739,0,0,2,5,3,0
fifteen_25740,0,0,2,5,5,3
fifteen_25741,0,0,2,5,5,4
fifteen_25742,0,0,2,5,5,5
fifteen_25743,0,0,2,6,1,0
fifteen_25744,0,0,2,6,1,2
fifteen_25745,0,0,2,6,2,0
fifteen_25746,0,0,2,6,2,2
fifteen_25747,0,0,2,6,2,3
fifteen_25748,0,0,2,6,3,0
fifteen_25749,0,0,2,6,3,2
fifteen_25750,0,0,2,6,3,3
fifteen_25751,0,0,2,6,4,2
fifteen_25752,0,0,2,6,4,3
fifteen_25753,0,0,2,6,4,4
fifteen_25754,0,0,2,6,4,5
fifteen_25755,0,0,2,6,5,4
fifteen_25756,0,0,2,6,5,5
fifteen_25757,0,0,2,6,5,6
fifteen_25758,0,0,2,7,1,0
fifteen_25759,0,0,2,7,1,2
fifteen_25760,0,0,2,7,2,0
fifteen_25761,0,0,2,7,2,2
fifteen_25762,0,0,2,7,2,3
fifteen_25763,0,0,2,7,3,0
fifteen_25764,0,0,2,7,3,2
fifteen_25765,0,0,2,7,3,3
fifteen_25766,0,0,2,7,3,4
fifteen_25767,0,0,2,7,4,2
fifteen_25768,0,0,2,7,4,3
fifteen_25769,0,0,2,7,4,4
fifteen_25770,0,0,2,7,4,5
fifteen_25771,0,0,3,1,0,1
fifteen_25772,0,0,3,1,0,0
fifteen_25773,0,0,3,1,0,2
fifteen_25774,0,0,3,1,1,2
fifteen_25775,0,0,3,1,2,2
fifteen_25776,0,0,3,2,2,4
fifteen_25777,0,0,3,2,3,3
fifteen_25778,0,0,3,2,4,0
fifteen_25779,0,0,3,2,4,2
fifteen_25780,0,0,3,2,4,3
fifteen_25781,0,0,3,0,0,2
fifteen_25782,0,0,3,0,2,4
fifteen_25783,0,0,3,0,3,4
fifteen_25784,0,0,3,0,3,5
fifteen_25785,0,0,3,0,4,2
fifteen_25786,0,0,3,0,4,3
fifteen_25787,0,0,3,0,4,4
fifteen_25788,0,0,3,0,4,5
fifteen_25789,0,0,3,0,5,2
fifteen_25790,0,0,3,0,5,3
fifteen_25791,0,0,3,0,5,4
fifteen_25792,0,0,3,0,5,5
fifteen_25793,0,0,3,3,3,5
fifteen_25794,0,0,3,3,4,3
fifteen_25795,0,0,3,3,4,4
fifteen_25796,0,0,3,3,4,5
fifteen_25797,0,0,3,4,0,1
fifteen_25798,0,0,3,4,0,0
fifteen_25799,0,0,3,4,0,2
fifteen_25800,0,0,3,4,1,1
fifteen_25801,0,0,3,4,1,0
fifteen_25802,0,0,3,4,1,2
fifteen_25803,0,0,3,4,2,1
fifteen_25804,0,0,3,4,2,0
fifteen_25805,0,0,3,4,2,2
fifteen_25806,0,0,3,4,3,2
fifteen_25807,0,0,3,4,4,2
fifteen_25808,0,0,3,4,4,3
fifteen_25809,0,0,3,4,4,4
fifteen_25810,0,0,3,4,4,5
fifteen_25811,0,0,3,4,4,6
fifteen_25812,0,0,3,4,5,4
fifteen_25813,0,0,3,4,5,5
fifteen_25814,0,0,3,4,5,6
fifteen_25815,0,0,3,5,0,1
fifteen_25816,0,0,3,5,0,0
fifteen_25817,0,0,3,5,1,1
fifteen_25818,0,0,3,5,1,0
fifteen_25819,0,0,3,5,1,2
fifteen_25820,0,0,3,5,2,1
fifteen_25821,0,0,3,5,2,0
fifteen_25822,0,0,3,5,2,2
fifteen_25823,0,0,3,5,2,3
fifteen_25824,0,0,3,5,3,0
fifteen_25825,0,0,3,5,3,2
fifteen_25826,0,0,3,5,3,3
fifteen_25827,0,0,3,5,4,0
fifteen_25828,0,0,3,5,4,2
fifteen_25829,0,0,3,5,4,3
fifteen_25830,0,0,3,5,4,4
fifteen_25831,0,0,3,5,4,5
fifteen_25832,0,0,3,5,5,3
fifteen_25833,0,0,3,5,5,4
fifteen_25834,0,0,3,5,5,5
fifteen_25835,0,0,3,6,0,1
fifteen_25836,0,0,3,6,0,0
fifteen_25837,0,0,3,6,1,1
fifteen_25838,0,0,3,6,1,0
fifteen_25839,0,0,3,6,1,2
fifteen_25840,0,0,3,6,2,1
fifteen_25841,0,0,3,6,2,0
fifteen_25842,0,0,3,6,2,2
fifteen_25843,0,0,3,6,2,3
fifteen_25844,0,0,3,6,3,3
fifteen_25845,0,0,3,6,3,4
fifteen_25846,0,0,3,6,4,3
fifteen_25847,0,0,3,6,4,4
fifteen_25848,0,0,3,6,4,5
fifteen_25849,0,0,3,6,5,4
fifteen_25850,0,0,3,6,5,5
fifteen_25851,0,0,3,6,5,6
fifteen_25852,0,0,3,7,0,1
fifteen_25853,0,0,3,7,0,0
fifteen_25854,0,0,3,7,1,1
fifteen_25855,0,0,3,7,1,2
fifteen_25856,0,0,3,7,2,1
fifteen_25857,0,0,3,7,2,0
fifteen_25858,0,0,3,7,2,2
fifteen_25859,0,0,3,7,2,3
fifteen_25860,0,0,3,7,4,5
fifteen_25861,0,0,4,1,0,2
fifteen_25862,0,0,4,1,1,0
fifteen_25863,0,0,4,1,1,2
fifteen_25864,0,0,4,1,1,3
fifteen_25865,0,0,4,1,2,2
fifteen_25866,0,0,4,1,2,3
fifteen_25867,0,0,4,1,2,4
fifteen_25868,0,0,4,1,3,2
fifteen_25869,0,0,4,1,3,3
fifteen_25870,0,0,4,1,3,4
fifteen_25871,0,0,4,1,3,5
fifteen_25872,0,0,4,4,0,2
fifteen_25873,0,0,4,4,1,0
fifteen_25874,0,0,4,4,1,2
fifteen_25875,0,0,4,4,1,3
fifteen_25876,0,0,4,4,2,0
fifteen_25877,0,0,4,4,2,2
fifteen_25878,0,0,4,4,3,0
fifteen_25879,0,0,4,4,3,2
fifteen_25880,0,0,5,1,0,2
fifteen_25881,0,0,5,1,1,2
fifteen_25882,0,0,5,1,1,3
fifteen_25883,0,0,5,1,2,0
fifteen_25884,0,0,5,1,2,2
fifteen_25885,0,0,5,1,2,3
fifteen_25886,0,0,5,1,2,4
fifteen_25887,0,0,5,1,3,2
fifteen_25888,0,0,5,1,3,3
fifteen_25889,0,0,5,1,3,4
fifteen_25890,0,0,5,1,3,5
fifteen_25891,0,0,5,1,4,2
fifteen_25892,0,0,5,1,4,3
fifteen_25893,0,0,5,1,4,4
fifteen_25894,0,0,5,1,4,5
fifteen_25895,0,0,5,1,4,6
fifteen_25896,0,0,5,2,0,2
fifteen_25897,0,0,5,2,4,4
fifteen_25898,0,0,5,2,4,5
fifteen_25899,0,0,5,2,4,6
fifteen_25900,0,0,5,3,1,3
fifteen_25901,0,0,5,3,4,6
fifteen_25902,0,0,5,4,0,2
fifteen_25903,0,0,5,4,1,2
fifteen_25904,0,0,5,4,1,3
fifteen_25905,0,0,5,4,2,2
fifteen_25906,0,0,5,4,2,3
fifteen_25907,0,0,5,4,2,4
fifteen_25908,0,0,5,4,3,2
fifteen_25909,0,0,5,4,4,2
fifteen_25910,0,0,5,4,4,6
fifteen_25911,0,0,5,6,2,0
fifteen_25912,0,0,5,6,3,0
fifteen_25913,0,0,5,6,4,0
fifteen_25914,0,0,5,7,2,0
fifteen_25915,0,0,5,7,3,0
fifteen_25916,0,0,5,7,4,0
fifteen_25917,0,0,5,7,4,2
fifteen_25918,0,0,5,7,4,3
fifteen_25919,0,0,6,1,0,2
fifteen_25920,0,0,6,1,1,2
fifteen_25921,0,0,6,1,1,3
fifteen_25922,0,0,6,1,2,2
fifteen_25923,0,0,6,1,2,3
fifteen_25924,0,0,6,1,2,4
fifteen_25925,0,0,6,1,3,2
fifteen_25926,0,0,6,1,3,3
fifteen_25927,0,0,6,1,3,4
fifteen_25928,0,0,6,1,3,5
fifteen_25929,0,0,6,1,4,2
fifteen_25930,0,0,6,1,4,3
fifteen_25931,0,0,6,1,4,4
fifteen_25932,0,0,6,1,4,5
fifteen_25933,0,0,6,2,0,2
fifteen_25934,0,0,6,2,3,0
fifteen_25935,0,0,6,2,4,3
fifteen_25936,0,0,6,2,4,4
fifteen_25937,0,0,6,2,4,5
fifteen_25938,0,0,6,2,4,6
fifteen_25939,0,0,6,2,5,3
fifteen_25940,0,0,6,0,4,6
fifteen_25941,0,0,6,0,5,5
fifteen_25942,0,0,6,3,1,3
fifteen_25943,0,0,6,3,2,3
fifteen_25944,0,0,6,3,2,4
fifteen_25945,0,0,6,3,3,3
fifteen_25946,0,0,6,3,3,4
fifteen_25947,0,0,6,3,3,5
fifteen_25948,0,0,6,3,4,5
fifteen_25949,0,0,6,3,4,6
fifteen_25950,0,0,6,3,5,5
fifteen_25951,0,0,6,4,0,2
fifteen_25952,0,0,6,4,1,2
fifteen_25953,0,0,6,4,2,2
fifteen_25954,0,0,6,4,2,3
fifteen_25955,0,0,6,4,2,4
fifteen_25956,0,0,6,4,3,4
fifteen_25957,0,0,6,4,3,5
fifteen_25958,0,0,6,4,4,6
fifteen_25959,0,0,6,4,5,6
fifteen_25960,0,0,6,5,0,2
fifteen_25961,0,0,6,5,4,2
fifteen_25962,0,0,6,6,0,2
fifteen_25963,0,0,6,6,4,2
fifteen_25964,0,0,6,7,0,2
fifteen_25965,0,0,6,7,4,2
fifteen_25966,0,0,6,7,4,3
fifteen_25967,0,0,6,7,4,4
fifteen_25968,0,0,6,7,4,5
fifteen_25969,0,0,6,7,5,5
fifteen_25970,1,0,7,2,1,2
fifteen_25971,1,0,7,2,1,3
fifteen_25972,1,0,7,2,1,4
fifteen_25973,1,0,7,2,1,5
fifteen_25974,1,0,7,2,2,2
fifteen_25975,1,0,7,2,2,3
fifteen_25976,1,0,7,2,2,4
fifteen_25977,1,0,7,2,2,5
fifteen_25978,1,0,7,2,3,2
fifteen_25979,1,0,7,2,3,3
fifteen_25980,1,0,7,2,3,4
fifteen_25981,1,0,7,2,3,5
fifteen_25982,1,0,7,0,7,4
fifteen_25983,1,0,7,0,0,2
fifteen_25984,1,0,7,0,0,3
fifteen_25985,1,0,7,0,0,4
fifteen_25986,1,0,7,0,0,5
fifteen_25987,1,0,7,0,1,2
fifteen_25988,1,0,7,0,1,3
fifteen_25989,1,0,7,0,1,4
fifteen_25990,1,0,7,0,1,5
fifteen_25991,1,0,7,0,2,2
fifteen_25992,1,0,7,0,2,3
fifteen_25993,1,0,7,0,2,4
fifteen_25994,1,0,7,0,2,5
fifteen_25995,1,0,7,0,3,2
fifteen_25996,1,0,7,0,3,3
fifteen_25997,1,0,7,0,3,4
fifteen_25998,1,0,7,0,3,5
fifteen_25999,1,0,7,5,7,3
fifteen_26000,1,0,7,5,0,3
fifteen_26001,1,0,7,5,0,4
fifteen_26002,1,0,7,5,0,5
fifteen_26003,1,0,7,5,1,2
fifteen_26004,1,0,7,5,1,3
fifteen_26005,1,0,7,5,1,4
fifteen_26006,1,0,7,5,1,5
fifteen_26007,1,0,7,5,2,2
fifteen_26008,1,0,7,5,2,3
fifteen_26009,1,0,7,5,2,4
fifteen_26010,1,0,7,5,2,5
fifteen_26011,1,0,7,5,3,2
fifteen_26012,1,0,7,5,3,3
fifteen_26013,1,0,7,5,3,4
fifteen_26014,1,0,7,5,3,5
fifteen_26015,1,0,7,6,0,3
fifteen_26016,1,0,7,6,0,4
fifteen_26017,1,0,7,6,0,5
fifteen_26018,1,0,7,6,1,2
fifteen_26019,1,0,7,6,1,3
fifteen_26020,1,0,7,6,1,4
fifteen_26021,1,0,7,6,1,5
fifteen_26022,1,0,7,6,2,2
fifteen_26023,1,0,7,6,2,3
fifteen_26024,1,0,7,6,2,4
fifteen_26025,1,0,7,6,2,5
fifteen_26026,1,0,7,6,3,2
fifteen_26027,1,0,7,6,3,3
fifteen_26028,1,0,7,6,3,4
fifteen_26029,1,0,7,6,3,5
fifteen_26030,1,0,0,2,7,2
fifteen_26031,1,0,0,2,7,3
fifteen_26032,1,0,0,2,0,2
fifteen_26033,1,0,0,2,0,3
fifteen_26034,1,0,0,2,0,4
fifteen_26035,1,0,0,2,1,0
fifteen_26036,1,0,0,2,1,2
fifteen_26037,1,0,0,2,1,3
fifteen_26038,1,0,0,2,1,4
fifteen_26039,1,0,0,2,1,5
fifteen_26040,1,0,0,2,2,2
fifteen_26041,1,0,0,2,2,3
fifteen_26042,1,0,0,2,2,4
fifteen_26043,1,0,0,2,2,5
fifteen_26044,1,0,0,2,3,2
fifteen_26045,1,0,0,2,3,3
fifteen_26046,1,0,0,2,3,4
fifteen_26047,1,0,0,2,3,5
fifteen_26048,1,0,0,2,4,2
fifteen_26049,1,0,0,2,4,3
fifteen_26050,1,0,0,2,4,4
fifteen_26051,1,0,0,0,7,4
fifteen_26052,1,0,0,0,0,4
fifteen_26053,1,0,0,0,0,5
fifteen_26054,1,0,0,0,0,6
fifteen_26055,1,0,0,0,1,2
fifteen_26056,1,0,0,0,1,3
fifteen_26057,1,0,0,0,1,4
fifteen_26058,1,0,0,0,1,5
fifteen_26059,1,0,0,0,1,6
fifteen_26060,1,0,0,0,2,2
fifteen_26061,1,0,0,0,2,3
fifteen_26062,1,0,0,0,2,4
fifteen_26063,1,0,0,0,2,5
fifteen_26064,1,0,0,0,2,6
fifteen_26065,1,0,0,0,3,2
fifteen_26066,1,0,0,0,3,3
fifteen_26067,1,0,0,0,3,4
fifteen_26068,1,0,0,0,3,5
fifteen_26069,1,0,0,0,3,6
fifteen_26070,1,0,0,0,4,2
fifteen_26071,1,0,0,0,4,3
fifteen_26072,1,0,0,0,4,4
fifteen_26073,1,0,0,0,4,5
fifteen_26074,1,0,0,3,7,5
fifteen_26075,1,0,0,3,0,5
fifteen_26076,1,0,0,3,1,3
fifteen_26077,1,0,0,3,1,4
fifteen_26078,1,0,0,3,1,5
fifteen_26079,1,0,0,4,7,2
fifteen_26080,1,0,0,4,0,2
fifteen_26081,1,0,0,4,1,2
fifteen_26082,1,0,0,4,1,3
fifteen_26083,1,0,0,4,1,4
fifteen_26084,1,0,0,5,0,2
fifteen_26085,1,0,0,5,1,2
fifteen_26086,1,0,0,5,2,2
fifteen_26087,1,0,0,5,2,3
fifteen_26088,1,0,0,5,2,4
fifteen_26089,1,0,0,5,2,5
fifteen_26090,1,0,0,5,3,2
fifteen_26091,1,0,0,5,3,3
fifteen_26092,1,0,0,5,3,4
fifteen_26093,1,0,0,5,3,5
fifteen_26094,1,0,0,5,4,2
fifteen_26095,1,0,0,5,4,3
fifteen_26096,1,0,0,5,4,4
fifteen_26097,1,0,0,5,4,5
fifteen_26098,1,0,0,6,7,4
fifteen_26099,1,0,0,6,0,2
fifteen_26100,1,0,0,6,0,3
fifteen_26101,1,0,0,6,0,4
fifteen_26102,1,0,0,6,1,2
fifteen_26103,1,0,0,6,1,3
fifteen_26104,1,0,0,6,1,4
fifteen_26105,1,0,0,6,1,5
fifteen_26106,1,0,0,6,1,6
fifteen_26107,1,0,0,6,2,2
fifteen_26108,1,0,0,6,2,3
fifteen_26109,1,0,0,6,2,4
fifteen_26110,1,0,0,6,2,5
fifteen_26111,1,0,0,6,2,6
fifteen_26112,1,0,0,6,3,2
fifteen_26113,1,0,0,6,3,3
fifteen_26114,1,0,0,6,3,4
fifteen_26115,1,0,0,6,3,5
fifteen_26116,1,0,0,6,3,6
fifteen_26117,1,0,0,6,4,3
fifteen_26118,1,0,0,6,4,4
fifteen_26119,1,0,0,6,4,5
fifteen_26120,1,0,0,7,7,5
fifteen_26121,1,0,0,7,0,2
fifteen_26122,1,0,0,7,0,3
fifteen_26123,1,0,0,7,0,4
fifteen_26124,1,0,0,7,0,5
fifteen_26125,1,0,0,7,1,2
fifteen_26126,1,0,0,7,1,3
fifteen_26127,1,0,0,7,1,4
fifteen_26128,1,0,0,7,1,5
fifteen_26129,1,0,0,7,1,6
fifteen_26130,1,0,0,7,1,7
fifteen_26131,1,0,0,7,2,2
fifteen_26132,1,0,0,7,2,3
fifteen_26133,1,0,0,7,2,4
fifteen_26134,1,0,0,7,2,5
fifteen_26135,1,0,0,7,2,6
fifteen_26136,1,0,0,7,3,3
fifteen_26137,1,0,0,7,3,4
fifteen_26138,1,0,0,7,3,5
fifteen_26139,1,0,1,1,0,2
fifteen_26140,1,0,1,1,0,3
fifteen_26141,1,0,1,1,0,4
fifteen_26142,1,0,1,1,1,0
fifteen_26143,1,0,1,1,1,2
fifteen_26144,1,0,1,1,1,3
fifteen_26145,1,0,1,1,1,4
fifteen_26146,1,0,1,1,1,5
fifteen_26147,1,0,1,1,2,0
fifteen_26148,1,0,1,1,2,2
fifteen_26149,1,0,1,1,2,3
fifteen_26150,1,0,1,1,2,4
fifteen_26151,1,0,1,1,2,5
fifteen_26152,1,0,1,1,3,2
fifteen_26153,1,0,1,1,3,3
fifteen_26154,1,0,1,1,3,4
fifteen_26155,1,0,1,1,3,5
fifteen_26156,1,0,1,2,0,5
fifteen_26157,1,0,1,2,0,6
fifteen_26158,1,0,1,2,1,5
fifteen_26159,1,0,1,2,1,6
fifteen_26160,1,0,1,2,2,5
fifteen_26161,1,0,1,2,2,6
fifteen_26162,1,0,1,2,3,5
fifteen_26163,1,0,1,2,3,6
fifteen_26164,1,0,1,2,4,2
fifteen_26165,1,0,1,2,4,3
fifteen_26166,1,0,1,2,4,4
fifteen_26167,1,0,1,0,0,4
fifteen_26168,1,0,1,0,0,5
fifteen_26169,1,0,1,0,0,6
fifteen_26170,1,0,1,0,1,4
fifteen_26171,1,0,1,0,1,5
fifteen_26172,1,0,1,0,1,6
fifteen_26173,1,0,1,0,2,2
fifteen_26174,1,0,1,0,2,3
fifteen_26175,1,0,1,0,2,4
fifteen_26176,1,0,1,0,2,5
fifteen_26177,1,0,1,0,2,6
fifteen_26178,1,0,1,0,3,2
fifteen_26179,1,0,1,0,3,3
fifteen_26180,1,0,1,0,3,4
fifteen_26181,1,0,1,0,3,5
fifteen_26182,1,0,1,0,3,6
fifteen_26183,1,0,1,0,4,2
fifteen_26184,1,0,1,0,4,3
fifteen_26185,1,0,1,0,4,4
fifteen_26186,1,0,1,0,4,5
fifteen_26187,1,0,1,3,0,5
fifteen_26188,1,0,1,3,1,5
fifteen_26189,1,0,1,3,2,3
fifteen_26190,1,0,1,3,2,4
fifteen_26191,1,0,1,3,2,5
fifteen_26192,1,0,1,4,0,2
fifteen_26193,1,0,1,4,1,0
fifteen_26194,1,0,1,4,1,2
fifteen_26195,1,0,1,4,2,0
fifteen_26196,1,0,1,4,2,2
fifteen_26197,1,0,1,4,2,3
fifteen_26198,1,0,1,4,2,4
fifteen_26199,1,0,1,4,3,2
fifteen_26200,1,0,1,4,3,3
fifteen_26201,1,0,1,4,3,4
fifteen_26202,1,0,1,5,4,2
fifteen_26203,1,0,1,5,4,3
fifteen_26204,1,0,1,5,4,4
fifteen_26205,1,0,1,5,4,5
fifteen_26206,1,0,1,5,5,3
fifteen_26207,1,0,1,5,5,4
fifteen_26208,1,0,1,5,5,5
fifteen_26209,1,0,1,6,0,2
fifteen_26210,1,0,1,6,0,3
fifteen_26211,1,0,1,6,1,0
fifteen_26212,1,0,1,6,1,2
fifteen_26213,1,0,1,6,1,3
fifteen_26214,1,0,1,6,2,0
fifteen_26215,1,0,1,6,2,2
fifteen_26216,1,0,1,6,2,3
fifteen_26217,1,0,1,6,3,2
fifteen_26218,1,0,1,6,3,3
fifteen_26219,1,0,1,6,3,4
fifteen_26220,1,0,1,6,3,5
fifteen_26221,1,0,1,6,3,6
fifteen_26222,1,0,1,6,4,3
fifteen_26223,1,0,1,6,4,4
fifteen_26224,1,0,1,6,4,5
fifteen_26225,1,0,1,6,4,6
fifteen_26226,1,0,1,6,5,4
fifteen_26227,1,0,1,6,5,5
fifteen_26228,1,0,1,6,5,6
fifteen_26229,1,0,1,7,0,2
fifteen_26230,1,0,1,7,0,3
fifteen_26231,1,0,1,7,0,4
fifteen_26232,1,0,1,7,0,5
fifteen_26233,1,0,1,7,1,0
fifteen_26234,1,0,1,7,1,2
fifteen_26235,1,0,1,7,1,3
fifteen_26236,1,0,1,7,1,4
fifteen_26237,1,0,1,7,1,5
fifteen_26238,1,0,1,7,2,0
fifteen_26239,1,0,1,7,2,2
fifteen_26240,1,0,1,7,2,3
fifteen_26241,1,0,1,7,2,4
fifteen_26242,1,0,1,7,2,5
fifteen_26243,1,0,1,7,2,6
fifteen_26244,1,0,1,7,2,7
fifteen_26245,1,0,1,7,3,3
fifteen_26246,1,0,1,7,3,4
fifteen_26247,1,0,1,7,3,5
fifteen_26248,1,0,1,7,3,6
fifteen_26249,1,0,1,7,3,7
fifteen_26250,1,0,2,1,1,2
fifteen_26251,1,0,2,1,1,3
fifteen_26252,1,0,2,1,1,4
fifteen_26253,1,0,2,1,1,5
fifteen_26254,1,0,2,1,2,2
fifteen_26255,1,0,2,1,2,3
fifteen_26256,1,0,2,1,2,4
fifteen_26257,1,0,2,1,2,5
fifteen_26258,1,0,2,1,3,0
fifteen_26259,1,0,2,1,3,2
fifteen_26260,1,0,2,1,3,3
fifteen_26261,1,0,2,1,3,4
fifteen_26262,1,0,2,1,3,5
fifteen_26263,1,0,2,2,1,3
fifteen_26264,1,0,2,2,1,4
fifteen_26265,1,0,2,2,1,5
fifteen_26266,1,0,2,2,2,3
fifteen_26267,1,0,2,2,2,4
fifteen_26268,1,0,2,2,2,5
fifteen_26269,1,0,2,2,3,0
fifteen_26270,1,0,2,2,3,2
fifteen_26271,1,0,2,2,3,3
fifteen_26272,1,0,2,2,3,4
fifteen_26273,1,0,2,2,3,5
fifteen_26274,1,0,2,2,4,2
fifteen_26275,1,0,2,2,4,3
fifteen_26276,1,0,2,2,4,4
fifteen_26277,1,0,2,0,1,4
fifteen_26278,1,0,2,0,1,5
fifteen_26279,1,0,2,0,1,6
fifteen_26280,1,0,2,0,2,4
fifteen_26281,1,0,2,0,2,5
fifteen_26282,1,0,2,0,2,6
fifteen_26283,1,0,2,0,3,2
fifteen_26284,1,0,2,0,3,3
fifteen_26285,1,0,2,0,3,4
fifteen_26286,1,0,2,0,3,5
fifteen_26287,1,0,2,0,3,6
fifteen_26288,1,0,2,0,4,2
fifteen_26289,1,0,2,0,4,3
fifteen_26290,1,0,2,0,4,4
fifteen_26291,1,0,2,0,4,5
fifteen_26292,1,0,2,3,1,5
fifteen_26293,1,0,2,3,2,5
fifteen_26294,1,0,2,3,3,3
fifteen_26295,1,0,2,3,3,4
fifteen_26296,1,0,2,3,3,5
fifteen_26297,1,0,2,4,1,2
fifteen_26298,1,0,2,4,2,2
fifteen_26299,1,0,2,4,3,2
fifteen_26300,1,0,2,4,3,3
fifteen_26301,1,0,2,4,3,4
fifteen_26302,1,0,2,5,1,0
fifteen_26303,1,0,2,5,2,0
fifteen_26304,1,0,2,5,3,0
fifteen_26305,1,0,2,5,4,2
fifteen_26306,1,0,2,6,1,0
fifteen_26307,1,0,2,6,1,2
fifteen_26308,1,0,2,6,1,3
fifteen_26309,1,0,2,6,2,0
fifteen_26310,1,0,2,6,2,2
fifteen_26311,1,0,2,6,2,3
fifteen_26312,1,0,2,6,3,0
fifteen_26313,1,0,2,6,3,2
fifteen_26314,1,0,2,6,3,3
fifteen_26315,1,0,2,6,4,3
fifteen_26316,1,0,2,6,4,4
fifteen_26317,1,0,2,6,4,5
fifteen_26318,1,0,2,7,1,0
fifteen_26319,1,0,2,7,1,2
fifteen_26320,1,0,2,7,1,3
fifteen_26321,1,0,2,7,1,4
fifteen_26322,1,0,2,7,1,5
fifteen_26323,1,0,2,7,2,0
fifteen_26324,1,0,2,7,2,2
fifteen_26325,1,0,2,7,2,3
fifteen_26326,1,0,2,7,2,4
fifteen_26327,1,0,2,7,2,5
fifteen_26328,1,0,2,7,3,0
fifteen_26329,1,0,2,7,3,2
fifteen_26330,1,0,2,7,3,3
fifteen_26331,1,0,2,7,3,4
fifteen_26332,1,0,2,7,3,5
fifteen_26333,1,0,3,2,0,2
fifteen_26334,1,0,3,2,0,3
fifteen_26335,1,0,3,2,1,3
fifteen_26336,1,0,3,2,2,3
fifteen_26337,1,0,3,0,0,2
fifteen_26338,1,0,3,0,0,3
fifteen_26339,1,0,3,0,0,4
fifteen_26340,1,0,3,0,1,4
fifteen_26341,1,0,3,0,2,4
fifteen_26342,1,0,3,4,0,2
fifteen_26343,1,0,3,4,0,3
fifteen_26344,1,0,3,4,0,4
fifteen_26345,1,0,3,4,1,0
fifteen_26346,1,0,3,4,1,2
fifteen_26347,1,0,3,4,2,0
fifteen_26348,1,0,3,4,2,2
fifteen_26349,1,0,3,5,7,3
fifteen_26350,1,0,3,5,7,4
fifteen_26351,1,0,3,5,7,5
fifteen_26352,1,0,3,5,0,2
fifteen_26353,1,0,3,5,0,3
fifteen_26354,1,0,3,5,0,4
fifteen_26355,1,0,3,5,0,5
fifteen_26356,1,0,3,5,1,0
fifteen_26357,1,0,3,5,1,2
fifteen_26358,1,0,3,5,1,3
fifteen_26359,1,0,3,5,2,0
fifteen_26360,1,0,3,5,2,2
fifteen_26361,1,0,3,5,2,3
fifteen_26362,1,0,3,6,0,2
fifteen_26363,1,0,3,6,0,3
fifteen_26364,1,0,3,6,0,4
fifteen_26365,1,0,3,6,0,5
fifteen_26366,1,0,3,6,0,6
fifteen_26367,1,0,3,6,1,0
fifteen_26368,1,0,3,6,1,3
fifteen_26369,1,0,3,6,1,4
fifteen_26370,1,0,3,6,2,0
fifteen_26371,1,0,3,6,2,2
fifteen_26372,1,0,3,6,2,3
fifteen_26373,1,0,3,6,2,4
fifteen_26374,1,0,4,1,0,2
fifteen_26375,1,0,4,1,0,3
fifteen_26376,1,0,4,1,0,4
fifteen_26377,1,0,4,1,1,0
fifteen_26378,1,0,4,1,1,2
fifteen_26379,1,0,4,1,1,3
fifteen_26380,1,0,4,1,1,4
fifteen_26381,1,0,4,1,1,5
fifteen_26382,1,0,4,1,2,2
fifteen_26383,1,0,4,1,2,3
fifteen_26384,1,0,4,1,2,4
fifteen_26385,1,0,4,1,2,5
fifteen_26386,1,0,4,1,3,2
fifteen_26387,1,0,4,1,3,3
fifteen_26388,1,0,4,1,3,4
fifteen_26389,1,0,4,1,3,5
fifteen_26390,1,0,4,2,1,5
fifteen_26391,1,0,4,2,2,5
fifteen_26392,1,0,4,2,3,5
fifteen_26393,1,0,4,0,7,2
fifteen_26394,1,0,4,0,7,3
fifteen_26395,1,0,4,0,7,4
fifteen_26396,1,0,4,3,0,3
fifteen_26397,1,0,4,3,0,4
fifteen_26398,1,0,4,3,0,5
fifteen_26399,1,0,4,3,0,6
fifteen_26400,1,0,4,3,1,3
fifteen_26401,1,0,4,3,1,4
fifteen_26402,1,0,4,3,1,5
fifteen_26403,1,0,4,3,1,6
fifteen_26404,1,0,4,3,2,5
fifteen_26405,1,0,4,3,2,6
fifteen_26406,1,0,4,3,3,5
fifteen_26407,1,0,4,3,3,6
fifteen_26408,1,0,4,4,7,2
fifteen_26409,1,0,4,4,7,3
fifteen_26410,1,0,4,4,7,4
fifteen_26411,1,0,4,4,0,2
fifteen_26412,1,0,4,4,0,4
fifteen_26413,1,0,4,4,1,0
fifteen_26414,1,0,4,4,1,2
fifteen_26415,1,0,4,4,1,3
fifteen_26416,1,0,4,4,1,4
fifteen_26417,1,0,4,4,2,0
fifteen_26418,1,0,4,4,2,2
fifteen_26419,1,0,4,4,3,0
fifteen_26420,1,0,4,4,3,2
fifteen_26421,1,0,4,5,7,3
fifteen_26422,1,0,4,5,7,4
fifteen_26423,1,0,4,5,7,5
fifteen_26424,1,0,4,6,7,4
fifteen_26425,1,0,4,6,7,5
fifteen_26426,1,0,4,6,7,6
fifteen_26427,1,0,4,6,0,2
fifteen_26428,1,0,4,6,0,3
fifteen_26429,1,0,4,6,0,4
fifteen_26430,1,0,4,6,0,5
fifteen_26431,1,0,4,6,0,6
fifteen_26432,1,0,4,6,1,0
fifteen_26433,1,0,4,6,1,2
fifteen_26434,1,0,4,6,1,3
fifteen_26435,1,0,4,6,2,0
fifteen_26436,1,0,4,6,2,2
fifteen_26437,1,0,4,6,2,3
fifteen_26438,1,0,4,6,3,0
fifteen_26439,1,0,4,6,3,2
fifteen_26440,1,0,4,6,3,3
fifteen_26441,1,0,4,7,0,2
fifteen_26442,1,0,4,7,0,3
fifteen_26443,1,0,4,7,0,4
fifteen_26444,1,0,4,7,0,5
fifteen_26445,1,0,4,7,0,6
fifteen_26446,1,0,4,7,1,0
fifteen_26447,1,0,4,7,1,2
fifteen_26448,1,0,4,7,1,3
fifteen_26449,1,0,4,7,1,4
fifteen_26450,1,0,4,7,1,5
fifteen_26451,1,0,4,7,1,6
fifteen_26452,1,0,4,7,1,7
fifteen_26453,1,0,4,7,2,0
fifteen_26454,1,0,4,7,2,2
fifteen_26455,1,0,4,7,2,3
fifteen_26456,1,0,4,7,2,4
fifteen_26457,1,0,4,7,2,5
fifteen_26458,1,0,4,7,3,0
fifteen_26459,1,0,4,7,3,2
fifteen_26460,1,0,4,7,3,3
fifteen_26461,1,0,4,7,3,4
fifteen_26462,1,0,4,7,3,5
fifteen_26463,1,0,5,1,0,2
fifteen_26464,1,0,5,1,0,3
fifteen_26465,1,0,5,1,0,4
fifteen_26466,1,0,5,1,1,2
fifteen_26467,1,0,5,1,1,3
fifteen_26468,1,0,5,1,1,4
fifteen_26469,1,0,5,1,1,5
fifteen_26470,1,0,5,1,2,2
fifteen_26471,1,0,5,1,2,3
fifteen_26472,1,0,5,1,2,4
fifteen_26473,1,0,5,1,2,5
fifteen_26474,1,0,5,1,3,3
fifteen_26475,1,0,5,1,3,4
fifteen_26476,1,0,5,1,3,5
fifteen_26477,1,0,5,2,0,2
fifteen_26478,1,0,5,2,0,3
fifteen_26479,1,0,5,2,0,4
fifteen_26480,1,0,5,2,1,2
fifteen_26481,1,0,5,2,1,3
fifteen_26482,1,0,5,2,1,4
fifteen_26483,1,0,5,2,1,5
fifteen_26484,1,0,5,2,2,0
fifteen_26485,1,0,5,2,2,2
fifteen_26486,1,0,5,2,2,3
fifteen_26487,1,0,5,2,2,4
fifteen_26488,1,0,5,2,2,5
fifteen_26489,1,0,5,2,3,3
fifteen_26490,1,0,5,2,3,4
fifteen_26491,1,0,5,2,3,5
fifteen_26492,1,0,5,2,4,3
fifteen_26493,1,0,5,2,4,4
fifteen_26494,1,0,5,0,7,2
fifteen_26495,1,0,5,0,7,3
fifteen_26496,1,0,5,0,7,4
fifteen_26497,1,0,5,0,0,2
fifteen_26498,1,0,5,0,0,3
fifteen_26499,1,0,5,0,0,4
fifteen_26500,1,0,5,0,0,5
fifteen_26501,1,0,5,0,1,2
fifteen_26502,1,0,5,0,1,3
fifteen_26503,1,0,5,0,1,4
fifteen_26504,1,0,5,0,1,5
fifteen_26505,1,0,5,0,2,5
fifteen_26506,1,0,5,0,3,5
fifteen_26507,1,0,5,0,4,5
fifteen_26508,1,0,5,3,2,3
fifteen_26509,1,0,5,3,2,4
fifteen_26510,1,0,5,3,2,5
fifteen_26511,1,0,5,3,3,5
fifteen_26512,1,0,5,3,4,5
fifteen_26513,1,0,5,4,7,2
fifteen_26514,1,0,5,4,7,3
fifteen_26515,1,0,5,4,7,4
fifteen_26516,1,0,5,4,0,2
fifteen_26517,1,0,5,4,0,4
fifteen_26518,1,0,5,4,1,2
fifteen_26519,1,0,5,4,1,3
fifteen_26520,1,0,5,4,1,4
fifteen_26521,1,0,5,4,2,2
fifteen_26522,1,0,5,4,2,4
fifteen_26523,1,0,5,4,3,2
fifteen_26524,1,0,5,5,7,3
fifteen_26525,1,0,5,5,7,4
fifteen_26526,1,0,5,5,7,5
fifteen_26527,1,0,5,5,0,2
fifteen_26528,1,0,5,5,0,3
fifteen_26529,1,0,5,5,0,4
fifteen_26530,1,0,5,5,0,5
fifteen_26531,1,0,5,5,1,2
fifteen_26532,1,0,5,5,1,3
fifteen_26533,1,0,5,5,1,4
fifteen_26534,1,0,5,5,1,5
fifteen_26535,1,0,5,5,2,0
fifteen_26536,1,0,5,5,2,2
fifteen_26537,1,0,5,5,3,0
fifteen_26538,1,0,5,5,3,2
fifteen_26539,1,0,5,5,4,0
fifteen_26540,1,0,5,5,4,2
fifteen_26541,1,0,5,6,7,4
fifteen_26542,1,0,5,6,7,5
fifteen_26543,1,0,5,6,7,6
fifteen_26544,1,0,5,6,0,2
fifteen_26545,1,0,5,6,0,3
fifteen_26546,1,0,5,6,0,4
fifteen_26547,1,0,5,6,0,5
fifteen_26548,1,0,5,6,0,6
fifteen_26549,1,0,5,6,1,2
fifteen_26550,1,0,5,6,1,3
fifteen_26551,1,0,5,6,1,4
fifteen_26552,1,0,5,6,1,5
fifteen_26553,1,0,5,6,1,6
fifteen_26554,1,0,5,6,2,2
fifteen_26555,1,0,5,6,2,3
fifteen_26556,1,0,5,6,3,2
fifteen_26557,1,0,5,6,3,3
fifteen_26558,1,0,5,6,4,3
fifteen_26559,1,0,5,7,0,2
fifteen_26560,1,0,5,7,0,3
fifteen_26561,1,0,5,7,0,4
fifteen_26562,1,0,5,7,0,5
fifteen_26563,1,0,5,7,0,6
fifteen_26564,1,0,5,7,1,2
fifteen_26565,1,0,5,7,1,3
fifteen_26566,1,0,5,7,1,4
fifteen_26567,1,0,5,7,1,5
fifteen_26568,1,0,5,7,1,6
fifteen_26569,1,0,5,7,2,2
fifteen_26570,1,0,5,7,2,3
fifteen_26571,1,0,5,7,2,4
fifteen_26572,1,0,5,7,2,5
fifteen_26573,1,0,5,7,2,6
fifteen_26574,1,0,5,7,2,7
fifteen_26575,1,0,5,7,3,3
fifteen_26576,1,0,5,7,3,4
fifteen_26577,1,0,5,7,3,5
fifteen_26578,1,0,5,7,4,5
fifteen_26579,1,0,6,1,0,2
fifteen_26580,1,0,6,1,0,3
fifteen_26581,1,0,6,1,0,4
fifteen_26582,1,0,6,1,1,2
fifteen_26583,1,0,6,1,1,3
fifteen_26584,1,0,6,1,1,4
fifteen_26585,1,0,6,1,1,5
fifteen_26586,1,0,6,1,2,2
fifteen_26587,1,0,6,1,2,3
fifteen_26588,1,0,6,1,2,4
fifteen_26589,1,0,6,1,2,5
fifteen_26590,1,0,6,1,3,3
fifteen_26591,1,0,6,1,3,4
fifteen_26592,1,0,6,1,3,5
fifteen_26593,1,0,6,2,0,2
fifteen_26594,1,0,6,2,0,3
fifteen_26595,1,0,6,2,0,4
fifteen_26596,1,0,6,2,1,2
fifteen_26597,1,0,6,2,1,3
fifteen_26598,1,0,6,2,1,4
fifteen_26599,1,0,6,2,1,5
fifteen_26600,1,0,6,2,2,2
fifteen_26601,1,0,6,2,2,3
fifteen_26602,1,0,6,2,2,4
fifteen_26603,1,0,6,2,2,5
fifteen_26604,1,0,6,2,3,2
fifteen_26605,1,0,6,2,3,3
fifteen_26606,1,0,6,2,3,4
fifteen_26607,1,0,6,2,3,5
fifteen_26608,1,0,6,2,4,3
fifteen_26609,1,0,6,2,4,4
fifteen_26610,1,0,6,0,7,2
fifteen_26611,1,0,6,0,7,3
fifteen_26612,1,0,6,0,7,4
fifteen_26613,1,0,6,0,0,2
fifteen_26614,1,0,6,0,0,3
fifteen_26615,1,0,6,0,0,4
fifteen_26616,1,0,6,0,0,5
fifteen_26617,1,0,6,0,1,2
fifteen_26618,1,0,6,0,1,3
fifteen_26619,1,0,6,0,1,4
fifteen_26620,1,0,6,0,1,5
fifteen_26621,1,0,6,0,2,2
fifteen_26622,1,0,6,0,2,3
fifteen_26623,1,0,6,0,2,4
fifteen_26624,1,0,6,0,2,5
fifteen_26625,1,0,6,0,3,2
fifteen_26626,1,0,6,0,3,3
fifteen_26627,1,0,6,0,3,4
fifteen_26628,1,0,6,0,3,5
fifteen_26629,1,0,6,0,4,4
fifteen_26630,1,0,6,0,4,5
fifteen_26631,1,0,6,0,5,4
fifteen_26632,1,0,6,5,7,3
fifteen_26633,1,0,6,5,7,4
fifteen_26634,1,0,6,5,7,5
fifteen_26635,1,0,6,5,0,2
fifteen_26636,1,0,6,5,0,3
fifteen_26637,1,0,6,5,0,4
fifteen_26638,1,0,6,5,0,5
fifteen_26639,1,0,6,5,1,2
fifteen_26640,1,0,6,5,1,3
fifteen_26641,1,0,6,5,1,4
fifteen_26642,1,0,6,5,1,5
fifteen_26643,1,0,6,5,2,2
fifteen_26644,1,0,6,5,2,3
fifteen_26645,1,0,6,5,2,4
fifteen_26646,1,0,6,5,2,5
fifteen_26647,1,0,6,5,3,2
fifteen_26648,1,0,6,5,3,3
fifteen_26649,1,0,6,5,3,4
fifteen_26650,1,0,6,5,3,5
fifteen_26651,1,0,6,5,4,2
fifteen_26652,1,0,6,5,4,3
fifteen_26653,1,0,6,5,5,3
fifteen_26654,1,0,6,6,0,2
fifteen_26655,1,0,6,6,0,3
fifteen_26656,1,0,6,6,0,4
fifteen_26657,1,0,6,6,0,5
fifteen_26658,1,0,6,6,1,2
fifteen_26659,1,0,6,6,1,3
fifteen_26660,1,0,6,6,1,4
fifteen_26661,1,0,6,6,1,5
fifteen_26662,1,0,6,6,2,2
fifteen_26663,1,0,6,6,2,3
fifteen_26664,1,0,6,6,2,4
fifteen_26665,1,0,6,6,2,5
fifteen_26666,1,0,6,6,3,2
fifteen_26667,1,0,6,6,3,3
fifteen_26668,1,0,6,6,3,4
fifteen_26669,1,0,6,6,3,5
fifteen_26670,1,0,6,6,3,6
fifteen_26671,1,0,6,6,4,3
fifteen_26672,1,0,6,6,4,4
fifteen_26673,1,0,6,6,5,4
fifteen_26674,1,0,6,7,0,2
fifteen_26675,1,0,6,7,0,3
fifteen_26676,1,0,6,7,0,4
fifteen_26677,1,0,6,7,0,5
fifteen_26678,1,0,6,7,1,2
fifteen_26679,1,0,6,7,1,3
fifteen_26680,1,0,6,7,1,4
fifteen_26681,1,0,6,7,1,5
fifteen_26682,1,0,6,7,2,2
fifteen_26683,1,0,6,7,2,3
fifteen_26684,1,0,6,7,2,4
fifteen_26685,1,0,6,7,2,5
fifteen_26686,1,0,6,7,3,3
fifteen_26687,1,0,6,7,3,4
fifteen_26688,1,0,6,7,3,5
fifteen_26689,1,1,0,0,1,2
fifteen_26690,1,1,0,0,2,2
fifteen_26691,1,1,0,0,2,3
fifteen_26692,1,1,0,5,1,2
fifteen_26693,1,1,0,5,2,2
fifteen_26694,1,1,0,5,2,3
fifteen_26695,1,1,0,6,1,2
fifteen_26696,1,1,0,6,2,2
fifteen_26697,1,1,0,6,2,3
fifteen_26698,1,1,0,7,1,2
fifteen_26699,1,1,0,7,2,2
fifteen_26700,1,1,0,7,2,3
fifteen_26701,1,1,1,2,1,0
fifteen_26702,1,1,1,2,1,2
fifteen_26703,1,1,1,2,1,3
fifteen_26704,1,1,1,2,2,0
fifteen_26705,1,1,1,2,2,2
fifteen_26706,1,1,1,2,2,3
fifteen_26707,1,1,1,2,2,4
fifteen_26708,1,1,1,0,1,2
fifteen_26709,1,1,1,0,1,3
fifteen_26710,1,1,1,0,2,2
fifteen_26711,1,1,1,0,2,3
fifteen_26712,1,1,1,0,2,4
fifteen_26713,1,1,1,0,3,2
fifteen_26714,1,1,1,0,3,3
fifteen_26715,1,1,1,0,3,4
fifteen_26716,1,1,1,0,3,5
fifteen_26717,1,1,1,5,1,0
fifteen_26718,1,1,1,5,1,2
fifteen_26719,1,1,1,5,2,0
fifteen_26720,1,1,1,5,2,2
fifteen_26721,1,1,1,5,2,3
fifteen_26722,1,1,1,5,3,2
fifteen_26723,1,1,1,5,3,3
fifteen_26724,1,1,1,5,3,4
fifteen_26725,1,1,1,6,1,0
fifteen_26726,1,1,1,6,1,2
fifteen_26727,1,1,1,6,2,0
fifteen_26728,1,1,1,6,2,2
fifteen_26729,1,1,1,6,2,3
fifteen_26730,1,1,1,6,3,3
fifteen_26731,1,1,1,6,3,4
fifteen_26732,1,1,1,7,1,2
fifteen_26733,1,1,1,7,2,2
fifteen_26734,1,1,1,7,2,3
fifteen_26735,1,1,2,5,2,3
fifteen_26736,1,1,2,5,3,3
fifteen_26737,1,1,2,5,3,4
fifteen_26738,1,1,4,2,1,0
fifteen_26739,1,1,4,2,1,2
fifteen_26740,1,1,4,2,1,3
fifteen_26741,1,1,4,2,2,3
fifteen_26742,1,1,4,2,2,4
fifteen_26743,1,1,4,2,3,3
fifteen_26744,1,1,4,0,1,2
fifteen_26745,1,1,4,0,1,3
fifteen_26746,1,1,4,0,2,4
fifteen_26747,1,1,4,0,3,4
fifteen_26748,1,1,4,0,3,5
fifteen_26749,1,1,4,3,1,3
fifteen_26750,1,1,4,3,3,5
fifteen_26751,1,1,4,5,1,0
fifteen_26752,1,1,4,5,1,2
fifteen_26753,1,1,4,5,1,3
fifteen_26754,1,1,4,5,2,0
fifteen_26755,1,1,4,5,2,2
fifteen_26756,1,1,4,5,2,3
fifteen_26757,1,1,4,5,3,0
fifteen_26758,1,1,4,5,3,2
fifteen_26759,1,1,4,5,3,3
fifteen_26760,1,1,4,6,1,2
fifteen_26761,1,1,4,6,2,2
fifteen_26762,1,1,4,6,2,3
fifteen_26763,1,1,4,6,3,3
fifteen_26764,1,1,4,6,3,4
fifteen_26765,1,1,4,7,1,2
fifteen_26766,1,1,4,7,2,2
fifteen_26767,1,1,4,7,2,3
fifteen_26768,1,1,5,2,1,2
fifteen_26769,1,1,5,2,2,2
fifteen_26770,1,1,5,2,2,3
fifteen_26771,1,1,5,2,2,4
fifteen_26772,1,1,5,0,1,2
fifteen_26773,1,1,5,0,1,3
fifteen_26774,1,1,5,0,2,2
fifteen_26775,1,1,5,0,2,3
fifteen_26776,1,1,5,0,2,4
fifteen_26777,1,1,5,0,3,4
fifteen_26778,1,1,5,0,3,5
fifteen_26779,1,1,5,0,4,4
fifteen_26780,1,1,5,0,4,5
fifteen_26781,1,1,5,5,1,2
fifteen_26782,1,1,5,5,1,3
fifteen_26783,1,1,5,5,2,2
fifteen_26784,1,1,5,5,2,3
fifteen_26785,1,1,5,5,2,4
fifteen_26786,1,1,5,5,3,2
fifteen_26787,1,1,5,5,3,3
fifteen_26788,1,1,5,5,4,2
fifteen_26789,1,1,5,5,4,3
fifteen_26790,1,1,5,6,1,2
fifteen_26791,1,1,5,6,1,3
fifteen_26792,1,1,5,6,2,2
fifteen_26793,1,1,5,6,2,3
fifteen_26794,1,1,5,6,2,4
fifteen_26795,1,1,5,6,3,3
fifteen_26796,1,1,5,6,3,4
fifteen_26797,1,1,5,6,4,3
fifteen_26798,1,1,5,6,4,4
fifteen_26799,1,1,5,7,1,2
fifteen_26800,1,1,5,7,2,2
fifteen_26801,1,1,5,7,2,3
fifteen_26802,1,1,5,7,4,5
fifteen_26803,1,1,6,2,1,2
fifteen_26804,1,1,6,2,2,2
fifteen_26805,1,1,6,2,2,3
fifteen_26806,1,1,6,2,2,4
fifteen_26807,1,1,6,0,1,2
fifteen_26808,1,1,6,0,2,2
fifteen_26809,1,1,6,0,2,3
fifteen_26810,1,1,6,0,2,4
fifteen_26811,1,1,6,0,3,2
fifteen_26812,1,1,6,0,3,3
fifteen_26813,1,1,6,0,3,4
fifteen_26814,1,1,6,0,4,4
fifteen_26815,1,1,6,0,5,4
fifteen_26816,1,1,6,5,1,2
fifteen_26817,1,1,6,5,2,2
fifteen_26818,1,1,6,5,2,3
fifteen_26819,1,1,6,5,2,4
fifteen_26820,1,1,6,5,3,3
fifteen_26821,1,1,6,5,3,4
fifteen_26822,1,1,6,5,3,5
fifteen_26823,1,1,6,5,4,3
fifteen_26824,1,1,6,5,5,3
fifteen_26825,1,1,6,6,1,2
fifteen_26826,1,1,6,6,2,2
fifteen_26827,1,1,6,6,2,3
fifteen_26828,1,1,6,6,2,4
fifteen_26829,1,1,6,6,3,4
fifteen_26830,1,1,6,6,3,5
fifteen_26831,1,1,6,6,4,4
fifteen_26832,1,1,6,6,5,4
fifteen_26833,1,1,6,7,1,2
fifteen_26834,1,1,6,7,2,2
fifteen_26835,1,1,6,7,2,3
fifteen_26836,1,1,6,7,2,4
fifteen_26837,2,0,0,1,7,2
fifteen_26838,2,0,0,1,7,3
fifteen_26839,2,0,0,1,0,3
fifteen_26840,2,0,0,1,0,4
fifteen_26841,2,0,0,1,0,5
fifteen_26842,2,0,0,1,1,2
fifteen_26843,2,0,0,1,1,3
fifteen_26844,2,0,0,1,1,4
fifteen_26845,2,0,0,1,1,5
fifteen_26846,2,0,0,1,2,3
fifteen_26847,2,0,0,1,2,4
fifteen_26848,2,0,0,1,2,5
fifteen_26849,2,0,0,1,3,3
fifteen_26850,2,0,0,1,3,4
fifteen_26851,2,0,0,1,3,5
fifteen_26852,2,0,0,2,0,3
fifteen_26853,2,0,0,2,0,4
fifteen_26854,2,0,0,2,0,5
fifteen_26855,2,0,0,2,1,2
fifteen_26856,2,0,0,2,1,3
fifteen_26857,2,0,0,2,1,4
fifteen_26858,2,0,0,2,1,5
fifteen_26859,2,0,0,2,2,2
fifteen_26860,2,0,0,2,2,3
fifteen_26861,2,0,0,2,2,4
fifteen_26862,2,0,0,2,2,5
fifteen_26863,2,0,0,2,3,2
fifteen_26864,2,0,0,2,3,3
fifteen_26865,2,0,0,2,3,4
fifteen_26866,2,0,0,2,3,5
fifteen_26867,2,0,0,0,7,4
fifteen_26868,2,0,0,0,0,4
fifteen_26869,2,0,0,0,1,2
fifteen_26870,2,0,0,0,1,3
fifteen_26871,2,0,0,0,1,4
fifteen_26872,2,0,0,3,7,5
fifteen_26873,2,0,0,3,0,5
fifteen_26874,2,0,0,3,1,3
fifteen_26875,2,0,0,3,1,4
fifteen_26876,2,0,0,3,1,5
fifteen_26877,2,0,0,5,7,3
fifteen_26878,2,0,0,5,0,2
fifteen_26879,2,0,0,5,0,3
fifteen_26880,2,0,0,5,1,2
fifteen_26881,2,0,0,5,1,3
fifteen_26882,2,0,0,5,1,4
fifteen_26883,2,0,0,5,1,5
fifteen_26884,2,0,0,5,2,2
fifteen_26885,2,0,0,5,2,3
fifteen_26886,2,0,0,5,2,4
fifteen_26887,2,0,0,5,2,5
fifteen_26888,2,0,0,5,3,2
fifteen_26889,2,0,0,5,3,3
fifteen_26890,2,0,0,5,3,4
fifteen_26891,2,0,0,5,3,5
fifteen_26892,2,0,0,6,7,4
fifteen_26893,2,0,0,6,0,2
fifteen_26894,2,0,0,6,0,3
fifteen_26895,2,0,0,6,0,4
fifteen_26896,2,0,0,6,1,2
fifteen_26897,2,0,0,6,1,3
fifteen_26898,2,0,0,6,1,4
fifteen_26899,2,0,0,6,1,5
fifteen_26900,2,0,0,6,1,6
fifteen_26901,2,0,0,6,2,2
fifteen_26902,2,0,0,6,2,3
fifteen_26903,2,0,0,6,2,4
fifteen_26904,2,0,0,6,2,5
fifteen_26905,2,0,0,6,2,6
fifteen_26906,2,0,0,6,3,2
fifteen_26907,2,0,0,6,3,3
fifteen_26908,2,0,0,6,3,4
fifteen_26909,2,0,0,6,3,5
fifteen_26910,2,0,0,6,3,6
fifteen_26911,2,0,0,7,7,5
fifteen_26912,2,0,0,7,0,4
fifteen_26913,2,0,0,7,0,5
fifteen_26914,2,0,0,7,1,4
fifteen_26915,2,0,0,7,1,5
fifteen_26916,2,0,0,7,1,6
fifteen_26917,2,0,0,7,1,7
fifteen_26918,2,0,0,7,2,4
fifteen_26919,2,0,0,7,2,5
fifteen_26920,2,0,0,7,2,6
fifteen_26921,2,0,1,2,0,2
fifteen_26922,2,0,1,2,0,3
fifteen_26923,2,0,1,2,0,4
fifteen_26924,2,0,1,2,0,5
fifteen_26925,2,0,1,2,1,2
fifteen_26926,2,0,1,2,1,3
fifteen_26927,2,0,1,2,1,4
fifteen_26928,2,0,1,2,1,5
fifteen_26929,2,0,1,2,2,0
fifteen_26930,2,0,1,2,2,2
fifteen_26931,2,0,1,2,2,3
fifteen_26932,2,0,1,2,2,4
fifteen_26933,2,0,1,2,2,5
fifteen_26934,2,0,1,2,3,2
fifteen_26935,2,0,1,2,3,3
fifteen_26936,2,0,1,2,3,4
fifteen_26937,2,0,1,2,3,5
fifteen_26938,2,0,1,3,0,5
fifteen_26939,2,0,1,3,1,5
fifteen_26940,2,0,1,3,2,3
fifteen_26941,2,0,1,3,2,4
fifteen_26942,2,0,1,3,2,5
fifteen_26943,2,0,1,5,0,2
fifteen_26944,2,0,1,5,0,3
fifteen_26945,2,0,1,5,1,2
fifteen_26946,2,0,1,5,1,3
fifteen_26947,2,0,1,5,2,0
fifteen_26948,2,0,1,5,2,2
fifteen_26949,2,0,1,5,2,3
fifteen_26950,2,0,1,5,2,4
fifteen_26951,2,0,1,5,2,5
fifteen_26952,2,0,1,5,3,2
fifteen_26953,2,0,1,5,3,3
fifteen_26954,2,0,1,5,3,4
fifteen_26955,2,0,1,5,3,5
fifteen_26956,2,0,1,5,4,3
fifteen_26957,2,0,1,5,4,4
fifteen_26958,2,0,1,5,4,5
fifteen_26959,2,0,1,5,5,3
fifteen_26960,2,0,1,5,5,4
fifteen_26961,2,0,1,5,5,5
fifteen_26962,2,0,1,6,0,2
fifteen_26963,2,0,1,6,0,3
fifteen_26964,2,0,1,6,0,4
fifteen_26965,2,0,1,6,1,2
fifteen_26966,2,0,1,6,1,3
fifteen_26967,2,0,1,6,1,4
fifteen_26968,2,0,1,6,2,0
fifteen_26969,2,0,1,6,2,2
fifteen_26970,2,0,1,6,2,3
fifteen_26971,2,0,1,6,2,4
fifteen_26972,2,0,1,6,2,5
fifteen_26973,2,0,1,6,2,6
fifteen_26974,2,0,1,6,3,2
fifteen_26975,2,0,1,6,3,3
fifteen_26976,2,0,1,6,3,4
fifteen_26977,2,0,1,6,3,5
fifteen_26978,2,0,1,6,3,6
fifteen_26979,2,0,1,6,4,3
fifteen_26980,2,0,1,6,4,4
fifteen_26981,2,0,1,6,4,5
fifteen_26982,2,0,1,6,4,6
fifteen_26983,2,0,1,6,5,4
fifteen_26984,2,0,1,6,5,5
fifteen_26985,2,0,1,6,5,6
fifteen_26986,2,0,1,7,0,3
fifteen_26987,2,0,1,7,0,4
fifteen_26988,2,0,1,7,0,5
fifteen_26989,2,0,1,7,1,3
fifteen_26990,2,0,1,7,1,4
fifteen_26991,2,0,1,7,1,5
fifteen_26992,2,0,1,7,2,3
fifteen_26993,2,0,1,7,2,4
fifteen_26994,2,0,1,7,2,5
fifteen_26995,2,0,1,7,2,6
fifteen_26996,2,0,1,7,2,7
fifteen_26997,2,0,1,7,3,3
fifteen_26998,2,0,1,7,3,4
fifteen_26999,2,0,1,7,3,5
fifteen_27000,2,0,1,7,3,6
fifteen_27001,2,0,2,1,1,2
fifteen_27002,2,0,2,1,1,3
fifteen_27003,2,0,2,1,1,4
fifteen_27004,2,0,2,1,1,5
fifteen_27005,2,0,2,1,2,0
fifteen_27006,2,0,2,1,2,2
fifteen_27007,2,0,2,1,2,3
fifteen_27008,2,0,2,1,2,4
fifteen_27009,2,0,2,1,2,5
fifteen_27010,2,0,2,1,3,0
fifteen_27011,2,0,2,1,3,2
fifteen_27012,2,0,2,1,3,3
fifteen_27013,2,0,2,1,3,4
fifteen_27014,2,0,2,1,3,5
fifteen_27015,2,0,2,2,1,2
fifteen_27016,2,0,2,2,1,3
fifteen_27017,2,0,2,2,1,4
fifteen_27018,2,0,2,2,1,5
fifteen_27019,2,0,2,2,2,0
fifteen_27020,2,0,2,2,2,2
fifteen_27021,2,0,2,2,2,3
fifteen_27022,2,0,2,2,2,4
fifteen_27023,2,0,2,2,2,5
fifteen_27024,2,0,2,2,3,0
fifteen_27025,2,0,2,2,3,2
fifteen_27026,2,0,2,2,3,3
fifteen_27027,2,0,2,2,3,4
fifteen_27028,2,0,2,2,3,5
fifteen_27029,2,0,2,3,1,5
fifteen_27030,2,0,2,3,2,5
fifteen_27031,2,0,2,3,3,3
fifteen_27032,2,0,2,3,3,4
fifteen_27033,2,0,2,3,3,5
fifteen_27034,2,0,2,5,1,2
fifteen_27035,2,0,2,5,1,3
fifteen_27036,2,0,2,5,2,0
fifteen_27037,2,0,2,5,2,2
fifteen_27038,2,0,2,5,2,3
fifteen_27039,2,0,2,5,3,0
fifteen_27040,2,0,2,5,3,2
fifteen_27041,2,0,2,5,3,3
fifteen_27042,2,0,2,5,3,4
fifteen_27043,2,0,2,5,3,5
fifteen_27044,2,0,2,5,4,2
fifteen_27045,2,0,2,5,4,3
fifteen_27046,2,0,2,5,4,4
fifteen_27047,2,0,2,5,4,5
fifteen_27048,2,0,2,6,1,2
fifteen_27049,2,0,2,6,1,3
fifteen_27050,2,0,2,6,1,4
fifteen_27051,2,0,2,6,2,0
fifteen_27052,2,0,2,6,2,3
fifteen_27053,2,0,2,6,2,4
fifteen_27054,2,0,2,6,3,0
fifteen_27055,2,0,2,6,3,2
fifteen_27056,2,0,2,6,3,3
fifteen_27057,2,0,2,6,3,4
fifteen_27058,2,0,2,6,3,5
fifteen_27059,2,0,2,6,3,6
fifteen_27060,2,0,2,6,4,3
fifteen_27061,2,0,2,6,4,4
fifteen_27062,2,0,2,6,4,5
fifteen_27063,2,0,2,7,1,2
fifteen_27064,2,0,2,7,1,3
fifteen_27065,2,0,2,7,2,0
fifteen_27066,2,0,2,7,2,3
fifteen_27067,2,0,2,7,3,0
fifteen_27068,2,0,2,7,3,2
fifteen_27069,2,0,2,7,3,3
fifteen_27070,2,0,3,3,0,3
fifteen_27071,2,0,3,3,0,4
fifteen_27072,2,0,3,3,0,5
fifteen_27073,2,0,3,3,1,5
fifteen_27074,2,0,3,3,2,5
fifteen_27075,2,0,3,5,7,3
fifteen_27076,2,0,3,5,7,4
fifteen_27077,2,0,3,5,7,5
fifteen_27078,2,0,3,5,0,2
fifteen_27079,2,0,3,5,0,3
fifteen_27080,2,0,3,5,0,4
fifteen_27081,2,0,3,5,0,5
fifteen_27082,2,0,3,5,1,2
fifteen_27083,2,0,3,5,1,3
fifteen_27084,2,0,3,5,2,2
fifteen_27085,2,0,3,5,2,3
fifteen_27086,2,0,3,6,0,4
fifteen_27087,2,0,3,6,0,5
fifteen_27088,2,0,3,6,0,6
fifteen_27089,2,0,3,6,1,4
fifteen_27090,2,0,3,6,2,4
fifteen_27091,2,0,4,1,0,2
fifteen_27092,2,0,4,1,0,3
fifteen_27093,2,0,4,1,0,4
fifteen_27094,2,0,4,1,0,5
fifteen_27095,2,0,4,1,1,2
fifteen_27096,2,0,4,1,1,3
fifteen_27097,2,0,4,1,1,4
fifteen_27098,2,0,4,1,1,5
fifteen_27099,2,0,4,1,2,2
fifteen_27100,2,0,4,1,2,3
fifteen_27101,2,0,4,1,2,4
fifteen_27102,2,0,4,1,2,5
fifteen_27103,2,0,4,1,3,2
fifteen_27104,2,0,4,1,3,3
fifteen_27105,2,0,4,1,3,4
fifteen_27106,2,0,4,1,3,5
fifteen_27107,2,0,4,2,0,2
fifteen_27108,2,0,4,2,0,3
fifteen_27109,2,0,4,2,0,4
fifteen_27110,2,0,4,2,0,5
fifteen_27111,2,0,4,2,1,2
fifteen_27112,2,0,4,2,1,3
fifteen_27113,2,0,4,2,1,4
fifteen_27114,2,0,4,2,1,5
fifteen_27115,2,0,4,2,2,3
fifteen_27116,2,0,4,2,2,4
fifteen_27117,2,0,4,2,2,5
fifteen_27118,2,0,4,2,3,3
fifteen_27119,2,0,4,2,3,4
fifteen_27120,2,0,4,2,3,5
fifteen_27121,2,0,4,0,0,2
fifteen_27122,2,0,4,0,0,3
fifteen_27123,2,0,4,0,0,4
fifteen_27124,2,0,4,0,0,5
fifteen_27125,2,0,4,0,1,2
fifteen_27126,2,0,4,0,1,3
fifteen_27127,2,0,4,0,1,4
fifteen_27128,2,0,4,0,1,5
fifteen_27129,2,0,4,0,2,4
fifteen_27130,2,0,4,0,2,5
fifteen_27131,2,0,4,0,3,4
fifteen_27132,2,0,4,0,3,5
fifteen_27133,2,0,4,3,1,3
fifteen_27134,2,0,4,3,1,4
fifteen_27135,2,0,4,3,1,5
fifteen_27136,2,0,4,3,2,5
fifteen_27137,2,0,4,3,3,5
fifteen_27138,2,0,4,5,7,3
fifteen_27139,2,0,4,5,7,4
fifteen_27140,2,0,4,5,7,5
fifteen_27141,2,0,4,5,0,2
fifteen_27142,2,0,4,5,0,3
fifteen_27143,2,0,4,5,0,4
fifteen_27144,2,0,4,5,0,5
fifteen_27145,2,0,4,5,1,2
fifteen_27146,2,0,4,5,1,3
fifteen_27147,2,0,4,5,1,4
fifteen_27148,2,0,4,5,1,5
fifteen_27149,2,0,4,5,2,0
fifteen_27150,2,0,4,5,2,2
fifteen_27151,2,0,4,5,2,3
fifteen_27152,2,0,4,5,3,0
fifteen_27153,2,0,4,5,3,2
fifteen_27154,2,0,4,5,3,3
fifteen_27155,2,0,4,6,7,4
fifteen_27156,2,0,4,6,7,5
fifteen_27157,2,0,4,6,7,6
fifteen_27158,2,0,4,6,0,2
fifteen_27159,2,0,4,6,0,3
fifteen_27160,2,0,4,6,0,4
fifteen_27161,2,0,4,6,0,5
fifteen_27162,2,0,4,6,0,6
fifteen_27163,2,0,4,6,1,2
fifteen_27164,2,0,4,6,1,3
fifteen_27165,2,0,4,6,1,4
fifteen_27166,2,0,4,6,1,5
fifteen_27167,2,0,4,6,1,6
fifteen_27168,2,0,4,6,2,0
fifteen_27169,2,0,4,6,2,2
fifteen_27170,2,0,4,6,2,3
fifteen_27171,2,0,4,6,2,4
fifteen_27172,2,0,4,6,3,0
fifteen_27173,2,0,4,6,3,2
fifteen_27174,2,0,4,6,3,3
fifteen_27175,2,0,4,6,3,4
fifteen_27176,2,0,4,7,0,2
fifteen_27177,2,0,4,7,0,3
fifteen_27178,2,0,4,7,0,4
fifteen_27179,2,0,4,7,0,5
fifteen_27180,2,0,4,7,0,6
fifteen_27181,2,0,4,7,1,2
fifteen_27182,2,0,4,7,1,3
fifteen_27183,2,0,4,7,1,4
fifteen_27184,2,0,4,7,1,5
fifteen_27185,2,0,4,7,1,6
fifteen_27186,2,0,4,7,1,7
fifteen_27187,2,0,4,7,2,0
fifteen_27188,2,0,4,7,2,2
fifteen_27189,2,0,4,7,2,3
fifteen_27190,2,0,4,7,2,4
fifteen_27191,2,0,4,7,2,5
fifteen_27192,2,0,4,7,3,0
fifteen_27193,2,0,4,7,3,2
fifteen_27194,2,0,4,7,3,3
fifteen_27195,2,0,4,7,3,4
fifteen_27196,2,0,4,7,3,5
fifteen_27197,2,0,5,1,0,3
fifteen_27198,2,0,5,1,0,4
fifteen_27199,2,0,5,1,0,5
fifteen_27200,2,0,5,1,1,3
fifteen_27201,2,0,5,1,1,4
fifteen_27202,2,0,5,1,1,5
fifteen_27203,2,0,5,1,2,3
fifteen_27204,2,0,5,1,2,4
fifteen_27205,2,0,5,1,2,5
fifteen_27206,2,0,5,1,3,3
fifteen_27207,2,0,5,1,3,4
fifteen_27208,2,0,5,1,3,5
fifteen_27209,2,0,5,2,0,3
fifteen_27210,2,0,5,2,0,4
fifteen_27211,2,0,5,2,0,5
fifteen_27212,2,0,5,2,1,2
fifteen_27213,2,0,5,2,1,3
fifteen_27214,2,0,5,2,1,4
fifteen_27215,2,0,5,2,1,5
fifteen_27216,2,0,5,2,2,0
fifteen_27217,2,0,5,2,2,2
fifteen_27218,2,0,5,2,2,3
fifteen_27219,2,0,5,2,2,4
fifteen_27220,2,0,5,2,2,5
fifteen_27221,2,0,5,2,3,3
fifteen_27222,2,0,5,2,3,4
fifteen_27223,2,0,5,2,3,5
fifteen_27224,2,0,5,2,4,3
fifteen_27225,2,0,5,0,2,2
fifteen_27226,2,0,5,0,2,3
fifteen_27227,2,0,5,0,2,4
fifteen_27228,2,0,5,0,3,4
fifteen_27229,2,0,5,0,4,4
fifteen_27230,2,0,5,3,2,3
fifteen_27231,2,0,5,3,2,4
fifteen_27232,2,0,5,3,2,5
fifteen_27233,2,0,5,3,3,5
fifteen_27234,2,0,5,3,4,5
fifteen_27235,2,0,5,5,7,3
fifteen_27236,2,0,5,5,7,4
fifteen_27237,2,0,5,5,7,5
fifteen_27238,2,0,5,5,0,3
fifteen_27239,2,0,5,5,0,4
fifteen_27240,2,0,5,5,0,5
fifteen_27241,2,0,5,5,1,2
fifteen_27242,2,0,5,5,1,3
fifteen_27243,2,0,5,5,1,4
fifteen_27244,2,0,5,5,1,5
fifteen_27245,2,0,5,5,2,0
fifteen_27246,2,0,5,5,2,2
fifteen_27247,2,0,5,5,2,3
fifteen_27248,2,0,5,5,2,4
fifteen_27249,2,0,5,5,2,5
fifteen_27250,2,0,5,5,3,0
fifteen_27251,2,0,5,5,3,2
fifteen_27252,2,0,5,5,3,3
fifteen_27253,2,0,5,5,4,0
fifteen_27254,2,0,5,5,4,2
fifteen_27255,2,0,5,5,4,3
fifteen_27256,2,0,5,6,0,3
fifteen_27257,2,0,5,6,0,4
fifteen_27258,2,0,5,6,0,5
fifteen_27259,2,0,5,6,0,6
fifteen_27260,2,0,5,6,1,2
fifteen_27261,2,0,5,6,1,3
fifteen_27262,2,0,5,6,1,4
fifteen_27263,2,0,5,6,1,5
fifteen_27264,2,0,5,6,1,6
fifteen_27265,2,0,5,6,2,2
fifteen_27266,2,0,5,6,2,3
fifteen_27267,2,0,5,6,2,4
fifteen_27268,2,0,5,6,2,5
fifteen_27269,2,0,5,6,2,6
fifteen_27270,2,0,5,6,3,2
fifteen_27271,2,0,5,6,3,3
fifteen_27272,2,0,5,6,3,4
fifteen_27273,2,0,5,6,4,3
fifteen_27274,2,0,5,6,4,4
fifteen_27275,2,0,5,7,1,4
fifteen_27276,2,0,5,7,1,5
fifteen_27277,2,0,5,7,1,6
fifteen_27278,2,0,5,7,2,4
fifteen_27279,2,0,5,7,2,5
fifteen_27280,2,0,5,7,2,6
fifteen_27281,2,0,5,7,2,7
fifteen_27282,2,0,5,7,3,4
fifteen_27283,2,0,5,7,3,5
fifteen_27284,2,0,5,7,4,5
fifteen_27285,2,0,6,5,2,3
fifteen_27286,2,0,6,5,2,4
fifteen_27287,2,0,6,5,2,5
fifteen_27288,2,0,6,5,3,3
fifteen_27289,2,0,6,5,3,4
fifteen_27290,2,0,6,5,3,5
fifteen_27291,2,0,6,5,4,3
fifteen_27292,2,0,6,5,5,3
fifteen_27293,2,0,6,6,3,4
fifteen_27294,2,0,6,6,3,5
fifteen_27295,2,0,6,6,3,6
fifteen_27296,2,0,6,6,4,4
fifteen_27297,2,0,6,6,5,4
fifteen_27298,2,1,1,5,0,3
fifteen_27299,2,1,1,5,1,3
fifteen_27300,2,1,1,5,2,3
fifteen_27301,2,1,1,5,2,4
fifteen_27302,2,1,1,5,2,5
fifteen_27303,2,1,2,5,1,3
fifteen_27304,2,1,2,5,2,3
fifteen_27305,2,1,2,5,3,3
fifteen_27306,2,1,2,5,3,4
fifteen_27307,2,1,2,5,3,5
fifteen_27308,2,1,4,2,1,3
fifteen_27309,2,1,4,2,2,3
fifteen_27310,2,1,4,2,3,3
fifteen_27311,2,1,4,0,1,3
fifteen_27312,2,1,4,0,1,4
fifteen_27313,2,1,4,0,2,4
fifteen_27314,2,1,4,0,3,4
fifteen_27315,2,1,4,5,1,3
fifteen_27316,2,1,4,5,1,4
fifteen_27317,2,1,4,5,1,5
fifteen_27318,2,1,4,5,2,2
fifteen_27319,2,1,4,5,2,3
fifteen_27320,2,1,4,5,3,2
fifteen_27321,2,1,4,5,3,3
fifteen_27322,3,0,0,1,0,3
fifteen_27323,3,0,0,1,0,4
fifteen_27324,3,0,0,1,0,5
fifteen_27325,3,0,0,1,1,3
fifteen_27326,3,0,0,1,1,4
fifteen_27327,3,0,0,1,1,5
fifteen_27328,3,0,0,1,2,3
fifteen_27329,3,0,0,1,2,4
fifteen_27330,3,0,0,1,2,5
fifteen_27331,3,0,0,1,3,3
fifteen_27332,3,0,0,1,3,4
fifteen_27333,3,0,0,1,3,5
fifteen_27334,3,0,0,2,1,3
fifteen_27335,3,0,0,2,1,4
fifteen_27336,3,0,0,2,1,5
fifteen_27337,3,0,0,2,2,3
fifteen_27338,3,0,0,2,2,5
fifteen_27339,3,0,0,2,3,3
fifteen_27340,3,0,0,2,3,4
fifteen_27341,3,0,0,2,3,5
fifteen_27342,3,0,0,0,7,4
fifteen_27343,3,0,0,0,0,4
fifteen_27344,3,0,0,0,1,2
fifteen_27345,3,0,0,0,1,3
fifteen_27346,3,0,0,0,1,4
fifteen_27347,3,0,0,3,7,5
fifteen_27348,3,0,0,3,0,5
fifteen_27349,3,0,0,3,1,3
fifteen_27350,3,0,0,3,1,4
fifteen_27351,3,0,0,3,1,5
fifteen_27352,3,0,0,5,7,3
fifteen_27353,3,0,0,5,0,2
fifteen_27354,3,0,0,5,0,3
fifteen_27355,3,0,0,5,1,2
fifteen_27356,3,0,0,5,1,3
fifteen_27357,3,0,0,5,1,4
fifteen_27358,3,0,0,5,1,5
fifteen_27359,3,0,0,5,2,2
fifteen_27360,3,0,0,5,2,3
fifteen_27361,3,0,0,5,2,4
fifteen_27362,3,0,0,5,2,5
fifteen_27363,3,0,0,5,3,3
fifteen_27364,3,0,0,5,3,4
fifteen_27365,3,0,0,5,3,5
fifteen_27366,3,0,0,6,7,4
fifteen_27367,3,0,0,6,0,2
fifteen_27368,3,0,0,6,0,3
fifteen_27369,3,0,0,6,0,4
fifteen_27370,3,0,0,6,1,2
fifteen_27371,3,0,0,6,1,3
fifteen_27372,3,0,0,6,1,4
fifteen_27373,3,0,0,6,1,5
fifteen_27374,3,0,0,6,1,6
fifteen_27375,3,0,0,6,2,2
fifteen_27376,3,0,0,6,2,3
fifteen_27377,3,0,0,6,2,4
fifteen_27378,3,0,0,6,2,5
fifteen_27379,3,0,0,6,2,6
fifteen_27380,3,0,0,6,3,3
fifteen_27381,3,0,0,6,3,4
fifteen_27382,3,0,0,6,3,5
fifteen_27383,3,0,0,6,3,6
fifteen_27384,3,0,0,7,7,5
fifteen_27385,3,0,0,7,0,4
fifteen_27386,3,0,0,7,0,5
fifteen_27387,3,0,0,7,1,4
fifteen_27388,3,0,0,7,1,5
fifteen_27389,3,0,0,7,1,6
fifteen_27390,3,0,0,7,1,7
fifteen_27391,3,0,0,7,2,4
fifteen_27392,3,0,0,7,2,5
fifteen_27393,3,0,0,7,2,6
fifteen_27394,3,0,1,1,0,3
fifteen_27395,3,0,1,1,0,4
fifteen_27396,3,0,1,1,0,5
fifteen_27397,3,0,1,1,1,2
fifteen_27398,3,0,1,1,1,3
fifteen_27399,3,0,1,1,1,4
fifteen_27400,3,0,1,1,1,5
fifteen_27401,3,0,1,1,2,2
fifteen_27402,3,0,1,1,2,3
fifteen_27403,3,0,1,1,2,4
fifteen_27404,3,0,1,1,2,5
fifteen_27405,3,0,1,1,3,2
fifteen_27406,3,0,1,1,3,3
fifteen_27407,3,0,1,1,3,4
fifteen_27408,3,0,1,1,3,5
fifteen_27409,3,0,1,2,1,2
fifteen_27410,3,0,1,2,1,3
fifteen_27411,3,0,1,2,1,4
fifteen_27412,3,0,1,2,1,5
fifteen_27413,3,0,1,2,2,2
fifteen_27414,3,0,1,2,2,3
fifteen_27415,3,0,1,2,2,4
fifteen_27416,3,0,1,2,2,5
fifteen_27417,3,0,1,2,3,2
fifteen_27418,3,0,1,2,3,3
fifteen_27419,3,0,1,2,3,4
fifteen_27420,3,0,1,2,3,5
fifteen_27421,3,0,1,3,0,5
fifteen_27422,3,0,1,3,1,5
fifteen_27423,3,0,1,3,2,3
fifteen_27424,3,0,1,3,2,4
fifteen_27425,3,0,1,3,2,5
fifteen_27426,3,0,1,5,0,2
fifteen_27427,3,0,1,5,0,3
fifteen_27428,3,0,1,5,1,2
fifteen_27429,3,0,1,5,1,3
fifteen_27430,3,0,1,5,2,2
fifteen_27431,3,0,1,5,2,3
fifteen_27432,3,0,1,5,2,4
fifteen_27433,3,0,1,5,2,5
fifteen_27434,3,0,1,5,3,2
fifteen_27435,3,0,1,5,3,3
fifteen_27436,3,0,1,5,3,4
fifteen_27437,3,0,1,5,3,5
fifteen_27438,3,0,1,5,4,3
fifteen_27439,3,0,1,5,4,4
fifteen_27440,3,0,1,5,4,5
fifteen_27441,3,0,1,6,0,2
fifteen_27442,3,0,1,6,0,3
fifteen_27443,3,0,1,6,0,4
fifteen_27444,3,0,1,6,1,2
fifteen_27445,3,0,1,6,1,3
fifteen_27446,3,0,1,6,1,4
fifteen_27447,3,0,1,6,2,2
fifteen_27448,3,0,1,6,2,3
fifteen_27449,3,0,1,6,2,4
fifteen_27450,3,0,1,6,2,5
fifteen_27451,3,0,1,6,2,6
fifteen_27452,3,0,1,6,3,2
fifteen_27453,3,0,1,6,3,3
fifteen_27454,3,0,1,6,3,4
fifteen_27455,3,0,1,6,3,5
fifteen_27456,3,0,1,6,3,6
fifteen_27457,3,0,1,6,4,4
fifteen_27458,3,0,1,6,4,5
fifteen_27459,3,0,1,6,4,6
fifteen_27460,3,0,1,7,0,3
fifteen_27461,3,0,1,7,0,4
fifteen_27462,3,0,1,7,0,5
fifteen_27463,3,0,1,7,1,3
fifteen_27464,3,0,1,7,1,4
fifteen_27465,3,0,1,7,1,5
fifteen_27466,3,0,1,7,2,3
fifteen_27467,3,0,1,7,2,4
fifteen_27468,3,0,1,7,2,5
fifteen_27469,3,0,1,7,2,6
fifteen_27470,3,0,1,7,2,7
fifteen_27471,3,0,1,7,3,3
fifteen_27472,3,0,1,7,3,4
fifteen_27473,3,0,1,7,3,5
fifteen_27474,3,0,1,7,3,6
fifteen_27475,3,0,2,3,1,5
fifteen_27476,3,0,2,3,2,5
fifteen_27477,3,0,2,3,3,3
fifteen_27478,3,0,2,3,3,4
fifteen_27479,3,0,2,3,3,5
fifteen_27480,3,0,2,5,1,2
fifteen_27481,3,0,2,5,1,3
fifteen_27482,3,0,2,5,2,2
fifteen_27483,3,0,2,5,2,3
fifteen_27484,3,0,2,5,3,2
fifteen_27485,3,0,2,5,3,3
fifteen_27486,3,0,2,5,3,4
fifteen_27487,3,0,2,5,3,5
fifteen_27488,3,0,2,5,4,3
fifteen_27489,3,0,2,5,4,4
fifteen_27490,3,0,2,5,4,5
fifteen_27491,3,0,2,6,1,4
fifteen_27492,3,0,2,6,2,4
fifteen_27493,3,0,2,6,3,4
fifteen_27494,3,0,2,6,3,5
fifteen_27495,3,0,2,6,3,6
fifteen_27496,3,0,3,5,7,3
fifteen_27497,3,0,3,5,7,4
fifteen_27498,3,0,3,5,7,5
fifteen_27499,3,0,3,5,0,2
fifteen_27500,3,0,3,5,0,3
fifteen_27501,3,0,3,5,0,4
fifteen_27502,3,0,3,5,0,5
fifteen_27503,3,0,3,5,1,2
fifteen_27504,3,0,3,5,1,3
fifteen_27505,3,0,3,5,2,2
fifteen_27506,3,0,3,5,2,3
fifteen_27507,3,0,3,6,0,4
fifteen_27508,3,0,3,6,0,5
fifteen_27509,3,0,3,6,0,6
fifteen_27510,3,0,3,6,1,4
fifteen_27511,3,0,3,6,2,4
fifteen_27512,3,0,4,1,0,2
fifteen_27513,3,0,4,1,0,3
fifteen_27514,3,0,4,1,0,4
fifteen_27515,3,0,4,1,0,5
fifteen_27516,3,0,4,1,1,2
fifteen_27517,3,0,4,1,1,3
fifteen_27518,3,0,4,1,1,4
fifteen_27519,3,0,4,1,1,5
fifteen_27520,3,0,4,1,2,2
fifteen_27521,3,0,4,1,2,3
fifteen_27522,3,0,4,1,2,4
fifteen_27523,3,0,4,1,2,5
fifteen_27524,3,0,4,1,3,3
fifteen_27525,3,0,4,1,3,4
fifteen_27526,3,0,4,1,3,5
fifteen_27527,3,0,4,2,0,2
fifteen_27528,3,0,4,2,0,3
fifteen_27529,3,0,4,2,0,4
fifteen_27530,3,0,4,2,1,2
fifteen_27531,3,0,4,2,1,3
fifteen_27532,3,0,4,2,1,4
fifteen_27533,3,0,4,2,1,5
fifteen_27534,3,0,4,2,2,3
fifteen_27535,3,0,4,2,2,4
fifteen_27536,3,0,4,2,2,5
fifteen_27537,3,0,4,2,3,3
fifteen_27538,3,0,4,2,3,4
fifteen_27539,3,0,4,2,3,5
fifteen_27540,3,0,4,3,1,3
fifteen_27541,3,0,4,3,1,4
fifteen_27542,3,0,4,3,1,5
fifteen_27543,3,0,4,3,2,5
fifteen_27544,3,0,4,3,3,5
fifteen_27545,3,0,4,5,7,3
fifteen_27546,3,0,4,5,7,4
fifteen_27547,3,0,4,5,7,5
fifteen_27548,3,0,4,5,0,2
fifteen_27549,3,0,4,5,0,3
fifteen_27550,3,0,4,5,0,4
fifteen_27551,3,0,4,5,0,5
fifteen_27552,3,0,4,5,1,2
fifteen_27553,3,0,4,5,1,3
fifteen_27554,3,0,4,5,1,4
fifteen_27555,3,0,4,5,1,5
fifteen_27556,3,0,4,5,2,2
fifteen_27557,3,0,4,5,2,3
fifteen_27558,3,0,4,5,3,2
fifteen_27559,3,0,4,5,3,3
fifteen_27560,3,0,4,6,7,4
fifteen_27561,3,0,4,6,7,5
fifteen_27562,3,0,4,6,7,6
fifteen_27563,3,0,4,6,0,2
fifteen_27564,3,0,4,6,0,3
fifteen_27565,3,0,4,6,0,4
fifteen_27566,3,0,4,6,0,5
fifteen_27567,3,0,4,6,0,6
fifteen_27568,3,0,4,6,1,2
fifteen_27569,3,0,4,6,1,3
fifteen_27570,3,0,4,6,1,4
fifteen_27571,3,0,4,6,1,5
fifteen_27572,3,0,4,6,1,6
fifteen_27573,3,0,4,6,2,2
fifteen_27574,3,0,4,6,2,3
fifteen_27575,3,0,4,6,2,4
fifteen_27576,3,0,4,6,3,2
fifteen_27577,3,0,4,6,3,3
fifteen_27578,3,0,4,6,3,4
fifteen_27579,3,0,4,7,0,3
fifteen_27580,3,0,4,7,0,4
fifteen_27581,3,0,4,7,0,5
fifteen_27582,3,0,4,7,0,6
fifteen_27583,3,0,4,7,1,3
fifteen_27584,3,0,4,7,1,4
fifteen_27585,3,0,4,7,1,5
fifteen_27586,3,0,4,7,1,6
fifteen_27587,3,0,4,7,1,7
fifteen_27588,3,0,4,7,2,3
fifteen_27589,3,0,4,7,2,4
fifteen_27590,3,0,4,7,2,5
fifteen_27591,3,0,4,7,3,3
fifteen_27592,3,0,4,7,3,4
fifteen_27593,3,0,4,7,3,5
fifteen_27594,3,0,5,1,0,3
fifteen_27595,3,0,5,1,0,4
fifteen_27596,3,0,5,1,0,5
fifteen_27597,3,0,5,1,1,3
fifteen_27598,3,0,5,1,1,4
fifteen_27599,3,0,5,1,1,5
fifteen_27600,3,0,5,1,2,3
fifteen_27601,3,0,5,1,2,4
fifteen_27602,3,0,5,1,2,5
fifteen_27603,3,0,5,1,3,3
fifteen_27604,3,0,5,1,3,4
fifteen_27605,3,0,5,1,3,5
fifteen_27606,3,0,5,2,1,3
fifteen_27607,3,0,5,2,1,4
fifteen_27608,3,0,5,2,1,5
fifteen_27609,3,0,5,2,2,3
fifteen_27610,3,0,5,2,2,5
fifteen_27611,3,0,5,2,3,3
fifteen_27612,3,0,5,2,3,4
fifteen_27613,3,0,5,2,3,5
fifteen_27614,3,0,5,0,2,2
fifteen_27615,3,0,5,0,2,3
fifteen_27616,3,0,5,0,2,4
fifteen_27617,3,0,5,0,3,4
fifteen_27618,3,0,5,0,4,4
fifteen_27619,3,0,5,3,2,3
fifteen_27620,3,0,5,3,2,4
fifteen_27621,3,0,5,3,2,5
fifteen_27622,3,0,5,3,3,5
fifteen_27623,3,0,5,3,4,5
fifteen_27624,3,0,5,5,0,3
fifteen_27625,3,0,5,5,0,4
fifteen_27626,3,0,5,5,0,5
fifteen_27627,3,0,5,5,1,2
fifteen_27628,3,0,5,5,1,3
fifteen_27629,3,0,5,5,1,4
fifteen_27630,3,0,5,5,1,5
fifteen_27631,3,0,5,5,2,2
fifteen_27632,3,0,5,5,2,3
fifteen_27633,3,0,5,5,2,4
fifteen_27634,3,0,5,5,2,5
fifteen_27635,3,0,5,5,3,2
fifteen_27636,3,0,5,5,3,3
fifteen_27637,3,0,5,5,4,3
fifteen_27638,3,0,5,6,0,3
fifteen_27639,3,0,5,6,0,4
fifteen_27640,3,0,5,6,0,5
fifteen_27641,3,0,5,6,0,6
fifteen_27642,3,0,5,6,1,2
fifteen_27643,3,0,5,6,1,3
fifteen_27644,3,0,5,6,1,4
fifteen_27645,3,0,5,6,1,5
fifteen_27646,3,0,5,6,1,6
fifteen_27647,3,0,5,6,2,2
fifteen_27648,3,0,5,6,2,3
fifteen_27649,3,0,5,6,2,4
fifteen_27650,3,0,5,6,2,5
fifteen_27651,3,0,5,6,2,6
fifteen_27652,3,0,5,6,3,2
fifteen_27653,3,0,5,6,3,3
fifteen_27654,3,0,5,6,3,4
fifteen_27655,3,0,5,6,4,4
fifteen_27656,3,0,5,7,1,4
fifteen_27657,3,0,5,7,1,5
fifteen_27658,3,0,5,7,1,6
fifteen_27659,3,0,5,7,2,4
fifteen_27660,3,0,5,7,2,5
fifteen_27661,3,0,5,7,2,6
fifteen_27662,3,0,5,7,2,7
fifteen_27663,3,0,5,7,3,4
fifteen_27664,3,0,5,7,3,5
fifteen_27665,3,0,5,7,4,5
sixteen_27666,0,0,0,2,0,0
sixteen_27667,0,0,0,2,0,2
sixteen_27668,0,0,0,2,1,0
sixteen_27669,0,0,0,2,1,2
sixteen_27670,0,0,0,2,1,3
sixteen_27671,0,0,0,2,2,2
sixteen_27672,0,0,0,2,2,3
sixteen_27673,0,0,0,2,2,4
sixteen_27674,0,0,0,2,3,2
sixteen_27675,0,0,0,2,3,3
sixteen_27676,0,0,0,2,3,4
sixteen_27677,0,0,0,2,3,5
sixteen_27678,0,0,0,0,1,2
sixteen_27679,0,0,0,0,2,2
sixteen_27680,0,0,0,0,2,3
sixteen_27681,0,0,0,0,3,2
sixteen_27682,0,0,0,0,3,3
sixteen_27683,0,0,0,0,3,4
sixteen_27684,0,0,0,4,1,2
sixteen_27685,0,0,0,5,1,2
sixteen_27686,0,0,0,5,2,2
sixteen_27687,0,0,0,5,2,3
sixteen_27688,0,0,0,5,3,2
sixteen_27689,0,0,0,5,3,3
sixteen_27690,0,0,0,5,3,4
sixteen_27691,0,0,0,6,1,2
sixteen_27692,0,0,0,6,2,2
sixteen_27693,0,0,0,6,2,3
sixteen_27694,0,0,0,6,3,2
sixteen_27695,0,0,0,6,3,3
sixteen_27696,0,0,0,6,3,4
sixteen_27697,0,0,0,7,1,2
sixteen_27698,0,0,0,7,2,2
sixteen_27699,0,0,0,7,2,3
sixteen_27700,0,0,0,7,3,2
sixteen_27701,0,0,0,7,3,3
sixteen_27702,0,0,0,7,3,4
sixteen_27703,0,0,1,2,1,3
sixteen_27704,0,0,1,2,2,0
sixteen_27705,0,0,1,2,2,2
sixteen_27706,0,0,1,2,2,3
sixteen_27707,0,0,1,2,2,4
sixteen_27708,0,0,1,2,3,2
sixteen_27709,0,0,1,2,3,3
sixteen_27710,0,0,1,2,3,4
sixteen_27711,0,0,1,2,3,5
sixteen_27712,0,0,1,0,2,2
sixteen_27713,0,0,1,0,2,3
sixteen_27714,0,0,1,0,2,4
sixteen_27715,0,0,1,0,3,2
sixteen_27716,0,0,1,0,3,3
sixteen_27717,0,0,1,0,3,4
sixteen_27718,0,0,1,0,3,5
sixteen_27719,0,0,1,0,4,2
sixteen_27720,0,0,1,0,4,3
sixteen_27721,0,0,1,0,4,4
sixteen_27722,0,0,1,0,4,5
sixteen_27723,0,0,1,0,4,6
sixteen_27724,0,0,1,3,2,3
sixteen_27725,0,0,1,5,0,0
sixteen_27726,0,0,1,5,1,0
sixteen_27727,0,0,1,5,1,2
sixteen_27728,0,0,1,5,2,0
sixteen_27729,0,0,1,5,2,2
sixteen_27730,0,0,1,5,2,3
sixteen_27731,0,0,1,5,3,2
sixteen_27732,0,0,1,5,3,3
sixteen_27733,0,0,1,5,3,4
sixteen_27734,0,0,1,5,4,2
sixteen_27735,0,0,1,5,4,3
sixteen_27736,0,0,1,5,4,4
sixteen_27737,0,0,1,5,4,5
sixteen_27738,0,0,1,6,0,0
sixteen_27739,0,0,1,6,1,0
sixteen_27740,0,0,1,6,1,2
sixteen_27741,0,0,1,6,2,0
sixteen_27742,0,0,1,6,2,2
sixteen_27743,0,0,1,6,2,3
sixteen_27744,0,0,1,6,3,2
sixteen_27745,0,0,1,6,3,3
sixteen_27746,0,0,1,6,3,4
sixteen_27747,0,0,1,6,4,2
sixteen_27748,0,0,1,6,4,3
sixteen_27749,0,0,1,6,4,4
sixteen_27750,0,0,1,6,4,5
sixteen_27751,0,0,1,7,0,0
sixteen_27752,0,0,1,7,1,0
sixteen_27753,0,0,1,7,1,2
sixteen_27754,0,0,1,7,2,0
sixteen_27755,0,0,1,7,2,2
sixteen_27756,0,0,1,7,2,3
sixteen_27757,0,0,1,7,3,2
sixteen_27758,0,0,1,7,3,3
sixteen_27759,0,0,1,7,3,4
sixteen_27760,0,0,2,2,1,3
sixteen_27761,0,0,2,2,2,3
sixteen_27762,0,0,2,2,3,0
sixteen_27763,0,0,2,2,3,2
sixteen_27764,0,0,2,2,3,3
sixteen_27765,0,0,2,0,2,4
sixteen_27766,0,0,2,0,3,2
sixteen_27767,0,0,2,0,3,3
sixteen_27768,0,0,2,0,3,4
sixteen_27769,0,0,2,3,3,3
sixteen_27770,0,0,2,3,3,4
sixteen_27771,0,0,2,3,3,5
sixteen_27772,0,0,2,5,1,2
sixteen_27773,0,0,2,5,2,2
sixteen_27774,0,0,2,5,2,3
sixteen_27775,0,0,2,5,3,2
sixteen_27776,0,0,2,5,3,3
sixteen_27777,0,0,2,5,3,4
sixteen_27778,0,0,2,5,4,2
sixteen_27779,0,0,2,5,4,3
sixteen_27780,0,0,2,5,4,4
sixteen_27781,0,0,2,5,4,5
sixteen_27782,0,0,2,6,3,4
sixteen_27783,0,0,3,2,0,0
sixteen_27784,0,0,3,2,0,2
sixteen_27785,0,0,3,2,1,3
sixteen_27786,0,0,3,2,2,3
sixteen_27787,0,0,4,2,0,2
sixteen_27788,0,0,4,2,1,0
sixteen_27789,0,0,4,2,1,2
sixteen_27790,0,0,4,2,1,3
sixteen_27791,0,0,4,2,2,3
sixteen_27792,0,0,4,2,2,4
sixteen_27793,0,0,4,2,3,3
sixteen_27794,0,0,4,2,3,4
sixteen_27795,0,0,4,2,3,5
sixteen_27796,0,0,4,0,0,2
sixteen_27797,0,0,4,0,1,2
sixteen_27798,0,0,4,0,1,3
sixteen_27799,0,0,4,0,2,4
sixteen_27800,0,0,4,0,3,4
sixteen_27801,0,0,4,0,3,5
sixteen_27802,0,0,4,3,1,3
sixteen_27803,0,0,4,3,3,5
sixteen_27804,0,0,4,5,0,2
sixteen_27805,0,0,4,5,1,0
sixteen_27806,0,0,4,5,1,2
sixteen_27807,0,0,4,5,1,3
sixteen_27808,0,0,4,5,2,0
sixteen_27809,0,0,4,5,2,2
sixteen_27810,0,0,4,5,2,3
sixteen_27811,0,0,4,5,3,0
sixteen_27812,0,0,4,5,3,2
sixteen_27813,0,0,4,5,3,3
sixteen_27814,0,0,4,6,1,0
sixteen_27815,0,0,4,6,1,2
sixteen_27816,0,0,4,6,2,0
sixteen_27817,0,0,4,6,2,2
sixteen_27818,0,0,4,6,2,3
sixteen_27819,0,0,4,6,3,0
sixteen_27820,0,0,4,6,3,2
sixteen_27821,0,0,4,6,3,3
sixteen_27822,0,0,4,6,3,4
sixteen_27823,0,0,4,7,1,0
sixteen_27824,0,0,4,7,1,2
sixteen_27825,0,0,4,7,2,0
sixteen_27826,0,0,4,7,2,2
sixteen_27827,0,0,4,7,2,3
sixteen_27828,0,0,4,7,3,0
sixteen_27829,0,0,4,7,3,2
sixteen_27830,0,0,4,7,3,3
sixteen_27831,0,0,4,7,3,4
sixteen_27832,0,0,5,2,1,2
sixteen_27833,0,0,5,2,1,3
sixteen_27834,0,0,5,2,2,0
sixteen_27835,0,0,5,2,2,2
sixteen_27836,0,0,5,2,2,3
sixteen_27837,0,0,5,2,2,4
sixteen_27838,0,0,5,2,3,3
sixteen_27839,0,0,5,2,3,4
sixteen_27840,0,0,5,2,3,5
sixteen_27841,0,0,5,2,4,3
sixteen_27842,0,0,5,0,0,2
sixteen_27843,0,0,5,0,1,2
sixteen_27844,0,0,5,0,1,3
sixteen_27845,0,0,5,0,2,2
sixteen_27846,0,0,5,0,2,3
sixteen_27847,0,0,5,0,2,4
sixteen_27848,0,0,5,0,3,4
sixteen_27849,0,0,5,0,3,5
sixteen_27850,0,0,5,0,4,4
sixteen_27851,0,0,5,0,4,5
sixteen_27852,0,0,5,0,4,6
sixteen_27853,0,0,5,3,2,3
sixteen_27854,0,0,5,3,2,4
sixteen_27855,0,0,5,3,3,5
sixteen_27856,0,0,5,3,4,5
sixteen_27857,0,0,5,5,0,2
sixteen_27858,0,0,5,5,1,2
sixteen_27859,0,0,5,5,1,3
sixteen_27860,0,0,5,5,2,0
sixteen_27861,0,0,5,5,2,2
sixteen_27862,0,0,5,5,2,3
sixteen_27863,0,0,5,5,2,4
sixteen_27864,0,0,5,5,3,0
sixteen_27865,0,0,5,5,3,2
sixteen_27866,0,0,5,5,3,3
sixteen_27867,0,0,5,5,4,0
sixteen_27868,0,0,5,5,4,2
sixteen_27869,0,0,5,5,4,3
sixteen_27870,0,0,5,6,0,2
sixteen_27871,0,0,5,6,1,2
sixteen_27872,0,0,5,6,1,3
sixteen_27873,0,0,5,6,2,2
sixteen_27874,0,0,5,6,2,3
sixteen_27875,0,0,5,6,2,4
sixteen_27876,0,0,5,6,3,2
sixteen_27877,0,0,5,6,3,3
sixteen_27878,0,0,5,6,3,4
sixteen_27879,0,0,5,6,4,2
sixteen_27880,0,0,5,6,4,3
sixteen_27881,0,0,5,6,4,4
sixteen_27882,0,0,5,7,1,2
sixteen_27883,0,0,5,7,2,2
sixteen_27884,0,0,5,7,2,3
sixteen_27885,0,0,5,7,3,2
sixteen_27886,0,0,5,7,3,3
sixteen_27887,0,0,5,7,3,4
sixteen_27888,0,0,5,7,4,4
sixteen_27889,0,0,5,7,4,5
sixteen_27890,0,0,6,2,1,2
sixteen_27891,0,0,6,2,1,3
sixteen_27892,0,0,6,2,2,2
sixteen_27893,0,0,6,2,2,3
sixteen_27894,0,0,6,2,2,4
sixteen_27895,0,0,6,2,3,2
sixteen_27896,0,0,6,2,3,3
sixteen_27897,0,0,6,2,3,4
sixteen_27898,0,0,6,2,3,5
sixteen_27899,0,0,6,0,0,2
sixteen_27900,0,0,6,0,1,2
sixteen_27901,0,0,6,0,1,3
sixteen_27902,0,0,6,0,2,2
sixteen_27903,0,0,6,0,2,3
sixteen_27904,0,0,6,0,2,4
sixteen_27905,0,0,6,0,3,2
sixteen_27906,0,0,6,0,3,3
sixteen_27907,0,0,6,0,3,4
sixteen_27908,0,0,6,0,3,5
sixteen_27909,0,0,6,0,4,4
sixteen_27910,0,0,6,0,4,5
sixteen_27911,0,0,6,0,5,4
sixteen_27912,0,0,6,5,1,2
sixteen_27913,0,0,6,5,1,3
sixteen_27914,0,0,6,5,2,2
sixteen_27915,0,0,6,5,2,3
sixteen_27916,0,0,6,5,2,4
sixteen_27917,0,0,6,5,3,2
sixteen_27918,0,0,6,5,3,3
sixteen_27919,0,0,6,5,3,4
sixteen_27920,0,0,6,5,3,5
sixteen_27921,0,0,6,5,4,3
sixteen_27922,0,0,6,5,5,3
sixteen_27923,0,0,6,6,1,2
sixteen_27924,0,0,6,6,1,3
sixteen_27925,0,0,6,6,2,2
sixteen_27926,0,0,6,6,2,3
sixteen_27927,0,0,6,6,2,4
sixteen_27928,0,0,6,6,3,2
sixteen_27929,0,0,6,6,3,3
sixteen_27930,0,0,6,6,3,4
sixteen_27931,0,0,6,6,3,5
sixteen_27932,0,0,6,6,4,3
sixteen_27933,0,0,6,6,4,4
sixteen_27934,0,0,6,6,5,4
sixteen_27935,0,0,6,7,1,2
sixteen_27936,0,0,6,7,1,3
sixteen_27937,0,0,6,7,2,2
sixteen_27938,0,0,6,7,2,3
sixteen_27939,0,0,6,7,2,4
sixteen_27940,0,0,6,7,3,2
sixteen_27941,0,0,6,7,3,3
sixteen_27942,0,0,6,7,3,4
sixteen_27943,0,0,6,7,3,5
sixteen_27944,1,0,0,5,7,3
sixteen_27945,1,0,0,5,0,3
sixteen_27946,1,0,0,5,1,3
sixteen_27947,1,0,0,5,1,4
sixteen_27948,1,0,0,5,1,5
sixteen_27949,1,0,1,2,0,2
sixteen_27950,1,0,1,2,0,3
sixteen_27951,1,0,1,2,0,4
sixteen_27952,1,0,1,2,1,0
sixteen_27953,1,0,1,2,1,2
sixteen_27954,1,0,1,2,1,3
sixteen_27955,1,0,1,2,1,4
sixteen_27956,1,0,1,2,2,0
sixteen_27957,1,0,1,2,2,2
sixteen_27958,1,0,1,2,2,3
sixteen_27959,1,0,1,2,2,4
sixteen_27960,1,0,1,2,3,2
sixteen_27961,1,0,1,2,3,3
sixteen_27962,1,0,1,2,3,4
sixteen_27963,1,0,1,5,0,2
sixteen_27964,1,0,1,5,0,3
sixteen_27965,1,0,1,5,1,0
sixteen_27966,1,0,1,5,1,2
sixteen_27967,1,0,1,5,1,3
sixteen_27968,1,0,1,5,2,0
sixteen_27969,1,0,1,5,2,2
sixteen_27970,1,0,1,5,2,3
sixteen_27971,1,0,1,5,2,4
sixteen_27972,1,0,1,5,2,5
sixteen_27973,1,0,1,5,3,2
sixteen_27974,1,0,1,5,3,3
sixteen_27975,1,0,1,5,3,4
sixteen_27976,1,0,1,5,3,5
sixteen_27977,1,0,1,6,0,4
sixteen_27978,1,0,1,6,1,4
sixteen_27979,1,0,1,6,2,4
sixteen_27980,1,0,1,6,2,5
sixteen_27981,1,0,1,6,2,6
sixteen_27982,1,0,2,5,1,2
sixteen_27983,1,0,2,5,1,3
sixteen_27984,1,0,2,5,2,2
sixteen_27985,1,0,2,5,2,3
sixteen_27986,1,0,2,5,3,2
sixteen_27987,1,0,2,5,3,3
sixteen_27988,1,0,2,5,3,4
sixteen_27989,1,0,2,5,3,5
sixteen_27990,1,0,2,5,4,3
sixteen_27991,1,0,2,5,4,4
sixteen_27992,1,0,2,5,4,5
sixteen_27993,1,0,2,6,1,4
sixteen_27994,1,0,2,6,2,4
sixteen_27995,1,0,2,6,3,4
sixteen_27996,1,0,2,6,3,5
sixteen_27997,1,0,2,6,3,6
sixteen_27998,1,0,4,2,0,2
sixteen_27999,1,0,4,2,0,3
sixteen_28000,1,0,4,2,0,4
sixteen_28001,1,0,4,2,1,0
sixteen_28002,1,0,4,2,1,2
sixteen_28003,1,0,4,2,1,3
sixteen_28004,1,0,4,2,1,4
sixteen_28005,1,0,4,2,2,3
sixteen_28006,1,0,4,2,2,4
sixteen_28007,1,0,4,2,3,3
sixteen_28008,1,0,4,2,3,4
sixteen_28009,1,0,4,0,0,2
sixteen_28010,1,0,4,0,0,3
sixteen_28011,1,0,4,0,0,4
sixteen_28012,1,0,4,0,0,5
sixteen_28013,1,0,4,0,1,2
sixteen_28014,1,0,4,0,1,3
sixteen_28015,1,0,4,0,1,4
sixteen_28016,1,0,4,0,1,5
sixteen_28017,1,0,4,0,2,4
sixteen_28018,1,0,4,0,2,5
sixteen_28019,1,0,4,0,3,4
sixteen_28020,1,0,4,0,3,5
sixteen_28021,1,0,4,5,0,2
sixteen_28022,1,0,4,5,0,3
sixteen_28023,1,0,4,5,0,4
sixteen_28024,1,0,4,5,0,5
sixteen_28025,1,0,4,5,1,0
sixteen_28026,1,0,4,5,1,2
sixteen_28027,1,0,4,5,1,3
sixteen_28028,1,0,4,5,1,4
sixteen_28029,1,0,4,5,1,5
sixteen_28030,1,0,4,5,2,0
sixteen_28031,1,0,4,5,2,2
sixteen_28032,1,0,4,5,2,3
sixteen_28033,1,0,4,5,3,0
sixteen_28034,1,0,4,5,3,2
sixteen_28035,1,0,4,5,3,3
sixteen_28036,1,0,4,6,1,4
sixteen_28037,1,0,4,6,1,5
sixteen_28038,1,0,4,6,1,6
sixteen_28039,1,0,4,6,2,4
sixteen_28040,1,0,4,6,3,4
sixteen_28041,1,0,5,0,2,2
sixteen_28042,1,0,5,0,2,3
sixteen_28043,1,0,5,0,2,4
sixteen_28044,1,0,5,0,3,4
sixteen_28045,1,0,5,0,4,4
sixteen_28046,1,0,5,5,2,3
sixteen_28047,1,0,5,5,2,4
sixteen_28048,1,0,5,5,2,5
sixteen_28049,1,0,5,5,3,3
sixteen_28050,1,0,5,5,4,3
sixteen_28051,1,0,5,6,2,4
sixteen_28052,1,0,5,6,2,5
sixteen_28053,1,0,5,6,2,6
sixteen_28054,1,0,5,6,3,4
sixteen_28055,1,0,5,6,4,4
