target,cap-shape,cap-surface,cap-color,bruises,odor,gill-attachment,gill-spacing,gill-size,gill-color,stalk-shape,stalk-root,stalk-surface-above-ring,stalk-surface-below-ring,stalk-color-above-ring,stalk-color-below-ring,veil-type,veil-color,ring-number,ring-type,spore-print-color,population,habitat
p_0,0,0,0,0,0,0,0,0,0,0,0,0,0,0,0,0,0,0,0,0,0,0
e_1,0,0,1,0,1,0,0,1,0,0,1,0,0,0,0,0,0,0,0,1,1,1
e_2,1,0,2,0,2,0,0,1,1,0,1,0,0,0,0,0,0,0,0,1,1,2
p_3,0,1,2,0,0,0,0,0,1,0,0,0,0,0,0,0,0,0,0,0,0,0
e_4,0,0,3,1,3,0,1,1,0,1,0,0,0,0,0,0,0,0,1,1,2,1
e_5,0,1,1,0,1,0,0,1,1,0,1,0,0,0,0,0,0,0,0,0,1,1
e_6,1,0,2,0,1,0,0,1,2,0,1,0,0,0,0,0,0,0,0,0,1,2
e_7,1,1,2,0,2,0,0,1,1,0,1,0,0,0,0,0,0,0,0,1,0,2
p_8,0,1,2,0,0,0,0,0,3,0,0,0,0,0,0,0,0,0,0,0,3,1
e_9,1,0,1,0,1,0,0,1,2,0,1,0,0,0,0,0,0,0,0,0,0,2
e_10,0,1,1,0,2,0,0,1,2,0,1,0,0,0,0,0,0,0,0,1,1,1
e_11,0,1,1,0,1,0,0,1,1,0,1,0,0,0,0,0,0,0,0,0,0,2
e_12,1,0,1,0,1,0,0,1,4,0,1,0,0,0,0,0,0,0,0,1,0,1
p_13,0,1,2,0,0,0,0,0,0,0,0,0,0,0,0,0,0,0,0,1,3,0
e_14,0,2,0,1,3,0,1,1,1,1,0,0,1,0,0,0,0,0,1,0,2,1
e_15,2,2,3,1,3,0,0,0,0,0,0,0,0,0,0,0,0,0,0,1,4,0
e_16,3,2,2,1,3,0,1,1,0,1,0,0,0,0,0,0,0,0,1,1,2,1
p_17,0,0,0,0,0,0,0,0,1,0,0,0,0,0,0,0,0,0,0,0,0,1
p_18,0,1,2,0,0,0,0,0,1,0,0,0,0,0,0,0,0,0,0,1,0,0
p_19,0,0,0,0,0,0,0,0,0,0,0,0,0,0,0,0,0,0,0,1,0,0
e_20,1,0,1,0,1,0,0,1,0,0,1,0,0,0,0,0,0,0,0,1,0,2
p_21,0,1,0,0,0,0,0,0,1,0,0,0,0,0,0,0,0,0,0,1,3,1
e_22,1,1,1,0,2,0,0,1,0,0,1,0,0,0,0,0,0,0,0,1,0,2
e_23,1,1,2,0,1,0,0,1,4,0,1,0,0,0,0,0,0,0,0,1,1,2
e_24,1,0,2,0,2,0,0,1,2,0,1,0,0,0,0,0,0,0,0,0,0,2
p_25,3,0,2,0,0,0,0,0,1,0,0,0,0,0,0,0,0,0,0,1,3,1
e_26,0,1,1,0,1,0,0,1,1,0,1,0,0,0,0,0,0,0,0,1,1,2
e_27,0,1,2,0,2,0,0,1,4,0,1,0,0,0,0,0,0,0,0,1,1,2
e_28,3,2,0,1,3,0,0,0,0,0,0,0,0,0,0,0,0,0,0,0,4,0
e_29,0,0,1,0,1,0,1,0,1,1,2,0,0,0,0,0,0,0,0,1,3,3
e_30,1,0,1,0,2,0,0,1,2,0,1,0,0,0,0,0,0,0,0,1,1,2
p_31,0,1,2,0,0,0,0,0,0,0,0,0,0,0,0,0,0,0,0,1,0,0
e_32,0,1,1,0,2,0,0,1,1,0,1,0,0,0,0,0,0,0,0,1,1,2
e_33,0,1,0,0,2,0,0,1,3,0,3,0,2,0,0,0,0,0,0,1,4,4
e_34,1,1,1,0,2,0,0,1,1,0,1,0,0,0,0,0,0,0,0,1,0,2
e_35,0,2,1,0,2,0,1,0,4,1,2,0,0,0,0,0,0,0,0,1,3,3
e_36,2,2,3,1,3,0,0,0,0,0,0,0,0,0,0,0,0,0,0,0,3,0
p_37,0,1,0,0,0,0,0,0,4,0,0,0,0,0,0,0,0,0,0,1,0,0
e_38,0,2,1,0,1,0,1,0,3,1,2,0,0,0,0,0,0,0,0,1,3,3
e_39,1,0,1,0,2,0,0,1,0,0,1,0,0,0,0,0,0,0,0,0,0,2
e_40,1,1,1,0,1,0,0,1,1,0,1,0,0,0,0,0,0,0,0,1,0,1
e_41,0,1,1,0,2,0,0,1,1,0,3,0,2,0,0,0,0,0,0,0,4,4
e_42,0,2,0,1,3,0,0,0,2,0,0,0,0,0,0,0,0,0,0,0,4,0
p_43,0,1,2,0,0,0,0,0,3,0,0,0,0,0,0,0,0,0,0,1,3,1
e_44,0,0,1,0,1,0,0,1,4,0,1,0,0,0,0,0,0,0,0,0,1,2
e_45,0,1,2,0,1,0,0,1,1,0,1,0,0,0,0,0,0,0,0,1,1,1
e_46,0,1,1,0,2,0,0,1,0,0,1,0,0,0,0,0,0,0,0,0,0,2
e_47,0,0,2,0,2,0,0,1,4,0,1,0,0,0,0,0,0,0,0,1,1,2
e_48,0,1,1,0,2,0,0,1,1,0,3,0,2,0,0,0,0,0,0,1,0,4
e_49,3,1,1,0,2,0,0,1,4,0,3,0,2,0,0,0,0,0,0,0,0,4
e_50,0,1,0,0,1,0,0,1,4,0,3,0,2,0,0,0,0,0,0,0,0,1
e_51,0,0,2,0,2,0,0,1,0,0,1,0,0,0,0,0,0,0,0,0,0,1
e_52,1,0,2,0,2,0,0,1,0,0,1,0,0,0,0,0,0,0,0,1,1,2
p_53,0,1,0,0,0,0,0,0,0,0,0,0,0,0,0,0,0,0,0,1,3,0
p_54,0,0,2,0,0,0,0,0,0,0,0,0,0,0,0,0,0,0,0,0,3,0
e_55,1,1,1,0,1,0,0,1,4,0,1,0,0,0,0,0,0,0,0,0,0,2
e_56,3,2,3,1,3,0,1,1,1,1,0,0,0,0,0,0,0,0,1,1,2,1
e_57,1,0,2,0,1,0,0,1,4,0,1,0,0,0,0,0,0,0,0,1,1,1
e_58,0,0,1,0,2,0,0,1,0,0,1,0,0,0,0,0,0,0,0,0,1,1
e_59,0,1,0,0,1,0,0,1,3,0,3,0,2,0,0,0,0,0,0,0,4,4
e_60,2,2,3,1,3,0,0,0,0,0,0,0,0,0,0,0,0,0,0,1,3,0
e_61,1,1,1,0,1,0,0,1,0,0,1,0,0,0,0,0,0,0,0,1,0,2
e_62,1,0,1,0,2,0,0,1,2,0,1,0,0,0,0,0,0,0,0,1,0,2
e_63,1,1,1,0,2,0,0,1,2,0,1,0,0,0,0,0,0,0,0,1,1,2
e_64,1,1,2,0,2,0,0,1,1,0,1,0,0,0,0,0,0,0,0,1,0,1
e_65,3,0,0,1,3,0,1,1,0,1,0,0,0,0,0,0,0,0,1,0,2,1
e_66,0,0,2,0,2,0,0,1,1,0,1,0,0,0,0,0,0,0,0,0,0,1
e_67,3,1,1,0,1,0,0,1,4,0,3,0,2,0,0,0,0,0,0,1,0,1
e_68,0,1,1,0,1,0,0,1,4,0,1,0,0,0,0,0,0,0,0,0,1,1
e_69,0,2,3,1,3,0,0,0,3,0,0,0,0,0,0,0,0,0,0,1,3,0
e_70,3,2,1,0,2,0,1,0,3,1,2,0,0,0,0,0,0,0,0,1,3,3
e_71,1,1,2,0,2,0,0,1,2,0,1,0,0,0,0,0,0,0,0,1,0,2
e_72,3,2,1,0,2,0,1,0,4,1,2,0,0,0,0,0,0,0,0,1,3,3
e_73,0,1,0,0,1,0,0,1,3,0,3,0,2,0,0,0,0,0,0,0,0,4
e_74,1,0,1,0,1,0,0,1,0,0,1,0,0,0,0,0,0,0,0,0,0,1
e_75,3,0,1,0,2,0,1,0,3,1,2,0,0,0,0,0,0,0,0,1,3,3
e_76,0,0,2,0,2,0,1,0,1,1,2,0,0,0,0,0,0,0,0,2,3,3
e_77,3,1,0,0,2,0,0,1,3,0,3,0,2,0,0,0,0,0,0,1,4,4
p_78,0,1,0,0,0,0,0,0,4,0,0,0,0,0,0,0,0,0,0,1,3,0
e_79,3,1,0,0,1,0,0,1,1,0,3,0,2,0,0,0,0,0,0,1,4,1
e_80,0,0,0,1,3,0,1,1,0,1,0,1,0,0,0,0,0,0,1,1,0,1
p_81,0,1,2,0,0,0,0,0,4,0,0,0,0,0,0,0,0,0,0,0,0,1
e_82,3,2,3,1,3,0,0,0,1,0,0,0,0,0,0,0,0,0,0,1,4,0
e_83,0,2,3,1,3,0,1,1,1,1,0,0,0,0,0,0,0,0,1,1,0,1
e_84,0,1,1,0,2,0,0,1,4,0,3,0,2,0,0,0,0,0,0,0,0,1
e_85,0,0,0,1,3,0,1,1,0,1,0,0,0,0,0,0,0,0,1,0,0,1
e_86,1,0,2,0,1,0,0,1,4,0,1,0,0,0,0,0,0,0,0,0,0,1
e_87,0,0,2,0,2,0,0,1,1,0,1,0,0,0,0,0,0,0,0,1,0,1
e_88,3,1,0,0,2,0,0,1,4,0,3,0,2,0,0,0,0,0,0,0,4,1
e_89,2,2,0,1,3,0,0,0,1,0,0,0,0,0,0,0,0,0,0,1,3,0
e_90,0,2,0,1,3,0,0,0,1,0,0,0,0,0,0,0,0,0,0,1,4,0
e_91,1,0,2,0,2,0,0,1,0,0,1,0,0,0,0,0,0,0,0,0,0,1
e_92,0,1,1,0,1,0,0,1,2,0,1,0,0,0,0,0,0,0,0,0,0,1
e_93,0,1,1,0,2,0,0,1,2,0,1,0,0,0,0,0,0,0,0,0,1,2
e_94,0,0,0,1,3,0,1,1,1,1,0,0,0,0,0,0,0,0,1,1,2,1
e_95,0,0,2,0,1,0,0,1,2,0,1,0,0,0,0,0,0,0,0,1,0,1
e_96,3,1,0,0,2,0,0,1,3,0,3,0,2,0,0,0,0,0,0,1,0,1
e_97,0,0,1,0,1,0,0,1,1,0,1,0,0,0,0,0,0,0,0,0,1,1
e_98,1,0,2,0,1,0,0,1,2,0,1,0,0,0,0,0,0,0,0,1,0,1
e_99,0,1,2,0,1,0,0,1,2,0,1,0,0,0,0,0,0,0,0,0,0,1
e_100,0,2,0,1,3,0,1,1,3,1,0,1,0,0,0,0,0,0,1,0,0,1
e_101,1,0,1,0,2,0,0,1,1,0,1,0,0,0,0,0,0,0,0,0,1,1
e_102,3,1,1,0,2,0,0,1,4,0,3,0,2,0,0,0,0,0,0,1,0,1
e_103,0,1,1,0,1,0,0,1,1,0,3,0,2,0,0,0,0,0,0,0,4,4
e_104,1,1,2,0,2,0,0,1,2,0,1,0,0,0,0,0,0,0,0,1,1,1
e_105,0,1,1,0,1,0,0,1,1,0,1,0,0,0,0,0,0,0,0,0,1,2
e_106,0,1,1,0,1,0,0,1,4,0,3,0,2,0,0,0,0,0,0,1,4,1
e_107,1,1,2,0,2,0,0,1,1,0,1,0,0,0,0,0,0,0,0,0,0,2
e_108,1,1,2,0,1,0,0,1,2,0,1,0,0,0,0,0,0,0,0,1,0,2
e_109,0,0,1,0,1,0,0,1,0,0,1,0,0,0,0,0,0,0,0,0,1,2
e_110,0,0,1,0,2,0,0,1,4,0,1,0,0,0,0,0,0,0,0,0,1,1
e_111,2,2,3,1,3,0,0,0,2,0,0,0,0,0,0,0,0,0,0,0,4,0
e_112,0,2,2,0,1,0,1,0,4,1,2,0,0,0,0,0,0,0,0,2,3,3
e_113,0,0,1,0,1,0,0,1,1,0,1,0,0,0,0,0,0,0,0,0,1,2
p_114,0,1,2,0,0,0,0,0,1,0,0,0,0,0,0,0,0,0,0,1,3,0
e_115,0,1,1,0,2,0,0,1,3,0,3,0,2,0,0,0,0,0,0,1,0,1
e_116,2,2,3,1,3,0,0,0,3,0,0,0,0,0,0,0,0,0,0,1,4,0
e_117,0,1,1,0,2,0,0,1,4,0,3,0,2,0,0,0,0,0,0,0,4,1
e_118,0,0,1,0,2,0,1,0,3,1,2,0,0,0,0,0,0,0,0,2,3,3
e_119,2,2,0,1,3,0,0,0,0,0,0,0,0,0,0,0,0,0,0,1,4,0
p_120,0,0,2,0,0,0,0,0,0,0,0,0,0,0,0,0,0,0,0,0,3,1
e_121,0,1,2,0,1,0,0,1,2,0,1,0,0,0,0,0,0,0,0,1,1,2
p_122,3,1,0,0,0,0,0,0,3,0,0,0,0,0,0,0,0,0,0,0,3,1
e_123,3,0,3,1,3,0,1,1,0,1,0,0,0,0,0,0,0,0,1,1,2,1
e_124,0,0,1,0,2,0,0,1,2,0,1,0,0,0,0,0,0,0,0,1,0,2
e_125,0,0,2,1,3,0,1,1,1,1,0,0,1,0,0,0,0,0,1,0,0,1
e_126,1,0,1,0,1,0,0,1,4,0,1,0,0,0,0,0,0,0,0,1,1,1
e_127,3,2,3,1,3,0,1,1,5,1,0,0,0,0,0,0,0,0,1,1,2,1
e_128,0,0,2,0,2,0,0,1,1,0,1,0,0,0,0,0,0,0,0,0,1,1
e_129,1,0,2,0,2,0,0,1,1,0,1,0,0,0,0,0,0,0,0,1,0,2
e_130,1,0,2,0,2,0,0,1,4,0,1,0,0,0,0,0,0,0,0,1,0,1
e_131,1,1,2,0,2,0,0,1,4,0,1,0,0,0,0,0,0,0,0,1,0,2
e_132,3,0,2,0,2,0,1,0,4,1,2,0,0,0,0,0,0,0,0,2,3,3
e_133,0,1,1,0,2,0,0,1,2,0,1,0,0,0,0,0,0,0,0,0,0,2
e_134,3,0,2,0,1,0,1,0,3,1,2,0,0,0,0,0,0,0,0,1,3,3
p_135,0,1,2,0,0,0,0,0,4,0,0,0,0,0,0,0,0,0,0,1,3,0
e_136,3,2,2,0,2,0,1,0,4,1,2,0,0,0,0,0,0,0,0,1,3,3
e_137,0,1,1,0,1,0,0,1,1,0,1,0,0,0,0,0,0,0,0,1,0,1
p_138,0,0,0,0,0,0,0,0,3,0,0,0,0,0,0,0,0,0,0,1,3,1
e_139,1,0,1,0,2,0,0,1,4,0,1,0,0,0,0,0,0,0,0,1,1,1
e_140,0,1,0,0,1,0,0,1,4,0,3,0,2,0,0,0,0,0,0,0,4,4
e_141,1,1,1,0,2,0,0,1,2,0,1,0,0,0,0,0,0,0,0,0,1,2
e_142,2,2,0,1,3,0,0,0,0,0,0,0,0,0,0,0,0,0,0,1,3,0
e_143,3,1,0,0,1,0,0,1,4,0,3,0,2,0,0,0,0,0,0,0,4,4
e_144,0,1,1,0,1,0,0,1,0,0,1,0,0,0,0,0,0,0,0,0,1,1
e_145,0,2,3,1,3,0,1,1,0,1,0,1,1,0,0,0,0,0,1,0,0,1
e_146,3,2,2,1,3,0,1,1,0,1,0,0,1,0,0,0,0,0,1,1,2,1
e_147,0,1,1,0,2,0,0,1,4,0,1,0,0,0,0,0,0,0,0,1,1,2
e_148,1,0,1,0,2,0,0,1,0,0,1,0,0,0,0,0,0,0,0,0,1,1
e_149,1,1,2,0,1,0,0,1,2,0,1,0,0,0,0,0,0,0,0,0,1,2
e_150,0,1,2,0,1,0,0,1,4,0,1,0,0,0,0,0,0,0,0,1,0,1
e_151,0,0,0,1,3,0,1,1,3,1,0,1,0,0,0,0,0,0,1,1,2,1
e_152,0,1,2,0,2,0,0,1,2,0,1,0,0,0,0,0,0,0,0,1,0,1
e_153,2,2,0,1,3,0,0,0,0,0,0,0,0,0,0,0,0,0,0,0,3,0
e_154,0,0,2,0,1,0,1,0,4,1,2,0,0,0,0,0,0,0,0,2,3,3
e_155,0,1,0,0,2,0,0,1,4,0,3,0,2,0,0,0,0,0,0,0,0,1
e_156,1,1,1,0,1,0,0,1,0,0,1,0,0,0,0,0,0,0,0,1,1,1
e_157,0,1,2,0,1,0,0,1,0,0,1,0,0,0,0,0,0,0,0,1,1,1
e_158,1,1,2,0,1,0,0,1,1,0,1,0,0,0,0,0,0,0,0,0,0,2
e_159,1,0,1,0,1,0,0,1,2,0,1,0,0,0,0,0,0,0,0,0,0,1
e_160,1,0,1,0,2,0,0,1,2,0,1,0,0,0,0,0,0,0,0,0,0,2
e_161,1,1,1,0,1,0,0,1,1,0,1,0,0,0,0,0,0,0,0,0,1,1
e_162,0,2,0,1,3,0,0,0,0,0,0,0,0,0,0,0,0,0,0,1,4,0
e_163,3,1,0,0,2,0,0,1,1,0,3,0,2,0,0,0,0,0,0,1,4,1
e_164,0,1,2,0,1,0,0,1,0,0,1,0,0,0,0,0,0,0,0,1,0,1
e_165,3,1,1,0,2,0,0,1,4,0,3,0,2,0,0,0,0,0,0,1,4,4
e_166,1,0,2,0,1,0,0,1,4,0,1,0,0,0,0,0,0,0,0,1,0,1
e_167,1,0,2,0,1,0,0,1,4,0,1,0,0,0,0,0,0,0,0,0,0,2
e_168,0,1,0,0,2,0,0,1,4,0,3,0,2,0,0,0,0,0,0,0,4,1
e_169,1,0,2,0,1,0,0,1,0,0,1,0,0,0,0,0,0,0,0,0,0,1
e_170,0,2,3,1,3,0,0,0,2,0,0,0,0,0,0,0,0,0,0,1,4,0
e_171,1,0,1,0,2,0,0,1,0,0,1,0,0,0,0,0,0,0,0,1,0,1
e_172,0,2,1,0,2,0,1,0,1,1,2,0,0,0,0,0,0,0,0,2,3,3
e_173,1,1,1,0,1,0,0,1,4,0,1,0,0,0,0,0,0,0,0,0,0,1
e_174,3,1,1,0,2,0,0,1,3,0,3,0,2,0,0,0,0,0,0,1,0,1
e_175,1,1,2,0,2,0,0,1,4,0,1,0,0,0,0,0,0,0,0,0,1,2
e_176,1,1,2,0,1,0,0,1,0,0,1,0,0,0,0,0,0,0,0,0,1,2
e_177,1,1,1,0,1,0,0,1,2,0,1,0,0,0,0,0,0,0,0,1,0,1
e_178,0,1,1,0,2,0,0,1,2,0,1,0,0,0,0,0,0,0,0,1,1,2
e_179,1,0,1,0,2,0,0,1,2,0,1,0,0,0,0,0,0,0,0,1,1,1
p_180,0,1,2,0,0,0,0,0,3,0,0,0,0,0,0,0,0,0,0,1,3,0
e_181,2,2,0,1,3,0,0,0,2,0,0,0,0,0,0,0,0,0,0,1,4,0
e_182,3,2,0,1,3,0,0,0,2,0,0,0,0,0,0,0,0,0,0,0,3,0
e_183,0,0,1,0,1,0,0,1,2,0,1,0,0,0,0,0,0,0,0,1,0,2
e_184,3,1,0,0,1,0,0,1,3,0,3,0,2,0,0,0,0,0,0,0,0,4
p_185,0,1,2,0,0,0,0,0,0,0,0,0,0,0,0,0,0,0,0,0,0,1
e_186,1,0,2,0,2,0,0,1,2,0,1,0,0,0,0,0,0,0,0,1,0,2
e_187,3,2,3,1,3,0,0,0,3,0,0,0,0,0,0,0,0,0,0,0,3,0
e_188,1,1,1,0,2,0,0,1,2,0,1,0,0,0,0,0,0,0,0,1,1,1
e_189,0,1,0,0,1,0,0,1,4,0,3,0,2,0,0,0,0,0,0,1,4,4
e_190,0,2,2,1,3,0,1,1,3,1,0,0,1,0,0,0,0,0,1,0,0,1
e_191,0,0,2,0,2,0,1,0,4,1,2,0,0,0,0,0,0,0,0,1,3,3
e_192,1,0,2,0,2,0,0,1,4,0,1,0,0,0,0,0,0,0,0,1,0,2
e_193,3,0,1,0,1,0,1,0,4,1,2,0,0,0,0,0,0,0,0,1,3,3
e_194,0,0,1,0,1,0,0,1,0,0,1,0,0,0,0,0,0,0,0,1,1,2
e_195,3,2,3,1,3,0,0,0,2,0,0,0,0,0,0,0,0,0,0,1,4,0
e_196,1,0,1,0,1,0,0,1,1,0,1,0,0,0,0,0,0,0,0,0,0,1
e_197,0,0,2,0,2,0,0,1,2,0,1,0,0,0,0,0,0,0,0,1,1,2
e_198,0,1,2,0,2,0,0,1,1,0,1,0,0,0,0,0,0,0,0,1,0,2
e_199,3,0,2,0,1,0,1,0,1,1,2,0,0,0,0,0,0,0,0,1,3,3
e_200,0,1,1,0,2,0,0,1,4,0,1,0,0,0,0,0,0,0,0,1,0,1
e_201,1,0,2,0,2,0,0,1,4,0,1,0,0,0,0,0,0,0,0,0,0,1
e_202,0,0,2,0,1,0,0,1,2,0,1,0,0,0,0,0,0,0,0,0,1,1
e_203,0,2,2,1,3,0,1,1,5,1,0,1,0,0,0,0,0,0,1,0,0,1
e_204,3,1,0,0,2,0,0,1,1,0,3,0,2,0,0,0,0,0,0,0,4,4
p_205,0,0,2,0,0,0,0,0,0,0,0,0,0,0,0,0,0,0,0,1,3,0
e_206,1,0,2,0,1,0,0,1,1,0,1,0,0,0,0,0,0,0,0,1,1,1
e_207,1,0,2,0,1,0,0,1,0,0,1,0,0,0,0,0,0,0,0,0,0,2
e_208,1,1,2,0,2,0,0,1,1,0,1,0,0,0,0,0,0,0,0,1,1,1
e_209,1,1,2,0,1,0,0,1,4,0,1,0,0,0,0,0,0,0,0,0,1,1
e_210,0,0,1,0,1,0,0,1,4,0,1,0,0,0,0,0,0,0,0,0,0,1
e_211,1,0,2,0,2,0,0,1,4,0,1,0,0,0,0,0,0,0,0,0,1,2
e_212,0,2,1,0,1,0,1,0,1,1,2,0,0,0,0,0,0,0,0,1,3,3
e_213,0,2,3,1,3,0,0,0,1,0,0,0,0,0,0,0,0,0,0,1,4,0
e_214,3,1,1,0,1,0,0,1,1,0,3,0,2,0,0,0,0,0,0,1,0,1
e_215,1,0,2,0,2,0,0,1,1,0,1,0,0,0,0,0,0,0,0,0,1,2
e_216,0,0,1,0,1,0,0,1,2,0,1,0,0,0,0,0,0,0,0,0,0,1
e_217,0,1,1,0,1,0,0,1,0,0,1,0,0,0,0,0,0,0,0,0,0,1
e_218,0,1,2,0,2,0,0,1,4,0,1,0,0,0,0,0,0,0,0,1,0,1
e_219,2,2,3,1,3,0,0,0,3,0,0,0,0,0,0,0,0,0,0,1,3,0
e_220,0,0,2,0,1,0,0,1,1,0,1,0,0,0,0,0,0,0,0,1,1,2
p_221,0,0,2,0,0,0,0,0,0,0,0,0,0,0,0,0,0,0,0,0,0,1
e_222,0,1,1,0,1,0,0,1,1,0,3,0,2,0,0,0,0,0,0,1,0,1
e_223,3,2,2,0,1,0,1,0,3,1,2,0,0,0,0,0,0,0,0,1,3,3
e_224,0,1,2,0,2,0,0,1,2,0,1,0,0,0,0,0,0,0,0,0,1,2
e_225,1,1,2,0,2,0,0,1,1,0,1,0,0,0,0,0,0,0,0,0,0,1
e_226,0,0,2,0,1,0,0,1,2,0,1,0,0,0,0,0,0,0,0,1,1,1
e_227,0,0,1,0,1,0,0,1,2,0,1,0,0,0,0,0,0,0,0,1,0,1
p_228,0,1,0,0,0,0,0,0,3,0,0,0,0,0,0,0,0,0,0,0,3,0
e_229,1,0,1,0,1,0,0,1,1,0,1,0,0,0,0,0,0,0,0,1,1,1
e_230,0,2,3,1,3,0,0,0,1,0,0,0,0,0,0,0,0,0,0,0,4,0
p_231,0,1,2,0,0,0,0,0,0,0,0,0,0,0,0,0,0,0,0,0,0,0
e_232,0,1,1,0,2,0,0,1,1,0,3,0,2,0,0,0,0,0,0,1,4,4
e_233,3,2,0,1,3,0,0,0,0,0,0,0,0,0,0,0,0,0,0,0,3,0
e_234,1,0,2,0,2,0,0,1,0,0,1,0,0,0,0,0,0,0,0,1,1,1
e_235,0,2,2,0,2,0,1,0,4,1,2,0,0,0,0,0,0,0,0,1,3,3
e_236,0,1,2,0,2,0,0,1,4,0,1,0,0,0,0,0,0,0,0,0,0,1
e_237,1,1,1,0,2,0,0,1,1,0,1,0,0,0,0,0,0,0,0,1,0,1
e_238,0,1,1,0,2,0,0,1,1,0,3,0,2,0,0,0,0,0,0,0,0,1
e_239,3,1,1,0,1,0,0,1,3,0,3,0,2,0,0,0,0,0,0,0,0,4
e_240,3,1,1,0,1,0,0,1,4,0,3,0,2,0,0,0,0,0,0,0,4,4
e_241,0,0,2,0,2,0,0,1,4,0,1,0,0,0,0,0,0,0,0,0,0,1
e_242,0,0,2,0,1,0,0,1,4,0,1,0,0,0,0,0,0,0,0,1,1,2
p_243,0,0,2,0,0,0,0,0,1,0,0,0,0,0,0,0,0,0,0,0,3,0
e_244,3,2,2,0,1,0,1,0,3,1,2,0,0,0,0,0,0,0,0,2,3,3
e_245,0,0,2,0,2,0,0,1,4,0,1,0,0,0,0,0,0,0,0,1,0,1
e_246,0,0,2,0,2,0,1,0,3,1,2,0,0,0,0,0,0,0,0,2,3,3
e_247,0,1,2,0,1,0,0,1,1,0,1,0,0,0,0,0,0,0,0,0,0,2
e_248,3,1,1,0,2,0,0,1,4,0,3,0,2,0,0,0,0,0,0,0,4,4
e_249,0,0,0,1,3,0,1,1,3,1,0,1,0,0,0,0,0,0,1,0,0,1
e_250,3,1,1,0,1,0,0,1,4,0,3,0,2,0,0,0,0,0,0,1,4,1
p_251,0,0,0,0,0,0,0,0,3,0,0,0,0,0,0,0,0,0,0,1,0,1
e_252,2,2,0,1,3,0,0,0,2,0,0,0,0,0,0,0,0,0,0,1,3,0
e_253,1,1,1,0,2,0,0,1,4,0,1,0,0,0,0,0,0,0,0,1,0,2
e_254,1,0,2,0,2,0,0,1,1,0,1,0,0,0,0,0,0,0,0,1,0,1
e_255,1,1,2,0,2,0,0,1,0,0,1,0,0,0,0,0,0,0,0,1,1,2
e_256,3,2,0,1,3,0,0,0,0,0,0,0,0,0,0,0,0,0,0,1,3,0
e_257,0,0,2,0,1,0,0,1,4,0,1,0,0,0,0,0,0,0,0,0,1,2
e_258,1,1,2,0,2,0,0,1,2,0,1,0,0,0,0,0,0,0,0,0,1,1
e_259,1,1,2,0,1,0,0,1,2,0,1,0,0,0,0,0,0,0,0,1,1,2
e_260,3,1,0,0,2,0,0,1,4,0,3,0,2,0,0,0,0,0,0,1,0,1
p_261,0,1,2,0,0,0,0,0,0,0,0,0,0,0,0,0,0,0,0,0,3,1
e_262,0,0,2,0,1,0,0,1,1,0,1,0,0,0,0,0,0,0,0,1,1,1
e_263,0,1,2,0,1,0,0,1,1,0,1,0,0,0,0,0,0,0,0,1,0,2
e_264,3,2,2,0,2,0,1,0,4,1,2,0,0,0,0,0,0,0,0,2,3,3
e_265,3,2,3,1,3,0,0,0,2,0,0,0,0,0,0,0,0,0,0,0,3,0
e_266,3,0,3,1,3,0,1,1,3,1,0,0,0,0,0,0,0,0,1,0,2,1
e_267,0,1,1,0,1,0,0,1,2,0,1,0,0,0,0,0,0,0,0,1,0,2
e_268,1,0,2,0,1,0,0,1,0,0,1,0,0,0,0,0,0,0,0,1,0,2
p_269,3,1,0,0,0,0,0,0,4,0,0,0,0,0,0,0,0,0,0,0,0,0
e_270,0,0,2,0,2,0,0,1,1,0,1,0,0,0,0,0,0,0,0,0,1,2
p_271,3,0,0,0,0,0,0,0,4,0,0,0,0,0,0,0,0,0,0,0,3,0
e_272,0,1,2,0,2,0,0,1,0,0,1,0,0,0,0,0,0,0,0,1,0,1
e_273,0,1,1,0,1,0,0,1,0,0,1,0,0,0,0,0,0,0,0,1,1,2
e_274,3,1,1,0,1,0,0,1,1,0,3,0,2,0,0,0,0,0,0,1,0,4
e_275,0,1,0,0,1,0,0,1,4,0,3,0,2,0,0,0,0,0,0,1,0,4
e_276,3,1,0,0,1,0,0,1,4,0,3,0,2,0,0,0,0,0,0,1,4,1
e_277,0,1,2,0,1,0,0,1,4,0,1,0,0,0,0,0,0,0,0,1,1,2
e_278,3,2,0,1,3,0,1,1,5,1,0,0,0,0,0,0,0,0,1,0,0,1
e_279,0,0,1,0,2,0,0,1,0,0,1,0,0,0,0,0,0,0,0,1,1,2
p_280,0,1,2,0,0,0,0,0,4,0,0,0,0,0,0,0,0,0,0,1,0,1
e_281,1,1,1,0,1,0,0,1,1,0,1,0,0,0,0,0,0,0,0,1,1,2
e_282,2,2,0,1,3,0,0,0,3,0,0,0,0,0,0,0,0,0,0,1,3,0
e_283,0,0,1,0,2,0,0,1,0,0,1,0,0,0,0,0,0,0,0,0,0,2
e_284,1,1,2,0,2,0,0,1,1,0,1,0,0,0,0,0,0,0,0,0,1,2
e_285,3,1,0,0,1,0,0,1,1,0,3,0,2,0,0,0,0,0,0,0,0,1
e_286,1,1,1,0,1,0,0,1,2,0,1,0,0,0,0,0,0,0,0,0,0,2
e_287,1,1,2,0,1,0,0,1,2,0,1,0,0,0,0,0,0,0,0,0,0,1
e_288,0,1,0,0,2,0,0,1,1,0,3,0,2,0,0,0,0,0,0,1,4,4
e_289,3,2,3,1,3,0,0,0,3,0,0,0,0,0,0,0,0,0,0,1,4,0
e_290,0,2,3,1,3,0,0,0,2,0,0,0,0,0,0,0,0,0,0,0,4,0
e_291,1,1,1,0,2,0,0,1,1,0,1,0,0,0,0,0,0,0,0,0,0,1
e_292,0,0,1,0,2,0,0,1,1,0,1,0,0,0,0,0,0,0,0,0,0,2
e_293,1,1,2,0,2,0,0,1,0,0,1,0,0,0,0,0,0,0,0,1,0,1
e_294,0,0,2,0,1,0,0,1,2,0,1,0,0,0,0,0,0,0,0,0,0,2
e_295,1,0,1,0,1,0,0,1,2,0,1,0,0,0,0,0,0,0,0,1,1,2
e_296,0,0,1,0,1,0,0,1,0,0,1,0,0,0,0,0,0,0,0,0,0,2
e_297,0,2,3,1,3,0,1,1,3,1,0,1,1,0,0,0,0,0,1,0,0,1
e_298,3,0,1,0,1,0,1,0,3,1,2,0,0,0,0,0,0,0,0,1,3,3
p_299,0,1,2,0,0,0,0,0,3,0,0,0,0,0,0,0,0,0,0,0,0,1
e_300,0,2,2,1,3,0,1,1,0,1,0,1,0,0,0,0,0,0,1,0,2,1
e_301,1,1,2,0,1,0,0,1,4,0,1,0,0,0,0,0,0,0,0,0,0,1
e_302,0,0,1,0,2,0,1,0,4,1,2,0,0,0,0,0,0,0,0,1,3,3
e_303,1,1,2,0,1,0,0,1,1,0,1,0,0,0,0,0,0,0,0,0,0,1
e_304,0,1,2,0,2,0,0,1,2,0,1,0,0,0,0,0,0,0,0,0,0,1
e_305,0,2,0,0,3,0,0,1,3,1,2,0,0,1,1,0,0,0,0,1,4,3
e_306,1,1,2,0,2,0,0,1,0,0,1,0,0,0,0,0,0,0,0,1,0,2
e_307,0,0,1,0,2,0,0,1,2,0,1,0,0,0,0,0,0,0,0,1,1,2
e_308,3,1,0,0,1,0,0,1,3,0,3,0,2,0,0,0,0,0,0,0,4,1
e_309,0,2,2,1,3,0,1,1,1,1,0,0,0,0,0,0,0,0,1,1,0,1
e_310,0,0,1,0,2,0,0,1,4,0,1,0,0,0,0,0,0,0,0,0,0,1
p_311,0,1,2,0,0,0,0,0,1,0,0,0,0,0,0,0,0,0,0,1,3,1
e_312,0,1,1,0,2,0,0,1,1,0,1,0,0,0,0,0,0,0,0,0,0,1
e_313,0,2,2,0,1,0,1,0,3,1,2,0,0,0,0,0,0,0,0,1,3,3
e_314,1,0,1,0,1,0,0,1,2,0,1,0,0,0,0,0,0,0,0,1,1,1
p_315,0,1,2,0,0,0,0,0,0,0,0,0,0,0,0,0,0,0,0,0,3,0
e_316,0,0,1,0,1,0,1,0,4,1,2,0,0,0,0,0,0,0,0,1,3,3
e_317,0,1,2,0,1,0,0,1,0,0,1,0,0,0,0,0,0,0,0,0,1,2
e_318,0,2,2,0,2,0,1,0,1,1,2,0,0,0,0,0,0,0,0,1,3,3
e_319,3,0,2,0,2,0,1,0,4,1,2,0,0,0,0,0,0,0,0,1,3,3
e_320,0,1,1,0,2,0,0,1,0,0,1,0,0,0,0,0,0,0,0,1,0,2
e_321,3,2,1,0,1,0,1,0,4,1,2,0,0,0,0,0,0,0,0,2,3,3
e_322,0,0,2,0,1,0,0,1,4,0,1,0,0,0,0,0,0,0,0,0,0,1
e_323,1,1,1,0,1,0,0,1,1,0,1,0,0,0,0,0,0,0,0,0,0,2
e_324,0,1,0,0,2,0,0,1,3,0,3,0,2,0,0,0,0,0,0,1,0,4
e_325,1,1,2,0,2,0,0,1,0,0,1,0,0,0,0,0,0,0,0,0,1,1
e_326,0,0,1,0,1,0,0,1,1,0,1,0,0,0,0,0,0,0,0,1,0,2
p_327,0,1,0,0,0,0,0,0,1,0,0,0,0,0,0,0,0,0,0,1,3,0
e_328,1,0,1,0,2,0,0,1,4,0,1,0,0,0,0,0,0,0,0,0,1,1
e_329,1,1,2,0,1,0,0,1,2,0,1,0,0,0,0,0,0,0,0,0,1,1
p_330,0,1,0,0,0,0,0,0,4,0,0,0,0,0,0,0,0,0,0,0,3,0
e_331,1,0,2,0,2,0,0,1,1,0,1,0,0,0,0,0,0,0,0,0,0,2
e_332,1,1,1,0,2,0,0,1,4,0,1,0,0,0,0,0,0,0,0,1,1,2
e_333,1,1,1,0,1,0,0,1,1,0,1,0,0,0,0,0,0,0,0,0,0,1
e_334,0,1,2,0,2,0,0,1,2,0,1,0,0,0,0,0,0,0,0,1,1,1
e_335,0,2,0,0,3,0,0,1,3,1,2,0,0,2,0,0,0,0,0,0,4,3
e_336,0,1,0,0,1,0,0,1,4,0,3,0,2,0,0,0,0,0,0,0,4,1
e_337,1,0,1,0,2,0,0,1,1,0,1,0,0,0,0,0,0,0,0,1,0,1
e_338,0,2,3,1,3,0,0,0,2,0,0,0,0,0,0,0,0,0,0,1,3,0
e_339,0,1,0,0,2,0,0,1,1,0,3,0,2,0,0,0,0,0,0,0,4,1
e_340,0,0,2,0,1,0,0,1,0,0,1,0,0,0,0,0,0,0,0,1,0,1
e_341,1,1,2,0,1,0,0,1,1,0,1,0,0,0,0,0,0,0,0,0,1,1
e_342,0,0,1,0,1,0,0,1,2,0,1,0,0,0,0,0,0,0,0,0,0,2
e_343,3,2,1,0,1,0,1,0,3,1,2,0,0,0,0,0,0,0,0,1,3,3
e_344,1,1,1,0,2,0,0,1,2,0,1,0,0,0,0,0,0,0,0,1,0,1
e_345,0,2,0,1,3,0,1,1,1,1,0,0,1,0,0,0,0,0,1,1,2,1
e_346,0,2,1,0,2,0,1,0,1,1,2,0,0,0,0,0,0,0,0,1,3,3
e_347,0,0,1,0,1,0,0,1,1,0,1,0,0,0,0,0,0,0,0,1,1,2
e_348,3,0,3,1,3,0,1,1,1,1,0,0,1,0,0,0,0,0,1,0,0,1
e_349,0,2,0,1,3,0,0,0,2,0,0,0,0,0,0,0,0,0,0,1,4,0
e_350,3,0,3,1,3,0,1,1,5,1,0,1,1,0,0,0,0,0,1,1,2,1
e_351,3,1,0,0,1,0,0,1,3,0,3,0,2,0,0,0,0,0,0,1,0,4
e_352,1,1,2,0,1,0,0,1,0,0,1,0,0,0,0,0,0,0,0,1,0,1
e_353,1,0,1,0,1,0,0,1,0,0,1,0,0,0,0,0,0,0,0,0,0,2
e_354,0,1,1,0,2,0,0,1,4,0,3,0,2,0,0,0,0,0,0,0,0,4
e_355,2,2,3,1,3,0,0,0,2,0,0,0,0,0,0,0,0,0,0,1,3,0
e_356,3,1,0,0,1,0,0,1,3,0,3,0,2,0,0,0,0,0,0,1,4,4
p_357,0,1,0,0,0,0,0,0,0,0,0,0,0,0,0,0,0,0,0,0,0,0
e_358,0,1,1,0,1,0,0,1,3,0,3,0,2,0,0,0,0,0,0,1,4,4
e_359,0,1,1,0,1,0,0,1,4,0,1,0,0,0,0,0,0,0,0,1,0,1
e_360,0,2,0,1,3,0,1,1,5,1,0,0,1,0,0,0,0,0,1,1,0,1
e_361,0,2,0,1,3,0,1,1,3,1,0,1,1,0,0,0,0,0,1,0,2,1
e_362,3,0,0,1,3,0,1,1,0,1,0,1,0,0,0,0,0,0,1,0,2,1
e_363,3,1,0,0,1,0,0,1,1,0,3,0,2,0,0,0,0,0,0,1,0,4
e_364,0,0,1,0,1,0,0,1,4,0,1,0,0,0,0,0,0,0,0,0,1,1
e_365,3,2,0,1,3,0,0,0,3,0,0,0,0,0,0,0,0,0,0,0,3,0
e_366,0,1,1,0,1,0,0,1,4,0,3,0,2,0,0,0,0,0,0,1,0,4
e_367,0,2,1,0,1,0,1,0,3,1,2,0,0,0,0,0,0,0,0,2,3,3
e_368,1,1,1,0,1,0,0,1,2,0,1,0,0,0,0,0,0,0,0,1,1,1
e_369,0,2,3,1,3,0,1,1,1,1,0,0,0,0,0,0,0,0,1,0,0,1
e_370,0,1,1,0,1,0,0,1,4,0,3,0,2,0,0,0,0,0,0,1,0,1
e_371,3,1,0,0,2,0,0,1,1,0,3,0,2,0,0,0,0,0,0,0,4,1
e_372,0,0,1,0,1,0,0,1,4,0,1,0,0,0,0,0,0,0,0,0,0,2
e_373,2,2,0,1,3,0,0,0,1,0,0,0,0,0,0,0,0,0,0,1,4,0
e_374,0,0,2,0,1,0,0,1,0,0,1,0,0,0,0,0,0,0,0,0,0,2
e_375,1,0,2,0,2,0,0,1,1,0,1,0,0,0,0,0,0,0,0,0,1,1
e_376,2,2,0,1,3,0,0,0,0,0,0,0,0,0,0,0,0,0,0,0,4,0
e_377,1,1,1,0,2,0,0,1,1,0,1,0,0,0,0,0,0,0,0,1,1,2
e_378,0,1,1,0,2,0,0,1,0,0,1,0,0,0,0,0,0,0,0,1,1,1
e_379,1,1,1,0,1,0,0,1,0,0,1,0,0,0,0,0,0,0,0,1,0,1
p_380,0,1,0,0,0,0,0,0,3,0,0,0,0,0,0,0,0,0,0,0,0,0
e_381,0,0,2,1,3,0,1,1,0,1,0,1,0,0,0,0,0,0,1,1,0,1
e_382,0,1,2,0,1,0,0,1,4,0,1,0,0,0,0,0,0,0,0,0,0,2
e_383,1,0,2,0,1,0,0,1,2,0,1,0,0,0,0,0,0,0,0,1,1,1
e_384,0,2,0,0,3,0,0,1,1,1,2,0,0,1,0,0,0,0,0,1,4,3
p_385,0,0,0,0,0,0,0,0,4,0,0,0,0,0,0,0,0,0,0,1,0,0
e_386,0,1,0,0,2,0,0,1,4,0,3,0,2,0,0,0,0,0,0,0,4,4
e_387,0,0,0,1,3,0,1,1,1,1,0,0,0,0,0,0,0,0,1,0,2,1
e_388,1,1,1,0,2,0,0,1,1,0,1,0,0,0,0,0,0,0,0,0,1,2
e_389,0,0,1,0,1,0,0,1,4,0,1,0,0,0,0,0,0,0,0,1,1,2
e_390,1,0,1,0,1,0,0,1,1,0,1,0,0,0,0,0,0,0,0,1,0,2
e_391,0,0,1,0,2,0,0,1,2,0,1,0,0,0,0,0,0,0,0,0,1,2
e_392,1,1,2,0,1,0,0,1,1,0,1,0,0,0,0,0,0,0,0,1,1,1
e_393,0,2,3,1,3,0,0,0,0,0,0,0,0,0,0,0,0,0,0,1,3,0
e_394,3,1,0,0,1,0,0,1,4,0,3,0,2,0,0,0,0,0,0,0,0,1
e_395,0,2,3,1,3,0,1,1,5,1,0,1,1,0,0,0,0,0,1,1,2,1
e_396,0,0,2,0,2,0,0,1,0,0,1,0,0,0,0,0,0,0,0,1,1,2
e_397,0,1,1,0,2,0,0,1,4,0,1,0,0,0,0,0,0,0,0,1,0,2
e_398,0,2,3,1,3,0,0,0,1,0,0,0,0,0,0,0,0,0,0,0,3,0
p_399,0,0,0,0,0,0,0,0,3,0,0,0,0,0,0,0,0,0,0,1,0,0
e_400,1,1,2,0,2,0,0,1,4,0,1,0,0,0,0,0,0,0,0,1,1,1
e_401,1,1,2,0,1,0,0,1,1,0,1,0,0,0,0,0,0,0,0,0,1,2
p_402,0,1,0,0,0,0,0,0,3,0,0,0,0,0,0,0,0,0,0,1,3,0
e_403,1,0,1,0,2,0,0,1,4,0,1,0,0,0,0,0,0,0,0,1,0,2
e_404,0,0,2,0,2,0,0,1,0,0,1,0,0,0,0,0,0,0,0,1,0,2
e_405,0,1,1,0,2,0,0,1,1,0,1,0,0,0,0,0,0,0,0,0,0,2
e_406,1,1,1,0,2,0,0,1,1,0,1,0,0,0,0,0,0,0,0,1,1,1
e_407,0,0,2,0,1,0,0,1,2,0,1,0,0,0,0,0,0,0,0,1,0,2
e_408,0,0,2,0,1,0,0,1,2,0,1,0,0,0,0,0,0,0,0,0,0,1
e_409,0,1,0,0,2,0,0,1,4,0,3,0,2,0,0,0,0,0,0,1,4,4
e_410,0,0,2,0,1,0,0,1,4,0,1,0,0,0,0,0,0,0,0,1,0,2
e_411,0,0,0,1,3,0,1,1,1,1,0,1,1,0,0,0,0,0,1,0,0,1
e_412,0,1,0,0,2,0,0,1,1,0,3,0,2,0,0,0,0,0,0,1,0,4
e_413,0,1,1,0,2,0,0,1,1,0,3,0,2,0,0,0,0,0,0,0,4,1
p_414,0,1,0,0,0,0,0,0,0,0,0,0,0,0,0,0,0,0,0,0,3,1
e_415,1,1,1,0,1,0,0,1,4,0,1,0,0,0,0,0,0,0,0,1,1,1
e_416,0,2,2,0,2,0,1,0,3,1,2,0,0,0,0,0,0,0,0,2,3,3
p_417,0,0,0,0,0,0,0,0,4,0,0,0,0,0,0,0,0,0,0,0,0,0
e_418,0,1,1,0,2,0,0,1,0,0,1,0,0,0,0,0,0,0,0,0,1,1
e_419,3,2,3,1,3,0,1,1,5,1,0,1,1,0,0,0,0,0,1,1,2,1
e_420,0,1,2,0,2,0,0,1,1,0,1,0,0,0,0,0,0,0,0,0,0,1
e_421,1,1,2,0,1,0,0,1,4,0,1,0,0,0,0,0,0,0,0,1,0,2
p_422,0,1,0,0,0,0,0,0,3,0,0,0,0,0,0,0,0,0,0,1,0,0
e_423,3,1,0,0,2,0,0,1,4,0,3,0,2,0,0,0,0,0,0,0,0,1
e_424,0,0,2,0,2,0,0,1,1,0,1,0,0,0,0,0,0,0,0,1,1,2
e_425,0,0,2,0,1,0,1,0,1,1,2,0,0,0,0,0,0,0,0,1,3,3
e_426,3,1,0,0,1,0,0,1,1,0,3,0,2,0,0,0,0,0,0,1,4,4
e_427,1,0,2,0,1,0,0,1,0,0,1,0,0,0,0,0,0,0,0,1,1,2
e_428,0,0,2,1,3,0,1,1,3,1,0,1,1,0,0,0,0,0,1,0,2,1
e_429,3,2,3,1,3,0,0,0,1,0,0,0,0,0,0,0,0,0,0,1,3,0
e_430,0,1,2,0,1,0,0,1,2,0,1,0,0,0,0,0,0,0,0,1,0,1
e_431,0,1,1,0,2,0,0,1,1,0,3,0,2,0,0,0,0,0,0,1,4,1
e_432,1,0,1,0,2,0,0,1,2,0,1,0,0,0,0,0,0,0,0,1,0,1
e_433,1,0,1,0,2,0,0,1,4,0,1,0,0,0,0,0,0,0,0,0,0,1
e_434,3,0,2,0,2,0,1,0,1,1,2,0,0,0,0,0,0,0,0,1,3,3
e_435,1,0,2,0,1,0,0,1,4,0,1,0,0,0,0,0,0,0,0,0,1,2
e_436,0,2,1,0,1,0,1,0,1,1,2,0,0,0,0,0,0,0,0,2,3,3
e_437,0,1,2,0,2,0,0,1,2,0,1,0,0,0,0,0,0,0,0,1,1,2
e_438,1,1,1,0,2,0,0,1,0,0,1,0,0,0,0,0,0,0,0,1,1,2
e_439,0,1,0,0,1,0,0,1,3,0,3,0,2,0,0,0,0,0,0,1,4,4
e_440,0,1,2,0,2,0,0,1,1,0,1,0,0,0,0,0,0,0,0,0,0,2
e_441,0,1,2,0,2,0,0,1,2,0,1,0,0,0,0,0,0,0,0,0,0,2
e_442,0,1,1,0,1,0,0,1,3,0,3,0,2,0,0,0,0,0,0,0,4,4
e_443,0,1,2,0,2,0,0,1,1,0,1,0,0,0,0,0,0,0,0,0,1,2
e_444,0,0,1,0,2,0,0,1,4,0,1,0,0,0,0,0,0,0,0,0,1,2
e_445,0,1,0,0,2,0,0,1,3,0,3,0,2,0,0,0,0,0,0,0,0,1
e_446,0,0,2,0,2,0,0,1,1,0,1,0,0,0,0,0,0,0,0,1,1,1
e_447,3,1,0,0,2,0,0,1,1,0,3,0,2,0,0,0,0,0,0,0,0,1
e_448,1,0,2,0,2,0,0,1,4,0,1,0,0,0,0,0,0,0,0,0,0,2
e_449,0,2,0,0,3,0,0,1,1,1,2,0,0,1,1,0,0,0,0,1,4,3
e_450,0,1,2,0,2,0,0,1,0,0,1,0,0,0,0,0,0,0,0,1,0,2
e_451,1,0,2,0,2,0,0,1,2,0,1,0,0,0,0,0,0,0,0,0,1,1
e_452,1,0,1,0,2,0,0,1,2,0,1,0,0,0,0,0,0,0,0,0,1,2
e_453,0,2,1,0,2,0,1,0,3,1,2,0,0,0,0,0,0,0,0,1,3,3
e_454,1,0,2,0,2,0,0,1,2,0,1,0,0,0,0,0,0,0,0,1,1,2
e_455,0,0,3,1,3,0,1,1,5,1,0,0,1,0,0,0,0,0,1,0,2,1
e_456,1,0,2,0,1,0,0,1,0,0,1,0,0,0,0,0,0,0,0,1,1,1
e_457,1,0,1,0,2,0,0,1,4,0,1,0,0,0,0,0,0,0,0,0,0,2
e_458,3,1,1,0,1,0,0,1,1,0,3,0,2,0,0,0,0,0,0,0,4,4
e_459,3,1,0,0,1,0,0,1,4,0,3,0,2,0,0,0,0,0,0,1,4,4
e_460,0,0,2,0,1,0,0,1,0,0,1,0,0,0,0,0,0,0,0,1,0,2
e_461,3,1,1,0,2,0,0,1,1,0,3,0,2,0,0,0,0,0,0,1,0,1
e_462,1,0,2,0,1,0,0,1,2,0,1,0,0,0,0,0,0,0,0,0,0,1
e_463,0,1,1,0,1,0,0,1,4,0,1,0,0,0,0,0,0,0,0,1,1,2
e_464,0,2,0,1,3,0,0,0,0,0,0,0,0,0,0,0,0,0,0,0,3,0
e_465,3,1,0,0,1,0,0,1,3,0,3,0,2,0,0,0,0,0,0,1,4,1
e_466,0,0,2,0,1,0,0,1,2,0,1,0,0,0,0,0,0,0,0,0,1,2
e_467,0,0,1,0,2,0,0,1,2,0,1,0,0,0,0,0,0,0,0,0,1,1
e_468,1,1,1,0,2,0,0,1,2,0,1,0,0,0,0,0,0,0,0,0,1,1
e_469,3,1,1,0,1,0,0,1,4,0,3,0,2,0,0,0,0,0,0,1,0,4
e_470,0,1,1,0,2,0,0,1,2,0,1,0,0,0,0,0,0,0,0,0,1,1
e_471,0,1,2,0,1,0,0,1,4,0,1,0,0,0,0,0,0,0,0,0,1,2
e_472,3,2,2,0,1,0,1,0,1,1,2,0,0,0,0,0,0,0,0,2,3,3
e_473,2,2,3,1,3,0,0,0,0,0,0,0,0,0,0,0,0,0,0,0,4,0
e_474,3,0,1,0,2,0,1,0,1,1,2,0,0,0,0,0,0,0,0,1,3,3
e_475,3,2,3,1,3,0,0,0,0,0,0,0,0,0,0,0,0,0,0,0,4,0
e_476,0,2,0,1,3,0,0,0,3,0,0,0,0,0,0,0,0,0,0,1,4,0
e_477,1,1,2,0,1,0,0,1,4,0,1,0,0,0,0,0,0,0,0,1,1,1
e_478,0,0,2,0,1,0,1,0,3,1,2,0,0,0,0,0,0,0,0,1,3,3
e_479,1,1,1,0,2,0,0,1,1,0,1,0,0,0,0,0,0,0,0,0,0,2
e_480,1,1,1,0,1,0,0,1,0,0,1,0,0,0,0,0,0,0,0,0,0,2
e_481,1,1,1,0,2,0,0,1,2,0,1,0,0,0,0,0,0,0,0,0,0,1
e_482,3,0,2,0,2,0,1,0,3,1,2,0,0,0,0,0,0,0,0,2,3,3
e_483,3,2,3,1,3,0,0,0,2,0,0,0,0,0,0,0,0,0,0,0,4,0
e_484,3,0,2,0,1,0,1,0,4,1,2,0,0,0,0,0,0,0,0,1,3,3
e_485,3,1,1,0,1,0,0,1,3,0,3,0,2,0,0,0,0,0,0,0,4,1
e_486,0,1,2,0,2,0,0,1,4,0,1,0,0,0,0,0,0,0,0,1,0,2
e_487,2,2,0,1,3,0,0,0,3,0,0,0,0,0,0,0,0,0,0,1,4,0
e_488,0,1,0,0,2,0,0,1,1,0,3,0,2,0,0,0,0,0,0,0,0,4
e_489,0,1,0,0,1,0,0,1,1,0,3,0,2,0,0,0,0,0,0,0,0,4
e_490,3,2,1,0,1,0,1,0,1,1,2,0,0,0,0,0,0,0,0,2,3,3
p_491,3,0,0,0,0,0,0,0,3,0,0,0,0,0,0,0,0,0,0,1,0,1
p_492,0,0,0,0,0,0,0,0,0,0,0,0,0,0,0,0,0,0,0,1,3,0
e_493,3,1,0,0,2,0,0,1,4,0,3,0,2,0,0,0,0,0,0,1,0,4
e_494,0,1,1,0,1,0,0,1,4,0,3,0,2,0,0,0,0,0,0,0,0,1
e_495,1,0,1,0,1,0,0,1,0,0,1,0,0,0,0,0,0,0,0,1,1,2
e_496,3,2,2,1,3,0,1,1,5,1,0,1,0,0,0,0,0,0,1,1,2,1
e_497,3,1,0,0,1,0,0,1,3,0,3,0,2,0,0,0,0,0,0,1,0,1
e_498,0,1,2,0,1,0,0,1,1,0,1,0,0,0,0,0,0,0,0,1,0,1
e_499,1,0,1,0,2,0,0,1,4,0,1,0,0,0,0,0,0,0,0,0,1,2
e_500,0,0,1,0,1,0,0,1,4,0,1,0,0,0,0,0,0,0,0,1,1,1
e_501,1,1,1,0,1,0,0,1,2,0,1,0,0,0,0,0,0,0,0,0,1,1
e_502,0,0,2,0,2,0,0,1,2,0,1,0,0,0,0,0,0,0,0,0,1,2
e_503,1,0,1,0,1,0,0,1,4,0,1,0,0,0,0,0,0,0,0,0,0,2
e_504,1,1,1,0,1,0,0,1,4,0,1,0,0,0,0,0,0,0,0,1,0,1
p_505,0,0,0,0,0,0,0,0,1,0,0,0,0,0,0,0,0,0,0,1,3,1
e_506,0,0,3,1,3,0,1,1,3,1,0,0,0,0,0,0,0,0,1,1,0,1
e_507,3,0,0,1,3,0,1,1,3,1,0,1,0,0,0,0,0,0,1,1,2,1
e_508,0,2,2,0,1,0,1,0,1,1,2,0,0,0,0,0,0,0,0,1,3,3
e_509,3,2,3,1,3,0,0,0,3,0,0,0,0,0,0,0,0,0,0,1,3,0
e_510,3,2,0,1,3,0,0,0,0,0,0,0,0,0,0,0,0,0,0,1,4,0
e_511,1,1,1,0,1,0,0,1,0,0,1,0,0,0,0,0,0,0,0,0,0,1
e_512,0,2,2,0,1,0,1,0,1,1,2,0,0,0,0,0,0,0,0,2,3,3
e_513,2,2,3,1,3,0,0,0,1,0,0,0,0,0,0,0,0,0,0,1,3,0
e_514,0,2,0,1,3,0,0,0,0,0,0,0,0,0,0,0,0,0,0,1,3,0
e_515,0,2,2,1,3,0,1,1,5,1,0,1,0,0,0,0,0,0,1,1,2,1
e_516,0,1,0,0,2,0,0,1,1,0,3,0,2,0,0,0,0,0,0,0,4,4
e_517,1,0,1,0,1,0,0,1,0,0,1,0,0,0,0,0,0,0,0,0,1,1
e_518,0,1,2,0,2,0,0,1,0,0,1,0,0,0,0,0,0,0,0,0,0,1
e_519,0,1,1,0,1,0,0,1,0,0,1,0,0,0,0,0,0,0,0,1,1,1
e_520,0,0,2,0,2,0,0,1,4,0,1,0,0,0,0,0,0,0,0,0,1,2
e_521,1,0,2,0,2,0,0,1,1,0,1,0,0,0,0,0,0,0,0,0,0,1
e_522,3,1,1,0,1,0,0,1,3,0,3,0,2,0,0,0,0,0,0,1,4,4
p_523,0,0,0,0,0,0,0,0,1,0,0,0,0,0,0,0,0,0,0,1,0,0
e_524,3,2,3,1,3,0,0,0,1,0,0,0,0,0,0,0,0,0,0,0,4,0
e_525,1,0,1,0,2,0,0,1,4,0,1,0,0,0,0,0,0,0,0,1,0,1
e_526,3,1,0,0,1,0,0,1,4,0,3,0,2,0,0,0,0,0,0,1,0,4
e_527,0,0,1,0,1,0,0,1,0,0,1,0,0,0,0,0,0,0,0,1,0,2
e_528,0,2,0,1,3,0,0,0,0,0,0,0,0,0,0,0,0,0,0,0,4,0
e_529,3,1,1,0,1,0,0,1,4,0,3,0,2,0,0,0,0,0,0,1,4,4
e_530,0,1,0,0,1,0,0,1,1,0,3,0,2,0,0,0,0,0,0,1,4,4
e_531,0,0,2,0,1,0,0,1,1,0,1,0,0,0,0,0,0,0,0,0,0,1
p_532,0,1,2,0,0,0,0,0,1,0,0,0,0,0,0,0,0,0,0,0,0,1
e_533,3,1,0,0,2,0,0,1,4,0,3,0,2,0,0,0,0,0,0,0,4,4
p_534,3,0,0,0,0,0,0,0,0,0,0,0,0,0,0,0,0,0,0,0,0,1
e_535,0,2,2,1,3,0,1,1,0,1,0,1,0,0,0,0,0,0,1,0,0,1
e_536,1,1,2,0,1,0,0,1,0,0,1,0,0,0,0,0,0,0,0,0,0,2
e_537,2,2,0,1,3,0,0,0,3,0,0,0,0,0,0,0,0,0,0,0,3,0
e_538,0,1,1,0,2,0,0,1,2,0,1,0,0,0,0,0,0,0,0,1,0,2
e_539,3,0,2,0,1,0,1,0,3,1,2,0,0,0,0,0,0,0,0,2,3,3
e_540,0,0,1,0,1,0,0,1,1,0,1,0,0,0,0,0,0,0,0,0,0,2
e_541,3,2,3,1,3,0,1,1,3,1,0,0,1,0,0,0,0,0,1,0,0,1
p_542,0,1,2,0,0,0,0,0,1,0,0,0,0,0,0,0,0,0,0,1,0,1
e_543,0,1,1,0,1,0,0,1,3,0,3,0,2,0,0,0,0,0,0,0,0,1
e_544,3,2,0,1,3,0,1,1,1,1,0,0,0,0,0,0,0,0,1,0,2,1
e_545,0,0,2,0,1,0,0,1,4,0,1,0,0,0,0,0,0,0,0,0,0,2
e_546,1,1,1,0,2,0,0,1,2,0,1,0,0,0,0,0,0,0,0,1,0,2
e_547,3,2,3,1,3,0,0,0,2,0,0,0,0,0,0,0,0,0,0,1,3,0
e_548,0,2,1,0,2,0,1,0,3,1,2,0,0,0,0,0,0,0,0,2,3,3
e_549,0,0,1,0,1,0,0,1,2,0,1,0,0,0,0,0,0,0,0,1,1,2
e_550,3,2,0,1,3,0,0,0,1,0,0,0,0,0,0,0,0,0,0,1,4,0
e_551,0,2,3,1,3,0,1,1,5,1,0,1,0,0,0,0,0,0,1,1,0,1
e_552,0,1,1,0,2,0,0,1,3,0,3,0,2,0,0,0,0,0,0,0,0,4
e_553,3,0,2,0,2,0,1,0,3,1,2,0,0,0,0,0,0,0,0,1,3,3
e_554,0,0,1,0,2,0,0,1,0,0,1,0,0,0,0,0,0,0,0,0,0,1
e_555,3,1,1,0,1,0,0,1,3,0,3,0,2,0,0,0,0,0,0,0,4,4
p_556,0,1,0,0,0,0,0,0,0,0,0,0,0,0,0,0,0,0,0,0,3,0
e_557,0,2,2,0,2,0,1,0,4,1,2,0,0,0,0,0,0,0,0,2,3,3
e_558,0,0,2,0,2,0,0,1,4,0,1,0,0,0,0,0,0,0,0,0,1,1
e_559,0,1,1,0,1,0,0,1,2,0,1,0,0,0,0,0,0,0,0,1,1,2
e_560,1,0,1,0,1,0,0,1,2,0,1,0,0,0,0,0,0,0,0,1,0,1
e_561,0,0,1,0,1,0,1,0,4,1,2,0,0,0,0,0,0,0,0,2,3,3
e_562,0,0,1,0,1,0,1,0,1,1,2,0,0,0,0,0,0,0,0,2,3,3
e_563,0,2,2,1,3,0,1,1,1,1,0,1,0,0,0,0,0,0,1,0,0,1
e_564,1,0,2,0,1,0,0,1,4,0,1,0,0,0,0,0,0,0,0,1,0,2
p_565,0,1,2,0,0,0,0,0,4,0,0,0,0,0,0,0,0,0,0,0,3,1
e_566,0,1,1,0,1,0,0,1,2,0,1,0,0,0,0,0,0,0,0,1,1,1
e_567,3,0,3,1,3,0,1,1,0,1,0,0,1,0,0,0,0,0,1,0,0,1
p_568,0,0,0,0,0,0,0,0,1,0,0,0,0,0,0,0,0,0,0,1,0,1
e_569,1,1,2,0,1,0,0,1,4,0,1,0,0,0,0,0,0,0,0,0,1,2
e_570,0,0,2,0,1,0,0,1,0,0,1,0,0,0,0,0,0,0,0,0,1,2
e_571,3,2,1,0,2,0,1,0,1,1,2,0,0,0,0,0,0,0,0,1,3,3
e_572,0,0,1,0,1,0,0,1,0,0,1,0,0,0,0,0,0,0,0,0,1,1
e_573,1,1,2,0,2,0,0,1,4,0,1,0,0,0,0,0,0,0,0,0,1,1
e_574,0,1,0,0,1,0,0,1,4,0,3,0,2,0,0,0,0,0,0,1,4,1
e_575,0,0,1,0,2,0,0,1,4,0,1,0,0,0,0,0,0,0,0,1,0,1
e_576,0,2,0,1,3,0,0,0,3,0,0,0,0,0,0,0,0,0,0,1,3,0
e_577,0,0,1,0,2,0,0,1,1,0,1,0,0,0,0,0,0,0,0,1,0,1
e_578,0,1,1,0,2,0,0,1,4,0,3,0,2,0,0,0,0,0,0,1,4,1
p_579,0,0,0,0,0,0,0,0,4,0,0,0,0,0,0,0,0,0,0,1,0,1
e_580,0,0,2,0,1,0,0,1,2,0,1,0,0,0,0,0,0,0,0,1,1,2
e_581,0,0,1,0,1,0,0,1,4,0,1,0,0,0,0,0,0,0,0,1,0,2
e_582,0,1,2,0,2,0,0,1,0,0,1,0,0,0,0,0,0,0,0,0,1,1
e_583,0,1,1,0,1,0,0,1,1,0,3,0,2,0,0,0,0,0,0,1,4,1
e_584,3,1,1,0,1,0,0,1,4,0,3,0,2,0,0,0,0,0,0,0,0,1
e_585,0,1,2,0,1,0,0,1,0,0,1,0,0,0,0,0,0,0,0,1,0,2
e_586,2,2,3,1,3,0,0,0,2,0,0,0,0,0,0,0,0,0,0,0,3,0
e_587,3,2,0,1,3,0,0,0,1,0,0,0,0,0,0,0,0,0,0,0,4,0
e_588,2,2,3,1,3,0,0,0,1,0,0,0,0,0,0,0,0,0,0,0,3,0
e_589,0,1,2,0,1,0,0,1,1,0,1,0,0,0,0,0,0,0,0,0,1,2
p_590,0,0,2,0,0,0,0,0,0,0,0,0,0,0,0,0,0,0,0,0,0,0
e_591,0,0,3,1,3,0,1,1,5,1,0,0,1,0,0,0,0,0,1,0,0,1
e_592,0,1,1,0,2,0,0,1,2,0,1,0,0,0,0,0,0,0,0,0,0,1
p_593,0,1,2,0,0,0,0,0,0,0,0,0,0,0,0,0,0,0,0,1,0,1
e_594,0,0,1,0,1,0,0,1,2,0,1,0,0,0,0,0,0,0,0,0,1,2
p_595,0,0,0,0,0,0,0,0,3,0,0,0,0,0,0,0,0,0,0,0,3,0
e_596,1,0,1,0,2,0,0,1,1,0,1,0,0,0,0,0,0,0,0,0,1,2
e_597,1,1,2,0,2,0,0,1,2,0,1,0,0,0,0,0,0,0,0,0,0,2
p_598,0,1,2,0,0,0,0,0,3,0,0,0,0,0,0,0,0,0,0,1,0,1
p_599,0,0,0,0,0,0,0,0,1,0,0,0,0,0,0,0,0,0,0,0,0,0
e_600,0,0,3,1,3,0,1,1,1,1,0,0,1,0,0,0,0,0,1,1,2,1
e_601,0,1,0,0,2,0,0,1,4,0,3,0,2,0,0,0,0,0,0,1,4,1
e_602,3,2,2,1,3,0,1,1,0,1,0,1,1,0,0,0,0,0,1,1,2,1
e_603,3,1,0,0,2,0,0,1,1,0,3,0,2,0,0,0,0,0,0,1,0,4
e_604,1,1,2,0,2,0,0,1,4,0,1,0,0,0,0,0,0,0,0,0,0,2
e_605,1,0,2,0,1,0,0,1,1,0,1,0,0,0,0,0,0,0,0,0,1,1
e_606,0,0,3,1,3,0,1,1,1,1,0,0,1,0,0,0,0,0,1,1,0,1
e_607,3,1,0,0,1,0,0,1,1,0,3,0,2,0,0,0,0,0,0,0,4,1
e_608,0,0,2,0,2,0,0,1,4,0,1,0,0,0,0,0,0,0,0,0,0,2
e_609,3,2,3,1,3,0,0,0,1,0,0,0,0,0,0,0,0,0,0,0,3,0
e_610,3,0,0,1,3,0,1,1,5,1,0,1,0,0,0,0,0,0,1,1,2,1
e_611,0,2,3,1,3,0,1,1,1,1,0,0,1,0,0,0,0,0,1,1,0,1
e_612,3,0,2,1,3,0,1,1,3,1,0,0,1,0,0,0,0,0,1,0,2,1
p_613,0,0,2,0,0,0,0,0,0,0,0,0,0,0,0,0,0,0,0,1,0,0
e_614,0,1,1,0,2,0,0,1,3,0,3,0,2,0,0,0,0,0,0,0,0,1
e_615,1,0,2,0,2,0,0,1,2,0,1,0,0,0,0,0,0,0,0,0,0,1
e_616,3,2,3,1,3,0,1,1,3,1,0,0,0,0,0,0,0,0,1,0,2,1
e_617,1,1,2,0,2,0,0,1,2,0,1,0,0,0,0,0,0,0,0,0,0,1
e_618,1,0,1,0,1,0,0,1,1,0,1,0,0,0,0,0,0,0,0,1,1,2
e_619,2,2,3,1,3,0,0,0,1,0,0,0,0,0,0,0,0,0,0,1,4,0
e_620,3,1,1,0,2,0,0,1,3,0,3,0,2,0,0,0,0,0,0,0,0,1
e_621,1,0,2,0,2,0,0,1,4,0,1,0,0,0,0,0,0,0,0,1,1,1
e_622,0,2,2,0,2,0,1,0,1,1,2,0,0,0,0,0,0,0,0,2,3,3
e_623,3,1,1,0,1,0,0,1,1,0,3,0,2,0,0,0,0,0,0,0,0,4
e_624,3,2,3,1,3,0,0,0,3,0,0,0,0,0,0,0,0,0,0,0,4,0
e_625,0,0,2,0,2,0,0,1,2,0,1,0,0,0,0,0,0,0,0,0,0,2
e_626,3,2,1,0,2,0,1,0,4,1,2,0,0,0,0,0,0,0,0,2,3,3
e_627,2,2,3,1,3,0,0,0,3,0,0,0,0,0,0,0,0,0,0,0,4,0
e_628,1,1,2,0,1,0,0,1,2,0,1,0,0,0,0,0,0,0,0,1,0,1
e_629,1,0,2,0,1,0,0,1,0,0,1,0,0,0,0,0,0,0,0,0,1,1
e_630,3,2,0,1,3,0,1,1,1,1,0,0,0,0,0,0,0,0,1,1,0,1
e_631,1,1,1,0,1,0,0,1,0,0,1,0,0,0,0,0,0,0,0,0,1,2
e_632,0,2,0,0,3,0,0,1,1,1,2,0,0,0,2,0,0,0,0,0,3,3
e_633,0,1,0,0,2,0,0,1,1,0,3,0,2,0,0,0,0,0,0,0,0,1
e_634,0,1,0,0,1,0,0,1,3,0,3,0,2,0,0,0,0,0,0,1,0,1
e_635,1,1,1,0,1,0,0,1,4,0,1,0,0,0,0,0,0,0,0,1,0,2
e_636,3,1,1,0,1,0,0,1,3,0,3,0,2,0,0,0,0,0,0,0,0,1
e_637,0,1,1,0,2,0,0,1,1,0,1,0,0,0,0,0,0,0,0,0,1,2
e_638,0,0,0,1,3,0,1,1,5,1,0,0,0,0,0,0,0,0,1,0,0,1
e_639,0,1,2,0,1,0,0,1,2,0,1,0,0,0,0,0,0,0,0,0,0,2
e_640,1,1,1,0,2,0,0,1,4,0,1,0,0,0,0,0,0,0,0,0,1,2
e_641,0,1,0,0,1,0,0,1,1,0,3,0,2,0,0,0,0,0,0,1,4,1
e_642,3,1,0,0,2,0,0,1,4,0,3,0,2,0,0,0,0,0,0,0,0,4
e_643,3,1,0,0,1,0,0,1,4,0,3,0,2,0,0,0,0,0,0,0,4,1
e_644,3,1,1,0,2,0,0,1,1,0,3,0,2,0,0,0,0,0,0,0,0,4
e_645,0,0,1,0,2,0,1,0,1,1,2,0,0,0,0,0,0,0,0,2,3,3
e_646,1,1,2,0,1,0,0,1,2,0,1,0,0,0,0,0,0,0,0,0,0,2
e_647,1,0,2,0,2,0,0,1,0,0,1,0,0,0,0,0,0,0,0,0,1,2
e_648,0,1,1,0,1,0,0,1,1,0,1,0,0,0,0,0,0,0,0,0,0,1
e_649,3,2,2,0,2,0,1,0,3,1,2,0,0,0,0,0,0,0,0,2,3,3
e_650,0,0,1,0,1,0,0,1,1,0,1,0,0,0,0,0,0,0,0,0,0,1
e_651,1,0,1,0,2,0,0,1,1,0,1,0,0,0,0,0,0,0,0,1,1,2
e_652,3,1,1,0,1,0,0,1,4,0,3,0,2,0,0,0,0,0,0,0,4,1
p_653,0,1,0,0,0,0,0,0,4,0,0,0,0,0,0,0,0,0,0,0,0,1
p_654,0,1,2,0,0,0,0,0,4,0,0,0,0,0,0,0,0,0,0,0,3,0
e_655,0,0,1,0,2,0,0,1,2,0,1,0,0,0,0,0,0,0,0,1,0,1
e_656,3,2,2,1,3,0,1,1,0,1,0,0,0,0,0,0,0,0,1,1,0,1
e_657,1,0,1,0,1,0,0,1,2,0,1,0,0,0,0,0,0,0,0,0,1,1
e_658,0,1,1,0,2,0,0,1,4,0,3,0,2,0,0,0,0,0,0,0,4,4
e_659,3,2,3,1,3,0,0,0,0,0,0,0,0,0,0,0,0,0,0,1,4,0
e_660,1,0,2,0,1,0,0,1,1,0,1,0,0,0,0,0,0,0,0,0,0,1
e_661,0,0,2,0,2,0,0,1,0,0,1,0,0,0,0,0,0,0,0,0,0,2
p_662,0,1,0,0,0,0,0,0,1,0,0,0,0,0,0,0,0,0,0,0,0,1
p_663,0,0,0,0,0,0,0,0,0,0,0,0,0,0,0,0,0,0,0,1,0,1
e_664,1,0,2,0,2,0,0,1,2,0,1,0,0,0,0,0,0,0,0,1,0,1
e_665,1,0,1,0,1,0,0,1,4,0,1,0,0,0,0,0,0,0,0,1,1,2
e_666,3,1,0,0,1,0,0,1,4,0,3,0,2,0,0,0,0,0,0,1,0,1
e_667,0,1,1,0,2,0,0,1,3,0,3,0,2,0,0,0,0,0,0,1,4,1
e_668,3,1,1,0,2,0,0,1,1,0,3,0,2,0,0,0,0,0,0,1,4,4
e_669,0,1,2,0,1,0,0,1,4,0,1,0,0,0,0,0,0,0,0,1,1,1
e_670,0,0,1,0,1,0,0,1,0,0,1,0,0,0,0,0,0,0,0,0,0,1
e_671,3,2,0,1,3,0,0,0,3,0,0,0,0,0,0,0,0,0,0,1,3,0
e_672,3,2,0,1,3,0,1,1,3,1,0,0,0,0,0,0,0,0,1,0,2,1
e_673,0,2,1,0,2,0,1,0,4,1,2,0,0,0,0,0,0,0,0,2,3,3
e_674,3,1,1,0,2,0,0,1,4,0,3,0,2,0,0,0,0,0,0,1,0,4
e_675,3,2,0,1,3,0,0,0,2,0,0,0,0,0,0,0,0,0,0,0,4,0
e_676,3,2,3,1,3,0,0,0,0,0,0,0,0,0,0,0,0,0,0,1,3,0
e_677,0,1,0,0,2,0,0,1,1,0,3,0,2,0,0,0,0,0,0,1,4,1
e_678,0,1,1,0,2,0,0,1,4,0,3,0,2,0,0,0,0,0,0,1,4,4
e_679,1,0,2,0,1,0,0,1,2,0,1,0,0,0,0,0,0,0,0,0,0,2
e_680,0,0,2,0,2,0,1,0,1,1,2,0,0,0,0,0,0,0,0,1,3,3
e_681,0,1,2,0,1,0,0,1,1,0,1,0,0,0,0,0,0,0,0,1,1,2
e_682,0,2,1,0,1,0,1,0,4,1,2,0,0,0,0,0,0,0,0,2,3,3
e_683,1,0,1,0,1,0,0,1,4,0,1,0,0,0,0,0,0,0,0,0,1,1
e_684,0,2,0,0,3,0,0,1,3,1,2,0,0,2,0,0,0,0,0,1,3,3
e_685,0,1,2,0,1,0,0,1,2,0,1,0,0,0,0,0,0,0,0,0,1,2
e_686,3,2,3,1,3,0,0,0,0,0,0,0,0,0,0,0,0,0,0,0,3,0
e_687,1,1,2,0,1,0,0,1,1,0,1,0,0,0,0,0,0,0,0,1,0,2
e_688,0,1,1,0,2,0,0,1,4,0,1,0,0,0,0,0,0,0,0,0,1,2
e_689,0,0,2,0,1,0,0,1,0,0,1,0,0,0,0,0,0,0,0,0,0,1
e_690,1,0,1,0,1,0,0,1,4,0,1,0,0,0,0,0,0,0,0,0,0,1
e_691,1,1,2,0,2,0,0,1,0,0,1,0,0,0,0,0,0,0,0,0,0,1
e_692,0,1,0,0,1,0,0,1,3,0,3,0,2,0,0,0,0,0,0,1,0,4
e_693,3,0,3,1,3,0,1,1,0,1,0,1,0,0,0,0,0,0,1,1,2,1
p_694,0,1,0,0,0,0,0,0,3,0,0,0,0,0,0,0,0,0,0,1,0,1
e_695,1,1,2,0,1,0,0,1,1,0,1,0,0,0,0,0,0,0,0,1,0,1
e_696,1,0,1,0,1,0,0,1,4,0,1,0,0,0,0,0,0,0,0,1,0,2
p_697,0,1,0,0,0,0,0,0,4,0,0,0,0,0,0,0,0,0,0,0,3,1
p_698,0,0,0,0,0,0,0,0,3,0,0,0,0,0,0,0,0,0,0,1,3,0
e_699,3,0,0,1,3,0,1,1,1,1,0,1,0,0,0,0,0,0,1,1,2,1
p_700,0,0,0,0,0,0,0,0,4,0,0,0,0,0,0,0,0,0,0,0,0,1
e_701,3,2,3,1,3,0,1,1,5,1,0,0,1,0,0,0,0,0,1,1,2,1
e_702,0,1,1,0,2,0,0,1,1,0,3,0,2,0,0,0,0,0,0,0,0,4
e_703,1,1,2,0,2,0,0,1,0,0,1,0,0,0,0,0,0,0,0,0,1,2
e_704,3,1,1,0,2,0,0,1,3,0,3,0,2,0,0,0,0,0,0,1,0,4
e_705,3,1,1,0,2,0,0,1,3,0,3,0,2,0,0,0,0,0,0,0,4,4
e_706,1,1,1,0,2,0,0,1,0,0,1,0,0,0,0,0,0,0,0,0,1,2
e_707,2,2,0,1,3,0,0,0,3,0,0,0,0,0,0,0,0,0,0,0,4,0
e_708,0,0,2,0,1,0,0,1,0,0,1,0,0,0,0,0,0,0,0,1,1,2
e_709,1,1,1,0,1,0,0,1,2,0,1,0,0,0,0,0,0,0,0,0,1,2
e_710,3,1,1,0,1,0,0,1,4,0,3,0,2,0,0,0,0,0,0,0,0,4
e_711,3,0,0,1,3,0,1,1,3,1,0,1,1,0,0,0,0,0,1,1,2,1
e_712,0,0,2,0,2,0,0,1,4,0,1,0,0,0,0,0,0,0,0,1,0,2
e_713,1,1,1,0,2,0,0,1,4,0,1,0,0,0,0,0,0,0,0,1,1,1
e_714,1,1,1,0,2,0,0,1,0,0,1,0,0,0,0,0,0,0,0,0,0,1
e_715,1,1,1,0,1,0,0,1,1,0,1,0,0,0,0,0,0,0,0,1,0,2
e_716,1,0,2,0,2,0,0,1,0,0,1,0,0,0,0,0,0,0,0,1,0,2
e_717,0,1,1,0,1,0,0,1,1,0,3,0,2,0,0,0,0,0,0,0,0,4
e_718,0,1,0,0,1,0,0,1,1,0,3,0,2,0,0,0,0,0,0,1,0,1
e_719,2,2,0,1,3,0,0,0,2,0,0,0,0,0,0,0,0,0,0,0,3,0
e_720,3,1,0,0,1,0,0,1,1,0,3,0,2,0,0,0,0,0,0,1,0,1
e_721,0,0,2,0,1,0,0,1,0,0,1,0,0,0,0,0,0,0,0,0,1,1
e_722,3,0,1,0,2,0,1,0,4,1,2,0,0,0,0,0,0,0,0,1,3,3
e_723,0,0,0,1,3,0,1,1,3,1,0,0,0,0,0,0,0,0,1,1,2,1
e_724,3,1,1,0,1,0,0,1,1,0,3,0,2,0,0,0,0,0,0,0,0,1
p_725,0,1,0,0,0,0,0,0,0,0,0,0,0,0,0,0,0,0,0,1,3,1
e_726,0,0,2,0,2,0,0,1,4,0,1,0,0,0,0,0,0,0,0,1,1,1
e_727,0,2,2,1,3,0,1,1,5,1,0,1,0,0,0,0,0,0,1,1,0,1
e_728,1,0,2,0,1,0,0,1,1,0,1,0,0,0,0,0,0,0,0,1,0,2
e_729,0,1,2,0,2,0,0,1,4,0,1,0,0,0,0,0,0,0,0,0,0,2
e_730,3,1,1,0,2,0,0,1,4,0,3,0,2,0,0,0,0,0,0,0,4,1
e_731,0,2,0,1,3,0,1,1,1,1,0,1,0,0,0,0,0,0,1,1,0,1
p_732,0,0,2,0,0,0,0,0,0,0,0,0,0,0,0,0,0,0,0,1,0,1
p_733,0,1,2,0,0,0,0,0,3,0,0,0,0,0,0,0,0,0,0,0,0,0
e_734,0,1,2,0,2,0,0,1,2,0,1,0,0,0,0,0,0,0,0,0,1,1
e_735,1,1,2,0,1,0,0,1,4,0,1,0,0,0,0,0,0,0,0,1,0,1
e_736,0,2,2,0,1,0,1,0,4,1,2,0,0,0,0,0,0,0,0,1,3,3
p_737,0,1,2,0,0,0,0,0,4,0,0,0,0,0,0,0,0,0,0,0,0,0
e_738,0,0,2,0,2,0,0,1,2,0,1,0,0,0,0,0,0,0,0,0,0,1
e_739,0,2,3,1,3,0,0,0,3,0,0,0,0,0,0,0,0,0,0,0,3,0
e_740,0,2,0,1,3,0,0,0,3,0,0,0,0,0,0,0,0,0,0,0,3,0
e_741,1,0,2,0,1,0,0,1,1,0,1,0,0,0,0,0,0,0,0,0,0,2
e_742,0,1,0,0,1,0,0,1,3,0,3,0,2,0,0,0,0,0,0,0,0,1
e_743,1,1,2,0,1,0,0,1,0,0,1,0,0,0,0,0,0,0,0,1,1,2
e_744,3,1,1,0,2,0,0,1,1,0,3,0,2,0,0,0,0,0,0,1,0,4
e_745,0,1,2,0,2,0,0,1,1,0,1,0,0,0,0,0,0,0,0,1,1,1
e_746,1,1,2,0,2,0,0,1,4,0,1,0,0,0,0,0,0,0,0,1,0,1
e_747,1,1,2,0,1,0,0,1,4,0,1,0,0,0,0,0,0,0,0,0,0,2
p_748,0,0,0,0,0,0,0,0,4,0,0,0,0,0,0,0,0,0,0,1,3,0
e_749,3,0,1,0,1,0,1,0,1,1,2,0,0,0,0,0,0,0,0,2,3,3
e_750,0,1,0,0,1,0,0,1,1,0,3,0,2,0,0,0,0,0,0,1,0,4
e_751,1,0,1,0,2,0,0,1,0,0,1,0,0,0,0,0,0,0,0,1,1,1
e_752,3,0,2,0,1,0,1,0,1,1,2,0,0,0,0,0,0,0,0,2,3,3
e_753,1,1,1,0,2,0,0,1,4,0,1,0,0,0,0,0,0,0,0,0,0,1
e_754,1,1,1,0,1,0,0,1,0,0,1,0,0,0,0,0,0,0,0,1,1,2
e_755,1,0,1,0,1,0,0,1,1,0,1,0,0,0,0,0,0,0,0,0,1,1
e_756,3,1,1,0,2,0,0,1,1,0,3,0,2,0,0,0,0,0,0,1,4,1
e_757,0,0,2,1,3,0,1,1,1,1,0,1,1,0,0,0,0,0,1,1,2,1
e_758,1,1,1,0,1,0,0,1,4,0,1,0,0,0,0,0,0,0,0,1,1,2
e_759,0,1,0,0,1,0,0,1,1,0,3,0,2,0,0,0,0,0,0,0,4,4
e_760,1,0,2,0,2,0,0,1,2,0,1,0,0,0,0,0,0,0,0,1,1,1
e_761,3,1,0,0,2,0,0,1,3,0,3,0,2,0,0,0,0,0,0,0,4,1
e_762,0,0,2,0,2,0,0,1,2,0,1,0,0,0,0,0,0,0,0,1,1,1
e_763,0,2,0,1,3,0,0,0,2,0,0,0,0,0,0,0,0,0,0,1,3,0
e_764,0,1,0,0,2,0,0,1,4,0,3,0,2,0,0,0,0,0,0,0,0,4
e_765,3,2,3,1,3,0,1,1,0,1,0,0,1,0,0,0,0,0,1,0,2,1
e_766,0,0,2,0,2,0,1,0,3,1,2,0,0,0,0,0,0,0,0,1,3,3
e_767,3,2,0,1,3,0,0,0,2,0,0,0,0,0,0,0,0,0,0,1,4,0
e_768,1,1,1,0,1,0,0,1,2,0,1,0,0,0,0,0,0,0,0,1,0,2
e_769,1,0,2,0,1,0,0,1,0,0,1,0,0,0,0,0,0,0,0,0,1,2
e_770,0,0,2,0,1,0,0,1,4,0,1,0,0,0,0,0,0,0,0,1,1,1
e_771,1,0,1,0,2,0,0,1,0,0,1,0,0,0,0,0,0,0,0,1,0,2
e_772,0,1,1,0,1,0,0,1,0,0,1,0,0,0,0,0,0,0,0,0,1,2
e_773,0,0,1,0,1,0,1,0,3,1,2,0,0,0,0,0,0,0,0,1,3,3
e_774,3,2,3,1,3,0,1,1,5,1,0,1,0,0,0,0,0,0,1,0,2,1
e_775,0,1,1,0,1,0,0,1,3,0,3,0,2,0,0,0,0,0,0,1,0,1
p_776,0,1,0,0,0,0,0,0,0,0,0,0,0,0,0,0,0,0,0,1,0,0
e_777,0,1,0,0,1,0,0,1,3,0,3,0,2,0,0,0,0,0,0,1,4,1
e_778,0,0,1,0,2,0,0,1,1,0,1,0,0,0,0,0,0,0,0,1,1,1
e_779,1,1,2,0,2,0,0,1,4,0,1,0,0,0,0,0,0,0,0,1,1,2
e_780,0,1,1,0,1,0,0,1,4,0,1,0,0,0,0,0,0,0,0,0,0,2
e_781,2,2,0,1,3,0,0,0,2,0,0,0,0,0,0,0,0,0,0,0,4,0
e_782,1,1,1,0,2,0,0,1,4,0,1,0,0,0,0,0,0,0,0,0,0,2
e_783,0,0,2,0,2,0,0,1,1,0,1,0,0,0,0,0,0,0,0,0,0,2
e_784,0,0,2,0,1,0,0,1,4,0,1,0,0,0,0,0,0,0,0,0,1,1
p_785,0,0,0,0,0,0,0,0,4,0,0,0,0,0,0,0,0,0,0,0,3,1
e_786,0,2,0,1,3,0,0,0,1,0,0,0,0,0,0,0,0,0,0,0,3,0
e_787,0,1,1,0,2,0,0,1,4,0,1,0,0,0,0,0,0,0,0,1,1,1
p_788,0,1,0,0,0,0,0,0,0,0,0,0,0,0,0,0,0,0,0,1,0,1
e_789,0,1,1,0,2,0,0,1,3,0,3,0,2,0,0,0,0,0,0,0,4,4
e_790,1,1,1,0,2,0,0,1,0,0,1,0,0,0,0,0,0,0,0,1,0,1
e_791,3,1,0,0,2,0,0,1,3,0,3,0,2,0,0,0,0,0,0,0,4,4
e_792,0,1,2,0,1,0,0,1,0,0,1,0,0,0,0,0,0,0,0,0,1,1
e_793,0,0,1,0,1,0,0,1,1,0,1,0,0,0,0,0,0,0,0,1,1,1
p_794,0,1,0,0,0,0,0,0,3,0,0,0,0,0,0,0,0,0,0,1,3,1
p_795,0,1,0,0,0,0,0,0,1,0,0,0,0,0,0,0,0,0,0,1,0,0
e_796,1,1,1,0,2,0,0,1,1,0,1,0,0,0,0,0,0,0,0,0,1,1
e_797,0,0,2,1,3,0,1,1,5,1,0,1,0,0,0,0,0,0,1,0,0,1
p_798,0,0,2,0,0,0,0,0,0,0,0,0,0,0,0,0,0,0,0,1,3,1
e_799,0,1,0,0,2,0,0,1,4,0,3,0,2,0,0,0,0,0,0,1,0,4
e_800,1,0,2,0,1,0,0,1,1,0,1,0,0,0,0,0,0,0,0,0,1,2
e_801,0,1,1,0,1,0,0,1,4,0,1,0,0,0,0,0,0,0,0,1,1,1
p_802,0,0,0,0,0,0,0,0,1,0,0,0,0,0,0,0,0,0,0,1,3,0
e_803,1,1,1,0,2,0,0,1,4,0,1,0,0,0,0,0,0,0,0,0,1,1
e_804,1,1,2,0,1,0,0,1,0,0,1,0,0,0,0,0,0,0,0,1,1,1
e_805,3,1,1,0,2,0,0,1,4,0,3,0,2,0,0,0,0,0,0,0,0,1
e_806,1,1,2,0,1,0,0,1,0,0,1,0,0,0,0,0,0,0,0,0,0,1
e_807,0,1,1,0,1,0,0,1,3,0,3,0,2,0,0,0,0,0,0,0,4,1
e_808,1,0,1,0,2,0,0,1,1,0,1,0,0,0,0,0,0,0,0,1,0,2
e_809,0,0,1,0,2,0,1,0,3,1,2,0,0,0,0,0,0,0,0,1,3,3
e_810,1,0,1,0,1,0,0,1,2,0,1,0,0,0,0,0,0,0,0,0,1,2
e_811,1,0,1,0,1,0,0,1,1,0,1,0,0,0,0,0,0,0,0,0,1,2
p_812,0,1,2,0,0,0,0,0,3,0,0,0,0,0,0,0,0,0,0,0,3,0
p_813,0,1,2,0,0,0,0,0,4,0,0,0,0,0,0,0,0,0,0,1,3,1
p_814,0,0,0,0,0,0,0,0,0,0,0,0,0,0,0,0,0,0,0,0,3,0
e_815,0,0,2,0,1,0,0,1,1,0,1,0,0,0,0,0,0,0,0,0,0,2
e_816,0,1,0,0,1,0,0,1,3,0,3,0,2,0,0,0,0,0,0,0,4,1
e_817,0,1,1,0,1,0,0,1,1,0,3,0,2,0,0,0,0,0,0,0,4,1
e_818,0,0,2,0,1,0,1,0,4,1,2,0,0,0,0,0,0,0,0,1,3,3
e_819,1,1,2,0,2,0,0,1,0,0,1,0,0,0,0,0,0,0,0,1,1,1
e_820,1,0,1,0,2,0,0,1,4,0,1,0,0,0,0,0,0,0,0,1,1,2
e_821,0,2,3,1,3,0,0,0,0,0,0,0,0,0,0,0,0,0,0,0,3,0
e_822,1,0,1,0,1,0,0,1,1,0,1,0,0,0,0,0,0,0,0,0,0,2
e_823,0,0,2,0,2,0,0,1,2,0,1,0,0,0,0,0,0,0,0,1,0,1
e_824,0,1,0,0,1,0,0,1,4,0,3,0,2,0,0,0,0,0,0,0,0,4
e_825,0,1,1,0,2,0,0,1,4,0,1,0,0,0,0,0,0,0,0,0,0,2
e_826,3,2,2,0,2,0,1,0,1,1,2,0,0,0,0,0,0,0,0,1,3,3
e_827,3,2,2,0,1,0,1,0,4,1,2,0,0,0,0,0,0,0,0,2,3,3
e_828,0,0,2,0,2,0,0,1,2,0,1,0,0,0,0,0,0,0,0,1,0,2
e_829,3,0,1,0,2,0,1,0,3,1,2,0,0,0,0,0,0,0,0,2,3,3
e_830,2,2,3,1,3,0,0,0,3,0,0,0,0,0,0,0,0,0,0,0,3,0
e_831,3,2,1,0,1,0,1,0,4,1,2,0,0,0,0,0,0,0,0,1,3,3
e_832,0,1,0,0,2,0,0,1,3,0,3,0,2,0,0,0,0,0,0,0,4,1
e_833,0,1,1,0,2,0,0,1,4,0,3,0,2,0,0,0,0,0,0,1,0,1
e_834,0,1,1,0,2,0,0,1,3,0,3,0,2,0,0,0,0,0,0,1,4,4
p_835,0,0,0,0,0,0,0,0,0,0,0,0,0,0,0,0,0,0,0,1,3,1
e_836,0,0,1,0,2,0,0,1,1,0,1,0,0,0,0,0,0,0,0,1,0,2
p_837,0,1,2,0,0,0,0,0,3,0,0,0,0,0,0,0,0,0,0,1,0,0
e_838,0,1,1,0,1,0,0,1,4,0,1,0,0,0,0,0,0,0,0,0,0,1
e_839,0,1,2,0,1,0,0,1,4,0,1,0,0,0,0,0,0,0,0,0,0,1
e_840,3,0,1,0,1,0,1,0,4,1,2,0,0,0,0,0,0,0,0,2,3,3
p_841,0,1,0,0,0,0,0,0,4,0,0,0,0,0,0,0,0,0,0,1,3,1
e_842,1,0,2,0,1,0,0,1,1,0,1,0,0,0,0,0,0,0,0,1,0,1
e_843,2,2,3,1,3,0,0,0,1,0,0,0,0,0,0,0,0,0,0,0,4,0
e_844,0,0,1,0,1,0,0,1,2,0,1,0,0,0,0,0,0,0,0,0,1,1
e_845,0,2,3,1,3,0,1,1,0,1,0,0,1,0,0,0,0,0,1,1,0,1
e_846,0,1,1,0,1,0,0,1,1,0,1,0,0,0,0,0,0,0,0,1,0,2
e_847,1,1,2,0,2,0,0,1,2,0,1,0,0,0,0,0,0,0,0,1,0,1
e_848,1,0,1,0,2,0,0,1,0,0,1,0,0,0,0,0,0,0,0,1,1,2
e_849,0,0,2,0,2,0,1,0,4,1,2,0,0,0,0,0,0,0,0,2,3,3
e_850,1,0,2,0,2,0,0,1,0,0,1,0,0,0,0,0,0,0,0,1,0,1
e_851,3,1,0,0,1,0,0,1,3,0,3,0,2,0,0,0,0,0,0,0,0,1
e_852,2,2,3,1,3,0,0,0,2,0,0,0,0,0,0,0,0,0,0,1,4,0
e_853,0,2,2,1,3,0,1,1,3,1,0,1,0,0,0,0,0,0,1,1,2,1
e_854,2,2,0,1,3,0,0,0,1,0,0,0,0,0,0,0,0,0,0,0,3,0
e_855,3,1,0,0,2,0,0,1,3,0,3,0,2,0,0,0,0,0,0,0,0,4
e_856,3,0,1,0,2,0,1,0,1,1,2,0,0,0,0,0,0,0,0,2,3,3
e_857,1,0,1,0,1,0,0,1,1,0,1,0,0,0,0,0,0,0,0,1,0,1
e_858,1,0,1,0,1,0,0,1,0,0,1,0,0,0,0,0,0,0,0,0,1,2
p_859,0,0,0,0,0,0,0,0,3,0,0,0,0,0,0,0,0,0,0,0,3,1
e_860,3,1,0,0,2,0,0,1,4,0,3,0,2,0,0,0,0,0,0,1,4,4
e_861,0,0,1,0,1,0,0,1,4,0,1,0,0,0,0,0,0,0,0,1,0,1
e_862,3,1,1,0,1,0,0,1,3,0,3,0,2,0,0,0,0,0,0,1,0,1
e_863,0,1,2,0,1,0,0,1,2,0,1,0,0,0,0,0,0,0,0,1,1,1
e_864,0,1,1,0,1,0,0,1,4,0,1,0,0,0,0,0,0,0,0,1,0,2
e_865,0,1,1,0,2,0,0,1,0,0,1,0,0,0,0,0,0,0,0,0,0,1
e_866,3,2,0,1,3,0,0,0,1,0,0,0,0,0,0,0,0,0,0,1,3,0
e_867,3,1,1,0,2,0,0,1,3,0,3,0,2,0,0,0,0,0,0,1,4,4
e_868,0,2,3,1,3,0,0,0,3,0,0,0,0,0,0,0,0,0,0,1,4,0
e_869,0,0,1,0,2,0,0,1,0,0,1,0,0,0,0,0,0,0,0,1,1,1
e_870,3,1,0,0,1,0,0,1,3,0,3,0,2,0,0,0,0,0,0,0,4,4
e_871,0,0,1,0,2,0,0,1,4,0,1,0,0,0,0,0,0,0,0,1,1,1
e_872,0,1,1,0,1,0,0,1,0,0,1,0,0,0,0,0,0,0,0,1,0,2
e_873,0,2,0,0,3,0,0,1,1,1,2,0,0,1,0,0,0,0,0,0,3,3
e_874,0,0,2,0,1,0,0,1,1,0,1,0,0,0,0,0,0,0,0,1,0,2
e_875,0,1,1,0,2,0,0,1,3,0,3,0,2,0,0,0,0,0,0,1,0,4
e_876,0,1,2,0,1,0,0,1,0,0,1,0,0,0,0,0,0,0,0,1,1,2
e_877,0,0,2,0,2,0,0,1,0,0,1,0,0,0,0,0,0,0,0,0,1,1
e_878,3,1,1,0,2,0,0,1,4,0,3,0,2,0,0,0,0,0,0,1,4,1
e_879,1,0,1,0,2,0,0,1,1,0,1,0,0,0,0,0,0,0,0,1,1,1
e_880,3,2,2,0,1,0,1,0,4,1,2,0,0,0,0,0,0,0,0,1,3,3
e_881,3,0,3,1,3,0,1,1,1,1,0,0,1,0,0,0,0,0,1,1,0,1
e_882,0,1,2,0,1,0,0,1,4,0,1,0,0,0,0,0,0,0,0,0,1,1
e_883,0,1,2,0,2,0,0,1,1,0,1,0,0,0,0,0,0,0,0,0,1,1
e_884,3,1,1,0,2,0,0,1,1,0,3,0,2,0,0,0,0,0,0,0,0,1
e_885,0,0,2,0,1,0,1,0,3,1,2,0,0,0,0,0,0,0,0,2,3,3
e_886,0,0,1,0,1,0,0,1,1,0,1,0,0,0,0,0,0,0,0,1,0,1
e_887,3,1,1,0,1,0,0,1,1,0,3,0,2,0,0,0,0,0,0,1,4,1
e_888,0,1,1,0,1,0,0,1,4,0,3,0,2,0,0,0,0,0,0,0,4,4
e_889,0,0,1,0,2,0,0,1,2,0,1,0,0,0,0,0,0,0,0,1,1,1
e_890,0,2,0,0,3,0,0,1,6,1,2,0,0,1,1,0,0,0,0,1,4,3
e_891,3,1,1,0,2,0,0,1,3,0,3,0,2,0,0,0,0,0,0,0,4,1
e_892,0,0,2,0,1,0,0,1,1,0,1,0,0,0,0,0,0,0,0,0,1,1
e_893,1,0,1,0,1,0,0,1,2,0,1,0,0,0,0,0,0,0,0,1,0,2
e_894,0,0,1,0,2,0,0,1,0,0,1,0,0,0,0,0,0,0,0,1,0,2
e_895,0,1,0,0,2,0,0,1,3,0,3,0,2,0,0,0,0,0,0,1,0,1
e_896,1,1,1,0,1,0,0,1,0,0,1,0,0,0,0,0,0,0,0,0,1,1
e_897,0,0,2,0,2,0,0,1,0,0,1,0,0,0,0,0,0,0,0,0,1,2
e_898,0,1,2,0,2,0,0,1,0,0,1,0,0,0,0,0,0,0,0,0,0,2
e_899,0,0,1,0,2,0,0,1,1,0,1,0,0,0,0,0,0,0,0,0,0,1
e_900,3,1,1,0,2,0,0,1,1,0,3,0,2,0,0,0,0,0,0,0,4,4
e_901,0,2,2,1,3,0,1,1,1,1,0,1,1,0,0,0,0,0,1,1,2,1
e_902,0,0,0,1,3,0,1,1,3,1,0,1,1,0,0,0,0,0,1,0,0,1
e_903,0,0,2,1,3,0,1,1,5,1,0,1,0,0,0,0,0,0,1,1,0,1
e_904,0,0,1,0,2,0,0,1,4,0,1,0,0,0,0,0,0,0,0,1,1,2
e_905,3,2,2,1,3,0,1,1,3,1,0,1,0,0,0,0,0,0,1,0,0,1
p_906,3,0,0,0,0,0,0,0,1,0,0,0,0,0,0,0,0,0,0,0,0,1
e_907,0,2,3,1,3,0,1,1,3,1,0,1,1,0,0,0,0,0,1,1,0,1
p_908,3,1,0,0,0,0,0,0,3,0,0,0,0,0,0,0,0,0,0,1,3,0
p_909,0,0,0,0,0,0,0,0,4,0,0,0,0,0,0,0,0,0,0,1,3,1
e_910,1,0,2,0,2,0,0,1,0,0,1,0,0,0,0,0,0,0,0,0,1,1
e_911,0,2,3,1,3,0,1,1,3,1,0,1,1,0,0,0,0,0,1,0,2,1
e_912,0,0,2,0,2,0,0,1,2,0,1,0,0,0,0,0,0,0,0,0,1,1
e_913,3,2,3,1,3,0,1,1,1,1,0,0,0,0,0,0,0,0,1,0,2,1
e_914,0,0,3,1,3,0,1,1,0,1,0,0,0,0,0,0,0,0,1,0,0,1
e_915,0,0,2,0,1,0,0,1,0,0,1,0,0,0,0,0,0,0,0,1,1,1
e_916,0,0,2,0,2,0,0,1,1,0,1,0,0,0,0,0,0,0,0,1,0,2
e_917,0,1,3,0,3,0,0,1,1,1,2,0,0,1,0,0,0,0,0,1,4,3
e_918,3,2,0,1,3,0,1,1,0,1,0,1,1,0,0,0,0,0,1,1,2,1
e_919,0,0,2,1,3,0,1,1,5,1,0,0,1,0,0,0,0,0,1,0,0,1
e_920,3,2,0,1,3,0,1,1,3,1,0,1,0,0,0,0,0,0,1,0,2,1
e_921,0,0,0,1,3,0,1,1,3,1,0,1,1,0,0,0,0,0,1,1,2,1
e_922,0,1,1,0,2,0,0,1,1,0,1,0,0,0,0,0,0,0,0,0,1,1
e_923,0,0,1,0,2,0,1,0,4,1,2,0,0,0,0,0,0,0,0,2,3,3
e_924,3,2,2,1,3,0,1,1,0,1,0,1,0,0,0,0,0,0,1,1,0,1
e_925,0,0,0,1,3,0,1,1,5,1,0,1,0,0,0,0,0,0,1,1,2,1
e_926,0,0,3,1,3,0,1,1,0,1,0,1,0,0,0,0,0,0,1,0,2,1
p_927,0,1,0,0,0,0,0,0,4,0,0,0,0,0,0,0,0,0,0,0,0,0
e_928,0,2,3,1,3,0,0,0,0,0,0,0,0,0,0,0,0,0,0,1,4,0
e_929,1,0,2,0,1,0,0,1,1,0,1,0,0,0,0,0,0,0,0,1,1,2
e_930,0,0,3,1,3,0,1,1,5,1,0,0,0,0,0,0,0,0,1,0,2,1
e_931,3,2,3,1,3,0,1,1,1,1,0,0,1,0,0,0,0,0,1,1,0,1
p_932,3,0,0,0,0,0,0,0,1,0,0,0,0,0,0,0,0,0,0,1,3,1
e_933,0,0,1,0,2,0,0,1,0,0,1,0,0,0,0,0,0,0,0,1,0,1
e_934,0,2,0,1,3,0,0,0,1,0,0,0,0,0,0,0,0,0,0,0,4,0
e_935,3,0,2,1,3,0,1,1,3,1,0,0,1,0,0,0,0,0,1,0,0,1
e_936,0,1,1,0,1,0,0,1,4,0,1,0,0,0,0,0,0,0,0,0,1,2
e_937,0,2,0,1,3,0,1,1,3,1,0,0,0,0,0,0,0,0,1,0,0,1
e_938,3,0,3,1,3,0,1,1,1,1,0,1,0,0,0,0,0,0,1,0,2,1
e_939,0,1,4,0,3,0,0,1,6,1,2,0,0,1,1,0,0,0,0,1,4,3
e_940,1,1,1,0,1,0,0,1,1,0,1,0,0,0,0,0,0,0,0,1,1,1
e_941,0,2,2,1,3,0,1,1,1,1,0,1,1,0,0,0,0,0,1,0,0,1
p_942,0,0,2,0,0,0,0,0,4,0,0,0,0,0,0,0,0,0,0,1,0,1
e_943,0,2,3,1,3,0,1,1,3,1,0,0,0,0,0,0,0,0,1,1,0,1
e_944,3,2,3,0,3,0,0,1,1,1,2,0,0,0,2,0,0,0,0,1,3,3
e_945,3,2,0,1,3,0,1,1,5,1,0,1,1,0,0,0,0,0,1,1,2,1
e_946,3,2,2,1,3,0,1,1,1,1,0,1,1,0,0,0,0,0,1,0,0,1
e_947,1,1,2,0,2,0,0,1,4,0,1,0,0,0,0,0,0,0,0,0,0,1
e_948,3,2,0,1,3,0,1,1,1,1,0,1,0,0,0,0,0,0,1,0,2,1
p_949,3,1,0,0,0,0,0,0,4,0,0,0,0,0,0,0,0,0,0,1,3,0
p_950,0,1,2,0,0,0,0,0,4,0,0,0,0,0,0,0,0,0,0,1,0,0
e_951,1,0,1,0,2,0,0,1,1,0,1,0,0,0,0,0,0,0,0,0,0,1
e_952,3,0,3,1,3,0,1,1,5,1,0,0,1,0,0,0,0,0,1,1,2,1
e_953,0,2,3,1,3,0,1,1,1,1,0,0,1,0,0,0,0,0,1,1,2,1
e_954,3,2,0,1,3,0,1,1,5,1,0,1,0,0,0,0,0,0,1,1,0,1
e_955,1,0,2,0,2,0,0,1,0,0,1,0,0,0,0,0,0,0,0,0,0,2
p_956,0,0,2,0,0,0,0,0,4,0,0,0,0,0,0,0,0,0,0,0,3,0
e_957,0,1,0,0,3,0,0,1,1,1,2,0,0,2,1,0,0,0,0,0,3,3
e_958,3,2,2,0,2,0,1,0,1,1,2,0,0,0,0,0,0,0,0,2,3,3
e_959,0,1,1,0,2,0,0,1,0,0,1,0,0,0,0,0,0,0,0,1,1,2
e_960,0,2,0,1,3,0,1,1,1,1,0,1,1,0,0,0,0,0,1,0,2,1
e_961,3,2,2,1,3,0,1,1,5,1,0,1,0,0,0,0,0,0,1,0,2,1
e_962,0,2,0,0,3,0,0,1,1,1,2,0,0,1,1,0,0,0,0,0,3,3
e_963,0,2,0,0,3,0,0,1,1,1,2,0,0,2,2,0,0,0,0,1,4,3
e_964,3,0,3,1,3,0,1,1,0,1,0,1,1,0,0,0,0,0,1,0,0,1
e_965,3,0,3,1,3,0,1,1,1,1,0,0,0,0,0,0,0,0,1,0,0,1
p_966,3,0,0,0,0,0,0,0,4,0,0,0,0,0,0,0,0,0,0,0,0,1
e_967,0,2,0,0,3,0,0,1,1,1,2,0,0,0,1,0,0,0,0,0,4,3
e_968,0,0,0,1,3,0,1,1,0,1,0,1,1,0,0,0,0,0,1,0,0,1
e_969,0,2,2,1,3,0,1,1,0,1,0,0,1,0,0,0,0,0,1,0,0,1
e_970,3,2,0,1,3,0,1,1,1,1,0,1,0,0,0,0,0,0,1,1,0,1
e_971,0,2,0,0,3,0,0,1,1,1,2,0,0,2,0,0,0,0,0,0,3,3
e_972,3,2,0,0,3,0,0,1,1,1,2,0,0,2,0,0,0,0,0,0,3,3
e_973,0,2,3,1,3,0,1,1,1,1,0,0,1,0,0,0,0,0,1,0,0,1
e_974,3,2,0,0,3,0,0,1,6,1,2,0,0,2,0,0,0,0,0,0,4,3
e_975,0,0,3,1,3,0,1,1,3,1,0,1,1,0,0,0,0,0,1,0,0,1
e_976,1,1,2,0,2,0,0,1,1,0,1,0,0,0,0,0,0,0,0,0,1,1
e_977,0,2,0,0,3,0,0,1,1,1,2,0,0,2,1,0,0,0,0,0,4,3
e_978,0,1,1,0,2,0,0,1,0,0,1,0,0,0,0,0,0,0,0,1,0,1
e_979,3,2,3,1,3,0,1,1,3,1,0,1,1,0,0,0,0,0,1,0,2,1
e_980,3,2,0,0,3,0,0,1,6,1,2,0,0,2,1,0,0,0,0,1,4,3
e_981,0,0,1,0,2,0,0,1,2,0,1,0,0,0,0,0,0,0,0,0,0,2
e_982,3,2,3,1,3,0,1,1,5,1,0,0,0,0,0,0,0,0,1,0,0,1
e_983,0,2,0,1,3,0,1,1,0,1,0,0,0,0,0,0,0,0,1,1,0,1
p_984,0,0,2,0,0,0,0,0,1,0,0,0,0,0,0,0,0,0,0,0,0,0
e_985,0,2,2,1,3,0,1,1,1,1,0,1,1,0,0,0,0,0,1,1,0,1
e_986,3,2,2,1,3,0,1,1,1,1,0,1,0,0,0,0,0,0,1,0,2,1
e_987,0,0,2,1,3,0,1,1,1,1,0,0,1,0,0,0,0,0,1,1,2,1
e_988,0,0,3,1,3,0,1,1,0,1,0,0,1,0,0,0,0,0,1,0,2,1
e_989,0,1,1,0,2,0,0,1,1,0,1,0,0,0,0,0,0,0,0,1,1,1
e_990,0,0,1,0,2,0,0,1,1,0,1,0,0,0,0,0,0,0,0,0,1,2
e_991,0,0,3,1,3,0,1,1,3,1,0,0,1,0,0,0,0,0,1,0,2,1
e_992,0,0,0,1,3,0,1,1,3,1,0,1,0,0,0,0,0,0,1,1,0,1
e_993,3,2,0,1,3,0,0,0,1,0,0,0,0,0,0,0,0,0,0,0,3,0
e_994,3,0,2,1,3,0,1,1,0,1,0,0,1,0,0,0,0,0,1,0,0,1
e_995,3,0,2,1,3,0,1,1,1,1,0,1,1,0,0,0,0,0,1,0,2,1
e_996,0,1,1,0,2,0,0,1,1,0,1,0,0,0,0,0,0,0,0,1,0,2
e_997,3,0,2,0,1,0,1,0,4,1,2,0,0,0,0,0,0,0,0,2,3,3
e_998,1,0,2,0,2,0,0,1,4,0,1,0,0,0,0,0,0,0,0,1,1,2
p_999,3,1,2,0,0,0,0,0,3,0,0,0,0,0,0,0,0,0,0,0,3,0
e_1000,0,2,3,0,3,0,0,1,1,1,2,0,0,2,1,0,0,0,0,0,4,3
e_1001,3,1,0,0,2,0,0,1,3,0,3,0,2,0,0,0,0,0,0,1,4,1
e_1002,3,0,0,1,3,0,1,1,0,1,0,0,0,0,0,0,0,0,1,1,0,1
p_1003,0,0,2,0,0,0,0,0,4,0,0,0,0,0,0,0,0,0,0,0,3,1
e_1004,0,1,0,0,2,0,0,1,3,0,3,0,2,0,0,0,0,0,0,1,4,1
e_1005,0,0,3,1,3,0,1,1,3,1,0,0,1,0,0,0,0,0,1,1,2,1
e_1006,0,0,2,1,3,0,1,1,0,1,0,1,0,0,0,0,0,0,1,1,2,1
e_1007,3,2,2,1,3,0,1,1,3,1,0,1,0,0,0,0,0,0,1,1,0,1
e_1008,0,2,0,1,3,0,1,1,0,1,0,0,0,0,0,0,0,0,1,1,2,1
e_1009,0,0,2,0,2,0,0,1,0,0,1,0,0,0,0,0,0,0,0,1,0,1
e_1010,0,1,2,0,1,0,0,1,2,0,1,0,0,0,0,0,0,0,0,1,0,2
e_1011,0,0,2,1,3,0,1,1,0,1,0,0,0,0,0,0,0,0,1,0,0,1
e_1012,3,1,1,0,1,0,0,1,3,0,3,0,2,0,0,0,0,0,0,1,0,4
e_1013,3,0,0,1,3,0,1,1,1,1,0,0,1,0,0,0,0,0,1,0,0,1
e_1014,3,2,3,1,3,0,1,1,5,1,0,1,1,0,0,0,0,0,1,0,0,1
e_1015,3,2,1,0,1,0,1,0,3,1,2,0,0,0,0,0,0,0,0,2,3,3
e_1016,3,1,0,0,2,0,0,1,1,0,3,0,2,0,0,0,0,0,0,1,0,1
e_1017,0,2,0,0,3,0,0,1,3,1,2,0,0,2,0,0,0,0,0,1,4,3
p_1018,3,0,0,0,0,0,0,0,4,0,0,0,0,0,0,0,0,0,0,1,0,1
e_1019,0,2,0,0,3,0,0,1,1,1,2,0,0,0,1,0,0,0,0,0,3,3
e_1020,3,2,0,1,3,0,1,1,1,1,0,1,1,0,0,0,0,0,1,1,2,1
e_1021,1,0,1,0,1,0,0,1,4,0,1,0,0,0,0,0,0,0,0,0,1,2
e_1022,1,1,2,0,1,0,0,1,0,0,1,0,0,0,0,0,0,0,0,0,1,1
e_1023,0,1,2,0,1,0,0,1,4,0,1,0,0,0,0,0,0,0,0,1,0,2
p_1024,3,1,2,0,0,0,0,0,1,0,0,0,0,0,0,0,0,0,0,0,3,0
p_1025,3,1,2,0,0,0,0,0,3,0,0,0,0,0,0,0,0,0,0,1,0,1
e_1026,0,2,0,1,3,0,0,0,1,0,0,0,0,0,0,0,0,0,0,1,3,0
e_1027,3,0,1,0,2,0,1,0,4,1,2,0,0,0,0,0,0,0,0,2,3,3
e_1028,0,1,1,0,2,0,0,1,0,0,1,0,0,0,0,0,0,0,0,0,1,2
e_1029,0,0,2,1,3,0,1,1,0,1,0,0,0,0,0,0,0,0,1,0,2,1
e_1030,0,2,3,0,3,0,0,1,6,1,2,0,0,1,2,0,0,0,0,1,4,3
p_1031,0,1,0,0,0,0,0,0,1,0,0,0,0,0,0,0,0,0,0,0,3,1
e_1032,0,2,3,1,3,0,1,1,3,1,0,0,1,0,0,0,0,0,1,1,0,1
e_1033,3,2,0,1,3,0,1,1,3,1,0,0,1,0,0,0,0,0,1,1,0,1
e_1034,0,0,2,1,3,0,1,1,3,1,0,0,0,0,0,0,0,0,1,1,0,1
e_1035,3,2,2,1,3,0,1,1,3,1,0,1,1,0,0,0,0,0,1,0,2,1
e_1036,0,1,1,0,1,0,0,1,0,0,1,0,0,0,0,0,0,0,0,0,0,2
e_1037,3,2,1,0,1,0,1,0,1,1,2,0,0,0,0,0,0,0,0,1,3,3
e_1038,0,2,3,1,3,0,0,0,0,0,0,0,0,0,0,0,0,0,0,0,4,0
p_1039,0,0,0,0,0,0,0,0,3,0,0,0,0,0,0,0,0,0,0,0,0,0
e_1040,0,1,1,0,1,0,0,1,4,0,3,0,2,0,0,0,0,0,0,1,4,4
e_1041,3,1,0,0,1,0,0,1,1,0,3,0,2,0,0,0,0,0,0,0,0,4
e_1042,0,2,2,1,3,0,1,1,5,1,0,0,0,0,0,0,0,0,1,0,2,1
e_1043,0,1,0,0,3,0,0,1,6,1,2,0,0,1,2,0,0,0,0,1,3,3
e_1044,0,0,3,1,3,0,1,1,5,1,0,1,1,0,0,0,0,0,1,1,2,1
e_1045,0,0,2,0,1,0,0,1,4,0,1,0,0,0,0,0,0,0,0,1,0,1
e_1046,0,2,3,1,3,0,1,1,5,1,0,0,1,0,0,0,0,0,1,1,0,1
p_1047,3,1,0,0,0,0,0,0,1,0,0,0,0,0,0,0,0,0,0,1,0,0
e_1048,0,2,0,0,3,0,0,1,3,1,2,0,0,1,0,0,0,0,0,0,3,3
e_1049,0,2,3,1,3,0,1,1,0,1,0,1,1,0,0,0,0,0,1,0,2,1
e_1050,0,2,4,0,3,0,0,1,4,1,2,0,0,0,0,0,0,0,0,0,3,3
e_1051,0,2,0,0,3,0,0,1,6,1,2,0,0,1,2,0,0,0,0,0,4,3
e_1052,0,2,3,1,3,0,1,1,3,1,0,0,1,0,0,0,0,0,1,1,2,1
e_1053,0,1,1,0,2,0,0,1,4,0,3,0,2,0,0,0,0,0,0,1,0,4
e_1054,0,2,0,1,3,0,1,1,0,1,0,1,0,0,0,0,0,0,1,0,0,1
e_1055,1,0,1,0,2,0,0,1,0,0,1,0,0,0,0,0,0,0,0,0,0,1
e_1056,0,2,2,0,2,0,1,0,3,1,2,0,0,0,0,0,0,0,0,1,3,3
e_1057,3,0,3,1,3,0,1,1,0,1,0,0,1,0,0,0,0,0,1,1,0,1
e_1058,0,1,1,0,2,0,0,1,4,0,1,0,0,0,0,0,0,0,0,0,1,1
e_1059,0,2,0,1,3,0,1,1,5,1,0,0,0,0,0,0,0,0,1,1,0,1
e_1060,3,0,2,1,3,0,1,1,5,1,0,0,1,0,0,0,0,0,1,1,2,1
e_1061,0,0,1,0,2,0,1,0,1,1,2,0,0,0,0,0,0,0,0,1,3,3
e_1062,0,0,3,1,3,0,1,1,0,1,0,1,0,0,0,0,0,0,1,1,0,1
e_1063,0,2,3,1,3,0,1,1,1,1,0,1,1,0,0,0,0,0,1,1,0,1
p_1064,3,1,2,0,0,0,0,0,0,0,0,0,0,0,0,0,0,0,0,0,0,0
e_1065,3,2,1,0,2,0,1,0,3,1,2,0,0,0,0,0,0,0,0,2,3,3
e_1066,0,1,2,0,1,0,0,1,0,0,1,0,0,0,0,0,0,0,0,0,0,1
e_1067,3,2,2,1,3,0,1,1,3,1,0,1,0,0,0,0,0,0,1,1,2,1
e_1068,0,2,0,0,3,0,0,1,6,1,2,0,0,1,2,0,0,0,0,0,3,3
e_1069,0,1,0,0,2,0,0,1,1,0,3,0,2,0,0,0,0,0,0,1,0,1
e_1070,0,0,2,1,3,0,1,1,5,1,0,0,1,0,0,0,0,0,1,1,2,1
p_1071,3,1,2,0,0,0,0,0,0,0,0,0,0,0,0,0,0,0,0,1,3,1
e_1072,0,0,1,0,1,0,0,1,0,0,1,0,0,0,0,0,0,0,0,1,0,1
e_1073,0,2,3,0,3,0,0,1,3,1,2,0,0,2,0,0,0,0,0,0,4,3
e_1074,3,1,1,0,2,0,0,1,3,0,3,0,2,0,0,0,0,0,0,0,0,4
e_1075,3,0,3,1,3,0,1,1,0,1,0,1,0,0,0,0,0,0,1,0,2,1
e_1076,3,2,0,1,3,0,0,0,3,0,0,0,0,0,0,0,0,0,0,1,4,0
p_1077,3,1,2,0,0,0,0,0,1,0,0,0,0,0,0,0,0,0,0,1,3,1
e_1078,3,2,3,1,3,0,1,1,0,1,0,1,0,0,0,0,0,0,1,1,0,1
e_1079,0,1,0,0,2,0,0,1,3,0,3,0,2,0,0,0,0,0,0,0,0,4
e_1080,3,2,2,1,3,0,1,1,5,1,0,0,0,0,0,0,0,0,1,0,2,1
p_1081,3,1,0,0,0,0,0,0,0,0,0,0,0,0,0,0,0,0,0,1,3,0
e_1082,1,0,1,0,2,0,0,1,0,0,1,0,0,0,0,0,0,0,0,0,1,2
e_1083,3,2,3,1,3,0,1,1,1,1,0,1,1,0,0,0,0,0,1,0,0,1
e_1084,1,0,2,0,2,0,0,1,4,0,1,0,0,0,0,0,0,0,0,0,1,1
e_1085,3,2,3,1,3,0,1,1,3,1,0,0,1,0,0,0,0,0,1,1,0,1
e_1086,1,1,2,0,2,0,0,1,1,0,1,0,0,0,0,0,0,0,0,1,1,2
e_1087,0,1,2,0,2,0,0,1,4,0,1,0,0,0,0,0,0,0,0,0,1,2
p_1088,3,1,0,0,0,0,0,0,1,0,0,0,0,0,0,0,0,0,0,0,3,1
e_1089,0,1,1,0,2,0,0,1,4,0,1,0,0,0,0,0,0,0,0,0,0,1
e_1090,2,2,0,1,3,0,0,0,1,0,0,0,0,0,0,0,0,0,0,0,4,0
e_1091,0,1,0,0,1,0,0,1,1,0,3,0,2,0,0,0,0,0,0,0,4,1
e_1092,3,2,3,1,3,0,1,1,1,1,0,0,1,0,0,0,0,0,1,1,2,1
e_1093,3,2,1,0,2,0,1,0,1,1,2,0,0,0,0,0,0,0,0,2,3,3
e_1094,0,0,3,1,3,0,1,1,3,1,0,1,1,0,0,0,0,0,1,1,2,1
p_1095,3,1,0,0,0,0,0,0,1,0,0,0,0,0,0,0,0,0,0,0,3,0
e_1096,0,2,3,1,3,0,1,1,3,1,0,0,0,0,0,0,0,0,1,0,2,1
e_1097,0,0,3,1,3,0,1,1,5,1,0,1,0,0,0,0,0,0,1,0,2,1
e_1098,0,2,3,1,3,0,1,1,5,1,0,1,0,0,0,0,0,0,1,0,0,1
p_1099,0,1,0,0,0,0,0,0,1,0,0,0,0,0,0,0,0,0,0,1,0,1
e_1100,0,2,0,1,3,0,1,1,0,1,0,1,1,0,0,0,0,0,1,1,2,1
e_1101,3,0,2,1,3,0,1,1,0,1,0,1,0,0,0,0,0,0,1,1,0,1
e_1102,0,2,3,1,3,0,1,1,5,1,0,0,0,0,0,0,0,0,1,1,0,1
p_1103,0,1,0,0,0,0,0,0,4,0,0,0,0,0,0,0,0,0,0,1,0,1
e_1104,3,2,0,1,3,0,1,1,1,1,0,0,1,0,0,0,0,0,1,1,2,1
e_1105,3,0,2,1,3,0,1,1,1,1,0,1,0,0,0,0,0,0,1,0,2,1
p_1106,0,1,2,0,0,0,0,0,1,0,0,0,0,0,0,0,0,0,0,0,3,0
e_1107,3,2,3,1,3,0,1,1,0,1,0,0,1,0,0,0,0,0,1,1,2,1
e_1108,1,1,1,0,2,0,0,1,0,0,1,0,0,0,0,0,0,0,0,1,1,1
e_1109,0,0,0,1,3,0,1,1,5,1,0,1,1,0,0,0,0,0,1,1,2,1
e_1110,3,2,0,1,3,0,1,1,0,1,0,1,0,0,0,0,0,0,1,0,2,1
p_1111,3,0,2,0,0,0,0,0,1,0,0,0,0,0,0,0,0,0,0,0,0,1
e_1112,0,1,0,0,1,0,0,1,4,0,3,0,2,0,0,0,0,0,0,1,0,1
e_1113,3,2,2,1,3,0,1,1,0,1,0,1,0,0,0,0,0,0,1,0,2,1
e_1114,3,1,0,0,2,0,0,1,3,0,3,0,2,0,0,0,0,0,0,0,0,1
e_1115,3,2,3,1,3,0,1,1,3,1,0,0,0,0,0,0,0,0,1,0,0,1
e_1116,3,2,3,1,3,0,1,1,1,1,0,1,1,0,0,0,0,0,1,1,0,1
e_1117,3,0,3,1,3,0,1,1,5,1,0,1,1,0,0,0,0,0,1,1,0,1
e_1118,3,2,0,1,3,0,1,1,0,1,0,1,0,0,0,0,0,0,1,0,0,1
e_1119,0,0,3,1,3,0,1,1,5,1,0,0,0,0,0,0,0,0,1,1,0,1
e_1120,0,2,2,1,3,0,1,1,3,1,0,1,0,0,0,0,0,0,1,0,0,1
e_1121,3,2,2,1,3,0,1,1,0,1,0,0,1,0,0,0,0,0,1,0,2,1
e_1122,0,0,0,1,3,0,1,1,3,1,0,1,1,0,0,0,0,0,1,1,0,1
e_1123,0,2,0,0,3,0,0,1,3,1,2,0,0,2,1,0,0,0,0,0,3,3
e_1124,3,0,1,0,1,0,1,0,3,1,2,0,0,0,0,0,0,0,0,2,3,3
e_1125,0,2,2,1,3,0,1,1,3,1,0,0,0,0,0,0,0,0,1,0,0,1
e_1126,3,0,2,1,3,0,1,1,3,1,0,0,0,0,0,0,0,0,1,0,2,1
e_1127,1,0,1,0,1,0,0,1,0,0,1,0,0,0,0,0,0,0,0,1,1,1
e_1128,0,2,2,1,3,0,1,1,5,1,0,0,1,0,0,0,0,0,1,1,2,1
e_1129,0,2,3,1,3,0,1,1,0,1,0,0,1,0,0,0,0,0,1,0,2,1
p_1130,3,0,0,0,0,0,0,0,3,0,0,0,0,0,0,0,0,0,0,1,3,0
e_1131,0,2,3,1,3,0,1,1,1,1,0,1,0,0,0,0,0,0,1,0,2,1
p_1132,0,0,0,0,0,0,0,0,3,0,0,0,0,0,0,0,0,0,0,0,0,1
e_1133,3,0,2,1,3,0,1,1,0,1,0,1,1,0,0,0,0,0,1,1,0,1
e_1134,0,1,2,0,1,0,0,1,2,0,1,0,0,0,0,0,0,0,0,0,1,1
e_1135,0,2,0,1,3,0,1,1,5,1,0,0,0,0,0,0,0,0,1,0,0,1
e_1136,0,2,0,0,3,0,0,1,1,1,2,0,0,0,1,0,0,0,0,1,4,3
e_1137,1,1,1,0,2,0,0,1,4,0,1,0,0,0,0,0,0,0,0,1,0,1
e_1138,3,2,2,1,3,0,1,1,5,1,0,0,0,0,0,0,0,0,1,1,2,1
e_1139,0,0,0,1,3,0,1,1,1,1,0,1,0,0,0,0,0,0,1,1,2,1
e_1140,3,2,2,1,3,0,1,1,1,1,0,0,0,0,0,0,0,0,1,1,2,1
e_1141,0,2,0,0,3,0,0,1,3,1,2,0,0,0,1,0,0,0,0,1,3,3
e_1142,3,2,2,1,3,0,1,1,5,1,0,0,1,0,0,0,0,0,1,1,0,1
e_1143,0,0,2,1,3,0,1,1,0,1,0,0,1,0,0,0,0,0,1,0,2,1
e_1144,0,0,0,1,3,0,1,1,1,1,0,1,1,0,0,0,0,0,1,1,2,1
e_1145,0,2,2,1,3,0,1,1,1,1,0,1,0,0,0,0,0,0,1,1,0,1
e_1146,3,0,3,1,3,0,1,1,0,1,0,1,0,0,0,0,0,0,1,0,0,1
e_1147,0,2,3,1,3,0,1,1,1,1,0,0,0,0,0,0,0,0,1,1,2,1
e_1148,0,2,3,1,3,0,1,1,5,1,0,1,1,0,0,0,0,0,1,0,2,1
e_1149,3,0,0,1,3,0,1,1,5,1,0,1,0,0,0,0,0,0,1,0,2,1
e_1150,3,0,2,1,3,0,1,1,3,1,0,1,1,0,0,0,0,0,1,0,2,1
e_1151,3,1,0,0,1,0,0,1,1,0,3,0,2,0,0,0,0,0,0,0,4,4
p_1152,0,1,2,0,0,0,0,0,0,0,0,0,0,0,0,0,0,0,0,1,3,1
e_1153,3,0,3,1,3,0,1,1,5,1,0,1,0,0,0,0,0,0,1,0,2,1
p_1154,0,1,2,0,0,0,0,0,1,0,0,0,0,0,0,0,0,0,0,0,3,1
e_1155,1,1,2,0,1,0,0,1,0,0,1,0,0,0,0,0,0,0,0,1,0,2
e_1156,0,0,3,1,3,0,1,1,1,1,0,0,0,0,0,0,0,0,1,0,0,1
e_1157,3,2,3,1,3,0,1,1,5,1,0,0,1,0,0,0,0,0,1,0,2,1
e_1158,3,2,2,1,3,0,1,1,1,1,0,0,1,0,0,0,0,0,1,1,0,1
e_1159,3,0,3,1,3,0,1,1,5,1,0,1,1,0,0,0,0,0,1,0,0,1
e_1160,1,1,2,0,1,0,0,1,2,0,1,0,0,0,0,0,0,0,0,1,1,1
e_1161,0,2,3,1,3,0,1,1,1,1,0,1,0,0,0,0,0,0,1,0,0,1
e_1162,0,2,4,0,3,0,0,1,3,1,2,0,0,0,0,0,0,0,0,1,3,3
e_1163,0,1,1,0,1,0,0,1,3,0,3,0,2,0,0,0,0,0,0,0,0,4
e_1164,0,0,2,1,3,0,1,1,0,1,0,1,1,0,0,0,0,0,1,0,0,1
e_1165,1,0,2,0,1,0,0,1,4,0,1,0,0,0,0,0,0,0,0,1,1,2
p_1166,0,0,0,0,0,0,0,0,0,0,0,0,0,0,0,0,0,0,0,0,3,1
e_1167,0,2,0,0,3,0,0,1,3,1,2,0,0,2,1,0,0,0,0,0,4,3
e_1168,3,0,0,1,3,0,1,1,1,1,0,0,0,0,0,0,0,0,1,0,0,1
e_1169,1,0,2,0,1,0,0,1,2,0,1,0,0,0,0,0,0,0,0,1,1,2
e_1170,0,0,3,1,3,0,1,1,1,1,0,1,0,0,0,0,0,0,1,0,0,1
e_1171,0,2,0,0,3,0,0,1,6,1,2,0,0,2,2,0,0,0,0,0,3,3
e_1172,3,2,2,1,3,0,1,1,3,1,0,1,1,0,0,0,0,0,1,1,2,1
e_1173,0,2,0,1,3,0,0,0,2,0,0,0,0,0,0,0,0,0,0,0,3,0
e_1174,0,2,3,1,3,0,0,0,2,0,0,0,0,0,0,0,0,0,0,0,3,0
e_1175,0,2,3,1,3,0,0,0,3,0,0,0,0,0,0,0,0,0,0,0,4,0
e_1176,1,1,1,0,2,0,0,1,2,0,1,0,0,0,0,0,0,0,0,0,0,2
e_1177,3,2,0,1,3,0,0,0,2,0,0,0,0,0,0,0,0,0,0,1,3,0
e_1178,0,2,2,1,3,0,1,1,0,1,0,0,1,0,0,0,0,0,1,1,2,1
e_1179,3,1,0,0,1,0,0,1,4,0,3,0,2,0,0,0,0,0,0,0,0,4
e_1180,0,1,0,0,2,0,0,1,3,0,3,0,2,0,0,0,0,0,0,0,4,4
e_1181,0,1,1,0,2,0,0,1,3,0,3,0,2,0,0,0,0,0,0,0,4,1
e_1182,3,2,3,1,3,0,1,1,5,1,0,1,0,0,0,0,0,0,1,1,2,1
e_1183,0,1,2,0,1,0,0,1,1,0,1,0,0,0,0,0,0,0,0,0,1,1
e_1184,0,1,2,0,1,0,0,1,1,0,1,0,0,0,0,0,0,0,0,0,0,1
e_1185,3,0,2,1,3,0,1,1,1,1,0,1,1,0,0,0,0,0,1,1,2,1
e_1186,3,0,3,1,3,0,1,1,5,1,0,0,0,0,0,0,0,0,1,0,2,1
p_1187,3,0,0,0,0,0,0,0,3,0,0,0,0,0,0,0,0,0,0,0,3,0
e_1188,0,1,1,0,2,0,0,1,1,0,1,0,0,0,0,0,0,0,0,1,0,1
e_1189,0,2,0,1,3,0,1,1,3,1,0,0,0,0,0,0,0,0,1,1,0,1
e_1190,0,2,2,1,3,0,1,1,3,1,0,1,1,0,0,0,0,0,1,0,0,1
e_1191,0,0,1,0,2,0,0,1,4,0,1,0,0,0,0,0,0,0,0,1,0,2
e_1192,0,2,4,0,3,0,0,1,3,1,2,0,0,1,1,0,0,0,0,1,3,3
e_1193,3,1,0,0,2,0,0,1,3,0,3,0,2,0,0,0,0,0,0,1,0,4
e_1194,1,0,2,0,1,0,0,1,2,0,1,0,0,0,0,0,0,0,0,0,1,1
p_1195,0,0,0,0,0,0,0,0,0,0,0,0,0,0,0,0,0,0,0,0,0,1
e_1196,0,2,3,1,3,0,1,1,0,1,0,1,0,0,0,0,0,0,1,0,0,1
e_1197,1,1,2,0,1,0,0,1,1,0,1,0,0,0,0,0,0,0,0,1,1,2
e_1198,0,0,2,0,2,0,0,1,0,0,1,0,0,0,0,0,0,0,0,1,1,1
e_1199,1,1,1,0,2,0,0,1,0,0,1,0,0,0,0,0,0,0,0,0,0,2
e_1200,0,1,2,0,2,0,0,1,4,0,1,0,0,0,0,0,0,0,0,1,1,1
e_1201,0,0,1,0,1,0,0,1,2,0,1,0,0,0,0,0,0,0,0,1,1,1
e_1202,1,0,2,0,1,0,0,1,4,0,1,0,0,0,0,0,0,0,0,0,1,1
e_1203,3,0,0,1,3,0,1,1,0,1,0,0,0,0,0,0,0,0,1,0,0,1
p_1204,3,0,2,0,0,0,0,0,1,0,0,0,0,0,0,0,0,0,0,1,0,1
e_1205,3,0,0,1,3,0,1,1,5,1,0,0,0,0,0,0,0,0,1,1,2,1
e_1206,3,2,0,1,3,0,1,1,5,1,0,0,0,0,0,0,0,0,1,0,2,1
p_1207,3,1,2,0,0,0,0,0,3,0,0,0,0,0,0,0,0,0,0,0,0,0
e_1208,3,0,2,1,3,0,1,1,5,1,0,1,0,0,0,0,0,0,1,0,2,1
e_1209,0,2,2,1,3,0,1,1,3,1,0,0,0,0,0,0,0,0,1,1,0,1
e_1210,0,0,0,1,3,0,1,1,3,1,0,0,1,0,0,0,0,0,1,0,2,1
e_1211,3,0,0,1,3,0,1,1,3,1,0,0,0,0,0,0,0,0,1,0,2,1
e_1212,3,1,1,0,1,0,0,1,1,0,3,0,2,0,0,0,0,0,0,0,4,1
e_1213,0,2,3,1,3,0,1,1,1,1,0,1,1,0,0,0,0,0,1,0,2,1
e_1214,0,2,0,1,3,0,1,1,1,1,0,0,0,0,0,0,0,0,1,0,2,1
p_1215,3,0,0,0,0,0,0,0,0,0,0,0,0,0,0,0,0,0,0,1,3,1
e_1216,0,0,2,1,3,0,1,1,3,1,0,1,1,0,0,0,0,0,1,1,2,1
e_1217,3,2,0,1,3,0,1,1,3,1,0,1,0,0,0,0,0,0,1,0,0,1
e_1218,3,2,2,1,3,0,1,1,5,1,0,1,1,0,0,0,0,0,1,1,2,1
e_1219,3,2,2,1,3,0,1,1,0,1,0,1,1,0,0,0,0,0,1,1,0,1
e_1220,0,1,1,0,1,0,0,1,1,0,3,0,2,0,0,0,0,0,0,0,0,1
e_1221,0,0,3,1,3,0,1,1,0,1,0,1,1,0,0,0,0,0,1,1,0,1
e_1222,0,2,3,1,3,0,1,1,0,1,0,1,1,0,0,0,0,0,1,1,2,1
e_1223,3,2,0,1,3,0,1,1,5,1,0,1,1,0,0,0,0,0,1,0,0,1
e_1224,3,0,0,1,3,0,1,1,3,1,0,1,0,0,0,0,0,0,1,0,2,1
e_1225,0,2,2,1,3,0,1,1,0,1,0,0,0,0,0,0,0,0,1,0,0,1
e_1226,0,1,4,0,3,0,0,1,4,1,2,0,0,1,1,0,0,0,0,1,3,3
e_1227,0,2,0,1,3,0,1,1,3,1,0,0,0,0,0,0,0,0,1,0,2,1
p_1228,0,0,2,0,0,0,0,0,3,0,0,0,0,0,0,0,0,0,0,1,3,1
e_1229,0,1,0,0,3,0,0,1,4,1,2,0,0,2,2,0,0,0,0,0,4,3
e_1230,0,2,0,1,3,0,1,1,1,1,0,0,1,0,0,0,0,0,1,1,0,1
p_1231,3,1,2,0,0,0,0,0,4,0,0,0,0,0,0,0,0,0,0,1,0,1
e_1232,3,2,3,1,3,0,1,1,0,1,0,1,0,0,0,0,0,0,1,0,2,1
e_1233,0,2,2,1,3,0,1,1,3,1,0,1,1,0,0,0,0,0,1,1,2,1
e_1234,3,0,0,1,3,0,1,1,5,1,0,0,1,0,0,0,0,0,1,0,2,1
e_1235,3,2,3,1,3,0,1,1,3,1,0,0,1,0,0,0,0,0,1,0,2,1
e_1236,3,0,3,1,3,0,1,1,3,1,0,1,0,0,0,0,0,0,1,0,2,1
e_1237,3,2,3,1,3,0,1,1,5,1,0,0,1,0,0,0,0,0,1,1,0,1
e_1238,0,0,3,1,3,0,1,1,5,1,0,0,1,0,0,0,0,0,1,1,0,1
e_1239,0,0,0,1,3,0,1,1,5,1,0,0,1,0,0,0,0,0,1,0,0,1
p_1240,3,0,2,0,0,0,0,0,3,0,0,0,0,0,0,0,0,0,0,0,3,0
e_1241,0,0,3,1,3,0,1,1,0,1,0,1,1,0,0,0,0,0,1,1,2,1
p_1242,0,0,2,0,0,0,0,0,3,0,0,0,0,0,0,0,0,0,0,0,0,1
p_1243,3,0,2,0,0,0,0,0,4,0,0,0,0,0,0,0,0,0,0,1,0,0
e_1244,3,0,0,1,3,0,1,1,0,1,0,0,1,0,0,0,0,0,1,1,0,1
e_1245,0,2,3,1,3,0,1,1,0,1,0,0,0,0,0,0,0,0,1,0,2,1
e_1246,3,0,3,1,3,0,1,1,5,1,0,0,0,0,0,0,0,0,1,1,2,1
e_1247,0,0,3,1,3,0,1,1,0,1,0,0,0,0,0,0,0,0,1,0,2,1
e_1248,3,2,3,1,3,0,1,1,1,1,0,1,0,0,0,0,0,0,1,0,2,1
e_1249,3,2,3,1,3,0,1,1,0,1,0,1,0,0,0,0,0,0,1,1,2,1
e_1250,0,1,3,0,3,0,0,1,1,1,2,0,0,1,1,0,0,0,0,1,4,3
e_1251,0,2,0,0,3,0,0,1,1,1,2,0,0,0,0,0,0,0,0,1,3,3
e_1252,3,0,2,1,3,0,1,1,0,1,0,0,1,0,0,0,0,0,1,1,2,1
p_1253,3,1,2,0,0,0,0,0,3,0,0,0,0,0,0,0,0,0,0,1,3,1
p_1254,3,1,0,0,0,0,0,0,0,0,0,0,0,0,0,0,0,0,0,1,0,1
e_1255,0,0,2,1,3,0,1,1,3,1,0,1,0,0,0,0,0,0,1,1,2,1
p_1256,3,0,0,0,0,0,0,0,0,0,0,0,0,0,0,0,0,0,0,1,0,1
e_1257,3,2,0,1,3,0,1,1,5,1,0,0,1,0,0,0,0,0,1,0,0,1
e_1258,3,0,2,1,3,0,1,1,5,1,0,1,0,0,0,0,0,0,1,1,2,1
p_1259,3,0,0,0,0,0,0,0,4,0,0,0,0,0,0,0,0,0,0,0,3,1
p_1260,3,1,2,0,0,0,0,0,3,0,0,0,0,0,0,0,0,0,0,0,3,1
p_1261,3,1,0,0,0,0,0,0,4,0,0,0,0,0,0,0,0,0,0,0,3,1
p_1262,3,0,2,0,0,0,0,0,0,0,0,0,0,0,0,0,0,0,0,0,0,1
e_1263,0,0,2,1,3,0,1,1,0,1,0,1,1,0,0,0,0,0,1,0,2,1
e_1264,0,2,0,0,3,0,0,1,3,1,2,0,0,1,1,0,0,0,0,1,3,3
e_1265,3,0,2,1,3,0,1,1,0,1,0,1,1,0,0,0,0,0,1,1,2,1
e_1266,3,2,3,1,3,0,1,1,3,1,0,1,0,0,0,0,0,0,1,0,2,1
p_1267,3,1,0,0,0,0,0,0,0,0,0,0,0,0,0,0,0,0,0,0,3,0
e_1268,0,0,2,1,3,0,1,1,0,1,0,1,1,0,0,0,0,0,1,1,0,1
e_1269,0,1,4,0,3,0,0,1,1,1,2,0,0,2,0,0,0,0,0,1,4,3
e_1270,3,0,3,1,3,0,1,1,1,1,0,1,0,0,0,0,0,0,1,0,0,1
e_1271,0,0,2,1,3,0,1,1,1,1,0,1,1,0,0,0,0,0,1,1,0,1
p_1272,3,0,2,0,0,0,0,0,3,0,0,0,0,0,0,0,0,0,0,1,0,1
e_1273,3,2,0,1,3,0,1,1,0,1,0,1,0,0,0,0,0,0,1,1,2,1
e_1274,0,2,2,1,3,0,1,1,5,1,0,0,0,0,0,0,0,0,1,0,0,1
p_1275,3,0,2,0,0,0,0,0,0,0,0,0,0,0,0,0,0,0,0,0,0,0
e_1276,0,2,0,1,3,0,1,1,3,1,0,0,1,0,0,0,0,0,1,1,2,1
e_1277,3,2,2,1,3,0,1,1,1,1,0,0,0,0,0,0,0,0,1,1,0,1
e_1278,0,0,2,1,3,0,1,1,5,1,0,0,0,0,0,0,0,0,1,0,0,1
e_1279,3,0,2,1,3,0,1,1,5,1,0,1,0,0,0,0,0,0,1,1,0,1
e_1280,1,1,1,0,1,0,0,1,4,0,1,0,0,0,0,0,0,0,0,0,1,2
e_1281,0,0,3,1,3,0,1,1,1,1,0,0,0,0,0,0,0,0,1,1,2,1
e_1282,0,2,2,1,3,0,1,1,1,1,0,0,1,0,0,0,0,0,1,0,0,1
e_1283,0,0,0,1,3,0,1,1,1,1,0,1,0,0,0,0,0,0,1,1,0,1
e_1284,0,2,0,1,3,0,1,1,1,1,0,1,0,0,0,0,0,0,1,0,2,1
e_1285,3,2,3,1,3,0,1,1,5,1,0,1,1,0,0,0,0,0,1,0,2,1
p_1286,0,1,0,0,0,0,0,0,1,0,0,0,0,0,0,0,0,0,0,0,0,0
e_1287,3,0,3,1,3,0,1,1,5,1,0,1,0,0,0,0,0,0,1,0,0,1
e_1288,0,2,0,0,3,0,0,1,3,1,2,0,0,0,2,0,0,0,0,0,4,3
e_1289,3,0,2,1,3,0,1,1,1,1,0,0,1,0,0,0,0,0,1,0,2,1
e_1290,0,2,0,0,3,0,0,1,1,1,2,0,0,1,2,0,0,0,0,0,3,3
e_1291,0,2,3,1,3,0,1,1,3,1,0,1,0,0,0,0,0,0,1,1,2,1
e_1292,0,2,2,1,3,0,1,1,1,1,0,0,1,0,0,0,0,0,1,0,2,1
p_1293,3,0,2,0,0,0,0,0,0,0,0,0,0,0,0,0,0,0,0,1,3,1
p_1294,3,0,2,0,0,0,0,0,3,0,0,0,0,0,0,0,0,0,0,0,3,1
e_1295,0,0,3,1,3,0,1,1,0,1,0,1,0,0,0,0,0,0,1,1,2,1
e_1296,0,2,0,0,3,0,0,1,6,1,2,0,0,1,1,0,0,0,0,1,3,3
e_1297,0,0,3,1,3,0,1,1,0,1,0,0,1,0,0,0,0,0,1,0,0,1
e_1298,0,1,1,0,1,0,0,1,4,0,3,0,2,0,0,0,0,0,0,0,0,4
e_1299,3,0,2,1,3,0,1,1,1,1,0,0,0,0,0,0,0,0,1,1,2,1
e_1300,0,0,2,1,3,0,1,1,3,1,0,0,0,0,0,0,0,0,1,1,2,1
e_1301,0,2,3,1,3,0,1,1,0,1,0,1,0,0,0,0,0,0,1,0,2,1
e_1302,3,0,2,1,3,0,1,1,5,1,0,0,1,0,0,0,0,0,1,1,0,1
e_1303,0,2,0,0,3,0,0,1,1,1,2,0,0,0,0,0,0,0,0,1,4,3
e_1304,3,0,3,1,3,0,1,1,0,1,0,0,1,0,0,0,0,0,1,1,2,1
e_1305,3,0,3,1,3,0,1,1,5,1,0,0,0,0,0,0,0,0,1,1,0,1
e_1306,3,2,0,1,3,0,1,1,3,1,0,1,0,0,0,0,0,0,1,1,0,1
e_1307,3,0,2,1,3,0,1,1,0,1,0,0,1,0,0,0,0,0,1,1,0,1
e_1308,3,0,2,1,3,0,1,1,5,1,0,0,0,0,0,0,0,0,1,1,2,1
e_1309,3,0,3,1,3,0,1,1,3,1,0,0,0,0,0,0,0,0,1,1,0,1
e_1310,3,2,2,1,3,0,1,1,1,1,0,1,1,0,0,0,0,0,1,1,0,1
e_1311,3,0,0,1,3,0,1,1,3,1,0,0,1,0,0,0,0,0,1,1,2,1
p_1312,3,0,2,0,0,0,0,0,0,0,0,0,0,0,0,0,0,0,0,1,0,1
e_1313,0,2,3,1,3,0,1,1,1,1,0,1,0,0,0,0,0,0,1,1,2,1
e_1314,1,1,1,0,2,0,0,1,0,0,1,0,0,0,0,0,0,0,0,0,1,1
e_1315,3,2,0,1,3,0,1,1,0,1,0,1,1,0,0,0,0,0,1,1,0,1
e_1316,3,0,3,1,3,0,1,1,0,1,0,0,0,0,0,0,0,0,1,1,0,1
e_1317,0,2,0,0,3,0,0,1,1,1,2,0,0,0,2,0,0,0,0,0,4,3
e_1318,1,0,1,0,2,0,0,1,1,0,1,0,0,0,0,0,0,0,0,0,0,2
e_1319,0,0,2,1,3,0,1,1,3,1,0,0,0,0,0,0,0,0,1,0,0,1
e_1320,3,2,0,0,3,0,0,1,1,1,2,0,0,0,1,0,0,0,0,1,4,3
p_1321,0,0,2,0,0,0,0,0,1,0,0,0,0,0,0,0,0,0,0,1,0,1
e_1322,3,2,2,1,3,0,1,1,1,1,0,1,0,0,0,0,0,0,1,0,0,1
p_1323,3,1,2,0,0,0,0,0,0,0,0,0,0,0,0,0,0,0,0,1,0,0
e_1324,0,0,0,1,3,0,1,1,0,1,0,1,0,0,0,0,0,0,1,1,2,1
e_1325,3,0,0,1,3,0,1,1,1,1,0,0,1,0,0,0,0,0,1,0,2,1
e_1326,1,0,1,0,2,0,0,1,2,0,1,0,0,0,0,0,0,0,0,0,1,1
e_1327,3,0,3,1,3,0,1,1,0,1,0,1,1,0,0,0,0,0,1,1,2,1
e_1328,0,0,3,1,3,0,1,1,0,1,0,0,1,0,0,0,0,0,1,1,2,1
e_1329,3,2,3,1,3,0,1,1,0,1,0,1,1,0,0,0,0,0,1,0,0,1
e_1330,0,2,3,1,3,0,1,1,0,1,0,0,0,0,0,0,0,0,1,0,0,1
e_1331,3,0,2,1,3,0,1,1,1,1,0,0,0,0,0,0,0,0,1,0,2,1
p_1332,3,0,0,0,0,0,0,0,0,0,0,0,0,0,0,0,0,0,0,0,3,1
e_1333,3,2,3,1,3,0,1,1,3,1,0,0,1,0,0,0,0,0,1,1,2,1
e_1334,3,0,2,1,3,0,1,1,5,1,0,0,0,0,0,0,0,0,1,0,2,1
e_1335,0,2,0,0,3,0,0,1,1,1,2,0,0,2,2,0,0,0,0,0,4,3
e_1336,0,0,0,1,3,0,1,1,3,1,0,0,1,0,0,0,0,0,1,1,2,1
e_1337,0,2,4,0,3,0,0,1,6,1,2,0,0,0,1,0,0,0,0,1,4,3
e_1338,0,1,1,0,1,0,0,1,1,0,1,0,0,0,0,0,0,0,0,1,1,1
e_1339,3,2,2,1,3,0,1,1,0,1,0,1,0,0,0,0,0,0,1,0,0,1
e_1340,0,0,2,1,3,0,1,1,1,1,0,0,1,0,0,0,0,0,1,0,2,1
e_1341,3,2,0,1,3,0,1,1,5,1,0,1,0,0,0,0,0,0,1,1,2,1
p_1342,3,0,2,0,0,0,0,0,4,0,0,0,0,0,0,0,0,0,0,0,0,0
e_1343,3,2,3,0,3,0,0,1,1,1,2,0,0,0,2,0,0,0,0,1,4,3
e_1344,3,0,2,1,3,0,1,1,1,1,0,0,0,0,0,0,0,0,1,1,0,1
e_1345,3,2,2,1,3,0,1,1,5,1,0,0,1,0,0,0,0,0,1,0,2,1
p_1346,3,1,0,0,0,0,0,0,0,0,0,0,0,0,0,0,0,0,0,1,3,1
e_1347,0,0,2,1,3,0,1,1,3,1,0,1,1,0,0,0,0,0,1,0,0,1
e_1348,0,2,0,0,3,0,0,1,3,1,2,0,0,1,0,0,0,0,0,1,4,3
e_1349,0,1,3,0,3,0,0,1,6,1,2,0,0,0,1,0,0,0,0,1,3,3
e_1350,0,1,3,0,3,0,0,1,3,1,2,0,0,0,2,0,0,0,0,1,3,3
e_1351,3,0,0,1,3,0,1,1,0,1,0,1,1,0,0,0,0,0,1,1,0,1
e_1352,3,0,2,1,3,0,1,1,5,1,0,1,1,0,0,0,0,0,1,1,0,1
e_1353,3,0,0,1,3,0,1,1,0,1,0,0,1,0,0,0,0,0,1,1,2,1
e_1354,0,0,0,1,3,0,1,1,3,1,0,1,1,0,0,0,0,0,1,0,2,1
e_1355,3,2,2,1,3,0,1,1,5,1,0,1,1,0,0,0,0,0,1,0,2,1
e_1356,0,2,0,1,3,0,1,1,1,1,0,1,1,0,0,0,0,0,1,0,0,1
e_1357,3,2,2,1,3,0,1,1,3,1,0,0,0,0,0,0,0,0,1,0,2,1
e_1358,3,2,0,1,3,0,1,1,1,1,0,1,0,0,0,0,0,0,1,1,2,1
e_1359,3,0,2,1,3,0,1,1,1,1,0,1,0,0,0,0,0,0,1,0,0,1
e_1360,3,2,0,1,3,0,1,1,3,1,0,1,0,0,0,0,0,0,1,1,2,1
p_1361,3,1,0,0,0,0,0,0,4,0,0,0,0,0,0,0,0,0,0,0,3,0
e_1362,3,2,2,1,3,0,1,1,0,1,0,0,0,0,0,0,0,0,1,0,2,1
e_1363,3,0,2,1,3,0,1,1,3,1,0,0,1,0,0,0,0,0,1,1,0,1
e_1364,0,2,0,1,3,0,1,1,0,1,0,0,1,0,0,0,0,0,1,1,2,1
e_1365,3,2,2,1,3,0,1,1,3,1,0,1,1,0,0,0,0,0,1,1,0,1
e_1366,0,2,3,1,3,0,1,1,1,1,0,0,1,0,0,0,0,0,1,0,2,1
e_1367,3,0,0,1,3,0,1,1,3,1,0,0,0,0,0,0,0,0,1,1,2,1
e_1368,0,2,3,0,3,0,0,1,1,1,2,0,0,1,2,0,0,0,0,0,3,3
e_1369,3,2,2,1,3,0,1,1,1,1,0,1,0,0,0,0,0,0,1,1,2,1
e_1370,3,2,0,1,3,0,1,1,3,1,0,1,1,0,0,0,0,0,1,0,0,1
e_1371,0,0,0,1,3,0,1,1,3,1,0,0,0,0,0,0,0,0,1,0,0,1
e_1372,0,2,2,1,3,0,1,1,5,1,0,0,1,0,0,0,0,0,1,0,0,1
e_1373,1,0,1,0,2,0,0,1,2,0,1,0,0,0,0,0,0,0,0,0,0,1
p_1374,0,1,0,0,0,0,0,0,3,0,0,0,0,0,0,0,0,0,0,0,0,1
p_1375,3,0,0,0,0,0,0,0,3,0,0,0,0,0,0,0,0,0,0,0,3,1
e_1376,3,2,2,1,3,0,1,1,0,1,0,0,1,0,0,0,0,0,1,0,0,1
e_1377,3,2,0,1,3,0,1,1,0,1,0,0,0,0,0,0,0,0,1,0,0,1
p_1378,3,1,0,0,0,0,0,0,0,0,0,0,0,0,0,0,0,0,0,0,0,1
e_1379,3,2,0,1,3,0,1,1,3,1,0,0,1,0,0,0,0,0,1,0,0,1
p_1380,0,0,2,0,0,0,0,0,1,0,0,0,0,0,0,0,0,0,0,1,3,0
e_1381,3,0,0,1,3,0,1,1,0,1,0,0,0,0,0,0,0,0,1,1,2,1
p_1382,3,1,2,0,0,0,0,0,1,0,0,0,0,0,0,0,0,0,0,1,3,0
e_1383,3,0,0,1,3,0,1,1,1,1,0,1,0,0,0,0,0,0,1,0,2,1
e_1384,3,0,3,1,3,0,1,1,5,1,0,1,1,0,0,0,0,0,1,0,2,1
e_1385,0,2,3,1,3,0,1,1,5,1,0,0,1,0,0,0,0,0,1,0,2,1
e_1386,3,2,0,1,3,0,1,1,0,1,0,0,0,0,0,0,0,0,1,1,0,1
e_1387,0,2,3,0,3,0,0,1,4,1,2,0,0,0,1,0,0,0,0,1,3,3
e_1388,0,2,0,0,3,0,0,1,3,1,2,0,0,1,1,0,0,0,0,0,3,3
e_1389,0,2,0,1,3,0,1,1,0,1,0,0,1,0,0,0,0,0,1,1,0,1
e_1390,0,2,3,0,3,0,0,1,4,1,2,0,0,1,0,0,0,0,0,0,4,3
e_1391,0,0,2,1,3,0,1,1,5,1,0,0,0,0,0,0,0,0,1,1,0,1
e_1392,3,0,2,1,3,0,1,1,5,1,0,1,1,0,0,0,0,0,1,0,2,1
e_1393,0,0,2,1,3,0,1,1,3,1,0,1,0,0,0,0,0,0,1,0,0,1
e_1394,3,2,3,1,3,0,1,1,0,1,0,0,1,0,0,0,0,0,1,0,0,1
e_1395,0,2,0,0,3,0,0,1,3,1,2,0,0,0,1,0,0,0,0,1,4,3
e_1396,0,0,2,1,3,0,1,1,0,1,0,0,1,0,0,0,0,0,1,1,0,1
e_1397,0,0,0,1,3,0,1,1,5,1,0,1,0,0,0,0,0,0,1,0,0,1
e_1398,3,0,3,1,3,0,1,1,3,1,0,0,1,0,0,0,0,0,1,1,0,1
p_1399,3,1,2,0,0,0,0,0,0,0,0,0,0,0,0,0,0,0,0,1,0,1
e_1400,3,0,0,1,3,0,1,1,0,1,0,0,1,0,0,0,0,0,1,0,0,1
e_1401,3,1,1,0,1,0,0,1,3,0,3,0,2,0,0,0,0,0,0,1,4,1
e_1402,0,2,3,0,3,0,0,1,1,1,2,0,0,1,1,0,0,0,0,0,4,3
e_1403,3,0,3,1,3,0,1,1,1,1,0,0,0,0,0,0,0,0,1,1,2,1
e_1404,0,0,3,1,3,0,1,1,5,1,0,1,0,0,0,0,0,0,1,1,2,1
p_1405,3,1,2,0,0,0,0,0,3,0,0,0,0,0,0,0,0,0,0,1,0,0
e_1406,0,0,2,1,3,0,1,1,5,1,0,1,1,0,0,0,0,0,1,0,2,1
e_1407,0,0,2,1,3,0,1,1,3,1,0,0,0,0,0,0,0,0,1,0,2,1
e_1408,3,0,3,1,3,0,1,1,1,1,0,0,0,0,0,0,0,0,1,0,2,1
e_1409,3,0,0,1,3,0,1,1,1,1,0,0,0,0,0,0,0,0,1,1,0,1
e_1410,0,2,0,1,3,0,1,1,0,1,0,1,1,0,0,0,0,0,1,0,0,1
e_1411,3,0,0,1,3,0,1,1,3,1,0,0,1,0,0,0,0,0,1,0,0,1
e_1412,3,0,0,1,3,0,1,1,1,1,0,1,1,0,0,0,0,0,1,1,2,1
e_1413,0,2,2,1,3,0,1,1,1,1,0,0,1,0,0,0,0,0,1,1,2,1
e_1414,3,2,2,1,3,0,1,1,0,1,0,1,0,0,0,0,0,0,1,1,2,1
e_1415,3,2,0,1,3,0,1,1,5,1,0,0,1,0,0,0,0,0,1,0,2,1
e_1416,0,1,2,0,2,0,0,1,2,0,1,0,0,0,0,0,0,0,0,1,0,2
e_1417,0,0,0,1,3,0,1,1,1,1,0,1,0,0,0,0,0,0,1,0,2,1
e_1418,0,0,3,1,3,0,1,1,5,1,0,1,1,0,0,0,0,0,1,1,0,1
e_1419,3,0,2,1,3,0,1,1,0,1,0,1,0,0,0,0,0,0,1,0,2,1
p_1420,0,0,2,0,0,0,0,0,4,0,0,0,0,0,0,0,0,0,0,1,0,0
e_1421,0,0,2,1,3,0,1,1,3,1,0,0,1,0,0,0,0,0,1,0,0,1
e_1422,0,2,0,0,3,0,0,1,1,1,2,0,0,1,1,0,0,0,0,1,3,3
e_1423,3,2,3,1,3,0,1,1,1,1,0,0,0,0,0,0,0,0,1,1,0,1
e_1424,0,0,3,1,3,0,1,1,1,1,0,0,1,0,0,0,0,0,1,0,2,1
e_1425,3,2,0,1,3,0,1,1,1,1,0,0,0,0,0,0,0,0,1,1,2,1
e_1426,3,0,0,1,3,0,1,1,3,1,0,0,0,0,0,0,0,0,1,1,0,1
e_1427,0,0,3,1,3,0,1,1,5,1,0,1,1,0,0,0,0,0,1,0,0,1
e_1428,3,1,0,0,2,0,0,1,1,0,3,0,2,0,0,0,0,0,0,0,0,4
p_1429,3,1,0,0,0,0,0,0,3,0,0,0,0,0,0,0,0,0,0,0,3,0
e_1430,0,0,0,1,3,0,1,1,3,1,0,0,1,0,0,0,0,0,1,1,0,1
e_1431,0,2,0,0,3,0,0,1,3,1,2,0,0,0,0,0,0,0,0,0,3,3
p_1432,3,1,2,0,0,0,0,0,4,0,0,0,0,0,0,0,0,0,0,0,0,1
p_1433,0,0,2,0,0,0,0,0,3,0,0,0,0,0,0,0,0,0,0,0,0,0
p_1434,3,0,0,0,0,0,0,0,3,0,0,0,0,0,0,0,0,0,0,1,0,0
e_1435,0,2,0,0,3,0,0,1,6,1,2,0,0,1,1,0,0,0,0,0,4,3
e_1436,1,1,2,0,2,0,0,1,2,0,1,0,0,0,0,0,0,0,0,0,1,2
p_1437,3,1,2,0,0,0,0,0,0,0,0,0,0,0,0,0,0,0,0,0,0,1
e_1438,3,2,2,1,3,0,1,1,3,1,0,0,1,0,0,0,0,0,1,0,2,1
e_1439,0,0,2,1,3,0,1,1,1,1,0,1,0,0,0,0,0,0,1,1,0,1
e_1440,0,2,0,0,3,0,0,1,1,1,2,0,0,1,1,0,0,0,0,0,4,3
e_1441,0,0,0,1,3,0,1,1,5,1,0,1,0,0,0,0,0,0,1,0,2,1
e_1442,3,2,0,1,3,0,1,1,3,1,0,0,0,0,0,0,0,0,1,0,0,1
e_1443,3,2,0,1,3,0,1,1,1,1,0,1,1,0,0,0,0,0,1,1,0,1
p_1444,3,1,0,0,0,0,0,0,3,0,0,0,0,0,0,0,0,0,0,1,0,0
p_1445,3,1,2,0,0,0,0,0,4,0,0,0,0,0,0,0,0,0,0,0,3,1
e_1446,0,0,0,1,3,0,1,1,3,1,0,0,1,0,0,0,0,0,1,0,0,1
e_1447,3,2,3,1,3,0,1,1,3,1,0,1,1,0,0,0,0,0,1,1,0,1
e_1448,0,2,0,0,3,0,0,1,1,1,2,0,0,2,2,0,0,0,0,0,3,3
e_1449,3,0,3,1,3,0,1,1,0,1,0,1,0,0,0,0,0,0,1,1,0,1
e_1450,3,2,0,1,3,0,1,1,5,1,0,1,0,0,0,0,0,0,1,0,2,1
p_1451,3,0,0,0,0,0,0,0,0,0,0,0,0,0,0,0,0,0,0,1,3,0
e_1452,0,2,0,1,3,0,1,1,1,1,0,1,1,0,0,0,0,0,1,1,2,1
p_1453,3,1,0,0,0,0,0,0,3,0,0,0,0,0,0,0,0,0,0,1,3,1
e_1454,0,0,3,1,3,0,1,1,1,1,0,1,1,0,0,0,0,0,1,0,2,1
e_1455,3,2,2,1,3,0,1,1,3,1,0,1,1,0,0,0,0,0,1,0,0,1
e_1456,0,0,2,1,3,0,1,1,1,1,0,0,0,0,0,0,0,0,1,1,2,1
e_1457,0,2,0,0,3,0,0,1,1,1,2,0,0,2,1,0,0,0,0,1,4,3
e_1458,0,0,0,1,3,0,1,1,5,1,0,1,0,0,0,0,0,0,1,1,0,1
p_1459,3,0,2,0,0,0,0,0,0,0,0,0,0,0,0,0,0,0,0,1,0,0
e_1460,0,2,0,0,3,0,0,1,3,1,2,0,0,0,2,0,0,0,0,1,3,3
e_1461,0,0,2,1,3,0,1,1,1,1,0,1,1,0,0,0,0,0,1,0,0,1
e_1462,3,0,2,1,3,0,1,1,0,1,0,1,0,0,0,0,0,0,1,0,0,1
e_1463,0,0,2,0,1,0,1,0,1,1,2,0,0,0,0,0,0,0,0,2,3,3
e_1464,0,2,0,1,3,0,1,1,3,1,0,1,1,0,0,0,0,0,1,1,0,1
e_1465,0,1,3,0,3,0,0,1,3,1,2,0,0,1,0,0,0,0,0,0,3,3
e_1466,0,2,0,0,3,0,0,1,1,1,2,0,0,1,2,0,0,0,0,1,4,3
e_1467,0,0,1,0,1,0,1,0,3,1,2,0,0,0,0,0,0,0,0,2,3,3
e_1468,3,2,3,1,3,0,1,1,5,1,0,0,0,0,0,0,0,0,1,0,2,1
e_1469,0,0,0,1,3,0,1,1,1,1,0,0,0,0,0,0,0,0,1,0,0,1
e_1470,0,1,4,0,3,0,0,1,6,1,2,0,0,1,0,0,0,0,0,1,4,3
e_1471,3,0,3,1,3,0,1,1,3,1,0,1,1,0,0,0,0,0,1,0,2,1
p_1472,3,0,2,0,0,0,0,0,1,0,0,0,0,0,0,0,0,0,0,0,3,0
e_1473,3,2,2,1,3,0,1,1,3,1,0,0,1,0,0,0,0,0,1,1,0,1
e_1474,0,2,3,1,3,0,1,1,5,1,0,0,0,0,0,0,0,0,1,1,2,1
e_1475,3,2,0,1,3,0,1,1,0,1,0,0,1,0,0,0,0,0,1,1,0,1
e_1476,3,0,0,1,3,0,1,1,3,1,0,1,1,0,0,0,0,0,1,0,2,1
e_1477,0,2,2,1,3,0,1,1,0,1,0,1,1,0,0,0,0,0,1,1,2,1
p_1478,3,1,2,0,0,0,0,0,3,0,0,0,0,0,0,0,0,0,0,0,0,1
e_1479,0,2,2,1,3,0,1,1,0,1,0,1,0,0,0,0,0,0,1,1,0,1
e_1480,3,0,0,1,3,0,1,1,0,1,0,1,1,0,0,0,0,0,1,1,2,1
e_1481,0,0,0,1,3,0,1,1,1,1,0,1,0,0,0,0,0,0,1,0,0,1
e_1482,0,2,3,1,3,0,1,1,3,1,0,0,0,0,0,0,0,0,1,0,0,1
e_1483,0,0,0,1,3,0,1,1,0,1,0,0,0,0,0,0,0,0,1,0,2,1
e_1484,3,1,1,0,2,0,0,1,1,0,3,0,2,0,0,0,0,0,0,0,4,1
p_1485,0,1,0,0,0,0,0,0,1,0,0,0,0,0,0,0,0,0,0,0,3,0
e_1486,0,2,2,1,3,0,1,1,3,1,0,0,1,0,0,0,0,0,1,0,2,1
e_1487,3,0,2,1,3,0,1,1,0,1,0,1,1,0,0,0,0,0,1,0,0,1
e_1488,0,0,0,1,3,0,1,1,5,1,0,0,1,0,0,0,0,0,1,1,0,1
p_1489,3,1,0,0,0,0,0,0,3,0,0,0,0,0,0,0,0,0,0,1,0,1
e_1490,3,2,3,1,3,0,1,1,3,1,0,1,0,0,0,0,0,0,1,0,0,1
p_1491,3,0,2,0,0,0,0,0,3,0,0,0,0,0,0,0,0,0,0,1,0,0
e_1492,3,0,0,1,3,0,1,1,1,1,0,1,0,0,0,0,0,0,1,0,0,1
e_1493,0,0,3,1,3,0,1,1,3,1,0,1,0,0,0,0,0,0,1,0,0,1
e_1494,0,2,3,1,3,0,1,1,1,1,0,0,0,0,0,0,0,0,1,0,2,1
e_1495,3,2,0,1,3,0,1,1,1,1,0,0,0,0,0,0,0,0,1,0,0,1
e_1496,3,0,3,1,3,0,1,1,5,1,0,0,1,0,0,0,0,0,1,1,0,1
e_1497,0,0,2,1,3,0,1,1,3,1,0,0,1,0,0,0,0,0,1,1,0,1
e_1498,0,2,0,1,3,0,1,1,0,1,0,0,1,0,0,0,0,0,1,0,2,1
e_1499,0,2,3,1,3,0,1,1,3,1,0,0,1,0,0,0,0,0,1,0,0,1
e_1500,3,2,0,1,3,0,1,1,3,1,0,0,0,0,0,0,0,0,1,1,2,1
e_1501,1,1,1,0,1,0,0,1,1,0,1,0,0,0,0,0,0,0,0,0,1,2
e_1502,3,2,3,1,3,0,1,1,0,1,0,0,1,0,0,0,0,0,1,1,0,1
e_1503,0,2,3,1,3,0,1,1,5,1,0,0,0,0,0,0,0,0,1,0,2,1
e_1504,3,2,2,1,3,0,1,1,1,1,0,1,1,0,0,0,0,0,1,1,2,1
e_1505,0,2,0,0,3,0,0,1,3,1,2,0,0,2,1,0,0,0,0,1,4,3
p_1506,3,0,0,0,0,0,0,0,4,0,0,0,0,0,0,0,0,0,0,0,0,0
e_1507,0,2,0,0,3,0,0,1,3,1,2,0,0,2,2,0,0,0,0,1,4,3
e_1508,0,2,0,1,3,0,1,1,5,1,0,1,1,0,0,0,0,0,1,1,2,1
e_1509,0,2,0,0,3,0,0,1,3,1,2,0,0,0,1,0,0,0,0,0,4,3
e_1510,0,2,2,1,3,0,1,1,1,1,0,1,0,0,0,0,0,0,1,1,2,1
e_1511,3,0,3,1,3,0,1,1,0,1,0,0,0,0,0,0,0,0,1,0,0,1
e_1512,3,0,0,1,3,0,1,1,5,1,0,0,0,0,0,0,0,0,1,0,2,1
e_1513,0,1,1,0,1,0,0,1,2,0,1,0,0,0,0,0,0,0,0,0,0,2
e_1514,0,2,2,0,1,0,1,0,3,1,2,0,0,0,0,0,0,0,0,2,3,3
e_1515,3,2,3,1,3,0,1,1,1,1,0,1,1,0,0,0,0,0,1,1,2,1
e_1516,3,2,0,1,3,0,1,1,5,1,0,0,1,0,0,0,0,0,1,1,2,1
e_1517,3,2,0,1,3,0,1,1,1,1,0,0,1,0,0,0,0,0,1,1,0,1
e_1518,1,1,1,0,1,0,0,1,2,0,1,0,0,0,0,0,0,0,0,0,0,1
e_1519,0,2,0,1,3,0,1,1,5,1,0,1,1,0,0,0,0,0,1,0,0,1
e_1520,0,1,2,0,2,0,0,1,1,0,1,0,0,0,0,0,0,0,0,1,0,1
e_1521,3,0,2,1,3,0,1,1,1,1,0,0,1,0,0,0,0,0,1,0,0,1
e_1522,0,0,2,1,3,0,1,1,0,1,0,0,0,0,0,0,0,0,1,1,2,1
e_1523,0,2,0,1,3,0,1,1,1,1,0,1,1,0,0,0,0,0,1,1,0,1
e_1524,0,0,0,1,3,0,1,1,1,1,0,0,1,0,0,0,0,0,1,1,2,1
e_1525,0,0,0,1,3,0,1,1,1,1,0,1,1,0,0,0,0,0,1,1,0,1
e_1526,0,1,0,0,3,0,0,1,4,1,2,0,0,0,0,0,0,0,0,1,4,3
e_1527,3,0,3,1,3,0,1,1,1,1,0,1,1,0,0,0,0,0,1,0,0,1
e_1528,0,1,1,0,1,0,0,1,2,0,1,0,0,0,0,0,0,0,0,0,1,2
e_1529,0,0,2,1,3,0,1,1,1,1,0,1,1,0,0,0,0,0,1,0,2,1
p_1530,3,1,2,0,0,0,0,0,1,0,0,0,0,0,0,0,0,0,0,0,0,0
e_1531,3,0,2,1,3,0,1,1,5,1,0,0,0,0,0,0,0,0,1,1,0,1
p_1532,3,0,2,0,0,0,0,0,1,0,0,0,0,0,0,0,0,0,0,1,0,0
e_1533,3,0,3,1,3,0,1,1,5,1,0,0,0,0,0,0,0,0,1,0,0,1
e_1534,3,2,3,1,3,0,1,1,0,1,0,1,1,0,0,0,0,0,1,1,0,1
p_1535,0,0,2,0,0,0,0,0,3,0,0,0,0,0,0,0,0,0,0,1,0,1
e_1536,0,0,3,1,3,0,1,1,3,1,0,1,1,0,0,0,0,0,1,0,2,1
p_1537,0,0,2,0,0,0,0,0,3,0,0,0,0,0,0,0,0,0,0,1,0,0
e_1538,0,0,3,1,3,0,1,1,3,1,0,1,1,0,0,0,0,0,1,1,0,1
e_1539,3,0,2,1,3,0,1,1,3,1,0,0,0,0,0,0,0,0,1,0,0,1
p_1540,3,1,2,0,0,0,0,0,4,0,0,0,0,0,0,0,0,0,0,1,3,1
e_1541,0,2,2,1,3,0,1,1,1,1,0,0,0,0,0,0,0,0,1,0,2,1
e_1542,0,0,0,1,3,0,1,1,5,1,0,0,0,0,0,0,0,0,1,0,2,1
e_1543,0,2,2,1,3,0,1,1,3,1,0,1,1,0,0,0,0,0,1,1,0,1
e_1544,0,2,2,1,3,0,1,1,3,1,0,1,0,0,0,0,0,0,1,0,2,1
e_1545,0,1,4,0,3,0,0,1,6,1,2,0,0,1,2,0,0,0,0,0,4,3
p_1546,3,0,0,0,0,0,0,0,0,0,0,0,0,0,0,0,0,0,0,0,0,0
e_1547,3,2,3,1,3,0,1,1,0,1,0,1,0,0,0,0,0,0,1,0,0,1
e_1548,0,1,1,0,1,0,0,1,4,0,3,0,2,0,0,0,0,0,0,0,4,1
e_1549,0,2,0,1,3,0,1,1,5,1,0,0,0,0,0,0,0,0,1,1,2,1
e_1550,3,2,0,1,3,0,1,1,0,1,0,1,1,0,0,0,0,0,1,0,2,1
e_1551,1,0,2,0,2,0,0,1,2,0,1,0,0,0,0,0,0,0,0,0,1,2
e_1552,3,0,3,1,3,0,1,1,0,1,0,0,1,0,0,0,0,0,1,0,2,1
e_1553,3,2,2,1,3,0,1,1,1,1,0,1,1,0,0,0,0,0,1,0,2,1
e_1554,3,2,0,1,3,0,1,1,5,1,0,0,0,0,0,0,0,0,1,1,2,1
p_1555,3,0,0,0,0,0,0,0,4,0,0,0,0,0,0,0,0,0,0,1,0,0
e_1556,0,0,0,1,3,0,1,1,5,1,0,0,1,0,0,0,0,0,1,1,2,1
e_1557,1,1,1,0,1,0,0,1,4,0,1,0,0,0,0,0,0,0,0,0,1,1
e_1558,3,0,3,1,3,0,1,1,3,1,0,0,1,0,0,0,0,0,1,1,2,1
e_1559,3,0,0,1,3,0,1,1,5,1,0,0,1,0,0,0,0,0,1,0,0,1
e_1560,0,2,3,1,3,0,1,1,5,1,0,1,0,0,0,0,0,0,1,1,2,1
e_1561,3,0,3,1,3,0,1,1,3,1,0,0,1,0,0,0,0,0,1,0,0,1
e_1562,0,2,0,1,3,0,1,1,3,1,0,1,0,0,0,0,0,0,1,0,2,1
e_1563,0,2,0,0,3,0,0,1,3,1,2,0,0,2,2,0,0,0,0,1,3,3
e_1564,1,1,2,0,2,0,0,1,2,0,1,0,0,0,0,0,0,0,0,1,1,2
e_1565,0,2,3,0,3,0,0,1,1,1,2,0,0,1,0,0,0,0,0,1,3,3
p_1566,3,1,0,0,0,0,0,0,3,0,0,0,0,0,0,0,0,0,0,0,0,1
e_1567,0,0,2,1,3,0,1,1,5,1,0,0,0,0,0,0,0,0,1,1,2,1
p_1568,3,0,0,0,0,0,0,0,0,0,0,0,0,0,0,0,0,0,0,0,3,0
e_1569,3,0,0,1,3,0,1,1,1,1,0,0,1,0,0,0,0,0,1,1,2,1
e_1570,3,2,0,1,3,0,1,1,0,1,0,0,1,0,0,0,0,0,1,0,2,1
e_1571,0,2,2,1,3,0,1,1,0,1,0,0,1,0,0,0,0,0,1,0,2,1
e_1572,0,2,0,1,3,0,1,1,1,1,0,1,0,0,0,0,0,0,1,1,2,1
e_1573,3,0,0,1,3,0,1,1,1,1,0,1,1,0,0,0,0,0,1,1,0,1
e_1574,0,0,1,0,2,0,0,1,2,0,1,0,0,0,0,0,0,0,0,0,0,1
e_1575,3,0,2,1,3,0,1,1,0,1,0,0,1,0,0,0,0,0,1,0,2,1
e_1576,0,0,2,1,3,0,1,1,0,1,0,1,0,0,0,0,0,0,1,0,0,1
p_1577,0,1,0,0,0,0,0,0,3,0,0,0,0,0,0,0,0,0,0,0,3,1
e_1578,3,2,3,1,3,0,1,1,1,1,0,0,1,0,0,0,0,0,1,0,2,1
p_1579,3,1,0,0,0,0,0,0,1,0,0,0,0,0,0,0,0,0,0,0,0,1
e_1580,3,2,2,1,3,0,1,1,1,1,0,0,0,0,0,0,0,0,1,0,2,1
e_1581,0,2,0,0,3,0,0,1,3,1,2,0,0,2,0,0,0,0,0,0,3,3
e_1582,0,2,3,1,3,0,1,1,0,1,0,0,1,0,0,0,0,0,1,0,0,1
p_1583,3,0,0,0,0,0,0,0,4,0,0,0,0,0,0,0,0,0,0,1,3,0
e_1584,3,0,3,1,3,0,1,1,5,1,0,0,1,0,0,0,0,0,1,0,0,1
p_1585,0,0,2,0,0,0,0,0,4,0,0,0,0,0,0,0,0,0,0,1,3,0
e_1586,0,2,0,0,3,0,0,1,3,1,2,0,0,1,2,0,0,0,0,1,3,3
e_1587,0,2,0,1,3,0,1,1,3,1,0,1,0,0,0,0,0,0,1,1,0,1
e_1588,0,1,1,0,1,0,0,1,1,0,3,0,2,0,0,0,0,0,0,1,0,4
e_1589,3,2,2,1,3,0,1,1,5,1,0,1,1,0,0,0,0,0,1,0,0,1
e_1590,3,0,2,1,3,0,1,1,3,1,0,0,1,0,0,0,0,0,1,1,2,1
e_1591,0,2,3,1,3,0,1,1,1,1,0,1,0,0,0,0,0,0,1,1,0,1
e_1592,3,2,3,1,3,0,1,1,3,1,0,1,1,0,0,0,0,0,1,0,0,1
e_1593,3,2,2,1,3,0,1,1,1,1,0,0,1,0,0,0,0,0,1,1,2,1
e_1594,0,2,3,1,3,0,1,1,1,1,0,1,1,0,0,0,0,0,1,0,0,1
e_1595,3,2,3,1,3,0,1,1,0,1,0,1,1,0,0,0,0,0,1,1,2,1
e_1596,0,2,3,0,3,0,0,1,4,1,2,0,0,0,0,0,0,0,0,1,3,3
e_1597,0,0,3,1,3,0,1,1,3,1,0,1,0,0,0,0,0,0,1,0,2,1
e_1598,3,0,3,1,3,0,1,1,3,1,0,1,0,0,0,0,0,0,1,0,0,1
e_1599,0,1,0,0,2,0,0,1,4,0,3,0,2,0,0,0,0,0,0,1,0,1
e_1600,0,1,3,0,3,0,0,1,1,1,2,0,0,2,2,0,0,0,0,0,4,3
e_1601,3,0,3,1,3,0,1,1,0,1,0,1,1,0,0,0,0,0,1,0,2,1
e_1602,3,2,2,1,3,0,1,1,0,1,0,0,1,0,0,0,0,0,1,1,0,1
e_1603,3,0,0,1,3,0,1,1,5,1,0,1,1,0,0,0,0,0,1,1,2,1
e_1604,3,2,2,1,3,0,1,1,3,1,0,0,0,0,0,0,0,0,1,0,0,1
e_1605,3,2,0,1,3,0,1,1,1,1,0,0,1,0,0,0,0,0,1,0,2,1
e_1606,3,0,3,1,3,0,1,1,0,1,0,0,0,0,0,0,0,0,1,0,2,1
e_1607,0,0,0,1,3,0,1,1,1,1,0,0,0,0,0,0,0,0,1,1,0,1
e_1608,0,2,0,0,3,0,0,1,3,1,2,0,0,0,0,0,0,0,0,1,4,3
e_1609,0,0,0,1,3,0,1,1,0,1,0,1,1,0,0,0,0,0,1,1,0,1
e_1610,0,2,0,1,3,0,1,1,0,1,0,1,0,0,0,0,0,0,1,0,2,1
e_1611,3,0,2,1,3,0,1,1,3,1,0,1,1,0,0,0,0,0,1,1,2,1
e_1612,0,2,0,1,3,0,0,0,3,0,0,0,0,0,0,0,0,0,0,0,4,0
p_1613,3,0,2,0,0,0,0,0,3,0,0,0,0,0,0,0,0,0,0,0,0,0
p_1614,3,0,0,0,0,0,0,0,3,0,0,0,0,0,0,0,0,0,0,1,3,1
e_1615,0,2,0,0,3,0,0,1,6,1,2,0,0,0,2,0,0,0,0,0,3,3
e_1616,0,0,2,1,3,0,1,1,1,1,0,1,0,0,0,0,0,0,1,1,2,1
e_1617,3,2,3,1,3,0,1,1,0,1,0,0,0,0,0,0,0,0,1,1,2,1
e_1618,0,0,0,1,3,0,1,1,5,1,0,0,0,0,0,0,0,0,1,1,0,1
e_1619,0,2,0,1,3,0,1,1,5,1,0,1,1,0,0,0,0,0,1,1,0,1
e_1620,0,0,3,1,3,0,1,1,5,1,0,0,0,0,0,0,0,0,1,0,0,1
e_1621,3,2,3,1,3,0,1,1,1,1,0,1,1,0,0,0,0,0,1,0,2,1
e_1622,3,0,0,1,3,0,1,1,3,1,0,0,1,0,0,0,0,0,1,1,0,1
e_1623,3,0,3,1,3,0,1,1,1,1,0,0,1,0,0,0,0,0,1,0,2,1
e_1624,0,2,4,0,3,0,0,1,1,1,2,0,0,2,1,0,0,0,0,0,3,3
p_1625,3,1,2,0,0,0,0,0,0,0,0,0,0,0,0,0,0,0,0,1,3,0
e_1626,0,2,0,1,3,0,1,1,5,1,0,1,0,0,0,0,0,0,1,1,0,1
e_1627,0,2,0,0,3,0,0,1,1,1,2,0,0,0,2,0,0,0,0,1,3,3
p_1628,3,0,0,0,0,0,0,0,0,0,0,0,0,0,0,0,0,0,0,1,0,0
p_1629,3,0,2,0,0,0,0,0,0,0,0,0,0,0,0,0,0,0,0,0,3,1
p_1630,3,0,2,0,0,0,0,0,1,0,0,0,0,0,0,0,0,0,0,0,0,0
e_1631,3,2,2,1,3,0,1,1,5,1,0,0,1,0,0,0,0,0,1,1,2,1
e_1632,3,0,0,1,3,0,1,1,5,1,0,1,0,0,0,0,0,0,1,1,0,1
e_1633,3,2,0,1,3,0,1,1,5,1,0,1,1,0,0,0,0,0,1,0,2,1
e_1634,0,0,0,1,3,0,1,1,5,1,0,0,1,0,0,0,0,0,1,0,2,1
e_1635,3,0,0,1,3,0,1,1,0,1,0,0,1,0,0,0,0,0,1,0,2,1
p_1636,3,0,2,0,0,0,0,0,3,0,0,0,0,0,0,0,0,0,0,1,3,1
p_1637,3,0,2,0,0,0,0,0,1,0,0,0,0,0,0,0,0,0,0,0,3,1
e_1638,3,0,3,1,3,0,1,1,3,1,0,1,1,0,0,0,0,0,1,1,2,1
e_1639,0,0,0,1,3,0,1,1,0,1,0,1,0,0,0,0,0,0,1,0,2,1
e_1640,0,0,0,1,3,0,1,1,5,1,0,1,1,0,0,0,0,0,1,1,0,1
e_1641,0,2,0,0,3,0,0,1,4,1,2,0,0,0,2,0,0,0,0,0,3,3
e_1642,0,2,0,0,3,0,0,1,1,1,2,0,0,1,0,0,0,0,0,1,3,3
e_1643,3,2,2,1,3,0,1,1,3,1,0,1,0,0,0,0,0,0,1,0,2,1
e_1644,3,2,2,1,3,0,1,1,1,1,0,1,0,0,0,0,0,0,1,1,0,1
e_1645,0,2,2,1,3,0,1,1,0,1,0,1,1,0,0,0,0,0,1,0,2,1
e_1646,0,0,1,0,2,0,0,1,1,0,1,0,0,0,0,0,0,0,0,1,1,2
e_1647,3,0,3,1,3,0,1,1,1,1,0,1,1,0,0,0,0,0,1,1,2,1
e_1648,0,0,2,1,3,0,1,1,5,1,0,0,1,0,0,0,0,0,1,1,0,1
e_1649,0,2,0,1,3,0,1,1,1,1,0,0,0,0,0,0,0,0,1,1,0,1
e_1650,0,2,0,1,3,0,1,1,3,1,0,1,0,0,0,0,0,0,1,1,2,1
e_1651,0,0,2,1,3,0,1,1,1,1,0,0,0,0,0,0,0,0,1,1,0,1
e_1652,0,0,0,1,3,0,1,1,5,1,0,1,1,0,0,0,0,0,1,0,0,1
e_1653,0,0,3,1,3,0,1,1,5,1,0,1,0,0,0,0,0,0,1,1,0,1
e_1654,0,0,3,1,3,0,1,1,3,1,0,0,1,0,0,0,0,0,1,0,0,1
e_1655,3,0,2,1,3,0,1,1,3,1,0,0,0,0,0,0,0,0,1,1,0,1
e_1656,0,0,0,1,3,0,1,1,1,1,0,1,1,0,0,0,0,0,1,0,2,1
e_1657,3,2,3,1,3,0,1,1,3,1,0,0,0,0,0,0,0,0,1,1,0,1
e_1658,3,2,2,1,3,0,1,1,5,1,0,0,0,0,0,0,0,0,1,0,0,1
e_1659,0,2,2,1,3,0,1,1,1,1,0,0,0,0,0,0,0,0,1,1,2,1
e_1660,3,2,3,1,3,0,1,1,5,1,0,1,0,0,0,0,0,0,1,0,0,1
e_1661,0,2,3,1,3,0,1,1,3,1,0,0,1,0,0,0,0,0,1,0,2,1
e_1662,0,1,1,0,1,0,0,1,2,0,1,0,0,0,0,0,0,0,0,0,1,1
e_1663,0,0,1,0,2,0,0,1,1,0,1,0,0,0,0,0,0,0,0,0,1,1
e_1664,0,0,2,1,3,0,1,1,3,1,0,0,1,0,0,0,0,0,1,0,2,1
p_1665,0,1,0,0,0,0,0,0,0,0,0,0,0,0,0,0,0,0,0,0,0,1
e_1666,0,2,2,1,3,0,1,1,0,1,0,0,1,0,0,0,0,0,1,1,0,1
p_1667,0,0,2,0,0,0,0,0,4,0,0,0,0,0,0,0,0,0,0,0,0,0
e_1668,0,1,3,0,3,0,0,1,1,1,2,0,0,2,2,0,0,0,0,1,3,3
p_1669,3,0,2,0,0,0,0,0,4,0,0,0,0,0,0,0,0,0,0,0,3,0
e_1670,0,1,1,0,2,0,0,1,2,0,1,0,0,0,0,0,0,0,0,1,0,1
e_1671,0,1,2,0,2,0,0,1,1,0,1,0,0,0,0,0,0,0,0,1,1,2
e_1672,3,1,0,0,2,0,0,1,1,0,3,0,2,0,0,0,0,0,0,1,4,4
e_1673,0,0,2,1,3,0,1,1,1,1,0,0,1,0,0,0,0,0,1,1,0,1
e_1674,3,0,0,1,3,0,1,1,3,1,0,1,0,0,0,0,0,0,1,0,0,1
e_1675,0,0,3,1,3,0,1,1,3,1,0,0,0,0,0,0,0,0,1,0,2,1
e_1676,0,0,2,1,3,0,1,1,1,1,0,1,0,0,0,0,0,0,1,0,2,1
e_1677,3,0,0,1,3,0,1,1,5,1,0,1,1,0,0,0,0,0,1,1,0,1
e_1678,3,0,0,1,3,0,1,1,1,1,0,0,0,0,0,0,0,0,1,0,2,1
e_1679,0,0,3,1,3,0,1,1,1,1,0,1,1,0,0,0,0,0,1,0,0,1
e_1680,1,0,2,0,2,0,0,1,1,0,1,0,0,0,0,0,0,0,0,1,1,1
e_1681,0,0,3,1,3,0,1,1,3,1,0,0,0,0,0,0,0,0,1,0,0,1
e_1682,0,0,1,0,2,0,0,1,4,0,1,0,0,0,0,0,0,0,0,0,0,2
p_1683,3,1,2,0,0,0,0,0,1,0,0,0,0,0,0,0,0,0,0,0,3,1
e_1684,3,0,2,1,3,0,1,1,3,1,0,1,1,0,0,0,0,0,1,0,0,1
e_1685,3,0,0,1,3,0,1,1,5,1,0,1,1,0,0,0,0,0,1,0,0,1
e_1686,3,0,3,1,3,0,1,1,1,1,0,0,0,0,0,0,0,0,1,1,0,1
e_1687,3,2,3,1,3,0,1,1,5,1,0,1,0,0,0,0,0,0,1,1,0,1
e_1688,0,1,0,0,3,0,0,1,3,1,2,0,0,1,0,0,0,0,0,1,4,3
e_1689,0,2,0,0,3,0,0,1,1,1,2,0,0,1,2,0,0,0,0,0,4,3
e_1690,0,1,1,0,1,0,0,1,1,0,3,0,2,0,0,0,0,0,0,1,4,4
e_1691,0,2,3,0,3,0,0,1,4,1,2,0,0,2,1,0,0,0,0,0,4,3
e_1692,3,2,3,1,3,0,1,1,3,1,0,1,1,0,0,0,0,0,1,1,2,1
e_1693,3,0,0,1,3,0,1,1,5,1,0,1,0,0,0,0,0,0,1,0,0,1
e_1694,3,0,2,1,3,0,1,1,1,1,0,0,1,0,0,0,0,0,1,1,2,1
e_1695,0,2,3,1,3,0,1,1,0,1,0,1,0,0,0,0,0,0,1,1,2,1
e_1696,3,0,2,1,3,0,1,1,1,1,0,1,1,0,0,0,0,0,1,0,0,1
e_1697,3,2,3,1,3,0,1,1,1,1,0,1,0,0,0,0,0,0,1,1,2,1
e_1698,0,2,3,1,3,0,1,1,0,1,0,0,0,0,0,0,0,0,1,1,2,1
e_1699,0,0,0,1,3,0,1,1,0,1,0,0,1,0,0,0,0,0,1,1,2,1
e_1700,0,2,0,0,3,0,0,1,4,1,2,0,0,0,2,0,0,0,0,0,4,3
e_1701,3,0,2,1,3,0,1,1,0,1,0,0,0,0,0,0,0,0,1,1,0,1
e_1702,3,2,0,1,3,0,1,1,1,1,0,1,0,0,0,0,0,0,1,0,0,1
p_1703,3,1,0,0,0,0,0,0,4,0,0,0,0,0,0,0,0,0,0,0,0,1
e_1704,0,2,0,0,3,0,0,1,1,1,2,0,0,2,0,0,0,0,0,0,4,3
e_1705,0,2,0,1,3,0,1,1,3,1,0,1,1,0,0,0,0,0,1,0,0,1
e_1706,3,2,2,1,3,0,1,1,1,1,0,0,1,0,0,0,0,0,1,0,0,1
p_1707,3,1,0,0,0,0,0,0,1,0,0,0,0,0,0,0,0,0,0,1,3,0
e_1708,3,2,3,1,3,0,1,1,0,1,0,0,0,0,0,0,0,0,1,0,0,1
e_1709,0,2,3,0,3,0,0,1,1,1,2,0,0,0,0,0,0,0,0,0,3,3
e_1710,0,2,2,1,3,0,1,1,3,1,0,1,1,0,0,0,0,0,1,0,2,1
e_1711,0,2,3,1,3,0,1,1,5,1,0,1,1,0,0,0,0,0,1,0,0,1
e_1712,0,2,0,0,3,0,0,1,4,1,2,0,0,1,1,0,0,0,0,1,3,3
e_1713,0,0,3,1,3,0,1,1,5,1,0,0,1,0,0,0,0,0,1,1,2,1
e_1714,3,2,2,1,3,0,1,1,3,1,0,0,1,0,0,0,0,0,1,1,2,1
e_1715,0,2,3,0,3,0,0,1,6,1,2,0,0,2,1,0,0,0,0,0,4,3
e_1716,0,1,2,0,2,0,0,1,4,0,1,0,0,0,0,0,0,0,0,0,1,1
e_1717,0,1,2,0,2,0,0,1,0,0,1,0,0,0,0,0,0,0,0,1,1,2
e_1718,3,0,3,1,3,0,1,1,3,1,0,1,0,0,0,0,0,0,1,1,0,1
e_1719,3,0,2,1,3,0,1,1,0,1,0,0,0,0,0,0,0,0,1,0,2,1
e_1720,3,0,0,1,3,0,1,1,1,1,0,1,1,0,0,0,0,0,1,0,0,1
e_1721,3,0,2,1,3,0,1,1,3,1,0,1,0,0,0,0,0,0,1,0,2,1
e_1722,0,2,0,1,3,0,1,1,5,1,0,0,1,0,0,0,0,0,1,1,2,1
e_1723,0,0,0,1,3,0,1,1,1,1,0,0,1,0,0,0,0,0,1,1,0,1
e_1724,1,1,1,0,1,0,0,1,2,0,1,0,0,0,0,0,0,0,0,1,1,2
p_1725,3,1,2,0,0,0,0,0,0,0,0,0,0,0,0,0,0,0,0,0,3,1
e_1726,0,0,0,1,3,0,1,1,0,1,0,0,1,0,0,0,0,0,1,0,2,1
e_1727,3,0,0,1,3,0,1,1,0,1,0,1,0,0,0,0,0,0,1,0,0,1
e_1728,0,1,0,0,1,0,0,1,1,0,3,0,2,0,0,0,0,0,0,0,0,1
e_1729,0,0,3,1,3,0,1,1,1,1,0,1,1,0,0,0,0,0,1,1,2,1
e_1730,3,0,2,1,3,0,1,1,0,1,0,1,0,0,0,0,0,0,1,1,2,1
p_1731,0,0,0,0,0,0,0,0,1,0,0,0,0,0,0,0,0,0,0,0,3,0
e_1732,3,0,3,1,3,0,1,1,1,1,0,1,1,0,0,0,0,0,1,0,2,1
e_1733,0,2,2,1,3,0,1,1,3,1,0,1,0,0,0,0,0,0,1,1,0,1
p_1734,3,0,0,0,0,0,0,0,1,0,0,0,0,0,0,0,0,0,0,0,3,1
e_1735,0,2,0,1,3,0,1,1,3,1,0,0,0,0,0,0,0,0,1,1,2,1
e_1736,0,0,0,1,3,0,1,1,3,1,0,1,0,0,0,0,0,0,1,0,2,1
e_1737,0,2,0,0,3,0,0,1,6,1,2,0,0,1,1,0,0,0,0,0,3,3
e_1738,3,0,2,1,3,0,1,1,3,1,0,1,0,0,0,0,0,0,1,0,0,1
p_1739,3,0,2,0,0,0,0,0,3,0,0,0,0,0,0,0,0,0,0,1,3,0
e_1740,0,2,2,1,3,0,1,1,5,1,0,0,1,0,0,0,0,0,1,0,2,1
e_1741,3,2,0,1,3,0,1,1,5,1,0,0,0,0,0,0,0,0,1,1,0,1
e_1742,3,0,3,1,3,0,1,1,3,1,0,1,1,0,0,0,0,0,1,1,0,1
e_1743,0,2,2,1,3,0,1,1,1,1,0,1,1,0,0,0,0,0,1,0,2,1
e_1744,3,1,0,0,2,0,0,1,4,0,3,0,2,0,0,0,0,0,0,1,4,1
p_1745,3,0,2,0,0,0,0,0,4,0,0,0,0,0,0,0,0,0,0,1,0,1
e_1746,0,2,2,1,3,0,1,1,3,1,0,0,0,0,0,0,0,0,1,1,2,1
e_1747,3,2,0,1,3,0,0,0,3,0,0,0,0,0,0,0,0,0,0,0,4,0
p_1748,3,1,0,0,0,0,0,0,4,0,0,0,0,0,0,0,0,0,0,1,0,0
e_1749,3,0,2,1,3,0,1,1,1,1,0,0,1,0,0,0,0,0,1,1,0,1
e_1750,0,2,3,1,3,0,1,1,0,1,0,1,1,0,0,0,0,0,1,1,0,1
e_1751,3,1,1,0,1,0,0,1,1,0,3,0,2,0,0,0,0,0,0,1,4,4
e_1752,0,2,2,1,3,0,1,1,5,1,0,1,1,0,0,0,0,0,1,1,0,1
e_1753,0,2,2,1,3,0,1,1,5,1,0,1,1,0,0,0,0,0,1,0,2,1
p_1754,3,1,0,0,0,0,0,0,1,0,0,0,0,0,0,0,0,0,0,1,0,1
e_1755,3,2,0,1,3,0,1,1,5,1,0,1,0,0,0,0,0,0,1,0,0,1
e_1756,3,2,3,1,3,0,1,1,0,1,0,0,0,0,0,0,0,0,1,1,0,1
e_1757,0,2,0,1,3,0,1,1,1,1,0,0,0,0,0,0,0,0,1,0,0,1
e_1758,0,2,0,0,3,0,0,1,3,1,2,0,0,2,1,0,0,0,0,1,3,3
e_1759,0,0,3,1,3,0,1,1,0,1,0,1,1,0,0,0,0,0,1,0,0,1
e_1760,0,0,3,1,3,0,1,1,1,1,0,1,0,0,0,0,0,0,1,0,2,1
e_1761,0,2,2,1,3,0,1,1,0,1,0,1,1,0,0,0,0,0,1,0,0,1
e_1762,3,2,3,1,3,0,1,1,5,1,0,0,0,0,0,0,0,0,1,1,0,1
e_1763,0,2,0,0,3,0,0,1,1,1,2,0,0,0,0,0,0,0,0,0,4,3
e_1764,0,0,2,1,3,0,1,1,3,1,0,1,1,0,0,0,0,0,1,1,0,1
p_1765,0,0,2,0,0,0,0,0,1,0,0,0,0,0,0,0,0,0,0,1,0,0
e_1766,3,0,3,1,3,0,1,1,1,1,0,0,1,0,0,0,0,0,1,1,2,1
e_1767,0,0,0,1,3,0,1,1,0,1,0,0,0,0,0,0,0,0,1,1,0,1
e_1768,0,2,0,0,3,0,0,1,3,1,2,0,0,0,2,0,0,0,0,0,3,3
e_1769,0,1,1,0,1,0,0,1,3,0,3,0,2,0,0,0,0,0,0,1,4,1
e_1770,0,0,3,1,3,0,1,1,0,1,0,1,1,0,0,0,0,0,1,0,2,1
e_1771,0,2,0,1,3,0,1,1,5,1,0,1,0,0,0,0,0,0,1,0,2,1
e_1772,0,2,2,1,3,0,1,1,0,1,0,0,0,0,0,0,0,0,1,0,2,1
e_1773,0,1,1,0,1,0,0,1,0,0,1,0,0,0,0,0,0,0,0,1,0,1
e_1774,0,2,0,0,3,0,0,1,3,1,2,0,0,1,0,0,0,0,0,0,4,3
e_1775,0,2,2,1,3,0,1,1,3,1,0,0,0,0,0,0,0,0,1,0,2,1
e_1776,0,2,2,1,3,0,1,1,1,1,0,1,0,0,0,0,0,0,1,0,2,1
p_1777,3,0,0,0,0,0,0,0,1,0,0,0,0,0,0,0,0,0,0,1,0,0
p_1778,3,0,2,0,0,0,0,0,0,0,0,0,0,0,0,0,0,0,0,0,3,0
e_1779,0,0,0,1,3,0,1,1,3,1,0,0,0,0,0,0,0,0,1,0,2,1
e_1780,0,2,3,1,3,0,0,0,1,0,0,0,0,0,0,0,0,0,0,1,3,0
e_1781,3,0,0,1,3,0,1,1,3,1,0,1,1,0,0,0,0,0,1,0,0,1
e_1782,0,0,2,1,3,0,1,1,0,1,0,1,0,0,0,0,0,0,1,0,2,1
p_1783,3,0,2,0,0,0,0,0,4,0,0,0,0,0,0,0,0,0,0,0,0,1
e_1784,1,0,1,0,1,0,0,1,0,0,1,0,0,0,0,0,0,0,0,1,0,1
e_1785,0,2,0,1,3,0,1,1,5,1,0,1,1,0,0,0,0,0,1,0,2,1
p_1786,3,1,0,0,0,0,0,0,1,0,0,0,0,0,0,0,0,0,0,0,0,0
e_1787,0,0,3,1,3,0,1,1,5,1,0,1,1,0,0,0,0,0,1,0,2,1
e_1788,0,0,3,1,3,0,1,1,0,1,0,0,1,0,0,0,0,0,1,1,0,1
e_1789,0,0,2,1,3,0,1,1,1,1,0,1,0,0,0,0,0,0,1,0,0,1
p_1790,3,0,2,0,0,0,0,0,1,0,0,0,0,0,0,0,0,0,0,1,3,0
e_1791,3,0,2,1,3,0,1,1,0,1,0,1,1,0,0,0,0,0,1,0,2,1
e_1792,0,2,0,1,3,0,1,1,5,1,0,1,0,0,0,0,0,0,1,1,2,1
e_1793,3,2,0,1,3,0,1,1,3,1,0,0,0,0,0,0,0,0,1,1,0,1
e_1794,0,2,0,1,3,0,1,1,3,1,0,1,1,0,0,0,0,0,1,1,2,1
p_1795,3,1,0,0,0,0,0,0,0,0,0,0,0,0,0,0,0,0,0,0,3,1
e_1796,0,2,2,1,3,0,1,1,3,1,0,0,1,0,0,0,0,0,1,1,0,1
e_1797,3,0,2,1,3,0,1,1,3,1,0,1,0,0,0,0,0,0,1,1,2,1
p_1798,3,1,2,0,0,0,0,0,0,0,0,0,0,0,0,0,0,0,0,0,3,0
e_1799,3,0,3,1,3,0,1,1,3,1,0,0,1,0,0,0,0,0,1,0,2,1
e_1800,3,1,0,0,3,0,0,1,4,1,2,0,0,0,2,0,0,0,0,1,3,3
e_1801,0,2,3,1,3,0,1,1,5,1,0,0,1,0,0,0,0,0,1,1,2,1
e_1802,0,2,3,0,3,0,0,1,6,1,2,0,0,0,1,0,0,0,0,0,3,3
e_1803,0,1,0,0,3,0,0,1,3,1,2,0,0,2,0,0,0,0,0,1,3,3
e_1804,3,2,0,0,3,0,0,1,1,1,2,0,0,2,2,0,0,0,0,1,4,3
e_1805,3,1,4,0,3,0,0,1,3,1,2,0,0,2,1,0,0,0,0,0,3,3
e_1806,3,0,3,1,3,0,1,1,5,1,0,1,0,0,0,0,0,0,1,1,0,1
e_1807,0,2,3,0,3,0,0,1,6,1,2,0,0,2,1,0,0,0,0,1,4,3
e_1808,0,1,3,0,3,0,0,1,3,1,2,0,0,1,1,0,0,0,0,0,4,3
e_1809,0,2,3,1,3,0,1,1,3,1,0,1,0,0,0,0,0,0,1,1,0,1
p_1810,3,0,0,0,0,0,0,0,1,0,0,0,0,0,0,0,0,0,0,1,0,1
e_1811,3,2,0,0,3,0,0,1,1,1,2,0,0,1,0,0,0,0,0,0,3,3
p_1812,0,0,0,0,0,0,0,0,1,0,0,0,0,0,0,0,0,0,0,0,3,1
e_1813,0,0,2,0,1,0,0,1,1,0,1,0,0,0,0,0,0,0,0,1,0,1
e_1814,0,0,2,1,3,0,1,1,5,1,0,0,0,0,0,0,0,0,1,0,2,1
e_1815,0,1,1,0,1,0,0,1,2,0,1,0,0,0,0,0,0,0,0,1,0,1
p_1816,0,2,3,1,4,0,0,1,5,0,2,2,3,3,3,0,0,0,2,3,4,1
e_1817,3,0,0,1,3,0,1,1,0,1,0,1,0,0,0,0,0,0,1,1,2,1
e_1818,3,0,2,1,3,0,1,1,3,1,0,1,1,0,0,0,0,0,1,1,0,1
e_1819,0,2,0,0,3,0,0,1,3,1,2,0,0,1,2,0,0,0,0,0,3,3
e_1820,3,0,0,1,3,0,1,1,5,1,0,0,0,0,0,0,0,0,1,0,0,1
e_1821,0,2,0,1,3,0,1,1,5,1,0,0,1,0,0,0,0,0,1,0,0,1
p_1822,0,0,2,0,0,0,0,0,3,0,0,0,0,0,0,0,0,0,0,0,3,0
e_1823,3,2,0,0,3,0,0,1,3,1,2,0,0,2,2,0,0,0,0,1,4,3
e_1824,0,1,2,0,2,0,0,1,0,0,1,0,0,0,0,0,0,0,0,1,1,1
e_1825,3,2,3,1,3,0,1,1,1,1,0,1,0,0,0,0,0,0,1,0,0,1
e_1826,0,1,4,0,3,0,0,1,1,1,2,0,0,0,2,0,0,0,0,1,3,3
e_1827,3,2,2,1,3,0,1,1,1,1,0,0,0,0,0,0,0,0,1,0,0,1
e_1828,0,0,3,1,3,0,1,1,3,1,0,1,0,0,0,0,0,0,1,1,2,1
e_1829,0,1,0,0,3,0,0,1,1,1,2,0,0,0,1,0,0,0,0,0,3,3
e_1830,0,1,3,0,3,0,0,1,4,1,2,0,0,0,2,0,0,0,0,1,4,3
e_1831,0,2,3,0,3,0,0,1,6,1,2,0,0,1,0,0,0,0,0,0,3,3
e_1832,3,0,2,1,3,0,1,1,1,1,0,1,0,0,0,0,0,0,1,1,2,1
e_1833,0,2,3,0,3,0,0,1,6,1,2,0,0,2,0,0,0,0,0,0,3,3
e_1834,0,2,0,0,3,0,0,1,6,1,2,0,0,1,2,0,0,0,0,1,3,3
e_1835,0,2,4,0,3,0,0,1,4,1,2,0,0,1,0,0,0,0,0,1,3,3
e_1836,0,1,0,0,3,0,0,1,4,1,2,0,0,2,2,0,0,0,0,1,4,3
e_1837,3,2,2,1,3,0,1,1,5,1,0,1,1,0,0,0,0,0,1,1,0,1
e_1838,0,1,0,0,3,0,0,1,3,1,2,0,0,2,0,0,0,0,0,0,4,3
e_1839,0,0,3,1,3,0,1,1,1,1,0,0,1,0,0,0,0,0,1,0,0,1
e_1840,0,2,3,1,3,0,1,1,5,1,0,1,0,0,0,0,0,0,1,0,2,1
e_1841,3,2,2,1,3,0,1,1,3,1,0,0,0,0,0,0,0,0,1,1,2,1
e_1842,0,1,3,0,3,0,0,1,3,1,2,0,0,0,1,0,0,0,0,0,3,3
p_1843,3,1,0,0,0,0,0,0,0,0,0,0,0,0,0,0,0,0,0,1,0,0
e_1844,0,1,4,0,3,0,0,1,3,1,2,0,0,2,2,0,0,0,0,0,3,3
e_1845,3,2,2,1,3,0,1,1,3,1,0,0,1,0,0,0,0,0,1,0,0,1
e_1846,3,0,3,1,3,0,1,1,5,1,0,1,0,0,0,0,0,0,1,1,2,1
e_1847,0,1,3,0,3,0,0,1,4,1,2,0,0,1,1,0,0,0,0,1,3,3
e_1848,3,2,3,0,3,0,0,1,3,1,2,0,0,2,0,0,0,0,0,0,3,3
e_1849,0,2,0,0,3,0,0,1,4,1,2,0,0,1,0,0,0,0,0,0,3,3
e_1850,3,2,4,0,3,0,0,1,1,1,2,0,0,0,1,0,0,0,0,0,3,3
e_1851,0,0,2,1,3,0,1,1,5,1,0,1,0,0,0,0,0,0,1,1,2,1
e_1852,0,2,4,0,3,0,0,1,4,1,2,0,0,0,2,0,0,0,0,1,3,3
e_1853,0,2,0,0,3,0,0,1,3,1,2,0,0,0,1,0,0,0,0,0,3,3
e_1854,0,2,3,0,3,0,0,1,6,1,2,0,0,0,0,0,0,0,0,0,4,3
e_1855,0,2,0,0,3,0,0,1,1,1,2,0,0,2,0,0,0,0,0,1,4,3
e_1856,0,2,1,0,1,0,1,0,4,1,2,0,0,0,0,0,0,0,0,1,3,3
e_1857,0,2,4,0,3,0,0,1,4,1,2,0,0,1,2,0,0,0,0,1,3,3
p_1858,3,0,2,0,0,0,0,0,4,0,0,0,0,0,0,0,0,0,0,1,3,1
e_1859,0,0,2,1,3,0,1,1,5,1,0,1,1,0,0,0,0,0,1,0,0,1
e_1860,0,2,4,0,3,0,0,1,6,1,2,0,0,1,2,0,0,0,0,1,4,3
e_1861,0,1,0,0,3,0,0,1,4,1,2,0,0,2,1,0,0,0,0,0,3,3
e_1862,0,2,2,1,3,0,1,1,5,1,0,1,0,0,0,0,0,0,1,0,2,1
e_1863,0,2,3,0,3,0,0,1,4,1,2,0,0,2,0,0,0,0,0,1,4,3
e_1864,0,0,3,1,3,0,1,1,1,1,0,0,0,0,0,0,0,0,1,1,0,1
e_1865,0,1,4,0,3,0,0,1,4,1,2,0,0,2,2,0,0,0,0,1,4,3
e_1866,0,1,0,0,3,0,0,1,6,1,2,0,0,2,0,0,0,0,0,1,3,3
e_1867,0,0,2,1,3,0,1,1,3,1,0,1,0,0,0,0,0,0,1,0,2,1
e_1868,0,0,0,1,3,0,1,1,1,1,0,0,1,0,0,0,0,0,1,0,2,1
e_1869,0,0,2,1,3,0,1,1,1,1,0,0,0,0,0,0,0,0,1,0,0,1
e_1870,0,0,0,1,3,0,1,1,1,1,0,0,1,0,0,0,0,0,1,0,0,1
e_1871,3,2,4,0,3,0,0,1,1,1,2,0,0,2,2,0,0,0,0,1,4,3
e_1872,3,2,2,1,3,0,1,1,1,1,0,0,1,0,0,0,0,0,1,0,2,1
e_1873,3,2,3,1,3,0,1,1,0,1,0,0,0,0,0,0,0,0,1,0,2,1
e_1874,0,1,4,0,3,0,0,1,4,1,2,0,0,1,2,0,0,0,0,1,3,3
e_1875,0,2,4,0,3,0,0,1,3,1,2,0,0,2,0,0,0,0,0,1,4,3
e_1876,0,1,3,0,3,0,0,1,6,1,2,0,0,0,0,0,0,0,0,1,3,3
e_1877,0,2,4,0,3,0,0,1,3,1,2,0,0,0,2,0,0,0,0,0,4,3
e_1878,3,0,0,1,3,0,1,1,5,1,0,0,0,0,0,0,0,0,1,1,0,1
e_1879,0,0,2,1,3,0,1,1,1,1,0,0,0,0,0,0,0,0,1,0,2,1
e_1880,0,0,2,1,3,0,1,1,5,1,0,0,1,0,0,0,0,0,1,0,2,1
e_1881,0,2,2,1,3,0,1,1,0,1,0,0,0,0,0,0,0,0,1,1,2,1
e_1882,0,2,4,0,3,0,0,1,6,1,2,0,0,1,1,0,0,0,0,1,3,3
e_1883,0,2,0,0,3,0,0,1,6,1,2,0,0,1,2,0,0,0,0,1,4,3
e_1884,3,2,0,0,3,0,0,1,4,1,2,0,0,1,1,0,0,0,0,0,3,3
e_1885,3,2,2,0,2,0,1,0,3,1,2,0,0,0,0,0,0,0,0,1,3,3
e_1886,3,2,2,1,3,0,1,1,0,1,0,1,1,0,0,0,0,0,1,0,2,1
p_1887,3,1,2,0,0,0,0,0,1,0,0,0,0,0,0,0,0,0,0,0,0,1
e_1888,3,2,3,0,3,0,0,1,1,1,2,0,0,1,2,0,0,0,0,0,3,3
e_1889,0,2,0,0,3,0,0,1,4,1,2,0,0,0,2,0,0,0,0,1,3,3
e_1890,0,0,2,1,3,0,1,1,0,1,0,1,1,0,0,0,0,0,1,1,2,1
e_1891,0,2,2,1,3,0,1,1,5,1,0,1,1,0,0,0,0,0,1,1,2,1
e_1892,0,0,0,1,3,0,1,1,5,1,0,0,0,0,0,0,0,0,1,1,2,1
e_1893,0,2,0,1,3,0,1,1,1,1,0,0,0,0,0,0,0,0,1,1,2,1
e_1894,0,0,3,1,3,0,1,1,5,1,0,0,0,0,0,0,0,0,1,1,2,1
e_1895,0,1,0,0,3,0,0,1,4,1,2,0,0,1,2,0,0,0,0,1,3,3
e_1896,0,2,0,0,3,0,0,1,6,1,2,0,0,2,1,0,0,0,0,1,4,3
e_1897,3,0,3,1,3,0,1,1,0,1,0,1,1,0,0,0,0,0,1,1,0,1
e_1898,3,0,0,1,3,0,1,1,1,1,0,1,1,0,0,0,0,0,1,0,2,1
e_1899,0,0,3,1,3,0,1,1,3,1,0,1,0,0,0,0,0,0,1,1,0,1
e_1900,3,2,3,0,3,0,0,1,1,1,2,0,0,2,0,0,0,0,0,0,4,3
e_1901,0,0,2,1,3,0,1,1,5,1,0,1,1,0,0,0,0,0,1,1,2,1
e_1902,3,2,0,1,3,0,1,1,0,1,0,0,1,0,0,0,0,0,1,1,2,1
e_1903,3,0,2,1,3,0,1,1,5,1,0,1,0,0,0,0,0,0,1,0,0,1
e_1904,0,2,3,1,3,0,1,1,0,1,0,0,0,0,0,0,0,0,1,1,0,1
e_1905,3,2,0,1,3,0,1,1,0,1,0,0,0,0,0,0,0,0,1,1,2,1
e_1906,3,2,0,1,3,0,1,1,3,1,0,1,1,0,0,0,0,0,1,0,2,1
e_1907,0,2,0,0,3,0,0,1,4,1,2,0,0,0,1,0,0,0,0,1,3,3
e_1908,3,0,3,1,3,0,1,1,5,1,0,0,1,0,0,0,0,0,1,0,2,1
e_1909,3,0,2,1,3,0,1,1,1,1,0,1,1,0,0,0,0,0,1,1,0,1
e_1910,0,1,4,0,3,0,0,1,3,1,2,0,0,1,0,0,0,0,0,0,3,3
e_1911,0,1,3,0,3,0,0,1,6,1,2,0,0,1,2,0,0,0,0,0,3,3
e_1912,0,1,4,0,3,0,0,1,1,1,2,0,0,1,1,0,0,0,0,0,3,3
e_1913,0,2,3,1,3,0,1,1,5,1,0,0,0,0,0,0,0,0,1,0,0,1
e_1914,3,2,3,1,3,0,1,1,3,1,0,1,0,0,0,0,0,0,1,1,2,1
e_1915,3,1,1,0,2,0,0,1,3,0,3,0,2,0,0,0,0,0,0,1,4,1
p_1916,3,1,2,0,0,0,0,0,4,0,0,0,0,0,0,0,0,0,0,0,3,0
e_1917,3,0,0,1,3,0,1,1,5,1,0,1,1,0,0,0,0,0,1,0,2,1
e_1918,3,2,0,1,3,0,1,1,0,1,0,0,1,0,0,0,0,0,1,0,0,1
e_1919,3,2,0,0,3,0,0,1,3,1,2,0,0,1,0,0,0,0,0,0,3,3
e_1920,0,2,4,0,3,0,0,1,6,1,2,0,0,1,0,0,0,0,0,0,4,3
e_1921,3,2,3,1,3,0,1,1,3,1,0,0,0,0,0,0,0,0,1,1,2,1
e_1922,0,2,0,1,3,0,1,1,1,1,0,1,0,0,0,0,0,0,1,0,0,1
e_1923,0,2,3,1,3,0,1,1,5,1,0,1,1,0,0,0,0,0,1,1,0,1
e_1924,0,1,4,0,3,0,0,1,4,1,2,0,0,1,0,0,0,0,0,1,3,3
e_1925,3,2,0,0,3,0,0,1,4,1,2,0,0,1,0,0,0,0,0,0,3,3
e_1926,0,2,0,1,3,0,1,1,3,1,0,0,1,0,0,0,0,0,1,0,0,1
e_1927,0,2,0,1,3,0,1,1,3,1,0,0,1,0,0,0,0,0,1,0,2,1
e_1928,3,0,2,1,3,0,1,1,5,1,0,0,1,0,0,0,0,0,1,0,0,1
e_1929,3,0,3,1,3,0,1,1,3,1,0,0,0,0,0,0,0,0,1,0,0,1
p_1930,3,1,2,0,0,0,0,0,4,0,0,0,0,0,0,0,0,0,0,0,0,0
e_1931,1,0,2,0,1,0,0,1,0,0,1,0,0,0,0,0,0,0,0,1,0,1
e_1932,0,2,0,0,3,0,0,1,4,1,2,0,0,1,0,0,0,0,0,1,3,3
e_1933,3,2,3,1,3,0,1,1,0,1,0,1,1,0,0,0,0,0,1,0,2,1
e_1934,0,2,0,1,3,0,1,1,0,1,0,1,0,0,0,0,0,0,1,1,0,1
e_1935,0,0,0,1,3,0,1,1,0,1,0,0,1,0,0,0,0,0,1,1,0,1
e_1936,3,0,2,0,2,0,1,0,1,1,2,0,0,0,0,0,0,0,0,2,3,3
e_1937,0,2,2,1,3,0,1,1,5,1,0,0,0,0,0,0,0,0,1,1,2,1
e_1938,0,0,2,1,3,0,1,1,5,1,0,1,0,0,0,0,0,0,1,0,2,1
e_1939,0,0,3,1,3,0,1,1,0,1,0,1,0,0,0,0,0,0,1,0,0,1
e_1940,0,1,4,0,3,0,0,1,3,1,2,0,0,0,1,0,0,0,0,0,3,3
e_1941,3,2,0,0,3,0,0,1,1,1,2,0,0,1,1,0,0,0,0,0,3,3
e_1942,0,2,0,0,3,0,0,1,1,1,2,0,0,0,0,0,0,0,0,0,3,3
e_1943,3,2,2,1,3,0,1,1,0,1,0,0,0,0,0,0,0,0,1,0,0,1
e_1944,3,0,0,1,3,0,1,1,1,1,0,1,0,0,0,0,0,0,1,1,0,1
p_1945,3,0,2,0,0,0,0,0,0,0,0,0,0,0,0,0,0,0,0,1,3,0
e_1946,3,2,0,1,3,0,1,1,3,1,0,1,1,0,0,0,0,0,1,1,0,1
e_1947,0,1,3,0,3,0,0,1,4,1,2,0,0,1,2,0,0,0,0,1,4,3
e_1948,0,1,3,0,3,0,0,1,1,1,2,0,0,1,2,0,0,0,0,1,3,3
e_1949,0,2,3,1,3,0,1,1,3,1,0,0,0,0,0,0,0,0,1,1,2,1
e_1950,0,2,3,0,3,0,0,1,4,1,2,0,0,2,1,0,0,0,0,1,3,3
e_1951,0,1,4,0,3,0,0,1,6,1,2,0,0,2,1,0,0,0,0,1,3,3
e_1952,0,2,3,0,3,0,0,1,3,1,2,0,0,1,1,0,0,0,0,0,4,3
e_1953,0,2,3,0,3,0,0,1,6,1,2,0,0,2,0,0,0,0,0,1,3,3
e_1954,0,2,0,0,3,0,0,1,3,1,2,0,0,2,2,0,0,0,0,0,3,3
p_1955,0,0,2,0,0,0,0,0,3,0,0,0,0,0,0,0,0,0,0,0,3,1
e_1956,0,2,0,1,3,0,1,1,0,1,0,0,0,0,0,0,0,0,1,0,0,1
e_1957,0,1,0,0,3,0,0,1,4,1,2,0,0,2,1,0,0,0,0,1,3,3
e_1958,0,2,3,0,3,0,0,1,3,1,2,0,0,0,2,0,0,0,0,1,4,3
p_1959,3,1,0,0,0,0,0,0,4,0,0,0,0,0,0,0,0,0,0,1,0,1
e_1960,0,2,3,0,3,0,0,1,6,1,2,0,0,0,2,0,0,0,0,0,4,3
e_1961,0,2,3,1,3,0,1,1,5,1,0,0,1,0,0,0,0,0,1,0,0,1
e_1962,0,2,4,0,3,0,0,1,6,1,2,0,0,1,2,0,0,0,0,0,3,3
e_1963,3,2,0,1,3,0,1,1,0,1,0,1,0,0,0,0,0,0,1,1,0,1
e_1964,3,0,2,1,3,0,1,1,5,1,0,1,1,0,0,0,0,0,1,1,2,1
e_1965,3,0,0,1,3,0,1,1,3,1,0,0,0,0,0,0,0,0,1,0,0,1
e_1966,0,1,4,0,3,0,0,1,4,1,2,0,0,0,2,0,0,0,0,1,3,3
e_1967,3,0,0,1,3,0,1,1,0,1,0,1,1,0,0,0,0,0,1,0,0,1
e_1968,3,2,0,0,3,0,0,1,1,1,2,0,0,2,1,0,0,0,0,1,3,3
e_1969,3,0,2,1,3,0,1,1,5,1,0,0,0,0,0,0,0,0,1,0,0,1
e_1970,0,2,0,1,3,0,1,1,0,1,0,1,1,0,0,0,0,0,1,0,2,1
e_1971,3,2,0,1,3,0,1,1,5,1,0,0,1,0,0,0,0,0,1,1,0,1
p_1972,0,0,0,0,0,0,0,0,4,0,0,0,0,0,0,0,0,0,0,0,3,0
e_1973,0,2,0,0,3,0,0,1,3,1,2,0,0,0,0,0,0,0,0,0,4,3
e_1974,3,0,0,1,3,0,1,1,0,1,0,1,0,0,0,0,0,0,1,1,0,1
p_1975,3,1,2,0,0,0,0,0,1,0,0,0,0,0,0,0,0,0,0,1,0,1
e_1976,0,2,0,0,3,0,0,1,1,1,2,0,0,2,2,0,0,0,0,1,3,3
e_1977,0,2,3,0,3,0,0,1,6,1,2,0,0,0,1,0,0,0,0,1,4,3
e_1978,3,2,0,1,3,0,1,1,3,1,0,1,1,0,0,0,0,0,1,1,2,1
e_1979,0,2,4,0,3,0,0,1,3,1,2,0,0,1,2,0,0,0,0,0,3,3
e_1980,3,2,2,1,3,0,1,1,3,1,0,0,0,0,0,0,0,0,1,1,0,1
e_1981,0,2,2,1,3,0,1,1,5,1,0,1,1,0,0,0,0,0,1,0,0,1
e_1982,0,1,2,0,2,0,0,1,0,0,1,0,0,0,0,0,0,0,0,0,1,2
e_1983,0,0,2,1,3,0,1,1,3,1,0,1,0,0,0,0,0,0,1,1,0,1
e_1984,0,1,3,0,3,0,0,1,6,1,2,0,0,2,2,0,0,0,0,1,3,3
e_1985,0,2,3,0,3,0,0,1,1,1,2,0,0,1,0,0,0,0,0,0,4,3
e_1986,0,0,3,1,3,0,1,1,1,1,0,1,0,0,0,0,0,0,1,1,2,1
p_1987,3,1,2,0,0,0,0,0,1,0,0,0,0,0,0,0,0,0,0,1,0,0
e_1988,0,2,4,0,3,0,0,1,4,1,2,0,0,0,1,0,0,0,0,1,3,3
p_1989,3,0,0,0,0,0,0,0,1,0,0,0,0,0,0,0,0,0,0,0,0,0
p_1990,3,1,0,0,0,0,0,0,4,0,0,0,0,0,0,0,0,0,0,1,3,1
e_1991,0,2,3,0,3,0,0,1,3,1,2,0,0,2,1,0,0,0,0,1,3,3
e_1992,3,0,0,1,3,0,1,1,5,1,0,0,1,0,0,0,0,0,1,1,2,1
e_1993,0,2,3,0,3,0,0,1,3,1,2,0,0,1,0,0,0,0,0,1,4,3
e_1994,0,2,0,1,3,0,1,1,5,1,0,0,1,0,0,0,0,0,1,0,2,1
e_1995,0,2,0,0,3,0,0,1,4,1,2,0,0,2,2,0,0,0,0,1,4,3
e_1996,3,0,0,1,3,0,1,1,3,1,0,1,0,0,0,0,0,0,1,1,0,1
e_1997,3,2,0,1,3,0,1,1,3,1,0,0,1,0,0,0,0,0,1,0,2,1
e_1998,0,0,0,1,3,0,1,1,0,1,0,1,1,0,0,0,0,0,1,0,2,1
e_1999,0,0,0,1,3,0,1,1,0,1,0,0,1,0,0,0,0,0,1,0,0,1
e_2000,0,2,0,0,3,0,0,1,4,1,2,0,0,1,2,0,0,0,0,1,3,3
e_2001,0,1,4,0,3,0,0,1,6,1,2,0,0,1,0,0,0,0,0,1,3,3
e_2002,3,0,0,1,3,0,1,1,0,1,0,1,1,0,0,0,0,0,1,0,2,1
e_2003,0,2,0,0,3,0,0,1,4,1,2,0,0,1,2,0,0,0,0,0,4,3
p_2004,3,1,2,0,0,0,0,0,4,0,0,0,0,0,0,0,0,0,0,1,3,0
e_2005,0,1,1,0,2,0,0,1,1,0,3,0,2,0,0,0,0,0,0,1,0,1
p_2006,3,0,0,0,0,0,0,0,3,0,0,0,0,0,0,0,0,0,0,0,0,1
e_2007,3,2,2,1,3,0,1,1,5,1,0,1,0,0,0,0,0,0,1,1,0,1
e_2008,3,2,0,1,3,0,1,1,1,1,0,1,1,0,0,0,0,0,1,0,2,1
p_2009,3,0,0,0,0,0,0,0,4,0,0,0,0,0,0,0,0,0,0,1,3,1
e_2010,0,0,0,1,3,0,1,1,0,1,0,1,1,0,0,0,0,0,1,1,2,1
e_2011,0,2,0,1,3,0,1,1,1,1,0,0,1,0,0,0,0,0,1,0,0,1
e_2012,0,2,4,0,3,0,0,1,6,1,2,0,0,1,0,0,0,0,0,0,3,3
e_2013,3,2,0,1,3,0,1,1,0,1,0,0,0,0,0,0,0,0,1,0,2,1
e_2014,0,2,2,1,3,0,1,1,0,1,0,0,0,0,0,0,0,0,1,1,0,1
e_2015,3,0,3,1,3,0,1,1,3,1,0,1,0,0,0,0,0,0,1,1,2,1
e_2016,3,2,2,1,3,0,1,1,5,1,0,1,0,0,0,0,0,0,1,0,0,1
e_2017,3,0,1,0,1,0,1,0,1,1,2,0,0,0,0,0,0,0,0,1,3,3
e_2018,3,2,2,0,1,0,1,0,1,1,2,0,0,0,0,0,0,0,0,1,3,3
e_2019,3,2,0,1,3,0,1,1,3,1,0,0,1,0,0,0,0,0,1,1,2,1
e_2020,0,2,0,0,3,0,0,1,6,1,2,0,0,0,0,0,0,0,0,1,4,3
e_2021,0,1,3,0,3,0,0,1,1,1,2,0,0,1,1,0,0,0,0,0,4,3
e_2022,0,2,0,0,3,0,0,1,6,1,2,0,0,0,2,0,0,0,0,1,4,3
e_2023,0,2,0,1,3,0,1,1,0,1,0,0,1,0,0,0,0,0,1,0,0,1
e_2024,0,2,3,0,3,0,0,1,6,1,2,0,0,0,0,0,0,0,0,1,4,3
e_2025,0,2,0,0,3,0,0,1,1,1,2,0,0,2,1,0,0,0,0,0,3,3
e_2026,0,2,3,1,3,0,1,1,3,1,0,1,0,0,0,0,0,0,1,0,2,1
e_2027,0,2,0,0,3,0,0,1,1,1,2,0,0,0,1,0,0,0,0,1,3,3
e_2028,0,0,0,1,3,0,1,1,5,1,0,1,1,0,0,0,0,0,1,0,2,1
e_2029,1,1,2,0,2,0,0,1,0,0,1,0,0,0,0,0,0,0,0,0,0,2
e_2030,0,1,4,0,3,0,0,1,6,1,2,0,0,0,1,0,0,0,0,0,3,3
e_2031,3,0,0,1,3,0,1,1,5,1,0,0,1,0,0,0,0,0,1,1,0,1
e_2032,0,2,4,0,3,0,0,1,4,1,2,0,0,2,1,0,0,0,0,0,4,3
e_2033,3,1,0,0,3,0,0,1,3,1,2,0,0,1,2,0,0,0,0,0,4,3
e_2034,0,1,3,0,3,0,0,1,6,1,2,0,0,2,2,0,0,0,0,0,3,3
e_2035,0,0,3,1,3,0,1,1,3,1,0,0,0,0,0,0,0,0,1,1,2,1
e_2036,0,0,0,1,3,0,1,1,0,1,0,1,0,0,0,0,0,0,1,0,0,1
e_2037,0,2,3,1,3,0,1,1,3,1,0,1,1,0,0,0,0,0,1,1,2,1
e_2038,0,0,3,1,3,0,1,1,1,1,0,0,0,0,0,0,0,0,1,0,2,1
e_2039,0,1,4,0,3,0,0,1,4,1,2,0,0,0,1,0,0,0,0,0,4,3
e_2040,3,2,3,0,3,0,0,1,4,1,2,0,0,2,0,0,0,0,0,1,4,3
e_2041,3,2,0,0,3,0,0,1,1,1,2,0,0,2,0,0,0,0,0,0,4,3
e_2042,0,2,0,1,3,0,1,1,0,1,0,1,1,0,0,0,0,0,1,1,0,1
e_2043,3,0,0,1,3,0,1,1,1,1,0,0,1,0,0,0,0,0,1,1,0,1
e_2044,0,2,2,1,3,0,1,1,1,1,0,0,0,0,0,0,0,0,1,0,0,1
e_2045,0,1,1,0,1,0,0,1,3,0,3,0,2,0,0,0,0,0,0,1,0,4
e_2046,0,2,4,0,3,0,0,1,6,1,2,0,0,0,1,0,0,0,0,1,3,3
e_2047,0,2,0,1,3,0,1,1,5,1,0,1,0,0,0,0,0,0,1,0,0,1
e_2048,0,1,0,0,3,0,0,1,3,1,2,0,0,0,2,0,0,0,0,0,3,3
e_2049,3,2,3,0,3,0,0,1,1,1,2,0,0,0,1,0,0,0,0,1,4,3
e_2050,0,2,2,1,3,0,1,1,0,1,0,1,0,0,0,0,0,0,1,1,2,1
e_2051,0,1,2,0,1,0,0,1,0,0,1,0,0,0,0,0,0,0,0,0,0,2
e_2052,0,0,0,1,3,0,1,1,3,1,0,0,0,0,0,0,0,0,1,1,0,1
e_2053,3,0,2,1,3,0,1,1,3,1,0,0,0,0,0,0,0,0,1,1,2,1
e_2054,3,2,0,0,3,0,0,1,6,1,2,0,0,1,0,0,0,0,0,1,3,3
e_2055,3,2,2,1,3,0,1,1,0,1,0,1,1,0,0,0,0,0,1,0,0,1
e_2056,0,2,3,0,3,0,0,1,6,1,2,0,0,1,1,0,0,0,0,1,3,3
e_2057,0,2,0,0,3,0,0,1,3,1,2,0,0,0,2,0,0,0,0,1,4,3
e_2058,0,2,2,1,3,0,1,1,3,1,0,0,1,0,0,0,0,0,1,1,2,1
e_2059,0,0,2,0,1,0,0,1,1,0,1,0,0,0,0,0,0,0,0,0,1,2
e_2060,3,0,3,1,3,0,1,1,1,1,0,1,0,0,0,0,0,0,1,1,0,1
p_2061,3,1,0,0,0,0,0,0,1,0,0,0,0,0,0,0,0,0,0,1,3,1
e_2062,3,2,3,1,3,0,1,1,3,1,0,1,0,0,0,0,0,0,1,1,0,1
e_2063,0,2,0,0,3,0,0,1,1,1,2,0,0,2,0,0,0,0,0,1,3,3
e_2064,0,2,2,1,3,0,1,1,1,1,0,0,1,0,0,0,0,0,1,1,0,1
e_2065,0,1,0,0,3,0,0,1,6,1,2,0,0,2,0,0,0,0,0,0,3,3
e_2066,0,1,4,0,3,0,0,1,3,1,2,0,0,2,1,0,0,0,0,1,3,3
p_2067,3,0,0,0,0,0,0,0,1,0,0,0,0,0,0,0,0,0,0,0,3,0
e_2068,3,0,3,1,3,0,1,1,3,1,0,0,0,0,0,0,0,0,1,1,2,1
e_2069,0,2,3,0,3,0,0,1,1,1,2,0,0,0,2,0,0,0,0,0,4,3
e_2070,3,2,3,0,3,0,0,1,1,1,2,0,0,1,1,0,0,0,0,0,4,3
e_2071,0,2,3,0,3,0,0,1,1,1,2,0,0,0,2,0,0,0,0,0,3,3
e_2072,0,2,3,0,3,0,0,1,4,1,2,0,0,2,1,0,0,0,0,1,4,3
e_2073,0,2,0,0,3,0,0,1,6,1,2,0,0,2,2,0,0,0,0,0,4,3
p_2074,0,0,2,0,0,0,0,0,3,0,0,0,0,0,0,0,0,0,0,1,3,0
e_2075,0,0,1,0,2,0,0,1,0,0,1,0,0,0,0,0,0,0,0,0,1,2
e_2076,0,2,0,0,3,0,0,1,1,1,2,0,0,2,1,0,0,0,0,1,3,3
e_2077,3,1,0,0,3,0,0,1,4,1,2,0,0,0,0,0,0,0,0,1,4,3
e_2078,0,0,3,1,3,0,1,1,1,1,0,1,1,0,0,0,0,0,1,1,0,1
e_2079,0,1,4,0,3,0,0,1,6,1,2,0,0,0,1,0,0,0,0,1,4,3
e_2080,0,2,3,1,3,0,1,1,0,1,0,1,0,0,0,0,0,0,1,1,0,1
e_2081,3,0,2,1,3,0,1,1,3,1,0,1,0,0,0,0,0,0,1,1,0,1
e_2082,0,2,0,0,3,0,0,1,1,1,2,0,0,1,2,0,0,0,0,1,3,3
e_2083,3,2,0,0,3,0,0,1,6,1,2,0,0,0,1,0,0,0,0,1,3,3
e_2084,3,2,3,1,3,0,1,1,1,1,0,0,1,0,0,0,0,0,1,0,0,1
e_2085,3,2,3,1,3,0,1,1,1,1,0,0,0,0,0,0,0,0,1,0,0,1
e_2086,3,2,0,1,3,0,1,1,5,1,0,1,1,0,0,0,0,0,1,1,0,1
e_2087,0,2,3,0,3,0,0,1,3,1,2,0,0,1,0,0,0,0,0,0,4,3
e_2088,0,2,4,0,3,0,0,1,1,1,2,0,0,2,2,0,0,0,0,1,4,3
p_2089,3,1,0,0,0,0,0,0,3,0,0,0,0,0,0,0,0,0,0,0,0,0
e_2090,0,1,3,0,3,0,0,1,3,1,2,0,0,1,2,0,0,0,0,0,3,3
e_2091,0,0,2,1,3,0,1,1,0,1,0,0,1,0,0,0,0,0,1,1,2,1
e_2092,1,0,2,0,1,0,0,1,2,0,1,0,0,0,0,0,0,0,0,1,0,2
e_2093,0,0,2,1,3,0,1,1,5,1,0,1,1,0,0,0,0,0,1,1,0,1
e_2094,3,2,0,1,3,0,1,1,0,1,0,1,1,0,0,0,0,0,1,0,0,1
e_2095,0,1,3,0,3,0,0,1,3,1,2,0,0,1,0,0,0,0,0,0,4,3
e_2096,3,2,3,0,3,0,0,1,1,1,2,0,0,0,0,0,0,0,0,1,3,3
e_2097,0,2,3,1,3,0,1,1,3,1,0,1,0,0,0,0,0,0,1,0,0,1
p_2098,0,0,2,0,0,0,0,0,1,0,0,0,0,0,0,0,0,0,0,0,0,1
e_2099,0,0,0,1,3,0,1,1,0,1,0,0,0,0,0,0,0,0,1,1,2,1
e_2100,0,1,3,0,3,0,0,1,3,1,2,0,0,0,2,0,0,0,0,0,4,3
e_2101,3,2,3,0,3,0,0,1,3,1,2,0,0,0,0,0,0,0,0,1,3,3
e_2102,0,1,0,0,3,0,0,1,4,1,2,0,0,2,0,0,0,0,0,1,3,3
e_2103,0,2,4,0,3,0,0,1,3,1,2,0,0,2,2,0,0,0,0,1,4,3
e_2104,3,2,0,0,3,0,0,1,4,1,2,0,0,1,1,0,0,0,0,1,4,3
e_2105,0,2,4,0,3,0,0,1,6,1,2,0,0,1,2,0,0,0,0,0,4,3
e_2106,3,2,0,0,3,0,0,1,3,1,2,0,0,0,0,0,0,0,0,1,3,3
e_2107,0,1,4,0,3,0,0,1,6,1,2,0,0,2,1,0,0,0,0,0,4,3
e_2108,0,2,3,0,3,0,0,1,4,1,2,0,0,2,0,0,0,0,0,0,3,3
e_2109,3,2,3,0,3,0,0,1,3,1,2,0,0,0,0,0,0,0,0,0,3,3
e_2110,0,2,4,0,3,0,0,1,4,1,2,0,0,1,0,0,0,0,0,0,3,3
e_2111,0,1,4,0,3,0,0,1,6,1,2,0,0,1,1,0,0,0,0,1,3,3
p_2112,0,0,2,0,0,0,0,0,4,0,0,0,0,0,0,0,0,0,0,1,3,1
e_2113,0,2,4,0,3,0,0,1,1,1,2,0,0,2,2,0,0,0,0,1,3,3
e_2114,0,1,3,0,3,0,0,1,3,1,2,0,0,0,0,0,0,0,0,0,3,3
e_2115,0,2,0,0,3,0,0,1,3,1,2,0,0,1,2,0,0,0,0,1,4,3
e_2116,0,1,4,0,3,0,0,1,4,1,2,0,0,0,2,0,0,0,0,0,4,3
e_2117,0,1,3,0,3,0,0,1,1,1,2,0,0,1,1,0,0,0,0,0,3,3
e_2118,0,2,3,0,3,0,0,1,1,1,2,0,0,2,1,0,0,0,0,0,3,3
e_2119,0,1,3,0,3,0,0,1,6,1,2,0,0,1,0,0,0,0,0,0,3,3
e_2120,0,2,4,0,3,0,0,1,3,1,2,0,0,0,0,0,0,0,0,1,4,3
e_2121,3,1,4,0,3,0,0,1,1,1,2,0,0,0,0,0,0,0,0,1,4,3
e_2122,3,2,0,0,3,0,0,1,3,1,2,0,0,1,1,0,0,0,0,0,3,3
e_2123,0,2,0,0,3,0,0,1,6,1,2,0,0,0,1,0,0,0,0,0,3,3
e_2124,3,1,3,0,3,0,0,1,4,1,2,0,0,2,1,0,0,0,0,0,3,3
e_2125,0,1,4,0,3,0,0,1,6,1,2,0,0,2,2,0,0,0,0,1,3,3
e_2126,0,2,3,0,3,0,0,1,3,1,2,0,0,1,2,0,0,0,0,1,4,3
e_2127,0,1,3,0,3,0,0,1,1,1,2,0,0,0,1,0,0,0,0,0,3,3
p_2128,0,2,3,1,4,0,0,1,3,0,2,2,3,4,3,0,0,0,2,3,4,1
p_2129,3,0,2,0,0,0,0,0,3,0,0,0,0,0,0,0,0,0,0,0,0,1
e_2130,0,2,4,0,3,0,0,1,1,1,2,0,0,2,0,0,0,0,0,0,3,3
e_2131,0,2,2,1,3,0,1,1,5,1,0,0,0,0,0,0,0,0,1,1,0,1
e_2132,0,1,0,0,3,0,0,1,6,1,2,0,0,1,0,0,0,0,0,1,3,3
e_2133,3,2,0,0,3,0,0,1,1,1,2,0,0,1,0,0,0,0,0,1,4,3
e_2134,0,2,0,0,3,0,0,1,4,1,2,0,0,2,2,0,0,0,0,1,3,3
e_2135,0,1,3,0,3,0,0,1,6,1,2,0,0,2,0,0,0,0,0,1,4,3
e_2136,0,1,3,0,3,0,0,1,4,1,2,0,0,1,0,0,0,0,0,1,3,3
e_2137,0,2,4,0,3,0,0,1,6,1,2,0,0,0,1,0,0,0,0,0,3,3
e_2138,0,1,0,0,3,0,0,1,1,1,2,0,0,0,2,0,0,0,0,1,4,3
e_2139,0,2,3,0,3,0,0,1,4,1,2,0,0,2,2,0,0,0,0,0,4,3
e_2140,0,2,4,0,3,0,0,1,4,1,2,0,0,2,0,0,0,0,0,0,3,3
e_2141,0,1,4,0,3,0,0,1,6,1,2,0,0,0,2,0,0,0,0,0,3,3
e_2142,0,1,0,0,3,0,0,1,3,1,2,0,0,2,0,0,0,0,0,1,4,3
e_2143,0,1,4,0,3,0,0,1,1,1,2,0,0,0,0,0,0,0,0,0,4,3
e_2144,3,1,0,0,3,0,0,1,3,1,2,0,0,0,2,0,0,0,0,1,3,3
e_2145,3,1,0,0,3,0,0,1,1,1,2,0,0,2,0,0,0,0,0,0,3,3
e_2146,0,1,0,0,3,0,0,1,1,1,2,0,0,1,2,0,0,0,0,1,3,3
p_2147,3,0,0,0,0,0,0,0,1,0,0,0,0,0,0,0,0,0,0,1,3,0
e_2148,3,2,4,0,3,0,0,1,6,1,2,0,0,0,0,0,0,0,0,1,4,3
p_2149,0,0,2,0,0,0,0,0,4,0,0,0,0,0,0,0,0,0,0,0,0,1
e_2150,0,2,4,0,3,0,0,1,6,1,2,0,0,1,1,0,0,0,0,0,4,3
e_2151,3,2,0,0,3,0,0,1,3,1,2,0,0,1,2,0,0,0,0,0,4,3
e_2152,0,1,0,0,3,0,0,1,6,1,2,0,0,2,2,0,0,0,0,1,3,3
e_2153,3,2,4,0,3,0,0,1,3,1,2,0,0,0,2,0,0,0,0,1,3,3
e_2154,0,2,4,0,3,0,0,1,1,1,2,0,0,0,2,0,0,0,0,1,4,3
e_2155,0,2,3,0,3,0,0,1,3,1,2,0,0,1,1,0,0,0,0,1,3,3
e_2156,0,1,0,0,3,0,0,1,1,1,2,0,0,2,2,0,0,0,0,1,4,3
e_2157,3,2,0,0,3,0,0,1,6,1,2,0,0,0,2,0,0,0,0,1,3,3
e_2158,3,2,0,0,3,0,0,1,4,1,2,0,0,2,1,0,0,0,0,1,4,3
e_2159,0,2,4,0,3,0,0,1,6,1,2,0,0,0,2,0,0,0,0,0,3,3
e_2160,0,2,0,0,3,0,0,1,6,1,2,0,0,0,2,0,0,0,0,0,4,3
e_2161,0,2,4,0,3,0,0,1,3,1,2,0,0,1,0,0,0,0,0,1,4,3
e_2162,3,2,3,0,3,0,0,1,3,1,2,0,0,1,1,0,0,0,0,0,3,3
e_2163,0,1,0,0,3,0,0,1,6,1,2,0,0,0,1,0,0,0,0,0,4,3
e_2164,3,2,0,0,3,0,0,1,6,1,2,0,0,0,1,0,0,0,0,1,4,3
e_2165,0,2,4,0,3,0,0,1,1,1,2,0,0,0,1,0,0,0,0,1,4,3
e_2166,0,1,4,0,3,0,0,1,4,1,2,0,0,2,0,0,0,0,0,1,4,3
e_2167,0,2,3,0,3,0,0,1,3,1,2,0,0,2,2,0,0,0,0,0,4,3
e_2168,0,1,3,0,3,0,0,1,1,1,2,0,0,1,2,0,0,0,0,0,4,3
e_2169,0,1,4,0,3,0,0,1,3,1,2,0,0,2,2,0,0,0,0,1,3,3
e_2170,0,1,3,0,3,0,0,1,3,1,2,0,0,1,1,0,0,0,0,0,3,3
e_2171,0,2,3,0,3,0,0,1,1,1,2,0,0,1,2,0,0,0,0,1,3,3
e_2172,3,2,3,0,3,0,0,1,1,1,2,0,0,1,2,0,0,0,0,1,3,3
e_2173,0,1,3,0,3,0,0,1,1,1,2,0,0,1,0,0,0,0,0,0,3,3
e_2174,0,1,4,0,3,0,0,1,1,1,2,0,0,0,2,0,0,0,0,1,4,3
e_2175,3,2,0,0,3,0,0,1,3,1,2,0,0,0,1,0,0,0,0,0,3,3
e_2176,3,2,0,0,3,0,0,1,4,1,2,0,0,1,0,0,0,0,0,0,4,3
e_2177,0,1,4,0,3,0,0,1,3,1,2,0,0,0,0,0,0,0,0,1,3,3
p_2178,0,2,3,1,4,0,0,1,3,0,2,2,3,3,1,0,0,0,2,3,4,3
e_2179,0,1,3,0,3,0,0,1,6,1,2,0,0,2,0,0,0,0,0,0,4,3
e_2180,0,2,4,0,3,0,0,1,4,1,2,0,0,2,2,0,0,0,0,1,4,3
e_2181,0,1,0,0,3,0,0,1,6,1,2,0,0,1,1,0,0,0,0,1,3,3
e_2182,3,2,0,0,3,0,0,1,3,1,2,0,0,1,0,0,0,0,0,1,4,3
e_2183,0,1,4,0,3,0,0,1,4,1,2,0,0,1,1,0,0,0,0,0,3,3
e_2184,3,2,0,0,3,0,0,1,3,1,2,0,0,1,2,0,0,0,0,0,3,3
e_2185,3,1,0,0,3,0,0,1,3,1,2,0,0,0,2,0,0,0,0,0,4,3
e_2186,3,2,3,0,3,0,0,1,3,1,2,0,0,0,1,0,0,0,0,0,4,3
e_2187,0,2,4,0,3,0,0,1,1,1,2,0,0,2,0,0,0,0,0,0,4,3
e_2188,0,2,3,0,3,0,0,1,4,1,2,0,0,1,1,0,0,0,0,0,3,3
e_2189,0,2,3,0,3,0,0,1,6,1,2,0,0,1,0,0,0,0,0,1,3,3
e_2190,0,2,0,0,3,0,0,1,6,1,2,0,0,2,0,0,0,0,0,0,3,3
e_2191,0,2,3,0,3,0,0,1,4,1,2,0,0,0,2,0,0,0,0,0,4,3
e_2192,0,0,3,1,3,0,1,1,0,1,0,0,0,0,0,0,0,0,1,1,0,1
e_2193,0,1,4,0,3,0,0,1,6,1,2,0,0,2,2,0,0,0,0,0,4,3
e_2194,3,2,3,0,3,0,0,1,3,1,2,0,0,2,2,0,0,0,0,0,4,3
e_2195,0,1,4,0,3,0,0,1,1,1,2,0,0,1,0,0,0,0,0,1,3,3
e_2196,3,2,3,0,3,0,0,1,1,1,2,0,0,1,1,0,0,0,0,0,3,3
e_2197,0,2,3,0,3,0,0,1,6,1,2,0,0,0,1,0,0,0,0,0,4,3
e_2198,0,2,3,0,3,0,0,1,1,1,2,0,0,2,1,0,0,0,0,1,3,3
e_2199,3,2,3,0,3,0,0,1,3,1,2,0,0,0,1,0,0,0,0,1,4,3
e_2200,0,0,2,1,3,0,1,1,3,1,0,0,1,0,0,0,0,0,1,1,2,1
e_2201,0,2,0,0,3,0,0,1,4,1,2,0,0,1,0,0,0,0,0,1,4,3
e_2202,3,2,0,0,3,0,0,1,4,1,2,0,0,2,1,0,0,0,0,0,3,3
e_2203,3,2,3,0,3,0,0,1,3,1,2,0,0,1,2,0,0,0,0,0,4,3
e_2204,0,1,3,0,3,0,0,1,4,1,2,0,0,0,0,0,0,0,0,0,4,3
e_2205,0,2,4,0,3,0,0,1,6,1,2,0,0,0,0,0,0,0,0,1,3,3
e_2206,0,1,4,0,3,0,0,1,6,1,2,0,0,1,1,0,0,0,0,0,3,3
e_2207,0,2,0,0,3,0,0,1,4,1,2,0,0,1,1,0,0,0,0,0,4,3
e_2208,3,1,3,0,3,0,0,1,4,1,2,0,0,0,0,0,0,0,0,0,4,3
e_2209,0,1,3,0,3,0,0,1,4,1,2,0,0,2,1,0,0,0,0,1,3,3
p_2210,0,0,5,1,5,0,1,0,2,0,2,0,0,0,0,0,0,0,0,1,0,3
e_2211,0,1,0,0,3,0,0,1,3,1,2,0,0,1,1,0,0,0,0,1,4,3
e_2212,3,2,3,0,3,0,0,1,1,1,2,0,0,2,0,0,0,0,0,0,3,3
e_2213,0,1,4,0,3,0,0,1,3,1,2,0,0,0,1,0,0,0,0,0,4,3
e_2214,3,2,0,0,3,0,0,1,3,1,2,0,0,2,0,0,0,0,0,1,3,3
e_2215,0,1,0,0,3,0,0,1,4,1,2,0,0,0,2,0,0,0,0,1,3,3
e_2216,0,2,3,0,3,0,0,1,4,1,2,0,0,1,0,0,0,0,0,1,4,3
e_2217,3,2,0,0,3,0,0,1,3,1,2,0,0,1,0,0,0,0,0,1,3,3
e_2218,0,1,0,0,3,0,0,1,1,1,2,0,0,2,0,0,0,0,0,0,3,3
e_2219,0,1,0,0,3,0,0,1,4,1,2,0,0,2,0,0,0,0,0,0,3,3
e_2220,0,2,4,0,3,0,0,1,4,1,2,0,0,2,0,0,0,0,0,1,3,3
e_2221,3,2,3,0,3,0,0,1,3,1,2,0,0,0,1,0,0,0,0,0,3,3
e_2222,0,1,4,0,3,0,0,1,1,1,2,0,0,0,0,0,0,0,0,1,3,3
e_2223,0,1,4,0,3,0,0,1,6,1,2,0,0,1,2,0,0,0,0,1,3,3
e_2224,3,2,0,0,3,0,0,1,4,1,2,0,0,2,2,0,0,0,0,1,4,3
e_2225,0,2,4,0,3,0,0,1,3,1,2,0,0,0,1,0,0,0,0,0,3,3
e_2226,0,2,4,0,3,0,0,1,1,1,2,0,0,2,1,0,0,0,0,1,4,3
e_2227,0,2,2,1,3,0,1,1,0,1,0,1,1,0,0,0,0,0,1,1,0,1
e_2228,0,1,3,0,3,0,0,1,3,1,2,0,0,1,2,0,0,0,0,0,4,3
e_2229,0,2,4,0,3,0,0,1,3,1,2,0,0,1,0,0,0,0,0,0,3,3
e_2230,0,1,3,0,3,0,0,1,3,1,2,0,0,2,0,0,0,0,0,1,3,3
e_2231,0,2,4,0,3,0,0,1,4,1,2,0,0,0,1,0,0,0,0,0,3,3
e_2232,0,2,3,0,3,0,0,1,3,1,2,0,0,0,0,0,0,0,0,1,4,3
e_2233,3,1,4,0,3,0,0,1,3,1,2,0,0,0,2,0,0,0,0,1,3,3
e_2234,3,1,3,0,3,0,0,1,3,1,2,0,0,2,2,0,0,0,0,0,3,3
e_2235,0,1,4,0,3,0,0,1,3,1,2,0,0,2,0,0,0,0,0,0,4,3
e_2236,0,1,3,0,3,0,0,1,3,1,2,0,0,0,2,0,0,0,0,1,4,3
e_2237,3,2,3,1,3,0,1,1,5,1,0,0,1,0,0,0,0,0,1,0,0,1
p_2238,0,2,3,1,4,0,0,1,2,0,2,2,3,4,1,0,0,0,2,3,4,4
e_2239,0,2,4,0,3,0,0,1,3,1,2,0,0,1,0,0,0,0,0,0,4,3
e_2240,0,1,4,0,3,0,0,1,4,1,2,0,0,0,2,0,0,0,0,1,4,3
p_2241,3,0,2,0,0,0,0,0,4,0,0,0,0,0,0,0,0,0,0,0,3,1
e_2242,3,1,0,0,3,0,0,1,6,1,2,0,0,0,0,0,0,0,0,0,4,3
e_2243,0,2,4,0,3,0,0,1,1,1,2,0,0,2,0,0,0,0,0,1,4,3
e_2244,0,1,4,0,3,0,0,1,1,1,2,0,0,2,2,0,0,0,0,0,3,3
e_2245,0,2,3,0,3,0,0,1,1,1,2,0,0,1,0,0,0,0,0,0,3,3
e_2246,0,1,3,0,3,0,0,1,3,1,2,0,0,1,1,0,0,0,0,1,3,3
e_2247,0,2,3,1,3,0,1,1,1,1,0,1,1,0,0,0,0,0,1,1,2,1
e_2248,0,2,0,0,3,0,0,1,6,1,2,0,0,1,0,0,0,0,0,1,4,3
e_2249,3,2,4,0,3,0,0,1,1,1,2,0,0,1,0,0,0,0,0,0,4,3
e_2250,0,1,3,0,3,0,0,1,6,1,2,0,0,1,2,0,0,0,0,1,4,3
e_2251,3,2,0,0,3,0,0,1,4,1,2,0,0,1,1,0,0,0,0,0,4,3
e_2252,3,2,3,1,3,0,1,1,5,1,0,1,1,0,0,0,0,0,1,1,0,1
e_2253,3,2,3,0,3,0,0,1,3,1,2,0,0,2,0,0,0,0,0,1,3,3
e_2254,0,1,0,0,3,0,0,1,4,1,2,0,0,0,0,0,0,0,0,0,3,3
e_2255,3,2,3,0,3,0,0,1,3,1,2,0,0,2,1,0,0,0,0,0,4,3
e_2256,3,1,0,0,3,0,0,1,6,1,2,0,0,0,0,0,0,0,0,1,4,3
e_2257,0,2,3,0,3,0,0,1,4,1,2,0,0,2,2,0,0,0,0,1,3,3
e_2258,0,1,4,0,3,0,0,1,6,1,2,0,0,2,0,0,0,0,0,1,3,3
e_2259,0,1,0,0,3,0,0,1,1,1,2,0,0,2,1,0,0,0,0,1,3,3
e_2260,3,0,3,1,3,0,1,1,1,1,0,1,0,0,0,0,0,0,1,1,2,1
e_2261,0,2,0,0,3,0,0,1,4,1,2,0,0,0,1,0,0,0,0,0,4,3
e_2262,3,2,0,0,3,0,0,1,1,1,2,0,0,0,2,0,0,0,0,0,4,3
e_2263,0,1,4,0,3,0,0,1,4,1,2,0,0,2,1,0,0,0,0,1,4,3
e_2264,0,1,4,0,3,0,0,1,4,1,2,0,0,2,2,0,0,0,0,0,4,3
e_2265,0,1,0,0,3,0,0,1,1,1,2,0,0,2,0,0,0,0,0,0,4,3
e_2266,3,0,2,1,3,0,1,1,5,1,0,0,1,0,0,0,0,0,1,0,2,1
e_2267,0,1,0,0,3,0,0,1,3,1,2,0,0,1,2,0,0,0,0,1,3,3
e_2268,0,1,4,0,3,0,0,1,3,1,2,0,0,0,0,0,0,0,0,0,4,3
e_2269,0,2,3,0,3,0,0,1,3,1,2,0,0,2,2,0,0,0,0,1,3,3
e_2270,3,2,3,0,3,0,0,1,1,1,2,0,0,2,0,0,0,0,0,1,3,3
e_2271,3,2,0,1,3,0,1,1,1,1,0,0,1,0,0,0,0,0,1,0,0,1
e_2272,3,2,3,0,3,0,0,1,1,1,2,0,0,0,1,0,0,0,0,0,3,3
e_2273,0,1,4,0,3,0,0,1,6,1,2,0,0,1,0,0,0,0,0,0,4,3
e_2274,3,2,3,0,3,0,0,1,1,1,2,0,0,0,2,0,0,0,0,0,3,3
e_2275,0,1,0,0,3,0,0,1,6,1,2,0,0,0,1,0,0,0,0,1,4,3
e_2276,0,2,4,0,3,0,0,1,6,1,2,0,0,2,2,0,0,0,0,0,4,3
e_2277,0,2,0,0,3,0,0,1,4,1,2,0,0,0,1,0,0,0,0,1,4,3
e_2278,0,2,3,0,3,0,0,1,1,1,2,0,0,0,0,0,0,0,0,1,3,3
e_2279,3,2,3,0,3,0,0,1,4,1,2,0,0,1,0,0,0,0,0,1,3,3
e_2280,0,2,0,0,3,0,0,1,3,1,2,0,0,2,2,0,0,0,0,0,4,3
e_2281,0,1,0,0,3,0,0,1,6,1,2,0,0,2,2,0,0,0,0,1,4,3
e_2282,0,2,4,0,3,0,0,1,3,1,2,0,0,0,2,0,0,0,0,1,3,3
e_2283,3,2,3,0,3,0,0,1,1,1,2,0,0,0,2,0,0,0,0,0,4,3
e_2284,0,1,0,0,3,0,0,1,3,1,2,0,0,0,1,0,0,0,0,0,4,3
p_2285,0,0,5,1,5,0,1,0,1,0,2,0,0,0,0,0,0,0,0,0,3,3
e_2286,3,1,3,0,3,0,0,1,4,1,2,0,0,1,0,0,0,0,0,0,4,3
e_2287,3,2,0,0,3,0,0,1,3,1,2,0,0,0,2,0,0,0,0,1,4,3
p_2288,3,0,0,0,0,0,0,0,3,0,0,0,0,0,0,0,0,0,0,0,0,0
e_2289,0,1,0,0,3,0,0,1,6,1,2,0,0,0,2,0,0,0,0,0,4,3
e_2290,0,1,3,0,3,0,0,1,6,1,2,0,0,1,2,0,0,0,0,0,4,3
e_2291,0,1,4,0,3,0,0,1,1,1,2,0,0,1,2,0,0,0,0,0,3,3
e_2292,0,1,4,0,3,0,0,1,1,1,2,0,0,2,0,0,0,0,0,1,3,3
e_2293,0,1,4,0,3,0,0,1,3,1,2,0,0,0,2,0,0,0,0,0,3,3
e_2294,0,2,3,0,3,0,0,1,3,1,2,0,0,2,2,0,0,0,0,1,4,3
e_2295,3,0,2,1,3,0,1,1,1,1,0,0,0,0,0,0,0,0,1,0,0,1
e_2296,0,1,3,0,3,0,0,1,3,1,2,0,0,0,1,0,0,0,0,1,3,3
e_2297,0,2,0,1,3,0,1,1,3,1,0,0,1,0,0,0,0,0,1,1,0,1
e_2298,0,2,0,0,3,0,0,1,4,1,2,0,0,1,1,0,0,0,0,1,4,3
e_2299,0,1,3,0,3,0,0,1,3,1,2,0,0,2,1,0,0,0,0,0,3,3
e_2300,0,1,4,0,3,0,0,1,3,1,2,0,0,0,1,0,0,0,0,1,3,3
e_2301,0,1,0,0,3,0,0,1,6,1,2,0,0,1,1,0,0,0,0,0,3,3
e_2302,0,2,3,0,3,0,0,1,4,1,2,0,0,2,0,0,0,0,0,1,3,3
e_2303,0,2,3,0,3,0,0,1,4,1,2,0,0,2,0,0,0,0,0,0,4,3
e_2304,0,1,3,0,3,0,0,1,4,1,2,0,0,2,2,0,0,0,0,0,3,3
e_2305,0,1,3,0,3,0,0,1,1,1,2,0,0,2,1,0,0,0,0,1,4,3
e_2306,3,1,3,0,3,0,0,1,3,1,2,0,0,1,2,0,0,0,0,1,3,3
e_2307,0,2,4,0,3,0,0,1,3,1,2,0,0,0,0,0,0,0,0,0,3,3
e_2308,0,1,4,0,3,0,0,1,1,1,2,0,0,1,0,0,0,0,0,0,4,3
e_2309,0,2,0,0,3,0,0,1,4,1,2,0,0,2,0,0,0,0,0,1,3,3
e_2310,0,2,0,0,3,0,0,1,4,1,2,0,0,2,1,0,0,0,0,1,4,3
e_2311,3,2,0,0,3,0,0,1,1,1,2,0,0,1,2,0,0,0,0,0,3,3
e_2312,3,2,0,0,3,0,0,1,3,1,2,0,0,2,1,0,0,0,0,1,4,3
e_2313,0,1,3,0,3,0,0,1,6,1,2,0,0,2,1,0,0,0,0,1,3,3
e_2314,0,2,4,0,3,0,0,1,4,1,2,0,0,0,2,0,0,0,0,0,4,3
e_2315,3,1,0,0,3,0,0,1,4,1,2,0,0,2,2,0,0,0,0,0,3,3
e_2316,0,1,4,0,3,0,0,1,3,1,2,0,0,0,0,0,0,0,0,0,3,3
e_2317,3,1,0,0,3,0,0,1,4,1,2,0,0,0,1,0,0,0,0,0,4,3
e_2318,0,1,3,0,3,0,0,1,3,1,2,0,0,0,0,0,0,0,0,0,4,3
e_2319,3,2,0,0,3,0,0,1,1,1,2,0,0,2,0,0,0,0,0,1,3,3
e_2320,0,1,3,0,3,0,0,1,4,1,2,0,0,1,1,0,0,0,0,0,4,3
e_2321,0,1,4,0,3,0,0,1,4,1,2,0,0,2,1,0,0,0,0,0,3,3
e_2322,0,1,0,0,3,0,0,1,3,1,2,0,0,0,2,0,0,0,0,0,4,3
e_2323,0,2,3,0,3,0,0,1,4,1,2,0,0,0,1,0,0,0,0,0,4,3
e_2324,0,2,4,0,3,0,0,1,6,1,2,0,0,0,2,0,0,0,0,1,4,3
e_2325,0,2,0,0,3,0,0,1,6,1,2,0,0,2,1,0,0,0,0,0,3,3
e_2326,3,2,0,0,3,0,0,1,4,1,2,0,0,1,0,0,0,0,0,1,4,3
e_2327,3,1,3,0,3,0,0,1,6,1,2,0,0,2,1,0,0,0,0,1,3,3
e_2328,0,2,0,0,3,0,0,1,4,1,2,0,0,2,0,0,0,0,0,0,3,3
e_2329,0,1,4,0,3,0,0,1,4,1,2,0,0,2,0,0,0,0,0,0,4,3
e_2330,3,2,0,0,3,0,0,1,4,1,2,0,0,2,2,0,0,0,0,0,3,3
e_2331,0,1,0,0,3,0,0,1,4,1,2,0,0,1,1,0,0,0,0,0,3,3
e_2332,3,2,0,0,3,0,0,1,1,1,2,0,0,0,1,0,0,0,0,0,4,3
e_2333,0,1,4,0,3,0,0,1,6,1,2,0,0,0,2,0,0,0,0,1,4,3
e_2334,0,1,4,0,3,0,0,1,6,1,2,0,0,2,2,0,0,0,0,1,4,3
e_2335,0,2,3,0,3,0,0,1,4,1,2,0,0,1,2,0,0,0,0,1,3,3
e_2336,0,2,3,0,3,0,0,1,3,1,2,0,0,0,1,0,0,0,0,1,3,3
e_2337,3,2,4,0,3,0,0,1,6,1,2,0,0,0,1,0,0,0,0,1,3,3
e_2338,0,2,0,0,3,0,0,1,4,1,2,0,0,0,2,0,0,0,0,1,4,3
e_2339,0,1,4,0,3,0,0,1,1,1,2,0,0,2,1,0,0,0,0,1,4,3
e_2340,0,1,3,0,3,0,0,1,6,1,2,0,0,2,0,0,0,0,0,1,3,3
e_2341,0,1,3,0,3,0,0,1,6,1,2,0,0,0,1,0,0,0,0,0,4,3
e_2342,0,2,4,0,3,0,0,1,6,1,2,0,0,2,0,0,0,0,0,1,3,3
e_2343,3,2,0,0,3,0,0,1,4,1,2,0,0,0,0,0,0,0,0,1,3,3
e_2344,0,1,0,0,3,0,0,1,3,1,2,0,0,2,1,0,0,0,0,1,4,3
e_2345,0,1,3,0,3,0,0,1,6,1,2,0,0,1,1,0,0,0,0,0,3,3
e_2346,0,2,2,1,3,0,1,1,5,1,0,0,1,0,0,0,0,0,1,1,0,1
e_2347,3,1,3,0,3,0,0,1,4,1,2,0,0,1,2,0,0,0,0,1,4,3
e_2348,3,0,3,1,3,0,1,1,1,1,0,1,1,0,0,0,0,0,1,1,0,1
e_2349,3,2,0,0,3,0,0,1,6,1,2,0,0,1,0,0,0,0,0,1,4,3
e_2350,0,1,4,0,3,0,0,1,4,1,2,0,0,0,0,0,0,0,0,0,4,3
p_2351,3,1,2,0,0,0,0,0,4,0,0,0,0,0,0,0,0,0,0,1,0,0
e_2352,0,1,3,0,3,0,0,1,1,1,2,0,0,0,2,0,0,0,0,0,3,3
e_2353,3,2,0,0,3,0,0,1,4,1,2,0,0,0,0,0,0,0,0,0,4,3
e_2354,0,2,3,0,3,0,0,1,4,1,2,0,0,1,2,0,0,0,0,1,4,3
e_2355,0,2,4,0,3,0,0,1,1,1,2,0,0,2,2,0,0,0,0,0,3,3
e_2356,3,2,3,0,3,0,0,1,1,1,2,0,0,1,0,0,0,0,0,0,3,3
e_2357,0,1,0,0,3,0,0,1,3,1,2,0,0,2,2,0,0,0,0,1,4,3
e_2358,0,1,4,0,3,0,0,1,1,1,2,0,0,2,0,0,0,0,0,0,4,3
e_2359,0,1,0,0,3,0,0,1,1,1,2,0,0,2,2,0,0,0,0,1,3,3
e_2360,0,1,0,0,3,0,0,1,1,1,2,0,0,0,0,0,0,0,0,1,4,3
e_2361,3,2,0,0,3,0,0,1,3,1,2,0,0,1,0,0,0,0,0,0,4,3
e_2362,0,1,3,0,3,0,0,1,6,1,2,0,0,1,1,0,0,0,0,0,4,3
e_2363,0,1,0,0,3,0,0,1,1,1,2,0,0,0,1,0,0,0,0,0,4,3
e_2364,0,2,4,0,3,0,0,1,4,1,2,0,0,0,2,0,0,0,0,0,3,3
e_2365,3,2,0,0,3,0,0,1,3,1,2,0,0,2,2,0,0,0,0,0,4,3
e_2366,0,2,4,0,3,0,0,1,1,1,2,0,0,0,0,0,0,0,0,0,3,3
e_2367,3,0,2,1,3,0,1,1,0,1,0,0,0,0,0,0,0,0,1,1,2,1
e_2368,0,1,0,0,3,0,0,1,1,1,2,0,0,1,0,0,0,0,0,0,3,3
e_2369,0,2,3,0,3,0,0,1,4,1,2,0,0,1,2,0,0,0,0,0,4,3
e_2370,0,2,0,0,3,0,0,1,4,1,2,0,0,2,0,0,0,0,0,0,4,3
e_2371,0,2,4,0,3,0,0,1,3,1,2,0,0,1,2,0,0,0,0,1,4,3
e_2372,3,2,0,0,3,0,0,1,1,1,2,0,0,1,1,0,0,0,0,0,4,3
e_2373,0,2,0,0,3,0,0,1,6,1,2,0,0,0,1,0,0,0,0,1,3,3
e_2374,0,1,0,0,3,0,0,1,3,1,2,0,0,0,2,0,0,0,0,1,4,3
p_2375,3,0,2,0,0,0,0,0,4,0,0,0,0,0,0,0,0,0,0,1,3,0
e_2376,0,2,3,0,3,0,0,1,4,1,2,0,0,1,2,0,0,0,0,0,3,3
e_2377,3,0,2,1,3,0,1,1,0,1,0,0,0,0,0,0,0,0,1,0,0,1
e_2378,0,0,3,1,3,0,1,1,3,1,0,0,1,0,0,0,0,0,1,1,0,1
e_2379,0,2,3,0,3,0,0,1,3,1,2,0,0,2,2,0,0,0,0,0,3,3
e_2380,3,2,0,0,3,0,0,1,1,1,2,0,0,2,2,0,0,0,0,0,4,3
e_2381,0,2,4,0,3,0,0,1,1,1,2,0,0,1,2,0,0,0,0,0,3,3
e_2382,0,1,3,0,3,0,0,1,1,1,2,0,0,2,2,0,0,0,0,0,3,3
e_2383,3,2,0,0,3,0,0,1,6,1,2,0,0,0,2,0,0,0,0,0,4,3
e_2384,0,2,0,0,3,0,0,1,4,1,2,0,0,2,1,0,0,0,0,1,3,3
p_2385,0,2,3,1,4,0,0,1,5,0,2,2,3,3,4,0,0,0,2,3,4,3
e_2386,0,1,4,0,3,0,0,1,4,1,2,0,0,1,2,0,0,0,0,0,4,3
e_2387,0,2,0,1,3,0,1,1,5,1,0,0,0,0,0,0,0,0,1,0,2,1
p_2388,0,0,2,0,0,0,0,0,1,0,0,0,0,0,0,0,0,0,0,1,3,1
e_2389,0,1,3,0,3,0,0,1,3,1,2,0,0,2,1,0,0,0,0,1,4,3
e_2390,3,2,0,0,3,0,0,1,1,1,2,0,0,0,0,0,0,0,0,1,3,3
e_2391,0,2,0,0,3,0,0,1,3,1,2,0,0,1,1,0,0,0,0,0,4,3
e_2392,0,1,3,0,3,0,0,1,6,1,2,0,0,2,0,0,0,0,0,0,3,3
e_2393,0,1,3,0,3,0,0,1,4,1,2,0,0,2,1,0,0,0,0,0,3,3
e_2394,3,2,0,0,3,0,0,1,6,1,2,0,0,2,1,0,0,0,0,1,3,3
e_2395,3,2,0,0,3,0,0,1,6,1,2,0,0,1,0,0,0,0,0,0,4,3
e_2396,0,2,3,0,3,0,0,1,6,1,2,0,0,0,2,0,0,0,0,0,3,3
e_2397,3,2,3,0,3,0,0,1,1,1,2,0,0,1,1,0,0,0,0,1,4,3
e_2398,0,1,4,0,3,0,0,1,6,1,2,0,0,1,2,0,0,0,0,1,4,3
e_2399,0,2,4,0,3,0,0,1,1,1,2,0,0,0,0,0,0,0,0,0,4,3
p_2400,0,0,2,0,0,0,0,0,1,0,0,0,0,0,0,0,0,0,0,0,3,1
e_2401,3,2,3,0,3,0,0,1,1,1,2,0,0,0,0,0,0,0,0,0,3,3
e_2402,0,2,3,0,3,0,0,1,3,1,2,0,0,1,1,0,0,0,0,0,3,3
e_2403,3,1,4,0,3,0,0,1,4,1,2,0,0,0,1,0,0,0,0,0,3,3
e_2404,3,1,3,0,3,0,0,1,3,1,2,0,0,2,1,0,0,0,0,0,3,3
e_2405,0,1,0,0,3,0,0,1,4,1,2,0,0,0,0,0,0,0,0,1,3,3
e_2406,0,1,4,0,3,0,0,1,4,1,2,0,0,1,0,0,0,0,0,1,4,3
e_2407,0,2,4,0,3,0,0,1,4,1,2,0,0,0,0,0,0,0,0,1,4,3
e_2408,0,1,4,0,3,0,0,1,4,1,2,0,0,1,0,0,0,0,0,0,4,3
e_2409,3,2,3,0,3,0,0,1,1,1,2,0,0,2,2,0,0,0,0,1,4,3
e_2410,0,2,3,0,3,0,0,1,3,1,2,0,0,0,0,0,0,0,0,0,3,3
e_2411,3,2,0,0,3,0,0,1,3,1,2,0,0,0,1,0,0,0,0,1,3,3
e_2412,0,1,0,0,3,0,0,1,3,1,2,0,0,2,1,0,0,0,0,1,3,3
e_2413,0,1,3,0,3,0,0,1,1,1,2,0,0,2,1,0,0,0,0,0,3,3
e_2414,0,2,3,0,3,0,0,1,6,1,2,0,0,2,1,0,0,0,0,1,3,3
e_2415,0,1,0,0,3,0,0,1,3,1,2,0,0,2,1,0,0,0,0,0,4,3
e_2416,3,2,0,0,3,0,0,1,4,1,2,0,0,1,1,0,0,0,0,1,3,3
e_2417,0,1,0,0,3,0,0,1,6,1,2,0,0,1,0,0,0,0,0,0,4,3
e_2418,0,1,0,0,3,0,0,1,3,1,2,0,0,2,2,0,0,0,0,0,4,3
e_2419,3,2,0,0,3,0,0,1,3,1,2,0,0,2,2,0,0,0,0,0,3,3
e_2420,0,2,0,0,3,0,0,1,6,1,2,0,0,2,2,0,0,0,0,1,4,3
e_2421,0,2,0,0,3,0,0,1,3,1,2,0,0,1,0,0,0,0,0,1,3,3
e_2422,0,1,0,0,3,0,0,1,3,1,2,0,0,1,1,0,0,0,0,0,4,3
e_2423,3,2,3,0,3,0,0,1,1,1,2,0,0,2,1,0,0,0,0,1,4,3
e_2424,0,2,4,0,3,0,0,1,6,1,2,0,0,0,0,0,0,0,0,1,4,3
e_2425,3,2,0,0,3,0,0,1,3,1,2,0,0,1,2,0,0,0,0,1,3,3
p_2426,0,0,5,1,5,0,0,0,2,0,2,0,0,0,0,0,0,0,0,0,3,3
e_2427,0,2,4,0,3,0,0,1,6,1,2,0,0,2,1,0,0,0,0,1,4,3
e_2428,3,2,0,0,3,0,0,1,4,1,2,0,0,2,2,0,0,0,0,0,4,3
e_2429,0,2,0,0,3,0,0,1,4,1,2,0,0,2,1,0,0,0,0,0,4,3
e_2430,3,2,4,0,3,0,0,1,6,1,2,0,0,2,2,0,0,0,0,1,3,3
e_2431,0,1,4,0,3,0,0,1,1,1,2,0,0,0,2,0,0,0,0,0,4,3
e_2432,0,2,3,0,3,0,0,1,4,1,2,0,0,0,2,0,0,0,0,1,4,3
e_2433,0,2,3,0,3,0,0,1,1,1,2,0,0,2,0,0,0,0,0,1,4,3
e_2434,0,2,3,0,3,0,0,1,3,1,2,0,0,1,0,0,0,0,0,0,3,3
e_2435,0,2,3,0,3,0,0,1,6,1,2,0,0,2,2,0,0,0,0,1,4,3
e_2436,3,2,3,0,3,0,0,1,3,1,2,0,0,0,2,0,0,0,0,1,4,3
e_2437,0,2,4,0,3,0,0,1,6,1,2,0,0,0,2,0,0,0,0,1,3,3
e_2438,3,1,0,0,3,0,0,1,3,1,2,0,0,2,2,0,0,0,0,0,4,3
e_2439,3,1,4,0,3,0,0,1,6,1,2,0,0,1,0,0,0,0,0,0,3,3
e_2440,0,1,3,0,3,0,0,1,6,1,2,0,0,0,0,0,0,0,0,1,4,3
e_2441,0,1,3,0,3,0,0,1,4,1,2,0,0,2,1,0,0,0,0,0,4,3
e_2442,0,2,3,0,3,0,0,1,1,1,2,0,0,2,0,0,0,0,0,0,4,3
p_2443,0,2,3,1,4,0,0,1,5,0,2,2,3,4,3,0,0,0,2,3,4,1
e_2444,0,1,0,0,3,0,0,1,6,1,2,0,0,0,1,0,0,0,0,0,3,3
e_2445,0,1,4,0,3,0,0,1,3,1,2,0,0,1,1,0,0,0,0,1,4,3
e_2446,0,2,0,0,3,0,0,1,4,1,2,0,0,2,2,0,0,0,0,0,3,3
e_2447,3,2,0,0,3,0,0,1,3,1,2,0,0,0,0,0,0,0,0,1,4,3
e_2448,3,2,0,0,3,0,0,1,3,1,2,0,0,2,0,0,0,0,0,0,3,3
e_2449,3,2,3,0,3,0,0,1,1,1,2,0,0,0,0,0,0,0,0,0,4,3
e_2450,3,2,3,0,3,0,0,1,3,1,2,0,0,2,0,0,0,0,0,1,4,3
e_2451,0,1,3,0,3,0,0,1,4,1,2,0,0,2,1,0,0,0,0,1,4,3
e_2452,0,2,3,1,3,0,1,1,0,1,0,0,1,0,0,0,0,0,1,1,2,1
e_2453,0,1,3,0,3,0,0,1,1,1,2,0,0,0,0,0,0,0,0,0,4,3
e_2454,0,2,4,0,3,0,0,1,3,1,2,0,0,0,1,0,0,0,0,0,4,3
e_2455,3,2,0,0,3,0,0,1,3,1,2,0,0,2,1,0,0,0,0,0,3,3
e_2456,0,1,4,0,3,0,0,1,1,1,2,0,0,1,0,0,0,0,0,1,4,3
e_2457,0,2,3,0,3,0,0,1,3,1,2,0,0,0,0,0,0,0,0,1,3,3
e_2458,0,2,0,0,3,0,0,1,3,1,2,0,0,1,2,0,0,0,0,0,4,3
e_2459,0,1,4,0,3,0,0,1,4,1,2,0,0,0,1,0,0,0,0,1,3,3
e_2460,0,2,0,0,3,0,0,1,4,1,2,0,0,0,1,0,0,0,0,0,3,3
e_2461,3,2,3,0,3,0,0,1,3,1,2,0,0,0,0,0,0,0,0,0,4,3
e_2462,0,1,3,0,3,0,0,1,1,1,2,0,0,1,0,0,0,0,0,0,4,3
e_2463,0,1,3,0,3,0,0,1,6,1,2,0,0,0,1,0,0,0,0,0,3,3
e_2464,3,2,0,0,3,0,0,1,6,1,2,0,0,2,0,0,0,0,0,1,4,3
e_2465,0,2,3,0,3,0,0,1,3,1,2,0,0,1,2,0,0,0,0,0,3,3
e_2466,3,2,0,0,3,0,0,1,3,1,2,0,0,1,1,0,0,0,0,1,3,3
e_2467,0,1,4,0,3,0,0,1,3,1,2,0,0,2,0,0,0,0,0,0,3,3
e_2468,0,2,0,0,3,0,0,1,6,1,2,0,0,2,1,0,0,0,0,0,4,3
e_2469,0,1,3,0,3,0,0,1,4,1,2,0,0,1,1,0,0,0,0,0,3,3
e_2470,3,2,3,0,3,0,0,1,3,1,2,0,0,0,2,0,0,0,0,0,3,3
e_2471,0,2,3,0,3,0,0,1,3,1,2,0,0,0,2,0,0,0,0,1,3,3
e_2472,0,2,0,0,3,0,0,1,4,1,2,0,0,1,2,0,0,0,0,0,3,3
e_2473,0,1,3,0,3,0,0,1,4,1,2,0,0,2,0,0,0,0,0,1,3,3
e_2474,0,1,3,0,3,0,0,1,3,1,2,0,0,0,1,0,0,0,0,1,4,3
e_2475,0,1,4,0,3,0,0,1,1,1,2,0,0,0,1,0,0,0,0,1,3,3
e_2476,0,1,0,0,3,0,0,1,4,1,2,0,0,2,2,0,0,0,0,0,3,3
e_2477,0,1,3,0,3,0,0,1,6,1,2,0,0,0,2,0,0,0,0,0,4,3
p_2478,3,1,0,0,0,0,0,0,0,0,0,0,0,0,0,0,0,0,0,0,0,0
e_2479,0,0,3,1,3,0,1,1,1,1,0,1,0,0,0,0,0,0,1,1,0,1
e_2480,0,2,3,0,3,0,0,1,6,1,2,0,0,1,1,0,0,0,0,0,3,3
e_2481,0,2,4,0,3,0,0,1,1,1,2,0,0,0,2,0,0,0,0,0,4,3
p_2482,0,0,5,1,5,0,1,0,6,0,2,0,0,0,0,0,0,0,0,1,0,3
e_2483,0,1,0,0,3,0,0,1,4,1,2,0,0,2,1,0,0,0,0,0,4,3
e_2484,0,2,4,0,3,0,0,1,3,1,2,0,0,0,2,0,0,0,0,0,3,3
e_2485,0,1,0,0,3,0,0,1,3,1,2,0,0,0,0,0,0,0,0,1,4,3
e_2486,0,1,4,0,3,0,0,1,6,1,2,0,0,2,2,0,0,0,0,0,3,3
e_2487,0,0,2,1,3,0,1,1,0,1,0,0,0,0,0,0,0,0,1,1,0,1
e_2488,3,2,3,0,3,0,0,1,3,1,2,0,0,1,1,0,0,0,0,1,3,3
e_2489,0,1,3,0,3,0,0,1,1,1,2,0,0,1,1,0,0,0,0,1,3,3
e_2490,0,1,3,0,3,0,0,1,1,1,2,0,0,2,1,0,0,0,0,1,3,3
e_2491,0,2,4,0,3,0,0,1,1,1,2,0,0,1,0,0,0,0,0,1,4,3
e_2492,0,1,3,0,3,0,0,1,1,1,2,0,0,2,0,0,0,0,0,0,3,3
e_2493,0,1,3,0,3,0,0,1,4,1,2,0,0,0,1,0,0,0,0,1,3,3
e_2494,0,2,4,0,3,0,0,1,3,1,2,0,0,1,1,0,0,0,0,0,4,3
p_2495,3,1,2,0,0,0,0,0,3,0,0,0,0,0,0,0,0,0,0,1,3,0
e_2496,3,2,0,0,3,0,0,1,6,1,2,0,0,0,0,0,0,0,0,1,4,3
e_2497,0,2,4,0,3,0,0,1,4,1,2,0,0,1,0,0,0,0,0,0,4,3
e_2498,0,2,4,0,3,0,0,1,1,1,2,0,0,2,1,0,0,0,0,1,3,3
e_2499,0,1,3,0,3,0,0,1,3,1,2,0,0,0,2,0,0,0,0,0,3,3
e_2500,3,0,2,1,3,0,1,1,5,1,0,1,1,0,0,0,0,0,1,0,0,1
e_2501,0,2,0,1,3,0,1,1,0,1,0,1,0,0,0,0,0,0,1,1,2,1
e_2502,0,2,0,0,3,0,0,1,4,1,2,0,0,2,1,0,0,0,0,0,3,3
e_2503,3,2,0,0,3,0,0,1,1,1,2,0,0,2,2,0,0,0,0,1,3,3
e_2504,0,1,4,0,3,0,0,1,3,1,2,0,0,0,2,0,0,0,0,1,4,3
e_2505,0,1,4,0,3,0,0,1,6,1,2,0,0,2,1,0,0,0,0,1,4,3
e_2506,0,1,4,0,3,0,0,1,3,1,2,0,0,2,0,0,0,0,0,1,4,3
e_2507,3,2,0,0,3,0,0,1,4,1,2,0,0,0,1,0,0,0,0,0,4,3
e_2508,0,2,3,0,3,0,0,1,4,1,2,0,0,0,0,0,0,0,0,0,3,3
e_2509,3,2,0,0,3,0,0,1,4,1,2,0,0,0,2,0,0,0,0,0,3,3
e_2510,3,2,4,0,3,0,0,1,1,1,2,0,0,0,1,0,0,0,0,1,4,3
e_2511,0,1,4,0,3,0,0,1,4,1,2,0,0,2,1,0,0,0,0,1,3,3
p_2512,0,0,2,1,5,0,1,0,3,0,2,0,0,0,0,0,0,0,0,1,0,3
e_2513,3,2,0,0,3,0,0,1,6,1,2,0,0,2,1,0,0,0,0,0,4,3
e_2514,3,2,3,0,3,0,0,1,3,1,2,0,0,2,1,0,0,0,0,1,4,3
e_2515,3,2,0,0,3,0,0,1,6,1,2,0,0,0,0,0,0,0,0,0,3,3
e_2516,0,1,0,0,3,0,0,1,3,1,2,0,0,2,2,0,0,0,0,0,3,3
e_2517,0,2,4,0,3,0,0,1,4,1,2,0,0,1,1,0,0,0,0,0,4,3
e_2518,3,0,2,1,3,0,1,1,1,1,0,1,0,0,0,0,0,0,1,1,0,1
e_2519,0,1,3,0,3,0,0,1,6,1,2,0,0,2,1,0,0,0,0,1,4,3
e_2520,0,2,4,0,3,0,0,1,3,1,2,0,0,2,1,0,0,0,0,0,3,3
e_2521,3,2,0,0,3,0,0,1,1,1,2,0,0,0,2,0,0,0,0,1,3,3
e_2522,3,2,0,0,3,0,0,1,3,1,2,0,0,0,2,0,0,0,0,0,3,3
e_2523,0,1,0,0,3,0,0,1,1,1,2,0,0,1,0,0,0,0,0,0,4,3
e_2524,0,1,3,0,3,0,0,1,1,1,2,0,0,0,1,0,0,0,0,1,4,3
e_2525,0,1,0,0,3,0,0,1,1,1,2,0,0,0,0,0,0,0,0,0,3,3
e_2526,0,2,3,0,3,0,0,1,6,1,2,0,0,2,0,0,0,0,0,1,4,3
e_2527,0,1,0,0,3,0,0,1,4,1,2,0,0,0,0,0,0,0,0,0,4,3
e_2528,0,1,0,0,3,0,0,1,3,1,2,0,0,0,1,0,0,0,0,0,3,3
e_2529,3,2,0,0,3,0,0,1,3,1,2,0,0,2,0,0,0,0,0,1,4,3
e_2530,0,1,3,0,3,0,0,1,1,1,2,0,0,0,1,0,0,0,0,1,3,3
e_2531,0,1,4,0,3,0,0,1,4,1,2,0,0,2,1,0,0,0,0,0,4,3
e_2532,0,1,0,0,3,0,0,1,1,1,2,0,0,2,1,0,0,0,0,0,4,3
p_2533,0,2,3,1,4,0,0,1,2,0,2,2,3,3,3,0,0,0,2,3,4,4
e_2534,3,2,3,0,3,0,0,1,6,1,2,0,0,2,1,0,0,0,0,0,3,3
e_2535,0,1,4,0,3,0,0,1,6,1,2,0,0,1,2,0,0,0,0,0,3,3
p_2536,0,2,3,1,4,0,0,1,5,0,2,2,3,2,3,0,0,0,2,3,3,3
e_2537,0,1,4,0,3,0,0,1,1,1,2,0,0,0,0,0,0,0,0,0,3,3
e_2538,0,2,4,0,3,0,0,1,1,1,2,0,0,0,2,0,0,0,0,0,3,3
p_2539,0,2,3,1,4,0,0,1,5,0,2,2,3,4,4,0,0,0,2,3,4,3
p_2540,0,2,5,1,5,0,1,0,1,0,2,0,0,0,0,0,0,0,0,1,0,3
e_2541,0,2,3,0,3,0,0,1,6,1,2,0,0,0,0,0,0,0,0,0,3,3
e_2542,3,2,3,0,3,0,0,1,3,1,2,0,0,2,2,0,0,0,0,1,4,3
e_2543,0,2,3,0,3,0,0,1,6,1,2,0,0,0,1,0,0,0,0,1,3,3
e_2544,0,1,3,0,3,0,0,1,4,1,2,0,0,0,1,0,0,0,0,0,4,3
e_2545,0,1,3,0,3,0,0,1,1,1,2,0,0,0,2,0,0,0,0,1,3,3
e_2546,3,2,3,0,3,0,0,1,1,1,2,0,0,1,2,0,0,0,0,1,4,3
e_2547,0,2,3,0,3,0,0,1,4,1,2,0,0,0,1,0,0,0,0,1,4,3
e_2548,0,2,4,0,3,0,0,1,3,1,2,0,0,1,1,0,0,0,0,0,3,3
e_2549,0,2,0,0,3,0,0,1,4,1,2,0,0,0,0,0,0,0,0,0,4,3
e_2550,0,1,0,0,3,0,0,1,6,1,2,0,0,2,2,0,0,0,0,0,3,3
e_2551,3,2,0,0,3,0,0,1,3,1,2,0,0,0,2,0,0,0,0,0,4,3
e_2552,3,2,0,0,3,0,0,1,6,1,2,0,0,2,0,0,0,0,0,1,3,3
e_2553,3,2,3,0,3,0,0,1,1,1,2,0,0,2,2,0,0,0,0,0,4,3
e_2554,0,2,3,0,3,0,0,1,3,1,2,0,0,0,2,0,0,0,0,0,4,3
e_2555,0,1,0,0,3,0,0,1,6,1,2,0,0,2,1,0,0,0,0,1,3,3
e_2556,0,1,4,0,3,0,0,1,4,1,2,0,0,2,2,0,0,0,0,1,3,3
e_2557,3,2,0,0,3,0,0,1,6,1,2,0,0,2,2,0,0,0,0,1,3,3
e_2558,0,1,3,0,3,0,0,1,1,1,2,0,0,2,0,0,0,0,0,1,3,3
e_2559,0,1,0,0,3,0,0,1,6,1,2,0,0,2,2,0,0,0,0,0,4,3
p_2560,0,2,2,1,5,0,0,0,2,0,2,0,0,0,0,0,0,0,0,0,3,3
e_2561,3,2,0,0,3,0,0,1,6,1,2,0,0,0,1,0,0,0,0,0,4,3
e_2562,0,1,4,0,3,0,0,1,4,1,2,0,0,2,0,0,0,0,0,1,3,3
e_2563,0,1,0,0,3,0,0,1,1,1,2,0,0,1,2,0,0,0,0,1,4,3
e_2564,3,2,3,0,3,0,0,1,1,1,2,0,0,2,1,0,0,0,0,0,3,3
e_2565,0,2,4,0,3,0,0,1,4,1,2,0,0,0,1,0,0,0,0,0,4,3
p_2566,0,2,3,1,4,0,0,1,3,0,2,2,3,4,1,0,0,0,2,3,4,3
e_2567,0,1,4,0,3,0,0,1,1,1,2,0,0,0,1,0,0,0,0,0,4,3
e_2568,3,2,3,0,3,0,0,1,3,1,2,0,0,1,2,0,0,0,0,1,3,3
e_2569,3,1,4,0,3,0,0,1,4,1,2,0,0,0,0,0,0,0,0,0,3,3
e_2570,0,2,4,0,3,0,0,1,3,1,2,0,0,2,1,0,0,0,0,1,3,3
p_2571,0,2,3,1,4,0,0,1,3,0,2,2,3,4,1,0,0,0,2,3,3,1
e_2572,0,1,0,0,3,0,0,1,4,1,2,0,0,0,2,0,0,0,0,1,4,3
e_2573,0,1,0,0,3,0,0,1,3,1,2,0,0,1,1,0,0,0,0,0,3,3
e_2574,0,1,0,0,3,0,0,1,3,1,2,0,0,1,0,0,0,0,0,0,3,3
e_2575,0,1,0,0,3,0,0,1,1,1,2,0,0,0,0,0,0,0,0,0,4,3
e_2576,0,1,3,0,3,0,0,1,6,1,2,0,0,0,2,0,0,0,0,1,4,3
e_2577,0,1,0,0,3,0,0,1,1,1,2,0,0,0,2,0,0,0,0,0,4,3
e_2578,0,2,3,0,3,0,0,1,3,1,2,0,0,1,2,0,0,0,0,0,4,3
e_2579,0,1,4,0,3,0,0,1,1,1,2,0,0,2,1,0,0,0,0,0,4,3
e_2580,0,1,4,0,3,0,0,1,1,1,2,0,0,2,0,0,0,0,0,0,3,3
e_2581,0,1,3,0,3,0,0,1,3,1,2,0,0,2,2,0,0,0,0,1,3,3
e_2582,3,2,4,0,3,0,0,1,1,1,2,0,0,0,2,0,0,0,0,1,3,3
e_2583,3,2,0,0,3,0,0,1,1,1,2,0,0,2,1,0,0,0,0,0,3,3
e_2584,3,2,0,0,3,0,0,1,4,1,2,0,0,0,2,0,0,0,0,1,3,3
e_2585,0,1,3,0,3,0,0,1,3,1,2,0,0,2,1,0,0,0,0,1,3,3
e_2586,0,1,3,0,3,0,0,1,4,1,2,0,0,2,2,0,0,0,0,1,4,3
e_2587,0,2,4,0,3,0,0,1,6,1,2,0,0,2,2,0,0,0,0,0,3,3
e_2588,3,2,0,0,3,0,0,1,4,1,2,0,0,1,2,0,0,0,0,1,3,3
e_2589,3,2,0,0,3,0,0,1,3,1,2,0,0,2,2,0,0,0,0,1,3,3
e_2590,0,1,4,0,3,0,0,1,3,1,2,0,0,1,1,0,0,0,0,0,4,3
e_2591,0,1,0,0,3,0,0,1,1,1,2,0,0,2,0,0,0,0,0,1,3,3
e_2592,3,2,0,0,3,0,0,1,3,1,2,0,0,0,0,0,0,0,0,0,4,3
e_2593,3,2,0,0,3,0,0,1,4,1,2,0,0,2,1,0,0,0,0,1,3,3
p_2594,0,2,3,1,4,0,0,1,2,0,2,2,3,4,4,0,0,0,2,3,3,4
e_2595,0,2,3,0,3,0,0,1,1,1,2,0,0,0,0,0,0,0,0,0,4,3
e_2596,0,1,0,0,3,0,0,1,4,1,2,0,0,1,2,0,0,0,0,1,4,3
e_2597,0,2,3,0,3,0,0,1,1,1,2,0,0,0,2,0,0,0,0,1,4,3
e_2598,0,2,3,0,3,0,0,1,1,1,2,0,0,2,1,0,0,0,0,1,4,3
e_2599,0,1,3,0,3,0,0,1,4,1,2,0,0,1,0,0,0,0,0,0,3,3
e_2600,3,2,0,0,3,0,0,1,6,1,2,0,0,0,0,0,0,0,0,0,4,3
e_2601,3,2,3,0,3,0,0,1,1,1,2,0,0,1,2,0,0,0,0,0,4,3
e_2602,0,1,0,0,3,0,0,1,1,1,2,0,0,2,2,0,0,0,0,0,3,3
e_2603,0,2,4,0,3,0,0,1,4,1,2,0,0,2,0,0,0,0,0,0,4,3
e_2604,3,2,0,0,3,0,0,1,1,1,2,0,0,1,0,0,0,0,0,1,3,3
p_2605,0,2,3,1,4,0,0,1,2,0,2,2,3,2,4,0,0,0,2,3,3,4
e_2606,0,2,4,0,3,0,0,1,3,1,2,0,0,2,0,0,0,0,0,1,3,3
e_2607,3,2,0,0,3,0,0,1,1,1,2,0,0,1,2,0,0,0,0,1,3,3
e_2608,0,2,4,0,3,0,0,1,1,1,2,0,0,0,1,0,0,0,0,0,4,3
e_2609,0,2,4,0,3,0,0,1,1,1,2,0,0,0,2,0,0,0,0,1,3,3
e_2610,0,1,4,0,3,0,0,1,3,1,2,0,0,2,1,0,0,0,0,0,4,3
e_2611,3,1,3,0,3,0,0,1,4,1,2,0,0,2,0,0,0,0,0,1,3,3
e_2612,3,2,0,0,3,0,0,1,6,1,2,0,0,0,2,0,0,0,0,1,4,3
e_2613,0,2,3,0,3,0,0,1,1,1,2,0,0,1,2,0,0,0,0,1,4,3
e_2614,3,2,3,0,3,0,0,1,3,1,2,0,0,2,2,0,0,0,0,0,3,3
e_2615,0,1,0,0,3,0,0,1,4,1,2,0,0,0,1,0,0,0,0,0,4,3
e_2616,0,1,3,0,3,0,0,1,3,1,2,0,0,0,0,0,0,0,0,1,4,3
e_2617,0,1,3,0,3,0,0,1,6,1,2,0,0,1,0,0,0,0,0,1,4,3
e_2618,0,2,0,0,3,0,0,1,4,1,2,0,0,0,0,0,0,0,0,1,4,3
e_2619,0,1,4,0,3,0,0,1,3,1,2,0,0,1,2,0,0,0,0,0,4,3
e_2620,3,2,0,0,3,0,0,1,6,1,2,0,0,1,2,0,0,0,0,1,3,3
e_2621,0,1,4,0,3,0,0,1,1,1,2,0,0,2,1,0,0,0,0,1,3,3
e_2622,0,2,0,0,3,0,0,1,1,1,2,0,0,0,2,0,0,0,0,1,4,3
e_2623,3,2,0,0,3,0,0,1,6,1,2,0,0,2,2,0,0,0,0,0,4,3
e_2624,0,1,4,0,3,0,0,1,3,1,2,0,0,1,2,0,0,0,0,1,3,3
e_2625,0,2,3,0,3,0,0,1,4,1,2,0,0,0,2,0,0,0,0,1,3,3
e_2626,0,1,0,0,3,0,0,1,3,1,2,0,0,0,0,0,0,0,0,1,3,3
p_2627,0,2,3,1,5,0,0,0,2,0,2,0,0,0,0,0,0,0,0,1,3,3
e_2628,3,2,3,0,3,0,0,1,1,1,2,0,0,2,1,0,0,0,0,1,3,3
e_2629,0,2,0,0,3,0,0,1,4,1,2,0,0,1,2,0,0,0,0,1,4,3
e_2630,3,0,0,1,3,0,1,1,3,1,0,0,1,0,0,0,0,0,1,0,2,1
e_2631,3,2,0,0,3,0,0,1,4,1,2,0,0,1,0,0,0,0,0,1,3,3
e_2632,0,1,3,0,3,0,0,1,1,1,2,0,0,2,0,0,0,0,0,1,4,3
e_2633,3,1,3,0,3,0,0,1,4,1,2,0,0,1,2,0,0,0,0,1,3,3
e_2634,0,1,3,0,3,0,0,1,4,1,2,0,0,0,0,0,0,0,0,1,3,3
e_2635,3,1,4,0,3,0,0,1,3,1,2,0,0,2,2,0,0,0,0,1,3,3
e_2636,0,1,3,0,3,0,0,1,1,1,2,0,0,2,2,0,0,0,0,1,4,3
e_2637,0,2,3,0,3,0,0,1,1,1,2,0,0,2,2,0,0,0,0,1,3,3
e_2638,3,2,3,0,3,0,0,1,1,1,2,0,0,2,2,0,0,0,0,1,3,3
e_2639,0,1,0,0,3,0,0,1,3,1,2,0,0,1,2,0,0,0,0,0,3,3
e_2640,3,2,0,0,3,0,0,1,6,1,2,0,0,1,2,0,0,0,0,0,4,3
e_2641,0,1,4,0,3,0,0,1,3,1,2,0,0,2,0,0,0,0,0,1,3,3
e_2642,0,1,4,0,3,0,0,1,4,1,2,0,0,0,0,0,0,0,0,0,3,3
e_2643,3,1,0,0,3,0,0,1,6,1,2,0,0,1,2,0,0,0,0,0,3,3
e_2644,0,1,0,0,3,0,0,1,4,1,2,0,0,2,1,0,0,0,0,1,4,3
e_2645,0,2,3,0,3,0,0,1,6,1,2,0,0,1,0,0,0,0,0,1,4,3
e_2646,3,2,3,0,3,0,0,1,3,1,2,0,0,1,1,0,0,0,0,0,4,3
e_2647,3,2,2,1,3,0,1,1,5,1,0,0,1,0,0,0,0,0,1,0,0,1
e_2648,0,1,0,0,3,0,0,1,3,1,2,0,0,0,2,0,0,0,0,1,3,3
e_2649,0,2,3,0,3,0,0,1,6,1,2,0,0,1,2,0,0,0,0,0,4,3
e_2650,3,1,4,0,3,0,0,1,1,1,2,0,0,2,2,0,0,0,0,1,4,3
e_2651,0,2,4,0,3,0,0,1,4,1,2,0,0,1,2,0,0,0,0,0,3,3
e_2652,0,1,0,0,3,0,0,1,6,1,2,0,0,1,2,0,0,0,0,1,4,3
e_2653,3,1,0,0,3,0,0,1,4,1,2,0,0,2,0,0,0,0,0,0,4,3
e_2654,0,1,3,0,3,0,0,1,3,1,2,0,0,2,2,0,0,0,0,0,3,3
e_2655,3,2,0,0,3,0,0,1,4,1,2,0,0,0,0,0,0,0,0,0,3,3
e_2656,0,1,4,0,3,0,0,1,6,1,2,0,0,0,0,0,0,0,0,0,4,3
e_2657,0,1,4,0,3,0,0,1,3,1,2,0,0,1,2,0,0,0,0,0,3,3
e_2658,0,1,4,0,3,0,0,1,4,1,2,0,0,2,0,0,0,0,0,0,3,3
e_2659,0,2,4,0,3,0,0,1,4,1,2,0,0,2,0,0,0,0,0,1,4,3
e_2660,0,2,4,0,3,0,0,1,3,1,2,0,0,1,0,0,0,0,0,1,3,3
e_2661,0,2,4,0,3,0,0,1,3,1,2,0,0,1,2,0,0,0,0,1,3,3
e_2662,3,2,0,0,3,0,0,1,3,1,2,0,0,1,1,0,0,0,0,1,4,3
e_2663,0,2,3,0,3,0,0,1,1,1,2,0,0,1,1,0,0,0,0,0,3,3
e_2664,0,2,3,0,3,0,0,1,3,1,2,0,0,2,0,0,0,0,0,0,3,3
e_2665,0,1,3,0,3,0,0,1,6,1,2,0,0,2,2,0,0,0,0,0,4,3
e_2666,0,1,0,0,3,0,0,1,1,1,2,0,0,0,2,0,0,0,0,1,3,3
e_2667,0,2,4,0,3,0,0,1,1,1,2,0,0,1,2,0,0,0,0,0,4,3
e_2668,0,2,4,0,3,0,0,1,4,1,2,0,0,1,2,0,0,0,0,1,4,3
e_2669,0,2,3,0,3,0,0,1,6,1,2,0,0,1,1,0,0,0,0,1,4,3
e_2670,0,2,4,0,3,0,0,1,4,1,2,0,0,2,1,0,0,0,0,1,3,3
e_2671,3,2,0,0,3,0,0,1,1,1,2,0,0,2,0,0,0,0,0,1,4,3
e_2672,0,2,4,0,3,0,0,1,3,1,2,0,0,2,2,0,0,0,0,1,3,3
e_2673,3,2,0,0,3,0,0,1,4,1,2,0,0,0,1,0,0,0,0,1,4,3
e_2674,3,2,0,0,3,0,0,1,4,1,2,0,0,1,2,0,0,0,0,0,3,3
e_2675,3,2,0,0,3,0,0,1,6,1,2,0,0,2,1,0,0,0,0,0,3,3
e_2676,0,2,3,0,3,0,0,1,1,1,2,0,0,0,1,0,0,0,0,0,3,3
e_2677,0,2,4,0,3,0,0,1,6,1,2,0,0,2,1,0,0,0,0,1,3,3
e_2678,0,1,4,0,3,0,0,1,6,1,2,0,0,2,0,0,0,0,0,1,4,3
e_2679,3,2,3,0,3,0,0,1,1,1,2,0,0,2,1,0,0,0,0,0,4,3
e_2680,3,2,0,0,3,0,0,1,3,1,2,0,0,2,1,0,0,0,0,1,3,3
e_2681,0,1,0,0,3,0,0,1,1,1,2,0,0,1,1,0,0,0,0,1,4,3
e_2682,3,2,0,0,3,0,0,1,6,1,2,0,0,2,2,0,0,0,0,0,3,3
p_2683,0,2,5,1,5,0,0,0,3,0,2,0,0,0,0,0,0,0,0,1,3,3
e_2684,0,2,4,0,3,0,0,1,3,1,2,0,0,0,0,0,0,0,0,0,4,3
e_2685,0,2,0,0,3,0,0,1,4,1,2,0,0,0,0,0,0,0,0,1,3,3
e_2686,0,1,4,0,3,0,0,1,4,1,2,0,0,1,1,0,0,0,0,1,4,3
e_2687,3,2,0,0,3,0,0,1,1,1,2,0,0,1,1,0,0,0,0,1,3,3
e_2688,3,2,0,0,3,0,0,1,4,1,2,0,0,1,2,0,0,0,0,0,4,3
e_2689,0,1,3,0,3,0,0,1,4,1,2,0,0,2,0,0,0,0,0,0,3,3
e_2690,3,0,0,1,3,0,1,1,1,1,0,0,0,0,0,0,0,0,1,1,2,1
e_2691,0,1,3,0,3,0,0,1,4,1,2,0,0,2,2,0,0,0,0,0,4,3
e_2692,0,1,0,0,3,0,0,1,4,1,2,0,0,0,1,0,0,0,0,1,3,3
e_2693,0,1,0,0,3,0,0,1,3,1,2,0,0,2,0,0,0,0,0,0,3,3
e_2694,3,2,3,0,3,0,0,1,3,1,2,0,0,0,2,0,0,0,0,1,3,3
e_2695,0,2,4,0,3,0,0,1,1,1,2,0,0,1,2,0,0,0,0,1,4,3
e_2696,3,2,0,0,3,0,0,1,3,1,2,0,0,1,1,0,0,0,0,0,4,3
p_2697,0,2,3,1,4,0,0,1,5,0,2,2,3,4,1,0,0,0,2,3,4,1
e_2698,0,1,4,0,3,0,0,1,4,1,2,0,0,0,0,0,0,0,0,1,3,3
e_2699,0,2,3,0,3,0,0,1,6,1,2,0,0,2,2,0,0,0,0,0,3,3
e_2700,0,2,4,0,3,0,0,1,1,1,2,0,0,2,0,0,0,0,0,1,3,3
e_2701,0,2,4,0,3,0,0,1,1,1,2,0,0,2,2,0,0,0,0,0,4,3
e_2702,0,1,4,0,3,0,0,1,1,1,2,0,0,1,0,0,0,0,0,0,3,3
e_2703,3,2,0,0,3,0,0,1,4,1,2,0,0,0,2,0,0,0,0,1,4,3
e_2704,3,2,0,0,3,0,0,1,6,1,2,0,0,1,1,0,0,0,0,0,3,3
e_2705,0,1,0,0,3,0,0,1,4,1,2,0,0,0,2,0,0,0,0,0,3,3
e_2706,0,2,4,0,3,0,0,1,6,1,2,0,0,1,0,0,0,0,0,1,4,3
e_2707,0,1,4,0,3,0,0,1,4,1,2,0,0,2,2,0,0,0,0,0,3,3
e_2708,0,1,0,0,3,0,0,1,1,1,2,0,0,2,2,0,0,0,0,0,4,3
e_2709,0,1,3,0,3,0,0,1,6,1,2,0,0,0,0,0,0,0,0,0,3,3
e_2710,0,1,0,0,3,0,0,1,6,1,2,0,0,1,0,0,0,0,0,0,3,3
e_2711,0,1,4,0,3,0,0,1,3,1,2,0,0,0,1,0,0,0,0,1,4,3
e_2712,0,2,4,0,3,0,0,1,6,1,2,0,0,1,1,0,0,0,0,1,4,3
e_2713,0,2,4,0,3,0,0,1,6,1,2,0,0,0,1,0,0,0,0,0,4,3
e_2714,0,1,4,0,3,0,0,1,3,1,2,0,0,0,2,0,0,0,0,1,3,3
e_2715,0,1,0,0,3,0,0,1,3,1,2,0,0,1,0,0,0,0,0,0,4,3
e_2716,0,2,4,0,3,0,0,1,3,1,2,0,0,2,1,0,0,0,0,1,4,3
e_2717,3,2,4,0,3,0,0,1,4,1,2,0,0,1,1,0,0,0,0,1,3,3
e_2718,3,2,0,0,3,0,0,1,4,1,2,0,0,2,0,0,0,0,0,0,4,3
e_2719,0,1,4,0,3,0,0,1,6,1,2,0,0,0,0,0,0,0,0,0,3,3
e_2720,0,2,0,0,3,0,0,1,6,1,2,0,0,1,0,0,0,0,0,1,3,3
e_2721,0,1,4,0,3,0,0,1,1,1,2,0,0,1,1,0,0,0,0,1,4,3
e_2722,3,2,3,0,3,0,0,1,3,1,2,0,0,1,1,0,0,0,0,1,4,3
e_2723,0,1,0,0,3,0,0,1,3,1,2,0,0,1,0,0,0,0,0,1,3,3
e_2724,3,1,4,0,3,0,0,1,1,1,2,0,0,2,1,0,0,0,0,0,3,3
e_2725,0,1,0,0,3,0,0,1,6,1,2,0,0,1,1,0,0,0,0,0,4,3
e_2726,0,1,4,0,3,0,0,1,3,1,2,0,0,2,2,0,0,0,0,1,4,3
e_2727,0,1,3,0,3,0,0,1,6,1,2,0,0,2,2,0,0,0,0,1,4,3
e_2728,3,1,3,0,3,0,0,1,3,1,2,0,0,0,1,0,0,0,0,0,3,3
e_2729,0,1,0,0,3,0,0,1,6,1,2,0,0,0,0,0,0,0,0,1,4,3
e_2730,0,0,3,1,3,0,1,1,5,1,0,1,0,0,0,0,0,0,1,0,0,1
e_2731,3,2,0,0,3,0,0,1,1,1,2,0,0,0,2,0,0,0,0,1,4,3
e_2732,0,1,3,0,3,0,0,1,4,1,2,0,0,1,1,0,0,0,0,1,4,3
e_2733,0,1,3,0,3,0,0,1,1,1,2,0,0,0,1,0,0,0,0,0,4,3
e_2734,0,2,0,0,3,0,0,1,6,1,2,0,0,1,0,0,0,0,0,0,4,3
e_2735,0,2,4,0,3,0,0,1,6,1,2,0,0,1,2,0,0,0,0,1,3,3
e_2736,0,1,4,0,3,0,0,1,1,1,2,0,0,1,2,0,0,0,0,0,4,3
e_2737,0,1,0,0,3,0,0,1,4,1,2,0,0,0,2,0,0,0,0,0,4,3
e_2738,0,2,4,0,3,0,0,1,4,1,2,0,0,2,2,0,0,0,0,0,4,3
e_2739,0,1,4,0,3,0,0,1,6,1,2,0,0,2,0,0,0,0,0,0,4,3
e_2740,0,1,0,0,3,0,0,1,6,1,2,0,0,1,0,0,0,0,0,1,4,3
e_2741,3,2,3,0,3,0,0,1,3,1,2,0,0,0,0,0,0,0,0,1,4,3
e_2742,0,2,4,0,3,0,0,1,6,1,2,0,0,0,0,0,0,0,0,0,4,3
e_2743,3,1,0,0,3,0,0,1,3,1,2,0,0,2,2,0,0,0,0,0,3,3
e_2744,0,1,0,0,3,0,0,1,4,1,2,0,0,2,2,0,0,0,0,1,3,3
e_2745,0,2,4,0,3,0,0,1,4,1,2,0,0,1,0,0,0,0,0,1,4,3
e_2746,0,2,3,0,3,0,0,1,1,1,2,0,0,2,2,0,0,0,0,0,3,3
e_2747,0,1,0,0,3,0,0,1,6,1,2,0,0,0,0,0,0,0,0,0,4,3
e_2748,0,1,3,0,3,0,0,1,1,1,2,0,0,0,2,0,0,0,0,1,4,3
p_2749,0,2,3,1,5,0,0,0,3,0,2,0,0,0,0,0,0,0,0,0,3,3
e_2750,0,1,0,0,3,0,0,1,1,1,2,0,0,2,0,0,0,0,0,1,4,3
e_2751,0,2,3,0,3,0,0,1,3,1,2,0,0,2,1,0,0,0,0,1,4,3
e_2752,0,1,0,0,3,0,0,1,1,1,2,0,0,1,1,0,0,0,0,0,4,3
e_2753,0,1,3,0,3,0,0,1,4,1,2,0,0,1,2,0,0,0,0,0,3,3
e_2754,0,1,0,0,3,0,0,1,4,1,2,0,0,1,1,0,0,0,0,1,3,3
e_2755,3,2,0,0,3,0,0,1,3,1,2,0,0,0,2,0,0,0,0,1,3,3
e_2756,3,2,0,0,3,0,0,1,4,1,2,0,0,2,1,0,0,0,0,0,4,3
e_2757,0,1,0,0,3,0,0,1,1,1,2,0,0,0,1,0,0,0,0,1,3,3
e_2758,3,2,0,0,3,0,0,1,3,1,2,0,0,2,0,0,0,0,0,0,4,3
e_2759,3,2,0,0,3,0,0,1,4,1,2,0,0,0,0,0,0,0,0,1,4,3
e_2760,3,1,3,0,3,0,0,1,6,1,2,0,0,0,0,0,0,0,0,0,4,3
e_2761,0,2,3,0,3,0,0,1,6,1,2,0,0,2,0,0,0,0,0,0,4,3
e_2762,0,1,3,0,3,0,0,1,4,1,2,0,0,0,2,0,0,0,0,0,4,3
e_2763,0,1,3,0,3,0,0,1,6,1,2,0,0,0,2,0,0,0,0,1,3,3
e_2764,3,2,0,0,3,0,0,1,6,1,2,0,0,1,1,0,0,0,0,1,3,3
e_2765,0,2,3,0,3,0,0,1,1,1,2,0,0,0,1,0,0,0,0,1,3,3
p_2766,0,2,3,1,4,0,0,1,2,0,2,2,3,4,1,0,0,0,2,3,3,3
e_2767,3,2,0,0,3,0,0,1,4,1,2,0,0,2,0,0,0,0,0,1,3,3
e_2768,0,1,3,0,3,0,0,1,4,1,2,0,0,1,2,0,0,0,0,0,4,3
e_2769,0,2,3,0,3,0,0,1,6,1,2,0,0,0,2,0,0,0,0,1,4,3
p_2770,0,2,3,1,4,0,0,1,2,0,2,2,3,4,1,0,0,0,2,3,4,3
e_2771,3,2,0,0,3,0,0,1,6,1,2,0,0,0,0,0,0,0,0,1,3,3
e_2772,0,1,4,0,3,0,0,1,1,1,2,0,0,1,1,0,0,0,0,1,3,3
e_2773,0,1,0,0,3,0,0,1,6,1,2,0,0,1,2,0,0,0,0,0,3,3
e_2774,0,2,4,0,3,0,0,1,3,1,2,0,0,2,2,0,0,0,0,0,3,3
e_2775,0,2,4,0,3,0,0,1,3,1,2,0,0,1,1,0,0,0,0,1,4,3
e_2776,0,1,0,0,3,0,0,1,3,1,2,0,0,0,1,0,0,0,0,1,3,3
e_2777,3,2,0,0,3,0,0,1,1,1,2,0,0,0,1,0,0,0,0,0,3,3
e_2778,0,2,4,0,3,0,0,1,1,1,2,0,0,1,1,0,0,0,0,1,3,3
e_2779,0,2,3,0,3,0,0,1,4,1,2,0,0,0,1,0,0,0,0,0,3,3
e_2780,3,2,0,0,3,0,0,1,6,1,2,0,0,1,1,0,0,0,0,0,4,3
e_2781,0,1,4,0,3,0,0,1,3,1,2,0,0,1,1,0,0,0,0,1,3,3
e_2782,0,2,3,0,3,0,0,1,6,1,2,0,0,1,0,0,0,0,0,0,4,3
e_2783,3,2,3,0,3,0,0,1,3,1,2,0,0,2,0,0,0,0,0,0,4,3
e_2784,3,2,3,0,3,0,0,1,3,1,2,0,0,1,2,0,0,0,0,0,3,3
e_2785,3,2,0,0,3,0,0,1,1,1,2,0,0,1,0,0,0,0,0,0,4,3
e_2786,0,2,0,0,3,0,0,1,4,1,2,0,0,2,0,0,0,0,0,1,4,3
e_2787,0,1,4,0,3,0,0,1,4,1,2,0,0,1,2,0,0,0,0,1,4,3
e_2788,3,0,3,1,3,0,1,1,3,1,0,1,1,0,0,0,0,0,1,0,0,1
e_2789,0,1,4,0,3,0,0,1,3,1,2,0,0,1,0,0,0,0,0,0,4,3
e_2790,3,2,3,0,3,0,0,1,3,1,2,0,0,1,0,0,0,0,0,1,4,3
e_2791,0,1,4,0,3,0,0,1,4,1,2,0,0,1,1,0,0,0,0,0,4,3
e_2792,0,2,3,0,3,0,0,1,6,1,2,0,0,0,0,0,0,0,0,1,3,3
e_2793,3,2,0,0,3,0,0,1,4,1,2,0,0,0,2,0,0,0,0,0,4,3
e_2794,0,2,4,0,3,0,0,1,4,1,2,0,0,2,2,0,0,0,0,1,3,3
e_2795,0,2,4,0,3,0,0,1,1,1,2,0,0,1,0,0,0,0,0,1,3,3
e_2796,0,2,3,0,3,0,0,1,4,1,2,0,0,0,2,0,0,0,0,0,3,3
p_2797,0,2,2,1,5,0,1,0,2,0,2,0,0,0,0,0,0,0,0,1,0,3
e_2798,0,1,4,0,3,0,0,1,3,1,2,0,0,2,1,0,0,0,0,1,4,3
e_2799,0,2,4,0,3,0,0,1,1,1,2,0,0,0,1,0,0,0,0,0,3,3
e_2800,0,1,0,0,3,0,0,1,4,1,2,0,0,2,0,0,0,0,0,1,4,3
e_2801,3,2,2,1,3,0,1,1,5,1,0,0,0,0,0,0,0,0,1,1,0,1
e_2802,0,2,3,0,3,0,0,1,1,1,2,0,0,1,0,0,0,0,0,1,4,3
e_2803,3,2,3,0,3,0,0,1,1,1,2,0,0,0,1,0,0,0,0,1,3,3
e_2804,0,2,3,0,3,0,0,1,4,1,2,0,0,2,2,0,0,0,0,1,4,3
e_2805,3,1,4,0,3,0,0,1,4,1,2,0,0,0,1,0,0,0,0,0,4,3
e_2806,0,2,4,0,3,0,0,1,1,1,2,0,0,2,1,0,0,0,0,0,4,3
e_2807,0,1,0,0,3,0,0,1,1,1,2,0,0,1,2,0,0,0,0,0,3,3
e_2808,0,1,4,0,3,0,0,1,1,1,2,0,0,1,2,0,0,0,0,1,3,3
e_2809,0,2,4,0,3,0,0,1,1,1,2,0,0,0,0,0,0,0,0,1,3,3
e_2810,3,1,4,0,3,0,0,1,1,1,2,0,0,0,0,0,0,0,0,0,3,3
e_2811,3,2,0,0,3,0,0,1,4,1,2,0,0,2,2,0,0,0,0,1,3,3
e_2812,0,1,3,0,3,0,0,1,3,1,2,0,0,0,0,0,0,0,0,1,3,3
e_2813,0,1,3,0,3,0,0,1,3,1,2,0,0,1,0,0,0,0,0,1,4,3
e_2814,0,2,3,0,3,0,0,1,1,1,2,0,0,1,1,0,0,0,0,1,3,3
e_2815,0,2,4,0,3,0,0,1,4,1,2,0,0,1,1,0,0,0,0,1,3,3
e_2816,0,2,0,0,3,0,0,1,4,1,2,0,0,1,0,0,0,0,0,0,4,3
e_2817,3,2,0,1,3,0,1,1,1,1,0,1,1,0,0,0,0,0,1,0,0,1
e_2818,0,2,4,0,3,0,0,1,4,1,2,0,0,0,2,0,0,0,0,1,4,3
e_2819,0,1,3,0,3,0,0,1,1,1,2,0,0,1,2,0,0,0,0,1,4,3
e_2820,0,1,0,0,3,0,0,1,6,1,2,0,0,2,1,0,0,0,0,0,3,3
e_2821,0,2,3,0,3,0,0,1,3,1,2,0,0,1,1,0,0,0,0,1,4,3
e_2822,0,1,4,0,3,0,0,1,1,1,2,0,0,2,2,0,0,0,0,1,4,3
e_2823,3,2,0,0,3,0,0,1,6,1,2,0,0,2,0,0,0,0,0,0,3,3
e_2824,0,1,3,0,3,0,0,1,6,1,2,0,0,0,0,0,0,0,0,0,4,3
e_2825,3,2,3,0,3,0,0,1,3,1,2,0,0,2,2,0,0,0,0,1,3,3
e_2826,0,2,4,0,3,0,0,1,6,1,2,0,0,2,1,0,0,0,0,0,3,3
e_2827,3,2,0,0,3,0,0,1,1,1,2,0,0,0,2,0,0,0,0,0,3,3
e_2828,0,1,3,0,3,0,0,1,3,1,2,0,0,1,1,0,0,0,0,1,4,3
e_2829,0,1,0,0,3,0,0,1,3,1,2,0,0,0,1,0,0,0,0,1,4,3
e_2830,0,1,4,0,3,0,0,1,4,1,2,0,0,0,1,0,0,0,0,0,3,3
e_2831,0,2,4,0,3,0,0,1,6,1,2,0,0,2,1,0,0,0,0,0,4,3
e_2832,0,2,0,0,3,0,0,1,6,1,2,0,0,0,0,0,0,0,0,1,3,3
e_2833,3,2,0,0,3,0,0,1,1,1,2,0,0,2,1,0,0,0,0,0,4,3
e_2834,0,1,3,0,3,0,0,1,1,1,2,0,0,0,0,0,0,0,0,0,3,3
e_2835,0,2,4,0,3,0,0,1,4,1,2,0,0,2,1,0,0,0,0,1,4,3
e_2836,3,2,0,0,3,0,0,1,4,1,2,0,0,0,1,0,0,0,0,1,3,3
e_2837,3,2,0,0,3,0,0,1,1,1,2,0,0,2,1,0,0,0,0,1,4,3
e_2838,0,1,4,0,3,0,0,1,6,1,2,0,0,1,1,0,0,0,0,0,4,3
e_2839,0,2,3,0,3,0,0,1,6,1,2,0,0,2,2,0,0,0,0,0,4,3
e_2840,0,2,3,0,3,0,0,1,6,1,2,0,0,1,2,0,0,0,0,0,3,3
p_2841,0,2,5,1,5,0,1,0,6,0,2,0,0,0,0,0,0,0,0,0,3,3
e_2842,0,1,0,0,3,0,0,1,3,1,2,0,0,1,2,0,0,0,0,1,4,3
e_2843,0,2,4,0,3,0,0,1,3,1,2,0,0,0,1,0,0,0,0,1,3,3
e_2844,3,0,0,1,3,0,1,1,3,1,0,1,1,0,0,0,0,0,1,1,0,1
e_2845,0,1,3,0,3,0,0,1,3,1,2,0,0,2,2,0,0,0,0,0,4,3
e_2846,0,1,3,0,3,0,0,1,6,1,2,0,0,2,1,0,0,0,0,0,4,3
e_2847,0,2,0,0,3,0,0,1,6,1,2,0,0,2,0,0,0,0,0,0,4,3
e_2848,3,2,3,0,3,0,0,1,1,1,2,0,0,2,0,0,0,0,0,1,4,3
e_2849,0,2,3,0,3,0,0,1,4,1,2,0,0,1,1,0,0,0,0,1,3,3
e_2850,0,1,0,0,3,0,0,1,4,1,2,0,0,1,1,0,0,0,0,0,4,3
e_2851,0,2,4,0,3,0,0,1,4,1,2,0,0,1,1,0,0,0,0,1,4,3
e_2852,0,2,0,0,3,0,0,1,6,1,2,0,0,2,1,0,0,0,0,1,3,3
e_2853,3,2,3,0,3,0,0,1,1,1,2,0,0,1,1,0,0,0,0,1,3,3
e_2854,3,2,0,0,3,0,0,1,4,1,2,0,0,1,2,0,0,0,0,1,4,3
e_2855,0,1,3,0,3,0,0,1,4,1,2,0,0,1,2,0,0,0,0,1,3,3
e_2856,0,1,4,0,3,0,0,1,6,1,2,0,0,0,0,0,0,0,0,1,4,3
e_2857,0,1,3,0,3,0,0,1,3,1,2,0,0,2,0,0,0,0,0,0,3,3
e_2858,3,2,3,0,3,0,0,1,3,1,2,0,0,1,0,0,0,0,0,0,4,3
e_2859,0,2,4,0,3,0,0,1,6,1,2,0,0,2,0,0,0,0,0,1,4,3
p_2860,0,0,5,1,5,0,1,0,6,0,2,0,0,0,0,0,0,0,0,0,0,3
e_2861,3,1,0,0,3,0,0,1,4,1,2,0,0,2,1,0,0,0,0,0,3,3
e_2862,0,1,4,0,3,0,0,1,4,1,2,0,0,1,2,0,0,0,0,0,3,3
e_2863,0,1,3,0,3,0,0,1,6,1,2,0,0,1,0,0,0,0,0,0,4,3
e_2864,0,1,3,0,3,0,0,1,1,1,2,0,0,1,2,0,0,0,0,0,3,3
e_2865,0,2,3,0,3,0,0,1,1,1,2,0,0,1,2,0,0,0,0,0,4,3
e_2866,0,2,4,0,3,0,0,1,1,1,2,0,0,1,1,0,0,0,0,1,4,3
e_2867,0,1,0,0,3,0,0,1,6,1,2,0,0,2,1,0,0,0,0,1,4,3
e_2868,0,1,3,0,3,0,0,1,3,1,2,0,0,2,2,0,0,0,0,1,4,3
e_2869,0,1,4,0,3,0,0,1,6,1,2,0,0,1,0,0,0,0,0,0,3,3
e_2870,0,1,0,0,3,0,0,1,3,1,2,0,0,0,0,0,0,0,0,0,3,3
e_2871,0,1,3,0,3,0,0,1,4,1,2,0,0,2,2,0,0,0,0,1,3,3
e_2872,0,1,0,0,3,0,0,1,6,1,2,0,0,2,0,0,0,0,0,1,4,3
e_2873,0,2,4,0,3,0,0,1,3,1,2,0,0,2,0,0,0,0,0,0,4,3
e_2874,0,2,4,0,3,0,0,1,3,1,2,0,0,0,1,0,0,0,0,1,4,3
e_2875,0,1,3,0,3,0,0,1,4,1,2,0,0,0,1,0,0,0,0,1,4,3
e_2876,3,2,3,0,3,0,0,1,1,1,2,0,0,1,0,0,0,0,0,0,4,3
e_2877,3,2,4,0,3,0,0,1,4,1,2,0,0,0,1,0,0,0,0,1,4,3
e_2878,3,2,3,0,3,0,0,1,3,1,2,0,0,1,2,0,0,0,0,1,4,3
e_2879,0,1,4,0,3,0,0,1,3,1,2,0,0,1,0,0,0,0,0,1,4,3
e_2880,0,1,4,0,3,0,0,1,3,1,2,0,0,1,0,0,0,0,0,1,3,3
e_2881,0,0,2,1,3,0,1,1,0,1,0,0,1,0,0,0,0,0,1,0,0,1
e_2882,0,1,0,0,3,0,0,1,4,1,2,0,0,0,1,0,0,0,0,0,3,3
e_2883,0,1,4,0,3,0,0,1,1,1,2,0,0,0,0,0,0,0,0,1,4,3
e_2884,3,2,4,0,3,0,0,1,6,1,2,0,0,2,1,0,0,0,0,0,3,3
e_2885,0,2,3,0,3,0,0,1,1,1,2,0,0,0,1,0,0,0,0,0,4,3
e_2886,3,2,0,0,3,0,0,1,1,1,2,0,0,2,2,0,0,0,0,0,3,3
p_2887,0,0,3,1,5,0,0,0,1,0,2,0,0,0,0,0,0,0,0,0,3,3
e_2888,3,1,4,0,3,0,0,1,4,1,2,0,0,2,1,0,0,0,0,0,3,3
e_2889,0,1,3,0,3,0,0,1,4,1,2,0,0,0,2,0,0,0,0,0,3,3
e_2890,0,2,0,1,3,0,1,1,0,1,0,0,0,0,0,0,0,0,1,0,2,1
e_2891,0,1,4,0,3,0,0,1,6,1,2,0,0,0,2,0,0,0,0,0,4,3
p_2892,0,2,2,1,5,0,1,0,6,0,2,0,0,0,0,0,0,0,0,1,3,3
e_2893,0,1,4,0,3,0,0,1,3,1,2,0,0,1,1,0,0,0,0,0,3,3
e_2894,3,2,3,0,3,0,0,1,3,1,2,0,0,2,1,0,0,0,0,0,3,3
e_2895,3,2,0,0,3,0,0,1,6,1,2,0,0,0,2,0,0,0,0,0,3,3
e_2896,0,1,0,0,3,0,0,1,3,1,2,0,0,2,1,0,0,0,0,0,3,3
e_2897,3,2,0,0,3,0,0,1,6,1,2,0,0,1,2,0,0,0,0,0,3,3
e_2898,0,2,3,0,3,0,0,1,1,1,2,0,0,0,0,0,0,0,0,1,4,3
e_2899,3,1,0,0,3,0,0,1,1,1,2,0,0,1,1,0,0,0,0,0,3,3
e_2900,0,1,3,0,3,0,0,1,4,1,2,0,0,1,0,0,0,0,0,1,4,3
e_2901,3,1,0,0,3,0,0,1,3,1,2,0,0,1,1,0,0,0,0,1,4,3
e_2902,0,2,3,0,3,0,0,1,1,1,2,0,0,2,0,0,0,0,0,1,3,3
p_2903,0,2,3,1,4,0,0,1,5,0,2,2,3,3,1,0,0,0,2,3,4,4
e_2904,0,1,3,0,3,0,0,1,1,1,2,0,0,0,0,0,0,0,0,1,4,3
e_2905,0,1,3,0,3,0,0,1,4,1,2,0,0,0,0,0,0,0,0,0,3,3
e_2906,0,2,3,0,3,0,0,1,1,1,2,0,0,2,2,0,0,0,0,0,4,3
e_2907,0,2,4,0,3,0,0,1,3,1,2,0,0,2,1,0,0,0,0,0,4,3
e_2908,0,2,3,0,3,0,0,1,3,1,2,0,0,0,0,0,0,0,0,0,4,3
e_2909,0,2,3,0,3,0,0,1,3,1,2,0,0,0,1,0,0,0,0,1,4,3
e_2910,3,2,3,0,3,0,0,1,1,1,2,0,0,1,0,0,0,0,0,1,4,3
e_2911,0,1,4,0,3,0,0,1,1,1,2,0,0,1,2,0,0,0,0,1,4,3
e_2912,0,2,3,0,3,0,0,1,3,1,2,0,0,1,0,0,0,0,0,1,3,3
e_2913,0,1,4,0,3,0,0,1,6,1,2,0,0,2,1,0,0,0,0,0,3,3
e_2914,0,2,0,0,3,0,0,1,4,1,2,0,0,2,2,0,0,0,0,0,4,3
e_2915,0,1,3,0,3,0,0,1,6,1,2,0,0,1,2,0,0,0,0,1,3,3
e_2916,0,1,4,0,3,0,0,1,1,1,2,0,0,0,1,0,0,0,0,1,4,3
e_2917,3,2,0,0,3,0,0,1,3,1,2,0,0,2,1,0,0,0,0,0,4,3
e_2918,0,2,4,0,3,0,0,1,4,1,2,0,0,0,0,0,0,0,0,0,4,3
e_2919,3,1,0,0,3,0,0,1,6,1,2,0,0,0,2,0,0,0,0,1,3,3
e_2920,0,1,0,0,3,0,0,1,4,1,2,0,0,1,2,0,0,0,0,0,4,3
e_2921,0,1,3,0,3,0,0,1,6,1,2,0,0,1,1,0,0,0,0,1,3,3
e_2922,3,2,4,0,3,0,0,1,6,1,2,0,0,2,0,0,0,0,0,0,4,3
e_2923,0,2,3,0,3,0,0,1,6,1,2,0,0,1,1,0,0,0,0,0,4,3
e_2924,0,1,3,0,3,0,0,1,1,1,2,0,0,2,0,0,0,0,0,0,4,3
e_2925,0,1,3,0,3,0,0,1,4,1,2,0,0,0,0,0,0,0,0,1,4,3
p_2926,0,2,3,1,4,0,0,1,2,0,2,2,3,4,4,0,0,0,2,3,4,4
e_2927,0,2,3,0,3,0,0,1,3,1,2,0,0,0,2,0,0,0,0,0,3,3
e_2928,0,2,3,0,3,0,0,1,1,1,2,0,0,1,1,0,0,0,0,1,4,3
e_2929,0,2,0,0,3,0,0,1,3,1,2,0,0,0,0,0,0,0,0,1,3,3
e_2930,0,2,3,0,3,0,0,1,4,1,2,0,0,1,0,0,0,0,0,1,3,3
e_2931,3,2,0,0,3,0,0,1,1,1,2,0,0,0,0,0,0,0,0,0,4,3
e_2932,0,1,0,0,3,0,0,1,3,1,2,0,0,1,2,0,0,0,0,0,4,3
e_2933,0,2,4,0,3,0,0,1,3,1,2,0,0,2,0,0,0,0,0,0,3,3
e_2934,0,1,0,0,3,0,0,1,4,1,2,0,0,1,2,0,0,0,0,0,3,3
e_2935,3,1,3,0,3,0,0,1,4,1,2,0,0,0,0,0,0,0,0,0,3,3
e_2936,3,2,3,0,3,0,0,1,1,1,2,0,0,1,0,0,0,0,0,1,3,3
p_2937,0,2,3,1,4,0,0,1,5,0,2,2,3,2,3,0,0,0,2,3,3,4
e_2938,0,2,0,0,3,0,0,1,6,1,2,0,0,2,0,0,0,0,0,1,4,3
e_2939,0,1,0,0,3,0,0,1,6,1,2,0,0,1,2,0,0,0,0,0,4,3
e_2940,0,2,4,0,3,0,0,1,1,1,2,0,0,1,2,0,0,0,0,1,3,3
e_2941,0,2,0,0,3,0,0,1,6,1,2,0,0,2,2,0,0,0,0,1,3,3
e_2942,3,2,0,0,3,0,0,1,3,1,2,0,0,0,1,0,0,0,0,1,4,3
e_2943,0,1,3,0,3,0,0,1,4,1,2,0,0,0,2,0,0,0,0,1,3,3
e_2944,0,1,0,0,3,0,0,1,6,1,2,0,0,0,2,0,0,0,0,0,3,3
e_2945,0,1,4,0,3,0,0,1,3,1,2,0,0,0,0,0,0,0,0,1,4,3
e_2946,3,2,3,0,3,0,0,1,3,1,2,0,0,0,2,0,0,0,0,0,4,3
e_2947,0,2,3,0,3,0,0,1,4,1,2,0,0,2,1,0,0,0,0,0,3,3
e_2948,0,1,4,0,3,0,0,1,1,1,2,0,0,2,2,0,0,0,0,1,3,3
e_2949,0,1,4,0,3,0,0,1,6,1,2,0,0,0,0,0,0,0,0,1,3,3
e_2950,0,2,3,0,3,0,0,1,3,1,2,0,0,2,1,0,0,0,0,0,4,3
e_2951,0,1,0,0,3,0,0,1,3,1,2,0,0,2,2,0,0,0,0,1,3,3
e_2952,0,2,4,0,3,0,0,1,6,1,2,0,0,2,0,0,0,0,0,0,4,3
e_2953,3,2,0,0,3,0,0,1,1,1,2,0,0,1,1,0,0,0,0,1,4,3
e_2954,0,2,4,0,3,0,0,1,3,1,2,0,0,0,2,0,0,0,0,1,4,3
e_2955,3,2,0,0,3,0,0,1,1,1,2,0,0,0,1,0,0,0,0,1,3,3
e_2956,0,1,4,0,3,0,0,1,1,1,2,0,0,2,2,0,0,0,0,0,4,3
e_2957,0,2,0,0,3,0,0,1,1,1,2,0,0,1,0,0,0,0,0,0,4,3
e_2958,0,2,4,0,3,0,0,1,4,1,2,0,0,0,1,0,0,0,0,1,4,3
e_2959,0,2,4,0,3,0,0,1,4,1,2,0,0,2,2,0,0,0,0,0,3,3
e_2960,0,2,0,0,3,0,0,1,6,1,2,0,0,1,0,0,0,0,0,0,3,3
e_2961,0,1,0,0,3,0,0,1,1,1,2,0,0,1,0,0,0,0,0,1,4,3
e_2962,0,1,4,0,3,0,0,1,4,1,2,0,0,0,0,0,0,0,0,1,4,3
e_2963,3,2,0,0,3,0,0,1,6,1,2,0,0,2,2,0,0,0,0,1,4,3
e_2964,0,1,0,0,3,0,0,1,6,1,2,0,0,2,0,0,0,0,0,0,4,3
e_2965,0,1,4,0,3,0,0,1,6,1,2,0,0,0,2,0,0,0,0,1,3,3
e_2966,3,2,3,1,3,0,1,1,1,1,0,1,0,0,0,0,0,0,1,1,0,1
e_2967,0,1,4,0,3,0,0,1,4,1,2,0,0,0,2,0,0,0,0,0,3,3
e_2968,0,1,4,0,3,0,0,1,3,1,2,0,0,1,2,0,0,0,0,1,4,3
e_2969,3,2,0,0,3,0,0,1,6,1,2,0,0,1,1,0,0,0,0,1,4,3
e_2970,3,2,0,0,3,0,0,1,1,1,2,0,0,1,2,0,0,0,0,0,4,3
e_2971,0,2,3,0,3,0,0,1,6,1,2,0,0,2,1,0,0,0,0,0,3,3
e_2972,0,1,3,0,3,0,0,1,4,1,2,0,0,0,1,0,0,0,0,0,3,3
e_2973,0,2,0,0,3,0,0,1,6,1,2,0,0,0,1,0,0,0,0,1,4,3
e_2974,3,2,0,0,3,0,0,1,4,1,2,0,0,2,0,0,0,0,0,1,4,3
e_2975,0,1,0,0,3,0,0,1,6,1,2,0,0,2,1,0,0,0,0,0,4,3
e_2976,0,1,3,0,3,0,0,1,6,1,2,0,0,2,1,0,0,0,0,0,3,3
e_2977,0,2,3,0,3,0,0,1,4,1,2,0,0,1,1,0,0,0,0,1,4,3
e_2978,0,1,4,0,3,0,0,1,3,1,2,0,0,0,2,0,0,0,0,0,4,3
e_2979,0,2,3,0,3,0,0,1,6,1,2,0,0,0,2,0,0,0,0,1,3,3
e_2980,0,1,4,0,3,0,0,1,6,1,2,0,0,0,1,0,0,0,0,1,3,3
e_2981,0,2,3,0,3,0,0,1,3,1,2,0,0,2,0,0,0,0,0,1,3,3
e_2982,0,2,4,0,3,0,0,1,6,1,2,0,0,1,0,0,0,0,0,1,3,3
e_2983,0,2,4,0,3,0,0,1,4,1,2,0,0,0,0,0,0,0,0,1,3,3
e_2984,0,2,4,0,3,0,0,1,6,1,2,0,0,0,2,0,0,0,0,0,4,3
e_2985,3,1,3,0,3,0,0,1,4,1,2,0,0,1,1,0,0,0,0,0,4,3
e_2986,0,2,3,0,3,0,0,1,4,1,2,0,0,1,1,0,0,0,0,0,4,3
e_2987,0,2,4,0,3,0,0,1,4,1,2,0,0,1,1,0,0,0,0,0,3,3
e_2988,0,2,3,0,3,0,0,1,4,1,2,0,0,0,0,0,0,0,0,1,4,3
e_2989,3,2,0,0,3,0,0,1,3,1,2,0,0,0,0,0,0,0,0,0,3,3
p_2990,0,2,3,1,4,0,0,1,5,0,2,2,3,4,4,0,0,0,2,3,3,3
e_2991,0,2,0,0,3,0,0,1,4,1,2,0,0,0,0,0,0,0,0,0,3,3
e_2992,0,1,3,0,3,0,0,1,3,1,2,0,0,1,2,0,0,0,0,1,4,3
e_2993,3,2,0,0,3,0,0,1,1,1,2,0,0,1,2,0,0,0,0,1,4,3
e_2994,0,2,4,0,3,0,0,1,6,1,2,0,0,0,0,0,0,0,0,0,3,3
e_2995,3,2,3,0,3,0,0,1,6,1,2,0,0,1,1,0,0,0,0,0,3,3
e_2996,0,1,0,0,3,0,0,1,1,1,2,0,0,1,2,0,0,0,0,0,4,3
e_2997,0,1,4,0,3,0,0,1,1,1,2,0,0,1,1,0,0,0,0,0,4,3
e_2998,0,1,4,0,3,0,0,1,4,1,2,0,0,1,0,0,0,0,0,0,3,3
e_2999,0,1,0,0,3,0,0,1,6,1,2,0,0,0,1,0,0,0,0,1,3,3
e_3000,0,1,0,0,3,0,0,1,1,1,2,0,0,1,1,0,0,0,0,0,3,3
p_3001,0,1,1,1,4,0,0,1,5,0,2,2,3,4,4,0,0,0,2,3,3,4
e_3002,3,1,0,0,3,0,0,1,6,1,2,0,0,1,2,0,0,0,0,1,4,3
p_3003,0,2,3,1,4,0,0,1,3,0,2,2,3,4,4,0,0,0,2,3,4,3
p_3004,0,2,3,1,5,0,1,0,2,0,2,0,0,0,0,0,0,0,0,0,0,3
e_3005,3,2,3,0,3,0,0,1,6,1,2,0,0,2,1,0,0,0,0,1,4,3
e_3006,3,2,4,0,3,0,0,1,6,1,2,0,0,1,1,0,0,0,0,1,3,3
e_3007,3,1,0,0,3,0,0,1,3,1,2,0,0,0,0,0,0,0,0,0,4,3
e_3008,3,2,4,0,3,0,0,1,3,1,2,0,0,1,0,0,0,0,0,0,4,3
p_3009,0,2,3,1,4,0,0,1,5,0,2,2,3,2,1,0,0,0,2,3,4,4
e_3010,3,2,3,0,3,0,0,1,4,1,2,0,0,0,0,0,0,0,0,1,3,3
e_3011,3,1,4,0,3,0,0,1,6,1,2,0,0,2,2,0,0,0,0,0,4,3
e_3012,3,1,4,0,3,0,0,1,6,1,2,0,0,2,2,0,0,0,0,1,4,3
p_3013,0,2,2,1,5,0,0,0,3,0,2,0,0,0,0,0,0,0,0,1,0,3
e_3014,0,2,4,0,3,0,0,1,6,1,2,0,0,2,2,0,0,0,0,1,4,3
e_3015,3,1,0,0,3,0,0,1,6,1,2,0,0,0,0,0,0,0,0,0,3,3
p_3016,0,2,3,1,4,0,0,1,2,0,2,2,3,2,4,0,0,0,2,3,3,1
p_3017,0,2,3,1,4,0,0,1,2,0,2,2,3,2,3,0,0,0,2,3,4,4
e_3018,3,1,4,0,3,0,0,1,3,1,2,0,0,1,0,0,0,0,0,1,3,3
e_3019,3,1,4,0,3,0,0,1,1,1,2,0,0,1,0,0,0,0,0,0,3,3
e_3020,3,2,0,0,3,0,0,1,4,1,2,0,0,2,0,0,0,0,0,0,3,3
e_3021,3,2,3,0,3,0,0,1,4,1,2,0,0,0,2,0,0,0,0,0,3,3
e_3022,3,2,4,0,3,0,0,1,4,1,2,0,0,1,2,0,0,0,0,1,4,3
e_3023,3,1,4,0,3,0,0,1,6,1,2,0,0,1,1,0,0,0,0,1,3,3
e_3024,3,1,4,0,3,0,0,1,4,1,2,0,0,1,1,0,0,0,0,1,4,3
e_3025,3,1,4,0,3,0,0,1,3,1,2,0,0,1,0,0,0,0,0,0,3,3
p_3026,0,2,5,1,5,0,1,0,6,0,2,0,0,0,0,0,0,0,0,0,0,3
p_3027,0,2,3,1,4,0,0,1,2,0,2,2,3,3,3,0,0,0,2,3,4,3
e_3028,3,2,4,0,3,0,0,1,3,1,2,0,0,0,1,0,0,0,0,1,4,3
e_3029,3,1,3,0,3,0,0,1,4,1,2,0,0,1,1,0,0,0,0,0,3,3
e_3030,3,1,3,0,3,0,0,1,4,1,2,0,0,1,0,0,0,0,0,0,3,3
e_3031,3,2,3,0,3,0,0,1,4,1,2,0,0,0,1,0,0,0,0,1,4,3
e_3032,3,2,4,0,3,0,0,1,6,1,2,0,0,1,1,0,0,0,0,0,4,3
e_3033,3,1,4,0,3,0,0,1,4,1,2,0,0,2,0,0,0,0,0,1,3,3
p_3034,3,2,3,1,4,0,0,1,5,0,2,2,3,4,1,0,0,0,2,3,3,4
e_3035,3,1,0,0,3,0,0,1,4,1,2,0,0,1,1,0,0,0,0,1,4,3
e_3036,3,1,4,0,3,0,0,1,3,1,2,0,0,2,1,0,0,0,0,1,3,3
p_3037,0,2,3,1,5,0,0,0,3,0,2,0,0,0,0,0,0,0,0,1,0,3
e_3038,3,2,4,0,3,0,0,1,3,1,2,0,0,1,1,0,0,0,0,0,4,3
e_3039,3,1,4,0,3,0,0,1,3,1,2,0,0,0,2,0,0,0,0,0,3,3
p_3040,0,1,1,1,4,0,0,1,3,0,2,2,3,4,1,0,0,0,2,3,3,1
p_3041,3,2,1,1,4,0,0,1,3,0,2,2,3,2,1,0,0,0,2,3,3,3
e_3042,3,1,0,0,3,0,0,1,6,1,2,0,0,2,2,0,0,0,0,0,3,3
e_3043,3,1,0,0,3,0,0,1,3,1,2,0,0,0,2,0,0,0,0,0,3,3
e_3044,3,1,3,0,3,0,0,1,4,1,2,0,0,0,0,0,0,0,0,1,3,3
e_3045,3,1,0,0,3,0,0,1,3,1,2,0,0,0,0,0,0,0,0,1,3,3
e_3046,0,1,4,0,3,0,0,1,1,1,2,0,0,2,1,0,0,0,0,0,3,3
p_3047,0,0,5,1,5,0,1,0,1,0,2,0,0,0,0,0,0,0,0,1,3,3
e_3048,3,1,0,0,3,0,0,1,3,1,2,0,0,2,0,0,0,0,0,0,4,3
e_3049,0,1,4,0,3,0,0,1,6,1,2,0,0,2,0,0,0,0,0,0,3,3
e_3050,3,2,4,0,3,0,0,1,3,1,2,0,0,2,1,0,0,0,0,0,4,3
e_3051,3,1,0,0,3,0,0,1,1,1,2,0,0,1,2,0,0,0,0,0,3,3
p_3052,0,0,2,1,5,0,0,0,3,0,2,0,0,0,0,0,0,0,0,0,3,3
e_3053,3,2,3,0,3,0,0,1,4,1,2,0,0,0,2,0,0,0,0,1,3,3
e_3054,3,1,3,0,3,0,0,1,6,1,2,0,0,1,1,0,0,0,0,1,4,3
e_3055,3,1,3,0,3,0,0,1,3,1,2,0,0,2,1,0,0,0,0,1,3,3
e_3056,3,1,0,0,3,0,0,1,3,1,2,0,0,0,0,0,0,0,0,0,3,3
p_3057,0,0,3,1,5,0,0,0,6,0,2,0,0,0,0,0,0,0,0,1,0,3
p_3058,0,2,5,1,5,0,0,0,1,0,2,0,0,0,0,0,0,0,0,0,0,3
e_3059,3,1,4,0,3,0,0,1,6,1,2,0,0,1,2,0,0,0,0,0,4,3
p_3060,0,2,3,1,4,0,0,1,3,0,2,2,3,2,4,0,0,0,2,3,4,3
p_3061,0,0,2,1,5,0,1,0,2,0,2,0,0,0,0,0,0,0,0,0,3,3
p_3062,0,2,3,1,4,0,0,1,2,0,2,2,3,4,3,0,0,0,2,3,3,4
e_3063,3,1,0,0,3,0,0,1,1,1,2,0,0,2,1,0,0,0,0,1,3,3
p_3064,0,1,1,1,4,0,0,1,2,0,2,2,3,3,3,0,0,0,2,3,4,4
e_3065,3,1,3,0,3,0,0,1,6,1,2,0,0,2,2,0,0,0,0,1,3,3
e_3066,3,1,0,0,3,0,0,1,6,1,2,0,0,2,0,0,0,0,0,0,4,3
e_3067,3,1,3,0,3,0,0,1,3,1,2,0,0,0,2,0,0,0,0,0,4,3
p_3068,0,0,2,1,5,0,0,0,3,0,2,0,0,0,0,0,0,0,0,1,0,3
p_3069,0,2,3,1,4,0,0,1,2,0,2,2,3,3,3,0,0,0,2,3,3,4
e_3070,3,1,3,0,3,0,0,1,6,1,2,0,0,0,0,0,0,0,0,0,3,3
e_3071,0,1,0,0,3,0,0,1,4,1,2,0,0,2,0,0,0,0,0,0,4,3
e_3072,3,1,3,0,3,0,0,1,1,1,2,0,0,2,1,0,0,0,0,0,4,3
p_3073,0,2,3,1,4,0,0,1,3,0,2,2,3,3,1,0,0,0,2,3,3,4
e_3074,3,1,0,0,3,0,0,1,3,1,2,0,0,0,2,0,0,0,0,1,4,3
p_3075,3,2,3,1,4,0,0,1,5,0,2,2,3,2,3,0,0,0,2,3,4,4
e_3076,3,2,4,0,3,0,0,1,1,1,2,0,0,0,2,0,0,0,0,1,4,3
e_3077,0,2,0,0,3,0,0,1,6,1,2,0,0,0,0,0,0,0,0,0,3,3
p_3078,3,2,3,1,4,0,0,1,2,0,2,2,3,2,3,0,0,0,2,3,3,4
e_3079,3,1,3,0,3,0,0,1,6,1,2,0,0,2,0,0,0,0,0,0,3,3
e_3080,3,1,3,0,3,0,0,1,6,1,2,0,0,1,0,0,0,0,0,1,4,3
e_3081,3,1,4,0,3,0,0,1,3,1,2,0,0,2,2,0,0,0,0,1,4,3
p_3082,0,2,3,1,4,0,0,1,2,0,2,2,3,2,1,0,0,0,2,3,3,4
e_3083,3,2,4,0,3,0,0,1,3,1,2,0,0,0,0,0,0,0,0,1,3,3
e_3084,3,1,0,0,3,0,0,1,6,1,2,0,0,1,1,0,0,0,0,0,3,3
p_3085,0,2,3,1,4,0,0,1,3,0,2,2,3,3,1,0,0,0,2,3,3,1
e_3086,3,1,4,0,3,0,0,1,6,1,2,0,0,1,0,0,0,0,0,0,4,3
p_3087,0,2,3,1,4,0,0,1,5,0,2,2,3,2,3,0,0,0,2,3,4,3
e_3088,3,1,4,0,3,0,0,1,4,1,2,0,0,0,2,0,0,0,0,1,4,3
p_3089,0,2,3,1,4,0,0,1,5,0,2,2,3,4,4,0,0,0,2,3,4,1
p_3090,0,2,3,1,4,0,0,1,2,0,2,2,3,3,1,0,0,0,2,3,4,4
p_3091,0,2,3,1,4,0,0,1,2,0,2,2,3,4,3,0,0,0,2,3,4,1
e_3092,3,1,4,0,3,0,0,1,6,1,2,0,0,1,2,0,0,0,0,1,4,3
p_3093,0,2,3,1,4,0,0,1,3,0,2,2,3,3,3,0,0,0,2,3,3,1
e_3094,3,2,4,0,3,0,0,1,6,1,2,0,0,2,1,0,0,0,0,1,3,3
p_3095,0,0,3,1,5,0,1,0,2,0,2,0,0,0,0,0,0,0,0,1,3,3
e_3096,3,1,3,0,3,0,0,1,4,1,2,0,0,2,2,0,0,0,0,0,3,3
p_3097,0,0,5,1,5,0,0,0,3,0,2,0,0,0,0,0,0,0,0,1,0,3
e_3098,3,2,4,0,3,0,0,1,1,1,2,0,0,1,2,0,0,0,0,1,4,3
e_3099,3,2,4,0,3,0,0,1,6,1,2,0,0,1,2,0,0,0,0,1,4,3
e_3100,3,1,4,0,3,0,0,1,3,1,2,0,0,1,0,0,0,0,0,0,4,3
e_3101,3,1,0,0,3,0,0,1,1,1,2,0,0,0,1,0,0,0,0,0,4,3
p_3102,0,2,3,1,4,0,0,1,3,0,2,2,3,4,1,0,0,0,2,3,4,1
p_3103,3,2,1,1,4,0,0,1,2,0,2,2,3,3,4,0,0,0,2,3,4,4
p_3104,0,0,3,1,5,0,1,0,2,0,2,0,0,0,0,0,0,0,0,0,0,3
e_3105,3,2,4,0,3,0,0,1,6,1,2,0,0,1,1,0,0,0,0,0,3,3
e_3106,3,2,4,0,3,0,0,1,4,1,2,0,0,1,2,0,0,0,0,0,4,3
e_3107,3,1,4,0,3,0,0,1,6,1,2,0,0,2,1,0,0,0,0,0,3,3
e_3108,3,1,0,0,3,0,0,1,4,1,2,0,0,2,2,0,0,0,0,0,4,3
p_3109,0,2,3,1,4,0,0,1,3,0,2,2,3,2,3,0,0,0,2,3,3,1
p_3110,0,2,3,1,5,0,0,0,6,0,2,0,0,0,0,0,0,0,0,0,3,3
e_3111,3,2,3,0,3,0,0,1,4,1,2,0,0,0,1,0,0,0,0,0,4,3
e_3112,3,1,4,0,3,0,0,1,1,1,2,0,0,1,0,0,0,0,0,1,3,3
e_3113,3,1,4,0,3,0,0,1,1,1,2,0,0,1,1,0,0,0,0,0,3,3
e_3114,3,2,3,0,3,0,0,1,4,1,2,0,0,2,1,0,0,0,0,1,3,3
e_3115,3,1,0,0,3,0,0,1,3,1,2,0,0,1,1,0,0,0,0,0,4,3
e_3116,3,1,0,0,3,0,0,1,1,1,2,0,0,1,0,0,0,0,0,0,4,3
e_3117,3,2,4,0,3,0,0,1,1,1,2,0,0,1,1,0,0,0,0,0,3,3
p_3118,0,0,3,1,5,0,0,0,6,0,2,0,0,0,0,0,0,0,0,0,3,3
p_3119,0,2,2,1,5,0,0,0,1,0,2,0,0,0,0,0,0,0,0,1,3,3
e_3120,3,2,3,0,3,0,0,1,6,1,2,0,0,2,2,0,0,0,0,0,4,3
e_3121,3,1,3,0,3,0,0,1,4,1,2,0,0,1,0,0,0,0,0,1,4,3
p_3122,0,2,3,1,4,0,0,1,3,0,2,2,3,3,3,0,0,0,2,3,4,3
e_3123,0,1,4,0,3,0,0,1,1,1,2,0,0,0,2,0,0,0,0,0,3,3
p_3124,0,0,2,1,5,0,1,0,3,0,2,0,0,0,0,0,0,0,0,0,0,3
e_3125,3,1,3,0,3,0,0,1,1,1,2,0,0,2,1,0,0,0,0,1,4,3
e_3126,3,1,3,0,3,0,0,1,1,1,2,0,0,0,1,0,0,0,0,0,4,3
e_3127,3,1,3,0,3,0,0,1,3,1,2,0,0,0,1,0,0,0,0,1,3,3
e_3128,3,2,4,0,3,0,0,1,4,1,2,0,0,2,2,0,0,0,0,1,3,3
e_3129,3,1,0,0,3,0,0,1,4,1,2,0,0,2,0,0,0,0,0,1,4,3
e_3130,3,1,3,0,3,0,0,1,3,1,2,0,0,1,2,0,0,0,0,0,3,3
e_3131,3,1,0,0,3,0,0,1,6,1,2,0,0,0,2,0,0,0,0,1,4,3
e_3132,3,1,3,0,3,0,0,1,3,1,2,0,0,0,1,0,0,0,0,0,4,3
e_3133,3,1,3,0,3,0,0,1,6,1,2,0,0,1,1,0,0,0,0,1,3,3
e_3134,0,2,0,0,3,0,0,1,6,1,2,0,0,0,1,0,0,0,0,0,4,3
e_3135,3,1,4,0,3,0,0,1,3,1,2,0,0,0,1,0,0,0,0,0,4,3
e_3136,3,2,4,0,3,0,0,1,3,1,2,0,0,1,0,0,0,0,0,0,3,3
e_3137,3,1,4,0,3,0,0,1,3,1,2,0,0,0,1,0,0,0,0,1,3,3
p_3138,0,2,1,1,4,0,0,1,2,0,2,2,3,3,4,0,0,0,2,3,3,4
e_3139,3,1,3,0,3,0,0,1,6,1,2,0,0,2,0,0,0,0,0,1,4,3
e_3140,3,1,0,0,3,0,0,1,3,1,2,0,0,2,1,0,0,0,0,0,3,3
p_3141,0,2,3,1,4,0,0,1,3,0,2,2,3,2,3,0,0,0,2,3,4,3
e_3142,3,1,3,0,3,0,0,1,4,1,2,0,0,2,1,0,0,0,0,0,4,3
e_3143,3,1,3,0,3,0,0,1,6,1,2,0,0,0,2,0,0,0,0,0,4,3
e_3144,3,1,3,0,3,0,0,1,3,1,2,0,0,1,0,0,0,0,0,1,4,3
e_3145,3,1,4,0,3,0,0,1,1,1,2,0,0,1,2,0,0,0,0,1,4,3
e_3146,3,1,3,0,3,0,0,1,1,1,2,0,0,1,1,0,0,0,0,0,3,3
p_3147,0,0,2,1,5,0,0,0,2,0,2,0,0,0,0,0,0,0,0,1,0,3
p_3148,0,2,2,1,5,0,1,0,1,0,2,0,0,0,0,0,0,0,0,1,0,3
e_3149,3,2,0,0,3,0,0,1,1,1,2,0,0,0,0,0,0,0,0,0,3,3
e_3150,3,2,4,0,3,0,0,1,6,1,2,0,0,0,1,0,0,0,0,0,4,3
e_3151,3,1,4,0,3,0,0,1,1,1,2,0,0,1,1,0,0,0,0,1,4,3
p_3152,0,2,3,1,4,0,0,1,5,0,2,2,3,3,1,0,0,0,2,3,4,3
e_3153,3,2,3,0,3,0,0,1,3,1,2,0,0,1,0,0,0,0,0,1,3,3
e_3154,3,2,3,0,3,0,0,1,1,1,2,0,0,0,1,0,0,0,0,0,4,3
e_3155,3,2,3,0,3,0,0,1,6,1,2,0,0,0,0,0,0,0,0,0,4,3
p_3156,0,0,2,1,5,0,1,0,2,0,2,0,0,0,0,0,0,0,0,1,0,3
e_3157,0,1,4,0,3,0,0,1,1,1,2,0,0,0,1,0,0,0,0,0,3,3
e_3158,3,1,4,0,3,0,0,1,6,1,2,0,0,2,2,0,0,0,0,0,3,3
p_3159,0,2,3,1,4,0,0,1,2,0,2,2,3,2,3,0,0,0,2,3,4,3
e_3160,3,2,4,0,3,0,0,1,4,1,2,0,0,0,2,0,0,0,0,0,4,3
p_3161,0,2,3,1,4,0,0,1,3,0,2,2,3,3,3,0,0,0,2,3,3,4
p_3162,0,2,5,1,5,0,1,0,2,0,2,0,0,0,0,0,0,0,0,0,0,3
e_3163,3,1,3,0,3,0,0,1,4,1,2,0,0,2,0,0,0,0,0,0,3,3
p_3164,0,2,3,1,4,0,0,1,2,0,2,2,3,3,1,0,0,0,2,3,3,4
p_3165,0,2,2,1,5,0,0,0,2,0,2,0,0,0,0,0,0,0,0,1,0,3
p_3166,0,2,3,1,4,0,0,1,3,0,2,2,3,2,1,0,0,0,2,3,3,4
e_3167,3,1,4,0,3,0,0,1,4,1,2,0,0,2,2,0,0,0,0,1,3,3
p_3168,0,1,3,1,4,0,0,1,3,0,2,2,3,3,1,0,0,0,2,3,3,4
p_3169,0,0,3,1,5,0,1,0,6,0,2,0,0,0,0,0,0,0,0,1,0,3
e_3170,3,1,3,0,3,0,0,1,1,1,2,0,0,1,2,0,0,0,0,1,4,3
e_3171,3,1,0,0,3,0,0,1,3,1,2,0,0,1,1,0,0,0,0,0,3,3
e_3172,3,2,4,0,3,0,0,1,1,1,2,0,0,0,0,0,0,0,0,1,4,3
p_3173,0,2,3,1,4,0,0,1,3,0,2,2,3,3,4,0,0,0,2,3,3,4
p_3174,0,2,5,1,5,0,1,0,2,0,2,0,0,0,0,0,0,0,0,0,3,3
e_3175,0,1,0,0,3,0,0,1,3,1,2,0,0,1,1,0,0,0,0,1,3,3
e_3176,3,2,4,0,3,0,0,1,4,1,2,0,0,2,1,0,0,0,0,0,4,3
e_3177,3,1,0,0,3,0,0,1,4,1,2,0,0,0,2,0,0,0,0,0,4,3
e_3178,3,1,3,0,3,0,0,1,1,1,2,0,0,1,2,0,0,0,0,0,3,3
p_3179,0,1,3,1,4,0,0,1,2,0,2,2,3,3,1,0,0,0,2,3,3,1
e_3180,3,1,0,0,3,0,0,1,6,1,2,0,0,0,0,0,0,0,0,1,3,3
p_3181,0,2,5,1,5,0,0,0,6,0,2,0,0,0,0,0,0,0,0,0,3,3
p_3182,0,2,2,1,5,0,0,0,1,0,2,0,0,0,0,0,0,0,0,0,0,3
e_3183,3,2,4,0,3,0,0,1,4,1,2,0,0,1,0,0,0,0,0,1,4,3
e_3184,3,1,0,0,3,0,0,1,3,1,2,0,0,1,0,0,0,0,0,1,4,3
e_3185,3,1,4,0,3,0,0,1,6,1,2,0,0,1,1,0,0,0,0,0,3,3
e_3186,3,1,3,0,3,0,0,1,6,1,2,0,0,1,0,0,0,0,0,0,3,3
p_3187,0,2,3,1,4,0,0,1,2,0,2,2,3,4,3,0,0,0,2,3,3,3
p_3188,0,2,3,1,4,0,0,1,3,0,2,2,3,3,3,0,0,0,2,3,4,4
e_3189,3,2,4,0,3,0,0,1,3,1,2,0,0,0,0,0,0,0,0,0,4,3
p_3190,0,1,1,1,4,0,0,1,2,0,2,2,3,2,4,0,0,0,2,3,3,1
p_3191,0,0,5,1,5,0,0,0,6,0,2,0,0,0,0,0,0,0,0,0,0,3
e_3192,3,2,4,0,3,0,0,1,3,1,2,0,0,1,0,0,0,0,0,1,4,3
p_3193,3,2,1,1,4,0,0,1,3,0,2,2,3,4,4,0,0,0,2,3,3,3
e_3194,3,1,4,0,3,0,0,1,6,1,2,0,0,1,1,0,0,0,0,0,4,3
e_3195,3,1,4,0,3,0,0,1,1,1,2,0,0,0,2,0,0,0,0,1,3,3
e_3196,0,2,0,0,3,0,0,1,6,1,2,0,0,0,0,0,0,0,0,0,4,3
e_3197,3,2,4,0,3,0,0,1,4,1,2,0,0,1,1,0,0,0,0,0,3,3
e_3198,3,2,3,0,3,0,0,1,4,1,2,0,0,0,1,0,0,0,0,1,3,3
p_3199,0,2,3,1,4,0,0,1,3,0,2,2,3,4,3,0,0,0,2,3,3,1
e_3200,3,1,4,0,3,0,0,1,6,1,2,0,0,2,1,0,0,0,0,1,4,3
p_3201,3,2,3,1,4,0,0,1,5,0,2,2,3,3,3,0,0,0,2,3,4,4
e_3202,3,1,4,0,3,0,0,1,6,1,2,0,0,1,0,0,0,0,0,1,4,3
e_3203,3,2,4,0,3,0,0,1,3,1,2,0,0,2,0,0,0,0,0,0,3,3
e_3204,3,2,3,0,3,0,0,1,4,1,2,0,0,1,2,0,0,0,0,1,4,3
p_3205,0,2,3,1,4,0,0,1,2,0,2,2,3,4,1,0,0,0,2,3,4,1
e_3206,3,1,3,0,3,0,0,1,6,1,2,0,0,2,2,0,0,0,0,0,3,3
e_3207,3,1,3,0,3,0,0,1,6,1,2,0,0,1,1,0,0,0,0,0,4,3
p_3208,0,2,3,1,4,0,0,1,5,0,2,2,3,3,4,0,0,0,2,3,3,1
p_3209,0,2,2,1,5,0,0,0,6,0,2,0,0,0,0,0,0,0,0,1,0,3
e_3210,3,2,4,0,3,0,0,1,4,1,2,0,0,0,2,0,0,0,0,0,3,3
p_3211,0,2,1,1,4,0,0,1,2,0,2,2,3,3,3,0,0,0,2,3,3,3
e_3212,3,1,4,0,3,0,0,1,4,1,2,0,0,2,2,0,0,0,0,1,4,3
e_3213,3,1,3,0,3,0,0,1,1,1,2,0,0,2,1,0,0,0,0,1,3,3
e_3214,3,2,4,0,3,0,0,1,1,1,2,0,0,0,2,0,0,0,0,0,3,3
e_3215,3,2,3,0,3,0,0,1,6,1,2,0,0,0,1,0,0,0,0,1,3,3
e_3216,3,1,3,0,3,0,0,1,4,1,2,0,0,1,2,0,0,0,0,0,3,3
e_3217,3,2,4,0,3,0,0,1,3,1,2,0,0,2,2,0,0,0,0,1,3,3
p_3218,0,0,3,1,5,0,1,0,2,0,2,0,0,0,0,0,0,0,0,0,3,3
e_3219,3,1,3,0,3,0,0,1,6,1,2,0,0,0,0,0,0,0,0,1,4,3
e_3220,3,1,0,0,3,0,0,1,4,1,2,0,0,0,2,0,0,0,0,1,4,3
e_3221,3,1,3,0,3,0,0,1,1,1,2,0,0,2,2,0,0,0,0,1,4,3
e_3222,3,1,3,0,3,0,0,1,1,1,2,0,0,0,1,0,0,0,0,1,4,3
e_3223,3,1,0,0,3,0,0,1,4,1,2,0,0,1,0,0,0,0,0,0,4,3
e_3224,0,2,3,0,3,0,0,1,1,1,2,0,0,0,2,0,0,0,0,1,3,3
e_3225,3,2,3,0,3,0,0,1,6,1,2,0,0,1,1,0,0,0,0,1,4,3
p_3226,0,2,3,1,4,0,0,1,3,0,2,2,3,2,3,0,0,0,2,3,4,4
p_3227,0,0,2,1,5,0,1,0,3,0,2,0,0,0,0,0,0,0,0,0,3,3
e_3228,3,2,3,0,3,0,0,1,6,1,2,0,0,2,2,0,0,0,0,0,3,3
e_3229,3,2,3,0,3,0,0,1,4,1,2,0,0,1,0,0,0,0,0,0,3,3
e_3230,3,1,3,0,3,0,0,1,1,1,2,0,0,0,2,0,0,0,0,1,3,3
p_3231,0,2,3,1,4,0,0,1,5,0,2,2,3,2,3,0,0,0,2,3,4,4
p_3232,0,0,2,1,5,0,1,0,6,0,2,0,0,0,0,0,0,0,0,1,0,3
p_3233,0,2,3,1,4,0,0,1,3,0,2,2,3,3,4,0,0,0,2,3,4,4
e_3234,0,1,3,0,3,0,0,1,1,1,2,0,0,2,1,0,0,0,0,0,4,3
p_3235,0,2,3,1,4,0,0,1,5,0,2,2,3,4,4,0,0,0,2,3,3,1
e_3236,3,1,4,0,3,0,0,1,3,1,2,0,0,0,0,0,0,0,0,1,4,3
e_3237,3,1,3,0,3,0,0,1,3,1,2,0,0,0,1,0,0,0,0,1,4,3
e_3238,0,2,3,0,3,0,0,1,4,1,2,0,0,1,0,0,0,0,0,0,3,3
p_3239,0,2,3,1,4,0,0,1,5,0,2,2,3,4,3,0,0,0,2,3,3,3
e_3240,3,1,3,0,3,0,0,1,3,1,2,0,0,2,0,0,0,0,0,0,4,3
e_3241,3,1,3,0,3,0,0,1,1,1,2,0,0,2,1,0,0,0,0,0,3,3
p_3242,0,0,2,1,5,0,0,0,3,0,2,0,0,0,0,0,0,0,0,0,0,3
p_3243,0,1,1,1,4,0,0,1,2,0,2,2,3,4,4,0,0,0,2,3,4,1
e_3244,3,2,4,0,3,0,0,1,1,1,2,0,0,2,2,0,0,0,0,0,4,3
p_3245,0,2,3,1,4,0,0,1,2,0,2,2,3,2,1,0,0,0,2,3,4,3
p_3246,0,2,3,1,4,0,0,1,2,0,2,2,3,3,4,0,0,0,2,3,4,3
e_3247,0,1,0,0,3,0,0,1,6,1,2,0,0,0,2,0,0,0,0,1,3,3
p_3248,0,2,3,1,4,0,0,1,2,0,2,2,3,4,4,0,0,0,2,3,4,1
e_3249,3,1,0,0,3,0,0,1,6,1,2,0,0,2,2,0,0,0,0,1,4,3
e_3250,3,2,3,0,3,0,0,1,6,1,2,0,0,0,1,0,0,0,0,0,4,3
e_3251,3,1,3,0,3,0,0,1,3,1,2,0,0,1,1,0,0,0,0,1,3,3
e_3252,3,1,3,0,3,0,0,1,6,1,2,0,0,2,1,0,0,0,0,0,4,3
p_3253,0,0,3,1,5,0,1,0,1,0,2,0,0,0,0,0,0,0,0,1,0,3
e_3254,3,2,3,0,3,0,0,1,4,1,2,0,0,2,2,0,0,0,0,0,3,3
e_3255,3,1,4,0,3,0,0,1,1,1,2,0,0,2,2,0,0,0,0,1,3,3
e_3256,3,1,0,0,3,0,0,1,1,1,2,0,0,1,0,0,0,0,0,1,3,3
e_3257,3,1,3,0,3,0,0,1,6,1,2,0,0,1,1,0,0,0,0,0,3,3
p_3258,0,2,5,1,5,0,0,0,2,0,2,0,0,0,0,0,0,0,0,1,3,3
p_3259,0,2,3,1,4,0,0,1,3,0,2,2,3,3,1,0,0,0,2,3,4,1
e_3260,3,1,3,0,3,0,0,1,3,1,2,0,0,1,1,0,0,0,0,0,4,3
e_3261,3,2,3,0,3,0,0,1,6,1,2,0,0,0,2,0,0,0,0,0,4,3
p_3262,0,0,5,1,5,0,1,0,3,0,2,0,0,0,0,0,0,0,0,1,3,3
e_3263,0,1,3,0,3,0,0,1,6,1,2,0,0,0,1,0,0,0,0,1,4,3
p_3264,0,2,3,1,4,0,0,1,5,0,2,2,3,2,4,0,0,0,2,3,4,4
p_3265,0,2,3,1,4,0,0,1,5,0,2,2,3,4,4,0,0,0,2,3,4,4
e_3266,3,1,0,0,3,0,0,1,4,1,2,0,0,2,1,0,0,0,0,1,4,3
e_3267,3,1,0,0,3,0,0,1,3,1,2,0,0,2,0,0,0,0,0,1,3,3
p_3268,0,0,3,1,5,0,0,0,6,0,2,0,0,0,0,0,0,0,0,1,3,3
p_3269,3,2,3,1,4,0,0,1,2,0,2,2,3,3,4,0,0,0,2,3,3,3
p_3270,0,2,5,1,5,0,1,0,3,0,2,0,0,0,0,0,0,0,0,1,0,3
e_3271,3,1,4,0,3,0,0,1,4,1,2,0,0,1,0,0,0,0,0,0,3,3
e_3272,3,1,3,0,3,0,0,1,4,1,2,0,0,0,1,0,0,0,0,0,3,3
e_3273,3,2,4,0,3,0,0,1,1,1,2,0,0,1,1,0,0,0,0,1,4,3
p_3274,0,2,1,1,4,0,0,1,3,0,2,2,3,2,3,0,0,0,2,3,4,1
e_3275,3,2,3,0,3,0,0,1,4,1,2,0,0,1,0,0,0,0,0,0,4,3
p_3276,0,2,2,1,5,0,1,0,3,0,2,0,0,0,0,0,0,0,0,0,3,3
p_3277,0,2,3,1,4,0,0,1,2,0,2,2,3,3,4,0,0,0,2,3,3,3
e_3278,3,2,4,0,3,0,0,1,3,1,2,0,0,2,2,0,0,0,0,1,4,3
e_3279,3,1,3,0,3,0,0,1,4,1,2,0,0,1,1,0,0,0,0,1,4,3
p_3280,0,2,3,1,4,0,0,1,3,0,2,2,3,4,4,0,0,0,2,3,3,4
p_3281,0,2,3,1,4,0,0,1,5,0,2,2,3,3,1,0,0,0,2,3,3,4
p_3282,0,0,5,1,5,0,1,0,3,0,2,0,0,0,0,0,0,0,0,0,3,3
e_3283,0,1,3,0,3,0,0,1,6,1,2,0,0,0,2,0,0,0,0,0,3,3
p_3284,0,2,3,1,4,0,0,1,3,0,2,2,3,4,1,0,0,0,2,3,3,3
e_3285,3,1,0,0,3,0,0,1,4,1,2,0,0,2,2,0,0,0,0,1,4,3
e_3286,0,1,0,0,3,0,0,1,6,1,2,0,0,0,0,0,0,0,0,1,3,3
e_3287,3,1,4,0,3,0,0,1,3,1,2,0,0,1,2,0,0,0,0,1,4,3
e_3288,3,1,3,0,3,0,0,1,3,1,2,0,0,0,2,0,0,0,0,1,4,3
e_3289,3,2,4,0,3,0,0,1,3,1,2,0,0,0,2,0,0,0,0,0,4,3
e_3290,3,1,3,0,3,0,0,1,3,1,2,0,0,1,0,0,0,0,0,0,4,3
e_3291,3,2,3,0,3,0,0,1,4,1,2,0,0,0,2,0,0,0,0,1,4,3
p_3292,0,2,5,1,5,0,1,0,1,0,2,0,0,0,0,0,0,0,0,0,0,3
e_3293,3,2,4,0,3,0,0,1,1,1,2,0,0,1,2,0,0,0,0,1,3,3
e_3294,3,2,4,0,3,0,0,1,6,1,2,0,0,1,0,0,0,0,0,0,3,3
p_3295,0,0,2,1,5,0,1,0,1,0,2,0,0,0,0,0,0,0,0,1,0,3
e_3296,3,2,3,0,3,0,0,1,4,1,2,0,0,1,1,0,0,0,0,0,4,3
e_3297,3,1,0,0,3,0,0,1,1,1,2,0,0,0,0,0,0,0,0,0,3,3
p_3298,0,2,3,1,4,0,0,1,5,0,2,2,3,2,1,0,0,0,2,3,3,1
e_3299,3,2,4,0,3,0,0,1,1,1,2,0,0,0,1,0,0,0,0,1,3,3
p_3300,0,2,3,1,4,0,0,1,5,0,2,2,3,2,1,0,0,0,2,3,4,1
e_3301,3,2,4,0,3,0,0,1,4,1,2,0,0,2,0,0,0,0,0,1,4,3
e_3302,3,1,3,0,3,0,0,1,6,1,2,0,0,2,2,0,0,0,0,1,4,3
e_3303,3,2,3,0,3,0,0,1,4,1,2,0,0,2,2,0,0,0,0,1,3,3
p_3304,0,2,3,1,4,0,0,1,2,0,2,2,3,4,4,0,0,0,2,3,3,1
e_3305,3,1,4,0,3,0,0,1,1,1,2,0,0,1,1,0,0,0,0,1,3,3
p_3306,0,2,2,1,5,0,0,0,3,0,2,0,0,0,0,0,0,0,0,0,0,3
e_3307,3,1,0,0,3,0,0,1,1,1,2,0,0,0,1,0,0,0,0,1,4,3
e_3308,0,1,3,0,3,0,0,1,3,1,2,0,0,2,1,0,0,0,0,0,4,3
e_3309,3,1,0,0,3,0,0,1,6,1,2,0,0,2,1,0,0,0,0,1,4,3
e_3310,3,1,4,0,3,0,0,1,1,1,2,0,0,2,0,0,0,0,0,1,3,3
e_3311,3,1,3,0,3,0,0,1,3,1,2,0,0,2,2,0,0,0,0,1,4,3
e_3312,3,1,4,0,3,0,0,1,6,1,2,0,0,0,2,0,0,0,0,1,3,3
p_3313,0,2,3,1,4,0,0,1,5,0,2,2,3,2,1,0,0,0,2,3,4,3
e_3314,3,1,3,0,3,0,0,1,6,1,2,0,0,0,1,0,0,0,0,0,4,3
e_3315,3,1,3,0,3,0,0,1,4,1,2,0,0,0,2,0,0,0,0,1,3,3
e_3316,3,2,3,0,3,0,0,1,4,1,2,0,0,2,1,0,0,0,0,1,4,3
e_3317,3,1,3,0,3,0,0,1,3,1,2,0,0,2,2,0,0,0,0,1,3,3
e_3318,3,2,4,0,3,0,0,1,3,1,2,0,0,2,2,0,0,0,0,0,4,3
e_3319,3,2,4,0,3,0,0,1,1,1,2,0,0,0,2,0,0,0,0,0,4,3
e_3320,3,1,0,0,3,0,0,1,3,1,2,0,0,1,0,0,0,0,0,1,3,3
e_3321,3,2,0,0,3,0,0,1,4,1,2,0,0,0,1,0,0,0,0,0,3,3
p_3322,0,2,5,1,5,0,0,0,6,0,2,0,0,0,0,0,0,0,0,1,0,3
p_3323,0,2,3,1,4,0,0,1,3,0,2,2,3,3,4,0,0,0,2,3,3,3
e_3324,3,1,3,0,3,0,0,1,1,1,2,0,0,1,0,0,0,0,0,1,3,3
e_3325,3,1,4,0,3,0,0,1,6,1,2,0,0,1,2,0,0,0,0,1,3,3
p_3326,0,0,2,1,5,0,0,0,2,0,2,0,0,0,0,0,0,0,0,0,0,3
p_3327,0,2,5,1,5,0,1,0,2,0,2,0,0,0,0,0,0,0,0,1,3,3
p_3328,0,2,3,1,4,0,0,1,2,0,2,2,3,4,3,0,0,0,2,3,4,4
e_3329,0,2,3,0,3,0,0,1,3,1,2,0,0,0,1,0,0,0,0,0,3,3
e_3330,3,1,4,0,3,0,0,1,6,1,2,0,0,0,1,0,0,0,0,0,3,3
p_3331,0,0,5,1,5,0,1,0,3,0,2,0,0,0,0,0,0,0,0,0,0,3
e_3332,3,1,3,0,3,0,0,1,1,1,2,0,0,1,1,0,0,0,0,1,4,3
e_3333,3,1,0,0,3,0,0,1,1,1,2,0,0,2,1,0,0,0,0,0,4,3
p_3334,0,2,3,1,4,0,0,1,2,0,2,2,3,4,1,0,0,0,2,3,3,1
e_3335,3,1,0,0,3,0,0,1,4,1,2,0,0,1,1,0,0,0,0,0,3,3
e_3336,0,2,4,0,3,0,0,1,3,1,2,0,0,1,2,0,0,0,0,0,4,3
p_3337,0,2,2,1,5,0,1,0,2,0,2,0,0,0,0,0,0,0,0,0,3,3
e_3338,3,1,0,0,3,0,0,1,1,1,2,0,0,2,2,0,0,0,0,1,4,3
p_3339,0,2,3,1,4,0,0,1,2,0,2,2,3,2,4,0,0,0,2,3,3,3
e_3340,3,1,4,0,3,0,0,1,1,1,2,0,0,0,2,0,0,0,0,0,4,3
p_3341,0,2,1,1,4,0,0,1,3,0,2,2,3,3,4,0,0,0,2,3,4,4
e_3342,3,2,3,0,3,0,0,1,6,1,2,0,0,1,2,0,0,0,0,0,3,3
e_3343,0,2,4,0,3,0,0,1,1,1,2,0,0,1,1,0,0,0,0,0,4,3
e_3344,3,1,4,0,3,0,0,1,1,1,2,0,0,2,1,0,0,0,0,1,3,3
e_3345,3,1,3,0,3,0,0,1,6,1,2,0,0,0,2,0,0,0,0,0,3,3
p_3346,0,2,3,1,5,0,1,0,6,0,2,0,0,0,0,0,0,0,0,0,3,3
e_3347,3,1,3,0,3,0,0,1,4,1,2,0,0,0,0,0,0,0,0,1,4,3
e_3348,3,2,4,0,3,0,0,1,1,1,2,0,0,2,0,0,0,0,0,0,3,3
p_3349,0,2,3,1,4,0,0,1,5,0,2,2,3,3,3,0,0,0,2,3,4,4
e_3350,3,1,0,0,3,0,0,1,4,1,2,0,0,1,1,0,0,0,0,1,3,3
p_3351,0,0,3,1,5,0,1,0,2,0,2,0,0,0,0,0,0,0,0,1,0,3
p_3352,0,2,3,1,4,0,0,1,5,0,2,2,3,2,4,0,0,0,2,3,3,1
e_3353,3,2,4,0,3,0,0,1,6,1,2,0,0,0,2,0,0,0,0,0,3,3
e_3354,3,1,0,0,3,0,0,1,6,1,2,0,0,2,0,0,0,0,0,1,3,3
e_3355,3,1,3,0,3,0,0,1,1,1,2,0,0,0,1,0,0,0,0,0,3,3
e_3356,3,2,3,0,3,0,0,1,6,1,2,0,0,0,1,0,0,0,0,1,4,3
p_3357,0,2,2,1,5,0,0,0,3,0,2,0,0,0,0,0,0,0,0,0,3,3
p_3358,0,2,3,1,4,0,0,1,3,0,2,2,3,2,1,0,0,0,2,3,3,1
p_3359,0,2,3,1,5,0,1,0,6,0,2,0,0,0,0,0,0,0,0,1,3,3
e_3360,3,2,4,0,3,0,0,1,1,1,2,0,0,0,0,0,0,0,0,1,3,3
e_3361,3,1,4,0,3,0,0,1,4,1,2,0,0,2,1,0,0,0,0,1,3,3
p_3362,3,1,3,1,4,0,0,1,5,0,2,2,3,4,4,0,0,0,2,3,4,3
p_3363,0,2,3,1,4,0,0,1,5,0,2,2,3,3,4,0,0,0,2,3,4,1
e_3364,3,1,4,0,3,0,0,1,3,1,2,0,0,1,1,0,0,0,0,1,4,3
p_3365,0,2,5,1,5,0,1,0,2,0,2,0,0,0,0,0,0,0,0,1,0,3
p_3366,0,0,3,1,5,0,0,0,6,0,2,0,0,0,0,0,0,0,0,0,0,3
e_3367,3,1,4,0,3,0,0,1,4,1,2,0,0,0,2,0,0,0,0,0,3,3
e_3368,3,2,4,0,3,0,0,1,3,1,2,0,0,1,1,0,0,0,0,1,4,3
e_3369,3,1,4,0,3,0,0,1,4,1,2,0,0,2,2,0,0,0,0,0,4,3
e_3370,3,1,0,0,3,0,0,1,4,1,2,0,0,0,2,0,0,0,0,0,3,3
p_3371,0,0,5,1,5,0,1,0,2,0,2,0,0,0,0,0,0,0,0,1,3,3
p_3372,0,2,3,1,4,0,0,1,3,0,2,2,3,3,4,0,0,0,2,3,4,3
e_3373,3,2,4,0,3,0,0,1,4,1,2,0,0,0,0,0,0,0,0,0,3,3
e_3374,3,1,4,0,3,0,0,1,6,1,2,0,0,0,1,0,0,0,0,1,3,3
e_3375,3,2,3,0,3,0,0,1,6,1,2,0,0,0,2,0,0,0,0,0,3,3
e_3376,3,2,4,0,3,0,0,1,6,1,2,0,0,0,1,0,0,0,0,1,4,3
e_3377,3,1,0,0,3,0,0,1,1,1,2,0,0,1,1,0,0,0,0,1,4,3
e_3378,3,1,4,0,3,0,0,1,4,1,2,0,0,1,2,0,0,0,0,0,3,3
p_3379,3,2,1,1,4,0,0,1,2,0,2,2,3,4,4,0,0,0,2,3,3,4
e_3380,0,2,3,0,3,0,0,1,3,1,2,0,0,0,1,0,0,0,0,0,4,3
p_3381,0,0,5,1,5,0,1,0,3,0,2,0,0,0,0,0,0,0,0,1,0,3
e_3382,0,1,4,0,3,0,0,1,4,1,2,0,0,0,1,0,0,0,0,1,4,3
e_3383,3,2,3,0,3,0,0,1,6,1,2,0,0,1,2,0,0,0,0,0,4,3
e_3384,3,2,4,0,3,0,0,1,6,1,2,0,0,1,0,0,0,0,0,1,3,3
e_3385,0,2,4,0,3,0,0,1,6,1,2,0,0,2,0,0,0,0,0,0,3,3
e_3386,3,1,3,0,3,0,0,1,3,1,2,0,0,0,0,0,0,0,0,0,3,3
e_3387,3,2,4,0,3,0,0,1,1,1,2,0,0,1,0,0,0,0,0,1,3,3
p_3388,0,0,2,1,5,0,1,0,1,0,2,0,0,0,0,0,0,0,0,1,3,3
p_3389,0,1,3,1,4,0,0,1,2,0,2,2,3,2,1,0,0,0,2,3,4,3
p_3390,0,2,5,1,5,0,0,0,1,0,2,0,0,0,0,0,0,0,0,0,3,3
e_3391,3,1,3,0,3,0,0,1,4,1,2,0,0,0,2,0,0,0,0,1,4,3
e_3392,0,1,0,0,3,0,0,1,4,1,2,0,0,1,0,0,0,0,0,1,3,3
p_3393,0,2,3,1,5,0,0,0,1,0,2,0,0,0,0,0,0,0,0,1,0,3
e_3394,3,1,0,0,3,0,0,1,4,1,2,0,0,2,1,0,0,0,0,0,4,3
p_3395,0,2,5,1,5,0,0,0,2,0,2,0,0,0,0,0,0,0,0,0,3,3
e_3396,3,2,4,0,3,0,0,1,1,1,2,0,0,2,0,0,0,0,0,1,4,3
p_3397,0,0,2,1,5,0,1,0,1,0,2,0,0,0,0,0,0,0,0,0,0,3
e_3398,0,1,0,0,3,0,0,1,1,1,2,0,0,1,1,0,0,0,0,1,3,3
p_3399,0,2,3,1,4,0,0,1,2,0,2,2,3,2,4,0,0,0,2,3,4,1
p_3400,0,0,3,1,5,0,0,0,1,0,2,0,0,0,0,0,0,0,0,0,0,3
e_3401,3,1,0,0,3,0,0,1,1,1,2,0,0,1,2,0,0,0,0,1,4,3
p_3402,0,2,3,1,4,0,0,1,2,0,2,2,3,2,1,0,0,0,2,3,4,1
p_3403,0,0,5,1,5,0,0,0,3,0,2,0,0,0,0,0,0,0,0,0,3,3
e_3404,3,1,4,0,3,0,0,1,6,1,2,0,0,2,0,0,0,0,0,0,4,3
p_3405,0,0,3,1,5,0,1,0,3,0,2,0,0,0,0,0,0,0,0,1,0,3
e_3406,0,1,3,0,3,0,0,1,3,1,2,0,0,1,0,0,0,0,0,1,3,3
e_3407,0,1,3,0,3,0,0,1,4,1,2,0,0,2,0,0,0,0,0,0,4,3
e_3408,3,1,0,0,3,0,0,1,1,1,2,0,0,1,0,0,0,0,0,1,4,3
e_3409,3,1,0,0,3,0,0,1,6,1,2,0,0,1,0,0,0,0,0,0,3,3
e_3410,3,2,0,0,3,0,0,1,6,1,2,0,0,1,2,0,0,0,0,1,4,3
p_3411,0,0,3,1,5,0,0,0,1,0,2,0,0,0,0,0,0,0,0,1,0,3
e_3412,3,2,3,0,3,0,0,1,4,1,2,0,0,0,1,0,0,0,0,0,3,3
e_3413,0,2,4,0,3,0,0,1,6,1,2,0,0,2,2,0,0,0,0,1,3,3
e_3414,3,2,3,0,3,0,0,1,4,1,2,0,0,1,0,0,0,0,0,1,4,3
e_3415,3,1,4,0,3,0,0,1,1,1,2,0,0,0,2,0,0,0,0,1,4,3
e_3416,3,1,0,0,3,0,0,1,1,1,2,0,0,2,2,0,0,0,0,0,3,3
p_3417,0,2,3,1,4,0,0,1,2,0,2,2,3,3,1,0,0,0,2,3,4,1
p_3418,0,0,3,1,5,0,0,0,3,0,2,0,0,0,0,0,0,0,0,1,0,3
e_3419,3,1,4,0,3,0,0,1,4,1,2,0,0,1,2,0,0,0,0,0,4,3
e_3420,0,1,3,0,3,0,0,1,4,1,2,0,0,2,0,0,0,0,0,1,4,3
p_3421,0,2,3,1,5,0,1,0,2,0,2,0,0,0,0,0,0,0,0,0,3,3
e_3422,3,1,0,0,3,0,0,1,1,1,2,0,0,0,0,0,0,0,0,0,4,3
e_3423,3,1,3,0,3,0,0,1,1,1,2,0,0,1,0,0,0,0,0,0,4,3
e_3424,3,2,4,0,3,0,0,1,6,1,2,0,0,2,0,0,0,0,0,0,3,3
p_3425,0,2,1,1,4,0,0,1,3,0,2,2,3,3,3,0,0,0,2,3,3,4
p_3426,0,0,3,1,5,0,1,0,3,0,2,0,0,0,0,0,0,0,0,0,3,3
e_3427,3,1,3,0,3,0,0,1,1,1,2,0,0,1,0,0,0,0,0,1,4,3
e_3428,3,1,0,0,3,0,0,1,3,1,2,0,0,1,2,0,0,0,0,1,4,3
e_3429,3,1,0,0,3,0,0,1,6,1,2,0,0,1,2,0,0,0,0,0,4,3
e_3430,3,1,3,0,3,0,0,1,3,1,2,0,0,2,0,0,0,0,0,1,3,3
e_3431,3,1,3,0,3,0,0,1,1,1,2,0,0,2,0,0,0,0,0,0,3,3
p_3432,0,2,3,1,4,0,0,1,2,0,2,2,3,3,4,0,0,0,2,3,3,4
e_3433,3,1,3,0,3,0,0,1,4,1,2,0,0,2,0,0,0,0,0,0,4,3
e_3434,3,2,4,0,3,0,0,1,3,1,2,0,0,1,0,0,0,0,0,1,3,3
p_3435,0,2,3,1,5,0,1,0,2,0,2,0,0,0,0,0,0,0,0,1,3,3
e_3436,3,1,3,0,3,0,0,1,6,1,2,0,0,0,1,0,0,0,0,1,3,3
p_3437,3,1,3,1,4,0,0,1,5,0,2,2,3,2,1,0,0,0,2,3,4,4
e_3438,3,2,4,0,3,0,0,1,6,1,2,0,0,2,2,0,0,0,0,0,4,3
p_3439,0,2,3,1,4,0,0,1,5,0,2,2,3,4,1,0,0,0,2,3,3,4
e_3440,3,1,3,0,3,0,0,1,6,1,2,0,0,0,1,0,0,0,0,0,3,3
p_3441,0,2,5,1,5,0,0,0,1,0,2,0,0,0,0,0,0,0,0,1,0,3
e_3442,3,2,4,0,3,0,0,1,4,1,2,0,0,2,1,0,0,0,0,1,3,3
p_3443,0,2,5,1,5,0,1,0,3,0,2,0,0,0,0,0,0,0,0,1,3,3
p_3444,0,0,2,1,5,0,0,0,6,0,2,0,0,0,0,0,0,0,0,1,0,3
e_3445,3,1,3,0,3,0,0,1,1,1,2,0,0,2,0,0,0,0,0,1,3,3
p_3446,0,0,5,1,5,0,1,0,6,0,2,0,0,0,0,0,0,0,0,1,3,3
p_3447,0,2,3,1,4,0,0,1,2,0,2,2,3,4,3,0,0,0,2,3,4,3
e_3448,0,2,0,0,3,0,0,1,6,1,2,0,0,0,2,0,0,0,0,1,3,3
e_3449,3,1,3,0,3,0,0,1,3,1,2,0,0,2,1,0,0,0,0,0,4,3
e_3450,3,1,4,0,3,0,0,1,6,1,2,0,0,0,0,0,0,0,0,0,4,3
p_3451,0,2,3,1,4,0,0,1,3,0,2,2,3,2,3,0,0,0,2,3,4,1
p_3452,0,2,3,1,5,0,1,0,1,0,2,0,0,0,0,0,0,0,0,1,3,3
p_3453,0,2,3,1,4,0,0,1,2,0,2,2,3,2,3,0,0,0,2,3,3,4
p_3454,0,2,2,1,5,0,1,0,6,0,2,0,0,0,0,0,0,0,0,1,0,3
e_3455,3,1,0,0,3,0,0,1,3,1,2,0,0,1,0,0,0,0,0,0,4,3
e_3456,3,1,3,0,3,0,0,1,3,1,2,0,0,0,0,0,0,0,0,0,4,3
p_3457,0,2,2,1,5,0,1,0,2,0,2,0,0,0,0,0,0,0,0,0,0,3
e_3458,0,1,3,0,3,0,0,1,4,1,2,0,0,1,0,0,0,0,0,0,4,3
e_3459,3,1,0,0,3,0,0,1,4,1,2,0,0,0,1,0,0,0,0,0,3,3
e_3460,3,2,3,0,3,0,0,1,6,1,2,0,0,1,0,0,0,0,0,0,4,3
e_3461,0,1,4,0,3,0,0,1,3,1,2,0,0,2,2,0,0,0,0,0,4,3
e_3462,3,1,4,0,3,0,0,1,1,1,2,0,0,2,2,0,0,0,0,0,4,3
p_3463,0,2,2,1,5,0,1,0,1,0,2,0,0,0,0,0,0,0,0,0,0,3
e_3464,3,2,4,0,3,0,0,1,3,1,2,0,0,1,2,0,0,0,0,1,4,3
p_3465,0,1,1,1,4,0,0,1,5,0,2,2,3,3,1,0,0,0,2,3,4,3
e_3466,3,2,3,0,3,0,0,1,3,1,2,0,0,0,1,0,0,0,0,1,3,3
e_3467,3,1,0,0,3,0,0,1,1,1,2,0,0,2,2,0,0,0,0,1,3,3
p_3468,0,2,3,1,5,0,1,0,3,0,2,0,0,0,0,0,0,0,0,1,3,3
p_3469,0,0,5,1,5,0,0,0,1,0,2,0,0,0,0,0,0,0,0,1,3,3
e_3470,3,2,4,0,3,0,0,1,6,1,2,0,0,1,1,0,0,0,0,1,4,3
e_3471,0,2,3,0,3,0,0,1,3,1,2,0,0,2,1,0,0,0,0,0,3,3
e_3472,3,1,3,0,3,0,0,1,6,1,2,0,0,1,2,0,0,0,0,0,4,3
p_3473,0,2,3,1,4,0,0,1,5,0,2,2,3,3,3,0,0,0,2,3,3,4
e_3474,0,1,0,0,3,0,0,1,6,1,2,0,0,0,0,0,0,0,0,0,3,3
e_3475,3,1,3,0,3,0,0,1,1,1,2,0,0,2,0,0,0,0,0,0,4,3
e_3476,3,2,3,0,3,0,0,1,6,1,2,0,0,1,2,0,0,0,0,1,4,3
p_3477,0,2,3,1,5,0,0,0,3,0,2,0,0,0,0,0,0,0,0,0,0,3
e_3478,3,1,0,0,3,0,0,1,3,1,2,0,0,0,1,0,0,0,0,1,3,3
p_3479,0,2,3,1,4,0,0,1,5,0,2,2,3,2,1,0,0,0,2,3,3,4
e_3480,3,1,3,0,3,0,0,1,6,1,2,0,0,2,1,0,0,0,0,0,3,3
e_3481,3,2,4,0,3,0,0,1,6,1,2,0,0,2,2,0,0,0,0,0,3,3
e_3482,3,2,4,0,3,0,0,1,1,1,2,0,0,0,1,0,0,0,0,0,4,3
p_3483,0,0,2,1,5,0,0,0,6,0,2,0,0,0,0,0,0,0,0,1,3,3
p_3484,0,2,2,1,5,0,1,0,3,0,2,0,0,0,0,0,0,0,0,1,0,3
e_3485,3,2,4,0,3,0,0,1,4,1,2,0,0,2,0,0,0,0,0,0,3,3
e_3486,3,2,4,0,3,0,0,1,3,1,2,0,0,0,0,0,0,0,0,0,3,3
e_3487,3,1,0,0,3,0,0,1,6,1,2,0,0,2,2,0,0,0,0,0,4,3
p_3488,0,2,3,1,4,0,0,1,5,0,2,2,3,3,3,0,0,0,2,3,3,1
e_3489,3,1,3,0,3,0,0,1,4,1,2,0,0,1,2,0,0,0,0,0,4,3
p_3490,0,2,3,1,4,0,0,1,3,0,2,2,3,2,4,0,0,0,2,3,4,4
e_3491,3,2,4,0,3,0,0,1,4,1,2,0,0,1,1,0,0,0,0,1,4,3
p_3492,0,2,3,1,4,0,0,1,5,0,2,2,3,3,1,0,0,0,2,3,3,1
e_3493,3,1,3,0,3,0,0,1,6,1,2,0,0,2,0,0,0,0,0,1,3,3
e_3494,3,2,4,0,3,0,0,1,6,1,2,0,0,0,0,0,0,0,0,0,4,3
e_3495,3,1,0,0,3,0,0,1,4,1,2,0,0,0,0,0,0,0,0,1,3,3
p_3496,0,2,3,1,4,0,0,1,5,0,2,2,3,2,4,0,0,0,2,3,4,3
e_3497,3,2,4,0,3,0,0,1,6,1,2,0,0,1,2,0,0,0,0,0,4,3
e_3498,0,2,3,0,3,0,0,1,3,1,2,0,0,1,2,0,0,0,0,1,3,3
e_3499,3,1,3,0,3,0,0,1,1,1,2,0,0,2,2,0,0,0,0,1,3,3
p_3500,0,2,2,1,5,0,1,0,6,0,2,0,0,0,0,0,0,0,0,0,0,3
e_3501,3,2,4,0,3,0,0,1,3,1,2,0,0,0,1,0,0,0,0,0,4,3
e_3502,3,2,4,0,3,0,0,1,1,1,2,0,0,2,1,0,0,0,0,0,4,3
e_3503,3,1,4,0,3,0,0,1,6,1,2,0,0,0,2,0,0,0,0,1,4,3
e_3504,0,2,4,0,3,0,0,1,1,1,2,0,0,1,1,0,0,0,0,0,3,3
e_3505,3,1,0,0,3,0,0,1,6,1,2,0,0,2,0,0,0,0,0,0,3,3
p_3506,0,2,3,1,4,0,0,1,3,0,2,2,3,2,4,0,0,0,2,3,3,1
e_3507,0,2,3,0,3,0,0,1,1,1,2,0,0,2,0,0,0,0,0,0,3,3
p_3508,0,2,3,1,4,0,0,1,2,0,2,2,3,4,4,0,0,0,2,3,4,3
e_3509,3,1,3,0,3,0,0,1,1,1,2,0,0,1,0,0,0,0,0,0,3,3
e_3510,3,1,0,0,3,0,0,1,3,1,2,0,0,2,1,0,0,0,0,1,4,3
p_3511,0,1,3,1,4,0,0,1,5,0,2,2,3,4,1,0,0,0,2,3,3,3
e_3512,3,1,3,0,3,0,0,1,4,1,2,0,0,0,1,0,0,0,0,1,4,3
p_3513,3,2,3,1,4,0,0,1,3,0,2,2,3,3,1,0,0,0,2,3,3,3
e_3514,3,1,4,0,3,0,0,1,4,1,2,0,0,2,1,0,0,0,0,0,4,3
p_3515,0,0,3,1,5,0,0,0,2,0,2,0,0,0,0,0,0,0,0,1,3,3
e_3516,3,1,4,0,3,0,0,1,6,1,2,0,0,2,0,0,0,0,0,0,3,3
e_3517,3,1,0,0,3,0,0,1,6,1,2,0,0,1,0,0,0,0,0,0,4,3
e_3518,0,2,4,0,3,0,0,1,1,1,2,0,0,1,0,0,0,0,0,0,3,3
e_3519,3,1,4,0,3,0,0,1,1,1,2,0,0,2,0,0,0,0,0,0,3,3
e_3520,3,1,3,0,3,0,0,1,4,1,2,0,0,2,2,0,0,0,0,1,3,3
p_3521,0,0,5,1,5,0,1,0,1,0,2,0,0,0,0,0,0,0,0,0,0,3
p_3522,3,2,3,1,4,0,0,1,5,0,2,2,3,4,1,0,0,0,2,3,3,3
e_3523,3,2,3,0,3,0,0,1,4,1,2,0,0,2,0,0,0,0,0,1,3,3
e_3524,3,2,4,0,3,0,0,1,4,1,2,0,0,0,2,0,0,0,0,1,4,3
p_3525,0,2,5,1,5,0,0,0,6,0,2,0,0,0,0,0,0,0,0,1,3,3
e_3526,3,2,0,0,3,0,0,1,3,1,2,0,0,1,2,0,0,0,0,1,4,3
e_3527,3,1,3,0,3,0,0,1,3,1,2,0,0,2,0,0,0,0,0,0,3,3
e_3528,3,1,4,0,3,0,0,1,3,1,2,0,0,2,0,0,0,0,0,0,4,3
e_3529,3,1,4,0,3,0,0,1,4,1,2,0,0,0,0,0,0,0,0,0,4,3
e_3530,0,2,3,0,3,0,0,1,1,1,2,0,0,2,2,0,0,0,0,1,4,3
p_3531,0,0,2,1,5,0,1,0,3,0,2,0,0,0,0,0,0,0,0,1,3,3
e_3532,3,1,3,0,3,0,0,1,1,1,2,0,0,1,2,0,0,0,0,0,4,3
p_3533,0,1,3,1,4,0,0,1,3,0,2,2,3,4,1,0,0,0,2,3,3,3
e_3534,3,1,0,0,3,0,0,1,3,1,2,0,0,2,0,0,0,0,0,0,3,3
e_3535,3,1,0,0,3,0,0,1,3,1,2,0,0,1,2,0,0,0,0,0,3,3
p_3536,0,0,3,1,5,0,1,0,1,0,2,0,0,0,0,0,0,0,0,0,0,3
e_3537,3,1,3,0,3,0,0,1,3,1,2,0,0,2,0,0,0,0,0,1,4,3
e_3538,3,1,4,0,3,0,0,1,4,1,2,0,0,0,0,0,0,0,0,1,3,3
p_3539,0,2,3,1,4,0,0,1,2,0,2,2,3,2,4,0,0,0,2,3,4,3
e_3540,0,1,0,0,3,0,0,1,4,1,2,0,0,1,1,0,0,0,0,1,4,3
e_3541,3,1,4,0,3,0,0,1,6,1,2,0,0,2,2,0,0,0,0,1,3,3
e_3542,3,2,4,0,3,0,0,1,1,1,2,0,0,2,2,0,0,0,0,0,3,3
p_3543,0,0,5,1,5,0,0,0,1,0,2,0,0,0,0,0,0,0,0,1,0,3
p_3544,0,2,3,1,4,0,0,1,5,0,2,2,3,2,1,0,0,0,2,3,3,3
e_3545,3,1,4,0,3,0,0,1,3,1,2,0,0,2,0,0,0,0,0,0,3,3
e_3546,3,1,3,0,3,0,0,1,3,1,2,0,0,1,0,0,0,0,0,0,3,3
p_3547,0,0,5,1,5,0,0,0,3,0,2,0,0,0,0,0,0,0,0,1,3,3
e_3548,3,2,3,0,3,0,0,1,6,1,2,0,0,0,2,0,0,0,0,1,4,3
e_3549,3,2,4,0,3,0,0,1,1,1,2,0,0,0,0,0,0,0,0,0,4,3
e_3550,3,2,0,0,3,0,0,1,6,1,2,0,0,1,0,0,0,0,0,0,3,3
e_3551,0,1,3,0,3,0,0,1,1,1,2,0,0,0,0,0,0,0,0,1,3,3
e_3552,0,1,0,0,3,0,0,1,4,1,2,0,0,0,1,0,0,0,0,1,4,3
e_3553,3,1,0,0,3,0,0,1,6,1,2,0,0,1,1,0,0,0,0,1,4,3
p_3554,0,2,5,1,5,0,0,0,3,0,2,0,0,0,0,0,0,0,0,0,3,3
e_3555,3,2,4,0,3,0,0,1,3,1,2,0,0,0,1,0,0,0,0,0,3,3
p_3556,0,1,1,1,4,0,0,1,3,0,2,2,3,3,4,0,0,0,2,3,4,3
p_3557,0,0,3,1,5,0,1,0,3,0,2,0,0,0,0,0,0,0,0,1,3,3
e_3558,3,1,0,0,3,0,0,1,4,1,2,0,0,0,0,0,0,0,0,0,3,3
p_3559,3,2,3,1,4,0,0,1,3,0,2,2,3,3,4,0,0,0,2,3,3,3
p_3560,0,2,3,1,5,0,1,0,1,0,2,0,0,0,0,0,0,0,0,0,0,3
e_3561,3,1,3,0,3,0,0,1,3,1,2,0,0,2,2,0,0,0,0,0,4,3
e_3562,3,1,3,0,3,0,0,1,6,1,2,0,0,1,2,0,0,0,0,0,3,3
e_3563,3,1,3,0,3,0,0,1,4,1,2,0,0,1,1,0,0,0,0,1,3,3
e_3564,0,1,0,0,3,0,0,1,4,1,2,0,0,1,0,0,0,0,0,1,4,3
p_3565,0,2,1,1,4,0,0,1,3,0,2,2,3,4,4,0,0,0,2,3,3,1
e_3566,3,2,3,0,3,0,0,1,6,1,2,0,0,1,0,0,0,0,0,1,4,3
p_3567,0,2,3,1,4,0,0,1,3,0,2,2,3,4,1,0,0,0,2,3,3,4
e_3568,3,1,4,0,3,0,0,1,6,1,2,0,0,1,0,0,0,0,0,1,3,3
e_3569,3,2,4,0,3,0,0,1,4,1,2,0,0,2,2,0,0,0,0,1,4,3
p_3570,3,2,3,1,4,0,0,1,3,0,2,2,3,3,1,0,0,0,2,3,4,3
e_3571,3,2,4,0,3,0,0,1,3,1,2,0,0,2,2,0,0,0,0,0,3,3
p_3572,0,2,1,1,4,0,0,1,2,0,2,2,3,2,4,0,0,0,2,3,4,4
e_3573,3,2,4,0,3,0,0,1,6,1,2,0,0,1,2,0,0,0,0,1,3,3
e_3574,3,2,3,0,3,0,0,1,6,1,2,0,0,0,0,0,0,0,0,1,3,3
e_3575,3,2,4,0,3,0,0,1,3,1,2,0,0,1,2,0,0,0,0,0,3,3
e_3576,3,1,4,0,3,0,0,1,1,1,2,0,0,0,0,0,0,0,0,1,3,3
e_3577,3,1,4,0,3,0,0,1,1,1,2,0,0,1,0,0,0,0,0,0,4,3
e_3578,3,1,0,0,3,0,0,1,1,1,2,0,0,1,1,0,0,0,0,1,3,3
e_3579,3,2,3,0,3,0,0,1,4,1,2,0,0,1,2,0,0,0,0,1,3,3
e_3580,3,2,4,0,3,0,0,1,3,1,2,0,0,2,0,0,0,0,0,1,3,3
p_3581,0,2,3,1,4,0,0,1,2,0,2,2,3,4,3,0,0,0,2,3,3,1
e_3582,3,1,0,0,3,0,0,1,6,1,2,0,0,0,2,0,0,0,0,0,4,3
p_3583,0,2,3,1,5,0,0,0,1,0,2,0,0,0,0,0,0,0,0,0,3,3
e_3584,3,1,0,0,3,0,0,1,4,1,2,0,0,1,0,0,0,0,0,1,3,3
e_3585,3,1,3,0,3,0,0,1,4,1,2,0,0,0,2,0,0,0,0,0,3,3
e_3586,0,2,4,0,3,0,0,1,3,1,2,0,0,2,2,0,0,0,0,0,4,3
e_3587,3,1,4,0,3,0,0,1,3,1,2,0,0,2,1,0,0,0,0,0,4,3
e_3588,3,2,3,0,3,0,0,1,3,1,2,0,0,2,1,0,0,0,0,1,3,3
e_3589,0,1,3,0,3,0,0,1,3,1,2,0,0,1,2,0,0,0,0,1,3,3
p_3590,0,2,5,1,5,0,0,0,2,0,2,0,0,0,0,0,0,0,0,0,0,3
e_3591,0,1,0,0,3,0,0,1,1,1,2,0,0,2,1,0,0,0,0,1,4,3
e_3592,3,1,0,0,3,0,0,1,1,1,2,0,0,0,2,0,0,0,0,0,3,3
e_3593,3,1,3,0,3,0,0,1,4,1,2,0,0,2,2,0,0,0,0,0,4,3
p_3594,3,2,3,1,4,0,0,1,2,0,2,2,3,3,4,0,0,0,2,3,4,1
e_3595,3,1,3,0,3,0,0,1,4,1,2,0,0,2,1,0,0,0,0,1,3,3
e_3596,3,1,4,0,3,0,0,1,1,1,2,0,0,1,2,0,0,0,0,0,4,3
p_3597,0,2,3,1,4,0,0,1,2,0,2,2,3,2,3,0,0,0,2,3,4,1
e_3598,3,1,0,0,3,0,0,1,1,1,2,0,0,2,2,0,0,0,0,0,4,3
p_3599,0,2,3,1,4,0,0,1,5,0,2,2,3,2,3,0,0,0,2,3,3,1
e_3600,3,2,4,0,3,0,0,1,4,1,2,0,0,0,1,0,0,0,0,0,4,3
e_3601,0,1,0,0,3,0,0,1,4,1,2,0,0,1,0,0,0,0,0,0,4,3
e_3602,0,1,3,0,3,0,0,1,3,1,2,0,0,2,0,0,0,0,0,0,4,3
e_3603,3,1,4,0,3,0,0,1,6,1,2,0,0,0,2,0,0,0,0,0,3,3
p_3604,0,1,3,1,4,0,0,1,3,0,2,2,3,4,4,0,0,0,2,3,3,3
p_3605,0,0,3,1,5,0,0,0,2,0,2,0,0,0,0,0,0,0,0,0,3,3
p_3606,0,2,3,1,4,0,0,1,3,0,2,2,3,4,4,0,0,0,2,3,3,1
p_3607,0,2,3,1,4,0,0,1,3,0,2,2,3,4,3,0,0,0,2,3,3,4
p_3608,3,2,3,1,4,0,0,1,3,0,2,2,3,4,3,0,0,0,2,3,4,4
e_3609,3,2,3,0,3,0,0,1,6,1,2,0,0,0,0,0,0,0,0,0,3,3
p_3610,0,2,3,1,4,0,0,1,2,0,2,2,3,4,4,0,0,0,2,3,3,3
e_3611,3,1,4,0,3,0,0,1,3,1,2,0,0,0,1,0,0,0,0,0,3,3
e_3612,3,1,0,0,3,0,0,1,4,1,2,0,0,2,2,0,0,0,0,1,3,3
e_3613,3,1,0,0,3,0,0,1,1,1,2,0,0,0,2,0,0,0,0,0,4,3
p_3614,0,1,1,1,4,0,0,1,3,0,2,2,3,3,3,0,0,0,2,3,4,3
e_3615,3,1,3,0,3,0,0,1,1,1,2,0,0,0,0,0,0,0,0,0,4,3
p_3616,0,2,5,1,5,0,1,0,6,0,2,0,0,0,0,0,0,0,0,1,0,3
e_3617,3,2,4,0,3,0,0,1,4,1,2,0,0,0,0,0,0,0,0,1,4,3
e_3618,3,1,0,0,3,0,0,1,1,1,2,0,0,1,1,0,0,0,0,0,4,3
e_3619,0,1,0,0,3,0,0,1,1,1,2,0,0,0,2,0,0,0,0,0,3,3
e_3620,3,2,4,0,3,0,0,1,3,1,2,0,0,0,0,0,0,0,0,1,4,3
p_3621,0,2,3,1,4,0,0,1,5,0,2,2,3,2,4,0,0,0,2,3,4,1
p_3622,0,2,3,1,4,0,0,1,5,0,2,2,3,2,4,0,0,0,2,3,3,4
e_3623,3,2,3,0,3,0,0,1,1,1,2,0,0,2,2,0,0,0,0,0,3,3
e_3624,0,2,0,0,3,0,0,1,6,1,2,0,0,2,0,0,0,0,0,1,3,3
p_3625,0,2,3,1,4,0,0,1,3,0,2,2,3,2,1,0,0,0,2,3,3,3
e_3626,3,2,3,0,3,0,0,1,4,1,2,0,0,2,2,0,0,0,0,1,4,3
p_3627,0,2,5,1,5,0,0,0,2,0,2,0,0,0,0,0,0,0,0,1,0,3
e_3628,3,1,0,0,3,0,0,1,1,1,2,0,0,0,0,0,0,0,0,1,3,3
e_3629,3,1,3,0,3,0,0,1,1,1,2,0,0,1,1,0,0,0,0,0,4,3
p_3630,0,2,3,1,4,0,0,1,2,0,2,2,3,3,4,0,0,0,2,3,4,4
e_3631,0,2,4,0,3,0,0,1,4,1,2,0,0,1,2,0,0,0,0,0,4,3
p_3632,0,0,3,1,5,0,1,0,6,0,2,0,0,0,0,0,0,0,0,0,0,3
p_3633,0,2,3,1,4,0,0,1,5,0,2,2,3,4,1,0,0,0,2,3,3,1
e_3634,3,1,0,0,3,0,0,1,1,1,2,0,0,0,1,0,0,0,0,1,3,3
p_3635,0,2,3,1,4,0,0,1,2,0,2,2,3,3,3,0,0,0,2,3,3,3
e_3636,3,1,4,0,3,0,0,1,3,1,2,0,0,2,2,0,0,0,0,0,3,3
e_3637,3,2,3,0,3,0,0,1,6,1,2,0,0,2,0,0,0,0,0,1,4,3
e_3638,3,2,3,0,3,0,0,1,4,1,2,0,0,1,1,0,0,0,0,1,4,3
e_3639,3,1,0,0,3,0,0,1,4,1,2,0,0,0,1,0,0,0,0,1,4,3
e_3640,3,1,4,0,3,0,0,1,6,1,2,0,0,0,1,0,0,0,0,1,4,3
e_3641,3,1,3,0,3,0,0,1,3,1,2,0,0,1,2,0,0,0,0,0,4,3
e_3642,3,1,4,0,3,0,0,1,6,1,2,0,0,0,2,0,0,0,0,0,4,3
e_3643,3,1,0,0,3,0,0,1,1,1,2,0,0,2,0,0,0,0,0,0,4,3
p_3644,0,1,1,1,4,0,0,1,3,0,2,2,3,2,4,0,0,0,2,3,4,1
e_3645,3,2,3,0,3,0,0,1,6,1,2,0,0,2,1,0,0,0,0,0,4,3
e_3646,3,1,0,0,3,0,0,1,6,1,2,0,0,1,0,0,0,0,0,1,3,3
p_3647,0,2,3,1,4,0,0,1,2,0,2,2,3,3,3,0,0,0,2,3,4,1
p_3648,0,2,3,1,4,0,0,1,3,0,2,2,3,2,3,0,0,0,2,3,3,3
p_3649,0,2,3,1,4,0,0,1,3,0,2,2,3,4,4,0,0,0,2,3,4,4
e_3650,3,1,4,0,3,0,0,1,6,1,2,0,0,1,1,0,0,0,0,1,4,3
e_3651,3,1,0,0,3,0,0,1,3,1,2,0,0,0,1,0,0,0,0,0,3,3
p_3652,0,1,3,1,4,0,0,1,3,0,2,2,3,3,4,0,0,0,2,3,4,3
p_3653,0,2,3,1,4,0,0,1,3,0,2,2,3,2,3,0,0,0,2,3,3,4
p_3654,3,1,3,1,4,0,0,1,3,0,2,2,3,4,3,0,0,0,2,3,3,4
e_3655,3,1,0,0,3,0,0,1,4,1,2,0,0,2,0,0,0,0,0,1,3,3
p_3656,0,2,3,1,5,0,1,0,1,0,2,0,0,0,0,0,0,0,0,1,0,3
e_3657,3,2,4,0,3,0,0,1,1,1,2,0,0,2,1,0,0,0,0,1,3,3
p_3658,3,2,1,1,4,0,0,1,5,0,2,2,3,3,3,0,0,0,2,3,4,3
e_3659,3,1,0,0,3,0,0,1,6,1,2,0,0,1,1,0,0,0,0,1,3,3
e_3660,0,1,4,0,3,0,0,1,6,1,2,0,0,0,1,0,0,0,0,0,4,3
p_3661,0,2,3,1,4,0,0,1,5,0,2,2,3,4,3,0,0,0,2,3,4,4
e_3662,0,1,0,0,3,0,0,1,3,1,2,0,0,0,0,0,0,0,0,0,4,3
p_3663,0,0,2,1,5,0,0,0,2,0,2,0,0,0,0,0,0,0,0,1,3,3
e_3664,3,1,3,0,3,0,0,1,3,1,2,0,0,0,2,0,0,0,0,0,3,3
e_3665,3,2,4,0,3,0,0,1,3,1,2,0,0,2,1,0,0,0,0,1,3,3
e_3666,3,1,3,0,3,0,0,1,3,1,2,0,0,2,1,0,0,0,0,1,4,3
p_3667,0,2,3,1,4,0,0,1,2,0,2,2,3,2,3,0,0,0,2,3,3,3
e_3668,3,1,4,0,3,0,0,1,6,1,2,0,0,0,0,0,0,0,0,1,3,3
e_3669,3,1,4,0,3,0,0,1,3,1,2,0,0,0,2,0,0,0,0,1,4,3
p_3670,0,0,5,1,5,0,0,0,2,0,2,0,0,0,0,0,0,0,0,0,0,3
e_3671,3,2,4,0,3,0,0,1,6,1,2,0,0,0,0,0,0,0,0,0,3,3
e_3672,3,2,3,0,3,0,0,1,6,1,2,0,0,1,1,0,0,0,0,0,4,3
e_3673,3,2,3,0,3,0,0,1,4,1,2,0,0,0,0,0,0,0,0,1,4,3
e_3674,3,2,3,0,3,0,0,1,6,1,2,0,0,1,1,0,0,0,0,1,3,3
p_3675,0,2,3,1,4,0,0,1,5,0,2,2,3,4,3,0,0,0,2,3,3,4
e_3676,3,1,0,0,3,0,0,1,3,1,2,0,0,2,2,0,0,0,0,1,4,3
e_3677,3,1,3,0,3,0,0,1,1,1,2,0,0,0,2,0,0,0,0,0,3,3
e_3678,3,1,0,0,3,0,0,1,6,1,2,0,0,2,1,0,0,0,0,0,4,3
p_3679,0,0,5,1,5,0,0,0,1,0,2,0,0,0,0,0,0,0,0,0,0,3
e_3680,3,1,4,0,3,0,0,1,1,1,2,0,0,2,1,0,0,0,0,0,4,3
e_3681,3,1,3,0,3,0,0,1,3,1,2,0,0,1,1,0,0,0,0,0,3,3
e_3682,3,1,4,0,3,0,0,1,1,1,2,0,0,0,1,0,0,0,0,0,4,3
p_3683,0,0,2,1,5,0,0,0,6,0,2,0,0,0,0,0,0,0,0,0,0,3
p_3684,0,2,3,1,4,0,0,1,5,0,2,2,3,3,4,0,0,0,2,3,3,4
e_3685,3,1,0,0,3,0,0,1,4,1,2,0,0,0,1,0,0,0,0,1,3,3
p_3686,0,2,3,1,4,0,0,1,2,0,2,2,3,2,1,0,0,0,2,3,3,1
p_3687,0,2,2,1,5,0,0,0,1,0,2,0,0,0,0,0,0,0,0,1,0,3
e_3688,3,1,0,0,3,0,0,1,4,1,2,0,0,1,2,0,0,0,0,0,4,3
e_3689,3,1,3,0,3,0,0,1,3,1,2,0,0,0,0,0,0,0,0,1,3,3
e_3690,3,1,3,0,3,0,0,1,1,1,2,0,0,0,0,0,0,0,0,1,3,3
e_3691,3,1,3,0,3,0,0,1,4,1,2,0,0,0,1,0,0,0,0,1,3,3
p_3692,0,2,2,1,5,0,1,0,3,0,2,0,0,0,0,0,0,0,0,1,3,3
e_3693,3,2,4,0,3,0,0,1,6,1,2,0,0,0,0,0,0,0,0,1,3,3
p_3694,0,2,3,1,4,0,0,1,2,0,2,2,3,2,3,0,0,0,2,3,3,1
e_3695,3,1,0,0,3,0,0,1,4,1,2,0,0,1,0,0,0,0,0,1,4,3
e_3696,3,1,0,0,3,0,0,1,3,1,2,0,0,2,2,0,0,0,0,1,3,3
p_3697,0,0,5,1,5,0,0,0,6,0,2,0,0,0,0,0,0,0,0,0,3,3
e_3698,3,1,3,0,3,0,0,1,1,1,2,0,0,0,2,0,0,0,0,1,4,3
p_3699,0,0,5,1,5,0,0,0,2,0,2,0,0,0,0,0,0,0,0,1,3,3
e_3700,0,1,0,0,3,0,0,1,1,1,2,0,0,0,1,0,0,0,0,1,4,3
p_3701,0,1,3,1,4,0,0,1,3,0,2,2,3,4,3,0,0,0,2,3,4,1
e_3702,3,1,4,0,3,0,0,1,4,1,2,0,0,1,0,0,0,0,0,0,4,3
p_3703,0,2,5,1,5,0,0,0,3,0,2,0,0,0,0,0,0,0,0,1,0,3
p_3704,0,2,3,1,4,0,0,1,3,0,2,2,3,2,4,0,0,0,2,3,3,4
e_3705,3,2,4,0,3,0,0,1,6,1,2,0,0,0,2,0,0,0,0,1,4,3
e_3706,3,2,4,0,3,0,0,1,4,1,2,0,0,1,0,0,0,0,0,0,4,3
p_3707,0,2,3,1,5,0,0,0,6,0,2,0,0,0,0,0,0,0,0,1,0,3
p_3708,0,2,3,1,4,0,0,1,3,0,2,2,3,3,4,0,0,0,2,3,3,1
e_3709,3,1,3,0,3,0,0,1,1,1,2,0,0,0,0,0,0,0,0,1,4,3
p_3710,0,2,3,1,4,0,0,1,3,0,2,2,3,3,3,0,0,0,2,3,3,3
e_3711,3,2,4,0,3,0,0,1,4,1,2,0,0,2,1,0,0,0,0,0,3,3
e_3712,3,1,0,0,3,0,0,1,6,1,2,0,0,0,1,0,0,0,0,0,3,3
p_3713,3,1,1,1,4,0,0,1,5,0,2,2,3,4,4,0,0,0,2,3,4,3
e_3714,3,1,4,0,3,0,0,1,1,1,2,0,0,0,0,0,0,0,0,0,4,3
e_3715,3,1,4,0,3,0,0,1,3,1,2,0,0,0,0,0,0,0,0,0,3,3
e_3716,3,1,0,0,3,0,0,1,4,1,2,0,0,1,2,0,0,0,0,1,4,3
e_3717,0,2,0,0,3,0,0,1,4,1,2,0,0,1,1,0,0,0,0,0,3,3
p_3718,3,1,3,1,4,0,0,1,2,0,2,2,3,2,3,0,0,0,2,3,3,3
e_3719,3,1,3,0,3,0,0,1,6,1,2,0,0,1,0,0,0,0,0,1,3,3
e_3720,3,2,4,0,3,0,0,1,4,1,2,0,0,2,0,0,0,0,0,0,4,3
e_3721,3,1,0,0,3,0,0,1,3,1,2,0,0,2,1,0,0,0,0,1,3,3
e_3722,0,1,3,0,3,0,0,1,3,1,2,0,0,2,0,0,0,0,0,1,4,3
e_3723,0,1,0,0,3,0,0,1,4,1,2,0,0,1,0,0,0,0,0,0,3,3
p_3724,0,2,3,1,4,0,0,1,3,0,2,2,3,4,3,0,0,0,2,3,3,3
p_3725,0,0,2,1,5,0,1,0,2,0,2,0,0,0,0,0,0,0,0,1,3,3
p_3726,3,2,1,1,4,0,0,1,2,0,2,2,3,3,3,0,0,0,2,3,3,4
e_3727,3,1,0,0,3,0,0,1,6,1,2,0,0,2,2,0,0,0,0,1,3,3
e_3728,3,1,4,0,3,0,0,1,3,1,2,0,0,2,2,0,0,0,0,0,4,3
e_3729,3,2,4,0,3,0,0,1,6,1,2,0,0,2,2,0,0,0,0,1,4,3
e_3730,3,2,4,0,3,0,0,1,4,1,2,0,0,2,1,0,0,0,0,1,4,3
e_3731,3,1,4,0,3,0,0,1,4,1,2,0,0,1,1,0,0,0,0,1,3,3
e_3732,3,1,0,0,3,0,0,1,1,1,2,0,0,1,2,0,0,0,0,0,4,3
e_3733,3,1,4,0,3,0,0,1,1,1,2,0,0,0,2,0,0,0,0,0,3,3
p_3734,0,1,3,1,4,0,0,1,5,0,2,2,3,3,4,0,0,0,2,3,4,1
e_3735,3,1,4,0,3,0,0,1,4,1,2,0,0,2,1,0,0,0,0,1,4,3
e_3736,3,1,0,0,3,0,0,1,3,1,2,0,0,0,0,0,0,0,0,1,4,3
p_3737,0,2,3,1,4,0,0,1,3,0,2,2,3,2,4,0,0,0,2,3,3,3
p_3738,0,2,2,1,5,0,1,0,3,0,2,0,0,0,0,0,0,0,0,0,0,3
p_3739,0,2,3,1,5,0,1,0,3,0,2,0,0,0,0,0,0,0,0,0,3,3
e_3740,0,1,0,0,3,0,0,1,6,1,2,0,0,0,2,0,0,0,0,1,4,3
p_3741,3,2,1,1,4,0,0,1,5,0,2,2,3,2,1,0,0,0,2,3,3,4
p_3742,0,0,3,1,5,0,1,0,1,0,2,0,0,0,0,0,0,0,0,1,3,3
e_3743,3,1,4,0,3,0,0,1,4,1,2,0,0,1,0,0,0,0,0,1,3,3
e_3744,3,1,4,0,3,0,0,1,6,1,2,0,0,0,0,0,0,0,0,1,4,3
e_3745,3,2,4,0,3,0,0,1,3,1,2,0,0,1,1,0,0,0,0,0,3,3
p_3746,0,2,1,1,4,0,0,1,3,0,2,2,3,4,4,0,0,0,2,3,3,3
e_3747,3,1,0,0,3,0,0,1,6,1,2,0,0,1,2,0,0,0,0,1,3,3
e_3748,3,2,4,0,3,0,0,1,4,1,2,0,0,0,0,0,0,0,0,1,3,3
e_3749,3,1,4,0,3,0,0,1,6,1,2,0,0,2,0,0,0,0,0,1,3,3
p_3750,0,2,1,1,4,0,0,1,3,0,2,2,3,2,1,0,0,0,2,3,3,4
p_3751,0,2,3,1,5,0,0,0,1,0,2,0,0,0,0,0,0,0,0,1,3,3
e_3752,3,2,4,0,3,0,0,1,6,1,2,0,0,0,1,0,0,0,0,0,3,3
p_3753,0,0,3,1,5,0,0,0,2,0,2,0,0,0,0,0,0,0,0,1,0,3
p_3754,0,2,2,1,5,0,0,0,6,0,2,0,0,0,0,0,0,0,0,1,3,3
p_3755,0,2,3,1,4,0,0,1,5,0,2,2,3,2,3,0,0,0,2,3,4,1
e_3756,3,1,3,0,3,0,0,1,1,1,2,0,0,0,1,0,0,0,0,1,3,3
e_3757,3,2,4,0,3,0,0,1,1,1,2,0,0,1,2,0,0,0,0,0,3,3
p_3758,3,2,1,1,4,0,0,1,3,0,2,2,3,4,1,0,0,0,2,3,4,4
e_3759,3,2,4,0,3,0,0,1,6,1,2,0,0,1,0,0,0,0,0,0,4,3
e_3760,3,1,4,0,3,0,0,1,4,1,2,0,0,0,1,0,0,0,0,1,3,3
e_3761,3,2,3,0,3,0,0,1,6,1,2,0,0,2,0,0,0,0,0,1,3,3
e_3762,3,1,4,0,3,0,0,1,1,1,2,0,0,1,0,0,0,0,0,1,4,3
e_3763,3,2,3,0,3,0,0,1,6,1,2,0,0,0,1,0,0,0,0,0,3,3
e_3764,3,1,0,0,3,0,0,1,6,1,2,0,0,0,1,0,0,0,0,0,4,3
e_3765,3,1,4,0,3,0,0,1,4,1,2,0,0,2,0,0,0,0,0,0,3,3
e_3766,3,1,0,0,3,0,0,1,4,1,2,0,0,1,2,0,0,0,0,1,3,3
e_3767,3,2,4,0,3,0,0,1,1,1,2,0,0,2,1,0,0,0,0,1,4,3
e_3768,3,1,4,0,3,0,0,1,4,1,2,0,0,0,1,0,0,0,0,1,4,3
e_3769,3,2,3,0,3,0,0,1,4,1,2,0,0,0,2,0,0,0,0,0,4,3
e_3770,0,2,3,0,3,0,0,1,3,1,2,0,0,2,0,0,0,0,0,1,4,3
e_3771,3,1,0,0,3,0,0,1,3,1,2,0,0,0,1,0,0,0,0,1,4,3
e_3772,3,1,0,0,3,0,0,1,3,1,2,0,0,1,1,0,0,0,0,1,3,3
e_3773,0,2,4,0,3,0,0,1,1,1,2,0,0,1,0,0,0,0,0,0,4,3
e_3774,3,2,0,0,3,0,0,1,3,1,2,0,0,0,1,0,0,0,0,0,4,3
p_3775,0,2,3,1,4,0,0,1,5,0,2,2,3,3,4,0,0,0,2,3,4,4
e_3776,3,1,4,0,3,0,0,1,3,1,2,0,0,0,1,0,0,0,0,1,4,3
e_3777,0,1,3,0,3,0,0,1,1,1,2,0,0,0,2,0,0,0,0,0,4,3
e_3778,3,1,0,0,3,0,0,1,4,1,2,0,0,2,1,0,0,0,0,1,3,3
e_3779,3,1,0,0,3,0,0,1,4,1,2,0,0,1,1,0,0,0,0,0,4,3
e_3780,3,1,3,0,3,0,0,1,4,1,2,0,0,2,2,0,0,0,0,1,4,3
p_3781,0,2,3,1,4,0,0,1,5,0,2,2,3,2,4,0,0,0,2,3,3,3
e_3782,3,2,4,0,3,0,0,1,4,1,2,0,0,2,0,0,0,0,0,1,3,3
p_3783,3,2,3,1,4,0,0,1,2,0,2,2,3,2,3,0,0,0,2,3,3,3
e_3784,3,1,3,0,3,0,0,1,6,1,2,0,0,2,1,0,0,0,0,1,4,3
e_3785,3,1,3,0,3,0,0,1,1,1,2,0,0,1,2,0,0,0,0,1,3,3
e_3786,3,2,3,0,3,0,0,1,6,1,2,0,0,2,0,0,0,0,0,0,4,3
p_3787,3,2,1,1,4,0,0,1,5,0,2,2,3,2,3,0,0,0,2,3,3,4
e_3788,0,1,0,0,3,0,0,1,1,1,2,0,0,1,0,0,0,0,0,1,3,3
e_3789,3,1,3,0,3,0,0,1,3,1,2,0,0,1,2,0,0,0,0,1,4,3
p_3790,3,2,3,1,4,0,0,1,5,0,2,2,3,4,4,0,0,0,2,3,3,3
e_3791,3,1,0,0,3,0,0,1,4,1,2,0,0,1,0,0,0,0,0,0,3,3
p_3792,0,2,3,1,5,0,1,0,6,0,2,0,0,0,0,0,0,0,0,0,0,3
e_3793,3,1,4,0,3,0,0,1,4,1,2,0,0,2,0,0,0,0,0,1,4,3
p_3794,0,0,2,1,5,0,1,0,2,0,2,0,0,0,0,0,0,0,0,0,0,3
e_3795,3,1,0,0,3,0,0,1,1,1,2,0,0,0,1,0,0,0,0,0,3,3
p_3796,0,0,2,1,5,0,0,0,1,0,2,0,0,0,0,0,0,0,0,1,3,3
e_3797,3,1,4,0,3,0,0,1,3,1,2,0,0,2,1,0,0,0,0,1,4,3
e_3798,3,2,3,0,3,0,0,1,6,1,2,0,0,0,2,0,0,0,0,1,3,3
e_3799,3,2,4,0,3,0,0,1,3,1,2,0,0,2,0,0,0,0,0,0,4,3
e_3800,3,1,4,0,3,0,0,1,4,1,2,0,0,1,0,0,0,0,0,1,4,3
p_3801,0,0,3,1,5,0,0,0,3,0,2,0,0,0,0,0,0,0,0,0,0,3
e_3802,3,1,4,0,3,0,0,1,1,1,2,0,0,2,0,0,0,0,0,0,4,3
e_3803,3,1,4,0,3,0,0,1,1,1,2,0,0,1,2,0,0,0,0,0,3,3
p_3804,0,2,5,1,5,0,1,0,1,0,2,0,0,0,0,0,0,0,0,0,3,3
e_3805,3,2,4,0,3,0,0,1,6,1,2,0,0,2,1,0,0,0,0,0,4,3
p_3806,0,0,5,1,5,0,0,0,6,0,2,0,0,0,0,0,0,0,0,1,3,3
e_3807,3,2,4,0,3,0,0,1,4,1,2,0,0,2,2,0,0,0,0,0,4,3
p_3808,3,2,3,1,4,0,0,1,2,0,2,2,3,4,1,0,0,0,2,3,4,1
e_3809,3,1,3,0,3,0,0,1,3,1,2,0,0,1,1,0,0,0,0,1,4,3
p_3810,0,2,3,1,4,0,0,1,5,0,2,2,3,3,1,0,0,0,2,3,4,1
e_3811,3,1,0,0,3,0,0,1,1,1,2,0,0,2,1,0,0,0,0,0,3,3
e_3812,3,1,4,0,3,0,0,1,6,1,2,0,0,2,1,0,0,0,0,1,3,3
e_3813,3,1,0,0,3,0,0,1,6,1,2,0,0,2,1,0,0,0,0,0,3,3
p_3814,0,0,5,1,5,0,1,0,2,0,2,0,0,0,0,0,0,0,0,0,0,3
p_3815,0,1,3,1,4,0,0,1,5,0,2,2,3,3,1,0,0,0,2,3,4,4
e_3816,3,2,4,0,3,0,0,1,3,1,2,0,0,1,1,0,0,0,0,1,3,3
e_3817,3,2,3,0,3,0,0,1,4,1,2,0,0,0,0,0,0,0,0,0,3,3
e_3818,3,1,3,0,3,0,0,1,1,1,2,0,0,0,0,0,0,0,0,0,3,3
e_3819,3,1,4,0,3,0,0,1,3,1,2,0,0,1,0,0,0,0,0,1,4,3
e_3820,3,1,4,0,3,0,0,1,6,1,2,0,0,0,0,0,0,0,0,0,3,3
e_3821,0,2,3,0,3,0,0,1,1,1,2,0,0,0,1,0,0,0,0,1,4,3
p_3822,0,2,3,1,4,0,0,1,2,0,2,2,3,3,1,0,0,0,2,3,4,3
e_3823,0,1,0,0,3,0,0,1,6,1,2,0,0,1,1,0,0,0,0,1,4,3
e_3824,3,1,4,0,3,0,0,1,6,1,2,0,0,0,1,0,0,0,0,0,4,3
e_3825,3,2,4,0,3,0,0,1,1,1,2,0,0,2,0,0,0,0,0,0,4,3
p_3826,0,2,2,1,5,0,0,0,1,0,2,0,0,0,0,0,0,0,0,0,3,3
e_3827,3,1,4,0,3,0,0,1,3,1,2,0,0,1,1,0,0,0,0,0,4,3
e_3828,3,1,3,0,3,0,0,1,3,1,2,0,0,0,0,0,0,0,0,1,4,3
p_3829,0,2,3,1,4,0,0,1,3,0,2,2,3,3,3,0,0,0,2,3,4,1
e_3830,3,1,3,0,3,0,0,1,1,1,2,0,0,2,0,0,0,0,0,1,4,3
p_3831,0,0,2,1,5,0,1,0,1,0,2,0,0,0,0,0,0,0,0,0,3,3
e_3832,3,2,4,0,3,0,0,1,1,1,2,0,0,2,1,0,0,0,0,0,3,3
p_3833,0,0,2,1,5,0,0,0,1,0,2,0,0,0,0,0,0,0,0,0,0,3
p_3834,0,2,3,1,4,0,0,1,2,0,2,2,3,2,1,0,0,0,2,3,3,3
p_3835,0,2,3,1,4,0,0,1,5,0,2,2,3,4,1,0,0,0,2,3,4,3
e_3836,3,1,3,0,3,0,0,1,6,1,2,0,0,1,2,0,0,0,0,1,3,3
e_3837,3,1,3,0,3,0,0,1,3,1,2,0,0,0,2,0,0,0,0,1,3,3
e_3838,3,1,4,0,3,0,0,1,3,1,2,0,0,2,0,0,0,0,0,1,4,3
e_3839,3,1,4,0,3,0,0,1,3,1,2,0,0,0,2,0,0,0,0,0,4,3
p_3840,0,2,3,1,4,0,0,1,5,0,2,2,3,4,4,0,0,0,2,3,3,4
e_3841,3,2,4,0,3,0,0,1,6,1,2,0,0,2,0,0,0,0,0,1,4,3
e_3842,3,2,4,0,3,0,0,1,1,1,2,0,0,1,1,0,0,0,0,0,4,3
p_3843,0,1,3,1,4,0,0,1,2,0,2,2,3,3,4,0,0,0,2,3,3,1
e_3844,3,2,4,0,3,0,0,1,6,1,2,0,0,0,2,0,0,0,0,0,4,3
p_3845,0,2,3,1,5,0,1,0,3,0,2,0,0,0,0,0,0,0,0,1,0,3
e_3846,3,1,3,0,3,0,0,1,6,1,2,0,0,1,0,0,0,0,0,0,4,3
e_3847,3,1,4,0,3,0,0,1,4,1,2,0,0,1,2,0,0,0,0,1,4,3
e_3848,3,1,4,0,3,0,0,1,1,1,2,0,0,2,0,0,0,0,0,1,4,3
e_3849,3,1,3,0,3,0,0,1,4,1,2,0,0,0,1,0,0,0,0,0,4,3
e_3850,0,2,4,0,3,0,0,1,1,1,2,0,0,0,0,0,0,0,0,1,4,3
e_3851,3,1,3,0,3,0,0,1,6,1,2,0,0,2,0,0,0,0,0,0,4,3
p_3852,0,0,5,1,5,0,0,0,3,0,2,0,0,0,0,0,0,0,0,0,0,3
e_3853,3,1,0,0,3,0,0,1,6,1,2,0,0,0,1,0,0,0,0,1,3,3
p_3854,0,2,3,1,4,0,0,1,3,0,2,2,3,4,4,0,0,0,2,3,4,1
e_3855,3,1,4,0,3,0,0,1,1,1,2,0,0,0,1,0,0,0,0,0,3,3
e_3856,3,1,3,0,3,0,0,1,4,1,2,0,0,1,0,0,0,0,0,1,3,3
e_3857,3,2,4,0,3,0,0,1,1,1,2,0,0,2,2,0,0,0,0,1,3,3
p_3858,0,0,2,1,5,0,1,0,6,0,2,0,0,0,0,0,0,0,0,1,3,3
p_3859,0,2,2,1,5,0,1,0,1,0,2,0,0,0,0,0,0,0,0,1,3,3
e_3860,0,1,0,0,3,0,0,1,1,1,2,0,0,0,0,0,0,0,0,1,3,3
e_3861,3,2,4,0,3,0,0,1,4,1,2,0,0,2,2,0,0,0,0,0,3,3
e_3862,3,1,4,0,3,0,0,1,4,1,2,0,0,1,1,0,0,0,0,0,3,3
e_3863,0,1,3,0,3,0,0,1,6,1,2,0,0,1,1,0,0,0,0,1,4,3
p_3864,0,2,3,1,4,0,0,1,3,0,2,2,3,3,1,0,0,0,2,3,3,3
p_3865,0,2,2,1,5,0,1,0,1,0,2,0,0,0,0,0,0,0,0,0,3,3
e_3866,3,1,0,0,3,0,0,1,4,1,2,0,0,0,0,0,0,0,0,0,4,3
e_3867,3,2,4,0,3,0,0,1,4,1,2,0,0,1,2,0,0,0,0,0,3,3
p_3868,0,2,2,1,5,0,1,0,6,0,2,0,0,0,0,0,0,0,0,0,3,3
p_3869,0,0,3,1,5,0,1,0,3,0,2,0,0,0,0,0,0,0,0,0,0,3
e_3870,0,1,4,0,3,0,0,1,3,1,2,0,0,2,1,0,0,0,0,0,3,3
p_3871,0,2,3,1,4,0,0,1,5,0,2,2,3,4,1,0,0,0,2,3,3,3
p_3872,0,2,3,1,5,0,0,0,3,0,2,0,0,0,0,0,0,0,0,1,3,3
p_3873,0,2,3,1,4,0,0,1,5,0,2,2,3,3,1,0,0,0,2,3,3,3
p_3874,0,0,3,1,5,0,0,0,1,0,2,0,0,0,0,0,0,0,0,1,3,3
e_3875,0,2,3,0,3,0,0,1,4,1,2,0,0,2,2,0,0,0,0,0,3,3
p_3876,0,2,5,1,5,0,0,0,6,0,2,0,0,0,0,0,0,0,0,0,0,3
e_3877,3,2,4,0,3,0,0,1,1,1,2,0,0,1,1,0,0,0,0,1,3,3
p_3878,0,0,5,1,5,0,0,0,1,0,2,0,0,0,0,0,0,0,0,0,3,3
p_3879,0,2,3,1,5,0,1,0,3,0,2,0,0,0,0,0,0,0,0,0,0,3
e_3880,3,1,4,0,3,0,0,1,3,1,2,0,0,1,2,0,0,0,0,0,4,3
p_3881,0,2,3,1,5,0,0,0,1,0,2,0,0,0,0,0,0,0,0,0,0,3
p_3882,0,0,3,1,5,0,1,0,1,0,2,0,0,0,0,0,0,0,0,0,3,3
e_3883,3,1,3,0,3,0,0,1,6,1,2,0,0,0,2,0,0,0,0,1,4,3
e_3884,3,1,0,0,3,0,0,1,6,1,2,0,0,1,0,0,0,0,0,1,4,3
p_3885,0,2,3,1,5,0,1,0,2,0,2,0,0,0,0,0,0,0,0,1,0,3
e_3886,3,2,4,0,3,0,0,1,3,1,2,0,0,0,2,0,0,0,0,0,3,3
p_3887,0,0,2,1,5,0,0,0,1,0,2,0,0,0,0,0,0,0,0,1,0,3
e_3888,3,1,0,0,3,0,0,1,4,1,2,0,0,1,2,0,0,0,0,0,3,3
p_3889,0,2,3,1,4,0,0,1,5,0,2,2,3,3,3,0,0,0,2,3,3,3
p_3890,3,1,3,1,4,0,0,1,2,0,2,2,3,4,3,0,0,0,2,3,4,1
e_3891,3,1,3,0,3,0,0,1,1,1,2,0,0,2,2,0,0,0,0,0,3,3
p_3892,0,2,3,1,4,0,0,1,2,0,2,2,3,3,3,0,0,0,2,3,3,1
e_3893,3,1,3,0,3,0,0,1,3,1,2,0,0,1,0,0,0,0,0,1,3,3
p_3894,0,2,3,1,4,0,0,1,2,0,2,2,3,3,4,0,0,0,2,3,4,1
p_3895,3,2,3,1,4,0,0,1,3,0,2,2,3,3,1,0,0,0,2,3,4,4
e_3896,3,2,4,0,3,0,0,1,1,1,2,0,0,0,0,0,0,0,0,0,3,3
e_3897,3,2,3,0,3,0,0,1,4,1,2,0,0,1,2,0,0,0,0,0,3,3
p_3898,0,2,2,1,5,0,0,0,3,0,2,0,0,0,0,0,0,0,0,1,3,3
e_3899,3,2,3,0,3,0,0,1,1,1,2,0,0,0,0,0,0,0,0,1,4,3
p_3900,0,2,3,1,4,0,0,1,3,0,2,2,3,4,1,0,0,0,2,3,4,4
p_3901,0,1,1,1,4,0,0,1,5,0,2,2,3,3,3,0,0,0,2,3,3,3
p_3902,3,1,3,1,4,0,0,1,3,0,2,2,3,3,1,0,0,0,2,3,4,4
p_3903,0,2,1,1,4,0,0,1,3,0,2,2,3,2,3,0,0,0,2,3,3,1
p_3904,0,2,2,1,5,0,1,0,2,0,2,0,0,0,0,0,0,0,0,1,3,3
p_3905,0,1,1,1,4,0,0,1,5,0,2,2,3,4,4,0,0,0,2,3,4,3
p_3906,0,1,1,1,4,0,0,1,2,0,2,2,3,4,1,0,0,0,2,3,3,3
p_3907,0,2,1,1,4,0,0,1,5,0,2,2,3,3,4,0,0,0,2,3,3,4
p_3908,3,2,1,1,4,0,0,1,5,0,2,2,3,2,4,0,0,0,2,3,3,3
p_3909,3,2,1,1,4,0,0,1,2,0,2,2,3,3,4,0,0,0,2,3,4,3
e_3910,3,1,3,0,3,0,0,1,1,1,2,0,0,0,2,0,0,0,0,0,4,3
p_3911,0,1,3,1,4,0,0,1,2,0,2,2,3,4,4,0,0,0,2,3,4,1
p_3912,3,2,1,1,4,0,0,1,3,0,2,2,3,3,3,0,0,0,2,3,4,4
p_3913,3,2,1,1,4,0,0,1,2,0,2,2,3,2,3,0,0,0,2,3,4,1
e_3914,0,2,3,0,3,0,0,1,4,1,2,0,0,0,0,0,0,0,0,0,4,3
e_3915,3,1,0,0,3,0,0,1,1,1,2,0,0,0,2,0,0,0,0,1,3,3
e_3916,3,1,4,0,3,0,0,1,1,1,2,0,0,0,1,0,0,0,0,1,3,3
p_3917,0,1,1,1,4,0,0,1,5,0,2,2,3,3,1,0,0,0,2,3,3,1
p_3918,3,1,3,1,4,0,0,1,2,0,2,2,3,4,3,0,0,0,2,3,3,1
p_3919,3,1,3,1,4,0,0,1,5,0,2,2,3,3,3,0,0,0,2,3,3,3
e_3920,3,1,4,0,3,0,0,1,4,1,2,0,0,2,0,0,0,0,0,0,4,3
p_3921,3,1,3,1,4,0,0,1,3,0,2,2,3,3,3,0,0,0,2,3,3,1
e_3922,3,2,4,0,3,0,0,1,1,1,2,0,0,1,0,0,0,0,0,0,3,3
e_3923,3,2,3,0,3,0,0,1,3,1,2,0,0,1,0,0,0,0,0,0,3,3
e_3924,3,2,3,0,3,0,0,1,4,1,2,0,0,1,1,0,0,0,0,1,3,3
p_3925,0,2,3,1,4,0,0,1,3,0,2,2,3,4,3,0,0,0,2,3,4,3
p_3926,0,1,1,1,4,0,0,1,3,0,2,2,3,4,3,0,0,0,2,3,4,1
p_3927,3,2,1,1,4,0,0,1,5,0,2,2,3,4,4,0,0,0,2,3,4,1
e_3928,3,1,4,0,3,0,0,1,3,1,2,0,0,1,1,0,0,0,0,1,3,3
p_3929,0,2,1,1,4,0,0,1,5,0,2,2,3,2,4,0,0,0,2,3,4,3
p_3930,3,1,3,1,4,0,0,1,5,0,2,2,3,2,3,0,0,0,2,3,4,4
p_3931,3,2,1,1,4,0,0,1,2,0,2,2,3,2,1,0,0,0,2,3,3,1
p_3932,3,1,1,1,4,0,0,1,2,0,2,2,3,2,3,0,0,0,2,3,3,3
p_3933,0,1,3,1,4,0,0,1,3,0,2,2,3,3,4,0,0,0,2,3,4,4
p_3934,3,2,1,1,4,0,0,1,5,0,2,2,3,4,3,0,0,0,2,3,3,4
p_3935,0,0,5,1,5,0,0,0,2,0,2,0,0,0,0,0,0,0,0,1,0,3
p_3936,0,1,1,1,4,0,0,1,3,0,2,2,3,3,4,0,0,0,2,3,3,1
e_3937,3,2,4,0,3,0,0,1,6,1,2,0,0,1,2,0,0,0,0,0,3,3
e_3938,3,1,4,0,3,0,0,1,1,1,2,0,0,1,1,0,0,0,0,0,4,3
p_3939,0,2,5,1,5,0,0,0,1,0,2,0,0,0,0,0,0,0,0,1,3,3
p_3940,0,2,1,1,4,0,0,1,5,0,2,2,3,4,3,0,0,0,2,3,3,1
p_3941,3,1,3,1,4,0,0,1,3,0,2,2,3,4,1,0,0,0,2,3,3,1
e_3942,0,1,3,0,3,0,0,1,3,1,2,0,0,0,1,0,0,0,0,0,4,3
e_3943,3,2,4,0,3,0,0,1,3,1,2,0,0,0,2,0,0,0,0,1,4,3
p_3944,3,1,3,1,4,0,0,1,3,0,2,2,3,4,3,0,0,0,2,3,3,3
e_3945,3,1,3,0,3,0,0,1,6,1,2,0,0,0,2,0,0,0,0,1,3,3
p_3946,0,2,1,1,4,0,0,1,2,0,2,2,3,3,1,0,0,0,2,3,3,3
p_3947,3,1,3,1,4,0,0,1,2,0,2,2,3,3,4,0,0,0,2,3,4,1
e_3948,3,2,4,0,3,0,0,1,3,1,2,0,0,1,2,0,0,0,0,1,3,3
p_3949,0,1,1,1,4,0,0,1,5,0,2,2,3,3,4,0,0,0,2,3,3,1
p_3950,3,2,1,1,4,0,0,1,2,0,2,2,3,3,3,0,0,0,2,3,4,1
p_3951,0,1,1,1,4,0,0,1,3,0,2,2,3,2,1,0,0,0,2,3,3,1
p_3952,3,2,3,1,4,0,0,1,2,0,2,2,3,2,3,0,0,0,2,3,4,1
p_3953,0,0,5,1,5,0,1,0,1,0,2,0,0,0,0,0,0,0,0,1,0,3
p_3954,0,2,3,1,5,0,0,0,2,0,2,0,0,0,0,0,0,0,0,0,0,3
p_3955,0,1,3,1,4,0,0,1,2,0,2,2,3,4,1,0,0,0,2,3,3,4
p_3956,0,1,1,1,4,0,0,1,5,0,2,2,3,4,1,0,0,0,2,3,4,4
p_3957,3,2,3,1,4,0,0,1,5,0,2,2,3,2,4,0,0,0,2,3,3,3
e_3958,3,1,3,0,3,0,0,1,6,1,2,0,0,0,0,0,0,0,0,1,3,3
p_3959,0,0,3,0,4,0,0,1,4,1,2,1,0,0,0,0,0,0,0,3,3,0
p_3960,0,1,1,1,4,0,0,1,2,0,2,2,3,2,3,0,0,0,2,3,4,3
e_3961,3,2,3,0,3,0,0,1,4,1,2,0,0,2,1,0,0,0,0,0,3,3
p_3962,3,2,1,1,4,0,0,1,2,0,2,2,3,2,3,0,0,0,2,3,4,3
p_3963,0,1,3,1,4,0,0,1,5,0,2,2,3,4,3,0,0,0,2,3,4,4
p_3964,3,2,1,1,4,0,0,1,2,0,2,2,3,4,3,0,0,0,2,3,3,4
p_3965,0,1,3,1,4,0,0,1,5,0,2,2,3,4,4,0,0,0,2,3,4,1
p_3966,3,1,3,1,4,0,0,1,5,0,2,2,3,4,1,0,0,0,2,3,4,1
p_3967,3,1,1,1,4,0,0,1,5,0,2,2,3,3,3,0,0,0,2,3,4,4
p_3968,0,2,1,1,4,0,0,1,3,0,2,2,3,2,4,0,0,0,2,3,4,4
p_3969,0,0,2,1,5,0,0,0,2,0,2,0,0,0,0,0,0,0,0,0,3,3
p_3970,0,1,3,1,4,0,0,1,2,0,2,2,3,4,4,0,0,0,2,3,3,4
p_3971,0,2,3,1,4,0,0,1,3,0,2,2,3,4,3,0,0,0,2,3,4,4
e_3972,3,1,0,0,3,0,0,1,6,1,2,0,0,2,1,0,0,0,0,1,3,3
e_3973,3,2,3,0,3,0,0,1,4,1,2,0,0,2,0,0,0,0,0,0,3,3
p_3974,0,2,1,1,4,0,0,1,2,0,2,2,3,3,3,0,0,0,2,3,4,4
p_3975,0,0,5,1,5,0,0,0,6,0,2,0,0,0,0,0,0,0,0,1,0,3
p_3976,3,2,3,1,4,0,0,1,3,0,2,2,3,3,4,0,0,0,2,3,3,1
p_3977,0,2,3,1,4,0,0,1,5,0,2,2,3,4,3,0,0,0,2,3,3,1
p_3978,0,0,2,1,5,0,0,0,6,0,2,0,0,0,0,0,0,0,0,0,3,3
e_3979,3,2,4,0,3,0,0,1,4,1,2,0,0,0,1,0,0,0,0,1,3,3
p_3980,3,1,3,1,4,0,0,1,3,0,2,2,3,4,4,0,0,0,2,3,3,1
p_3981,0,2,5,1,5,0,1,0,3,0,2,0,0,0,0,0,0,0,0,0,3,3
p_3982,3,0,2,0,4,0,0,1,3,1,2,1,0,0,0,0,0,0,0,3,3,1
p_3983,0,1,1,1,4,0,0,1,3,0,2,2,3,3,4,0,0,0,2,3,3,4
e_3984,0,1,6,0,3,0,0,1,7,0,4,0,0,5,0,0,0,1,1,4,5,5
p_3985,3,2,3,1,4,0,0,1,2,0,2,2,3,3,1,0,0,0,2,3,4,1
p_3986,0,2,3,1,4,0,0,1,3,0,2,2,3,2,4,0,0,0,2,3,4,1
p_3987,0,2,1,1,4,0,0,1,5,0,2,2,3,3,3,0,0,0,2,3,4,1
p_3988,3,2,1,1,4,0,0,1,5,0,2,2,3,2,1,0,0,0,2,3,4,1
e_3989,3,2,3,0,3,0,0,1,6,1,2,0,0,2,2,0,0,0,0,1,4,3
p_3990,0,2,1,1,4,0,0,1,5,0,2,2,3,2,1,0,0,0,2,3,3,3
p_3991,0,1,3,1,4,0,0,1,5,0,2,2,3,2,1,0,0,0,2,3,3,3
p_3992,3,2,3,1,4,0,0,1,3,0,2,2,3,3,4,0,0,0,2,3,4,1
p_3993,0,2,3,1,5,0,1,0,6,0,2,0,0,0,0,0,0,0,0,1,0,3
p_3994,0,2,3,1,5,0,0,0,6,0,2,0,0,0,0,0,0,0,0,1,3,3
p_3995,0,1,3,1,4,0,0,1,3,0,2,2,3,2,4,0,0,0,2,3,3,1
p_3996,0,0,3,0,4,0,0,1,5,1,2,0,0,0,0,0,0,0,0,3,0,1
p_3997,0,1,3,1,4,0,0,1,5,0,2,2,3,2,3,0,0,0,2,3,3,1
e_3998,3,1,3,0,3,0,0,1,1,1,2,0,0,2,2,0,0,0,0,0,4,3
p_3999,3,2,1,1,4,0,0,1,3,0,2,2,3,4,3,0,0,0,2,3,3,3
e_4000,3,2,4,0,3,0,0,1,3,1,2,0,0,2,1,0,0,0,0,0,3,3
p_4001,3,1,3,1,4,0,0,1,3,0,2,2,3,2,3,0,0,0,2,3,4,4
e_4002,3,1,0,0,3,0,0,1,1,1,2,0,0,1,0,0,0,0,0,0,3,3
e_4003,3,2,4,0,3,0,0,1,4,1,2,0,0,1,1,0,0,0,0,0,4,3
p_4004,0,1,3,1,4,0,0,1,2,0,2,2,3,3,1,0,0,0,2,3,4,4
p_4005,0,1,3,1,4,0,0,1,5,0,2,2,3,4,1,0,0,0,2,3,4,3
e_4006,3,2,4,0,3,0,0,1,4,1,2,0,0,1,2,0,0,0,0,1,3,3
p_4007,3,2,3,1,4,0,0,1,3,0,2,2,3,4,3,0,0,0,2,3,3,4
e_4008,3,2,3,0,3,0,0,1,4,1,2,0,0,2,1,0,0,0,0,0,4,3
e_4009,3,1,4,0,3,0,0,1,4,1,2,0,0,0,2,0,0,0,0,0,4,3
e_4010,3,1,4,0,3,0,0,1,4,1,2,0,0,1,2,0,0,0,0,1,3,3
p_4011,3,2,3,1,4,0,0,1,2,0,2,2,3,3,4,0,0,0,2,3,4,4
e_4012,0,2,4,0,3,0,0,1,6,1,2,0,0,1,1,0,0,0,0,0,3,3
p_4013,3,1,3,1,4,0,0,1,3,0,2,2,3,2,3,0,0,0,2,3,3,3
p_4014,0,1,1,1,4,0,0,1,3,0,2,2,3,2,4,0,0,0,2,3,3,4
p_4015,3,1,1,1,4,0,0,1,3,0,2,2,3,4,3,0,0,0,2,3,3,3
p_4016,0,2,1,1,4,0,0,1,2,0,2,2,3,3,1,0,0,0,2,3,3,4
p_4017,0,1,1,1,4,0,0,1,3,0,2,2,3,3,4,0,0,0,2,3,3,3
e_4018,0,2,3,0,3,0,0,1,6,1,2,0,0,1,2,0,0,0,0,1,3,3
e_4019,0,1,3,0,3,0,0,1,6,1,2,0,0,1,0,0,0,0,0,1,3,3
p_4020,3,1,3,1,4,0,0,1,2,0,2,2,3,4,1,0,0,0,2,3,3,1
p_4021,3,2,1,1,4,0,0,1,5,0,2,2,3,2,1,0,0,0,2,3,4,3
p_4022,0,1,3,1,4,0,0,1,3,0,2,2,3,2,3,0,0,0,2,3,4,4
p_4023,0,1,4,1,6,0,0,0,8,1,4,2,0,0,0,0,0,0,1,4,3,4
p_4024,0,1,3,1,4,0,0,1,5,0,2,2,3,3,4,0,0,0,2,3,4,4
p_4025,0,1,3,1,4,0,0,1,2,0,2,2,3,2,1,0,0,0,2,3,3,1
p_4026,0,0,3,1,5,0,1,0,6,0,2,0,0,0,0,0,0,0,0,1,3,3
p_4027,3,2,3,1,4,0,0,1,3,0,2,2,3,2,3,0,0,0,2,3,3,1
p_4028,3,0,6,0,4,0,0,1,3,1,2,0,1,0,0,0,0,0,0,3,0,1
p_4029,0,1,3,1,4,0,0,1,3,0,2,2,3,3,1,0,0,0,2,3,3,3
p_4030,0,1,1,1,4,0,0,1,3,0,2,2,3,2,1,0,0,0,2,3,4,3
p_4031,0,0,2,1,5,0,1,0,6,0,2,0,0,0,0,0,0,0,0,0,0,3
p_4032,0,1,1,1,4,0,0,1,5,0,2,2,3,2,4,0,0,0,2,3,3,3
e_4033,3,2,4,0,3,0,0,1,4,1,2,0,0,0,1,0,0,0,0,0,3,3
p_4034,0,1,3,1,4,0,0,1,5,0,2,2,3,2,1,0,0,0,2,3,4,1
p_4035,0,2,1,1,4,0,0,1,3,0,2,2,3,3,1,0,0,0,2,3,3,3
p_4036,0,2,1,1,4,0,0,1,3,0,2,2,3,2,3,0,0,0,2,3,3,4
p_4037,3,2,3,1,4,0,0,1,3,0,2,2,3,2,4,0,0,0,2,3,3,1
p_4038,0,2,1,1,4,0,0,1,5,0,2,2,3,3,3,0,0,0,2,3,4,3
e_4039,3,2,3,0,3,0,0,1,6,1,2,0,0,1,0,0,0,0,0,0,3,3
p_4040,0,2,3,1,4,0,0,1,3,0,2,2,3,2,1,0,0,0,2,3,4,3
e_4041,3,1,0,0,3,0,0,1,6,1,2,0,0,0,1,0,0,0,0,1,4,3
p_4042,3,1,3,1,4,0,0,1,5,0,2,2,3,4,1,0,0,0,2,3,3,3
p_4043,3,2,3,1,4,0,0,1,3,0,2,2,3,2,1,0,0,0,2,3,4,4
p_4044,3,2,3,1,4,0,0,1,2,0,2,2,3,4,3,0,0,0,2,3,3,3
p_4045,0,0,2,1,5,0,1,0,6,0,2,0,0,0,0,0,0,0,0,0,3,3
p_4046,0,1,3,1,4,0,0,1,5,0,2,2,3,3,4,0,0,0,2,3,4,3
e_4047,3,1,0,0,3,0,0,1,3,1,2,0,0,1,0,0,0,0,0,0,3,3
p_4048,0,2,2,1,5,0,0,0,6,0,2,0,0,0,0,0,0,0,0,0,0,3
p_4049,0,2,1,1,4,0,0,1,3,0,2,2,3,2,3,0,0,0,2,3,3,3
p_4050,0,2,1,1,4,0,0,1,3,0,2,2,3,4,4,0,0,0,2,3,4,3
p_4051,0,2,5,1,5,0,1,0,6,0,2,0,0,0,0,0,0,0,0,1,3,3
p_4052,3,2,1,1,4,0,0,1,3,0,2,2,3,2,1,0,0,0,2,3,4,3
p_4053,3,2,3,1,4,0,0,1,5,0,2,2,3,2,4,0,0,0,2,3,3,4
e_4054,3,1,4,0,3,0,0,1,3,1,2,0,0,1,2,0,0,0,0,0,3,3
p_4055,0,1,1,1,4,0,0,1,2,0,2,2,3,2,3,0,0,0,2,3,3,4
p_4056,3,2,1,1,4,0,0,1,2,0,2,2,3,4,1,0,0,0,2,3,3,4
p_4057,0,2,3,1,5,0,0,0,2,0,2,0,0,0,0,0,0,0,0,1,0,3
p_4058,0,0,5,1,5,0,1,0,6,0,2,0,0,0,0,0,0,0,0,0,3,3
e_4059,0,2,4,0,3,0,0,1,1,1,2,0,0,0,1,0,0,0,0,1,3,3
p_4060,0,1,1,1,4,0,0,1,5,0,2,2,3,4,3,0,0,0,2,3,3,1
e_4061,3,2,0,0,3,0,0,1,1,1,2,0,0,0,0,0,0,0,0,1,4,3
e_4062,3,1,4,0,3,0,0,1,3,1,2,0,0,0,0,0,0,0,0,0,4,3
p_4063,3,1,1,1,4,0,0,1,3,0,2,2,3,4,1,0,0,0,2,3,4,3
p_4064,0,2,1,1,4,0,0,1,3,0,2,2,3,4,4,0,0,0,2,3,4,1
p_4065,0,1,3,1,4,0,0,1,2,0,2,2,3,3,1,0,0,0,2,3,3,3
p_4066,3,2,3,1,4,0,0,1,2,0,2,2,3,3,3,0,0,0,2,3,4,3
p_4067,3,2,1,1,4,0,0,1,2,0,2,2,3,2,4,0,0,0,2,3,4,4
e_4068,3,1,3,0,3,0,0,1,4,1,2,0,0,2,1,0,0,0,0,1,4,3
p_4069,0,1,3,1,4,0,0,1,3,0,2,2,3,4,1,0,0,0,2,3,3,4
p_4070,0,1,1,1,4,0,0,1,5,0,2,2,3,3,4,0,0,0,2,3,3,4
p_4071,3,2,3,1,4,0,0,1,3,0,2,2,3,4,4,0,0,0,2,3,3,4
p_4072,3,2,1,1,4,0,0,1,3,0,2,2,3,4,4,0,0,0,2,3,4,4
e_4073,3,2,4,0,3,0,0,1,6,1,2,0,0,0,2,0,0,0,0,1,3,3
e_4074,3,1,0,0,3,0,0,1,3,1,2,0,0,1,2,0,0,0,0,1,3,3
p_4075,0,2,1,1,4,0,0,1,5,0,2,2,3,2,4,0,0,0,2,3,4,1
e_4076,3,1,7,1,3,0,0,0,5,0,4,0,1,0,0,0,0,0,3,3,4,3
e_4077,3,1,0,0,3,0,0,1,6,1,2,0,0,2,0,0,0,0,0,1,4,3
p_4078,3,1,1,1,4,0,0,1,3,0,2,2,3,2,1,0,0,0,2,3,3,1
p_4079,3,2,1,1,4,0,0,1,2,0,2,2,3,4,3,0,0,0,2,3,3,1
p_4080,0,1,3,1,4,0,0,1,2,0,2,2,3,3,1,0,0,0,2,3,4,3
p_4081,0,1,3,1,4,0,0,1,3,0,2,2,3,3,1,0,0,0,2,3,4,4
p_4082,3,2,1,1,4,0,0,1,2,0,2,2,3,2,3,0,0,0,2,3,3,4
p_4083,0,1,1,1,4,0,0,1,2,0,2,2,3,4,3,0,0,0,2,3,4,3
p_4084,0,2,1,1,4,0,0,1,5,0,2,2,3,4,3,0,0,0,2,3,3,4
p_4085,0,1,3,1,4,0,0,1,3,0,2,2,3,4,4,0,0,0,2,3,3,4
p_4086,0,2,1,1,4,0,0,1,5,0,2,2,3,3,3,0,0,0,2,3,4,4
e_4087,0,2,3,0,3,0,0,1,6,1,2,0,0,2,2,0,0,0,0,1,3,3
p_4088,3,1,3,1,4,0,0,1,5,0,2,2,3,3,1,0,0,0,2,3,4,3
e_4089,3,1,4,0,3,0,0,1,3,1,2,0,0,1,2,0,0,0,0,1,3,3
p_4090,0,2,3,1,4,0,0,1,3,0,2,2,3,4,4,0,0,0,2,3,3,3
p_4091,3,2,1,1,4,0,0,1,5,0,2,2,3,4,3,0,0,0,2,3,3,3
e_4092,3,1,0,0,3,0,0,1,1,1,2,0,0,0,0,0,0,0,0,1,4,3
e_4093,3,2,3,0,3,0,0,1,4,1,2,0,0,2,2,0,0,0,0,0,4,3
p_4094,3,1,3,1,4,0,0,1,3,0,2,2,3,3,1,0,0,0,2,3,3,1
e_4095,0,2,4,0,3,0,0,1,4,1,2,0,0,2,1,0,0,0,0,0,3,3
e_4096,3,2,4,0,3,0,0,1,3,1,2,0,0,2,0,0,0,0,0,1,4,3
p_4097,3,1,1,1,4,0,0,1,5,0,2,2,3,4,3,0,0,0,2,3,3,4
p_4098,0,2,2,1,5,0,0,0,6,0,2,0,0,0,0,0,0,0,0,0,3,3
p_4099,0,1,3,1,4,0,0,1,3,0,2,2,3,4,4,0,0,0,2,3,4,3
p_4100,0,1,4,1,6,0,0,0,8,1,4,2,0,2,1,0,0,0,1,4,3,3
p_4101,0,2,1,1,4,0,0,1,3,0,2,2,3,4,1,0,0,0,2,3,3,4
p_4102,3,1,3,1,4,0,0,1,3,0,2,2,3,4,1,0,0,0,2,3,4,3
e_4103,3,1,3,0,3,0,0,1,6,1,2,0,0,0,1,0,0,0,0,1,4,3
p_4104,0,1,0,1,4,0,0,0,8,1,4,0,0,2,1,0,0,0,1,4,3,6
e_4105,3,1,4,0,3,0,0,1,1,1,2,0,0,1,2,0,0,0,0,1,3,3
p_4106,1,0,6,0,3,0,0,1,2,0,2,0,0,0,0,0,0,1,0,5,3,2
e_4107,3,2,3,0,3,0,0,1,4,1,2,0,0,1,2,0,0,0,0,0,4,3
p_4108,3,2,3,1,4,0,0,1,3,0,2,2,3,4,4,0,0,0,2,3,3,1
e_4109,3,1,3,0,3,0,0,1,4,1,2,0,0,0,2,0,0,0,0,0,4,3
p_4110,3,2,1,1,4,0,0,1,3,0,2,2,3,2,4,0,0,0,2,3,4,4
p_4111,3,2,1,1,4,0,0,1,2,0,2,2,3,3,4,0,0,0,2,3,4,1
p_4112,3,2,3,1,4,0,0,1,2,0,2,2,3,3,1,0,0,0,2,3,3,1
e_4113,3,2,4,0,3,0,0,1,6,1,2,0,0,2,0,0,0,0,0,1,3,3
p_4114,0,2,3,1,4,0,0,1,3,0,2,2,3,3,1,0,0,0,2,3,4,4
p_4115,3,2,1,1,4,0,0,1,2,0,2,2,3,2,3,0,0,0,2,3,3,1
p_4116,0,2,1,1,4,0,0,1,2,0,2,2,3,3,4,0,0,0,2,3,3,3
p_4117,0,2,1,1,4,0,0,1,2,0,2,2,3,4,3,0,0,0,2,3,4,4
p_4118,3,2,1,1,4,0,0,1,3,0,2,2,3,2,4,0,0,0,2,3,3,1
p_4119,3,2,1,1,4,0,0,1,5,0,2,2,3,3,3,0,0,0,2,3,3,1
p_4120,0,1,3,1,4,0,0,1,3,0,2,2,3,3,3,0,0,0,2,3,3,4
e_4121,3,1,4,0,3,0,0,1,6,1,2,0,0,1,2,0,0,0,0,0,3,3
p_4122,3,2,3,1,4,0,0,1,2,0,2,2,3,3,1,0,0,0,2,3,3,3
p_4123,3,2,1,1,4,0,0,1,5,0,2,2,3,3,1,0,0,0,2,3,3,1
e_4124,3,2,0,0,3,0,0,1,6,1,2,0,0,0,1,0,0,0,0,0,3,3
p_4125,0,1,1,1,4,0,0,1,2,0,2,2,3,2,1,0,0,0,2,3,3,4
p_4126,0,1,1,1,4,0,0,1,5,0,2,2,3,4,1,0,0,0,2,3,3,4
e_4127,3,1,0,0,3,0,0,1,3,1,2,0,0,2,1,0,0,0,0,0,4,3
p_4128,3,1,3,1,4,0,0,1,3,0,2,2,3,4,1,0,0,0,2,3,4,4
e_4129,3,2,4,0,3,0,0,1,3,1,2,0,0,1,2,0,0,0,0,0,4,3
p_4130,0,1,1,1,4,0,0,1,2,0,2,2,3,4,3,0,0,0,2,3,3,1
p_4131,3,1,3,1,4,0,0,1,5,0,2,2,3,4,3,0,0,0,2,3,3,3
p_4132,0,1,1,1,4,0,0,1,3,0,2,2,3,4,3,0,0,0,2,3,3,3
p_4133,0,0,3,1,5,0,0,0,2,0,2,0,0,0,0,0,0,0,0,0,0,3
e_4134,3,2,3,0,3,0,0,1,4,1,2,0,0,1,1,0,0,0,0,0,3,3
p_4135,3,1,3,1,4,0,0,1,2,0,2,2,3,2,1,0,0,0,2,3,4,1
p_4136,0,2,3,1,4,0,0,1,5,0,2,2,3,4,3,0,0,0,2,3,4,3
p_4137,3,1,3,1,4,0,0,1,5,0,2,2,3,4,4,0,0,0,2,3,3,4
e_4138,3,1,0,0,3,0,0,1,4,1,2,0,0,2,0,0,0,0,0,0,3,3
p_4139,0,1,1,1,4,0,0,1,3,0,2,2,3,4,4,0,0,0,2,3,4,3
p_4140,3,2,3,1,4,0,0,1,2,0,2,2,3,2,3,0,0,0,2,3,4,3
e_4141,3,1,4,0,3,0,0,1,4,1,2,0,0,0,2,0,0,0,0,1,3,3
e_4142,3,1,4,0,3,0,0,1,4,1,2,0,0,2,2,0,0,0,0,0,3,3
p_4143,3,0,3,0,4,0,0,1,3,1,2,1,1,0,0,0,0,0,0,3,3,0
p_4144,0,2,3,1,4,0,0,1,2,0,2,2,3,2,4,0,0,0,2,3,4,4
p_4145,3,1,3,1,4,0,0,1,2,0,2,2,3,3,3,0,0,0,2,3,3,4
p_4146,0,1,3,1,4,0,0,1,2,0,2,2,3,2,3,0,0,0,2,3,3,4
p_4147,0,2,1,1,4,0,0,1,5,0,2,2,3,4,4,0,0,0,2,3,3,3
p_4148,3,1,3,1,4,0,0,1,3,0,2,2,3,4,4,0,0,0,2,3,3,3
p_4149,3,1,3,1,4,0,0,1,3,0,2,2,3,3,1,0,0,0,2,3,3,4
e_4150,3,1,4,0,3,0,0,1,4,1,2,0,0,0,0,0,0,0,0,1,4,3
p_4151,0,1,3,1,4,0,0,1,5,0,2,2,3,4,4,0,0,0,2,3,3,1
p_4152,3,1,3,1,4,0,0,1,3,0,2,2,3,2,1,0,0,0,2,3,3,1
p_4153,0,1,3,1,4,0,0,1,3,0,2,2,3,4,3,0,0,0,2,3,4,4
e_4154,3,2,4,0,3,0,0,1,3,1,2,0,0,0,1,0,0,0,0,1,3,3
e_4155,3,1,4,0,3,0,0,1,3,1,2,0,0,2,0,0,0,0,0,1,3,3
e_4156,3,1,4,0,3,0,0,1,1,1,2,0,0,2,1,0,0,0,0,1,4,3
p_4157,3,2,1,1,4,0,0,1,5,0,2,2,3,4,4,0,0,0,2,3,3,1
p_4158,3,2,3,1,4,0,0,1,5,0,2,2,3,4,1,0,0,0,2,3,4,4
e_4159,3,1,0,0,3,0,0,1,6,1,2,0,0,1,1,0,0,0,0,0,4,3
p_4160,0,1,3,1,4,0,0,1,2,0,2,2,3,2,3,0,0,0,2,3,4,1
e_4161,3,2,3,0,3,0,0,1,6,1,2,0,0,1,0,0,0,0,0,1,3,3
p_4162,0,2,1,1,4,0,0,1,3,0,2,2,3,3,1,0,0,0,2,3,3,4
p_4163,0,1,1,1,4,0,0,1,3,0,2,2,3,2,4,0,0,0,2,3,3,3
p_4164,0,1,1,1,4,0,0,1,3,0,2,2,3,3,1,0,0,0,2,3,3,3
e_4165,3,2,8,1,3,0,1,0,4,0,2,1,1,0,4,0,0,0,1,4,3,6
p_4166,0,2,3,1,4,0,0,1,5,0,2,2,3,3,4,0,0,0,2,3,3,3
p_4167,3,2,3,1,4,0,0,1,3,0,2,2,3,3,1,0,0,0,2,3,4,1
p_4168,0,1,3,1,4,0,0,1,5,0,2,2,3,2,4,0,0,0,2,3,3,1
p_4169,3,1,3,1,4,0,0,1,3,0,2,2,3,2,3,0,0,0,2,3,4,1
p_4170,0,0,6,0,4,0,0,1,4,1,2,1,0,0,0,0,0,0,0,3,0,0
p_4171,3,2,3,1,4,0,0,1,5,0,2,2,3,3,4,0,0,0,2,3,3,3
p_4172,0,1,3,1,4,0,0,1,3,0,2,2,3,3,1,0,0,0,2,3,3,1
p_4173,3,2,1,1,4,0,0,1,2,0,2,2,3,4,3,0,0,0,2,3,4,4
p_4174,3,2,3,1,4,0,0,1,5,0,2,2,3,3,1,0,0,0,2,3,3,4
p_4175,3,2,3,1,4,0,0,1,2,0,2,2,3,2,1,0,0,0,2,3,4,3
e_4176,3,2,3,0,3,0,0,1,4,1,2,0,0,2,0,0,0,0,0,0,4,3
p_4177,0,2,1,1,4,0,0,1,3,0,2,2,3,4,3,0,0,0,2,3,4,4
p_4178,0,2,1,1,4,0,0,1,5,0,2,2,3,4,3,0,0,0,2,3,4,4
e_4179,3,1,4,0,3,0,0,1,6,1,2,0,0,2,1,0,0,0,0,0,4,3
p_4180,3,1,3,1,4,0,0,1,5,0,2,2,3,4,1,0,0,0,2,3,3,4
p_4181,3,2,3,1,4,0,0,1,5,0,2,2,3,4,3,0,0,0,2,3,4,3
p_4182,0,1,1,1,4,0,0,1,2,0,2,2,3,2,4,0,0,0,2,3,4,3
e_4183,3,2,3,0,3,0,0,1,4,1,2,0,0,0,0,0,0,0,0,0,4,3
p_4184,0,2,3,1,4,0,0,1,2,0,2,2,3,3,1,0,0,0,2,3,3,1
p_4185,0,2,3,1,4,0,0,1,2,0,2,2,3,2,1,0,0,0,2,3,4,4
e_4186,3,1,0,0,3,0,0,1,3,1,2,0,0,2,0,0,0,0,0,1,4,3
e_4187,3,2,3,0,3,0,0,1,6,1,2,0,0,2,2,0,0,0,0,1,3,3
p_4188,0,1,3,1,4,0,0,1,5,0,2,2,3,3,4,0,0,0,2,3,3,3
p_4189,3,1,1,1,4,0,0,1,5,0,2,2,3,2,1,0,0,0,2,3,3,4
p_4190,3,2,1,1,4,0,0,1,5,0,2,2,3,3,3,0,0,0,2,3,3,3
p_4191,3,2,3,1,4,0,0,1,2,0,2,2,3,3,1,0,0,0,2,3,3,4
p_4192,3,2,3,1,4,0,0,1,5,0,2,2,3,4,3,0,0,0,2,3,4,4
p_4193,3,1,3,1,4,0,0,1,3,0,2,2,3,2,4,0,0,0,2,3,4,1
p_4194,3,0,6,0,4,0,0,1,4,1,2,1,1,0,0,0,0,0,0,3,0,0
e_4195,3,2,4,0,3,0,0,1,6,1,2,0,0,2,1,0,0,0,0,1,4,3
p_4196,0,1,0,1,6,0,0,0,8,1,4,2,3,2,1,0,0,0,1,4,3,3
e_4197,0,1,3,0,3,0,0,1,1,1,2,0,0,1,0,0,0,0,0,1,3,3
p_4198,0,2,3,1,5,0,1,0,1,0,2,0,0,0,0,0,0,0,0,0,3,3
p_4199,0,2,5,1,5,0,1,0,1,0,2,0,0,0,0,0,0,0,0,1,3,3
p_4200,0,1,0,1,6,0,0,0,8,1,4,0,3,2,0,0,0,0,1,4,3,6
p_4201,3,2,3,1,4,0,0,1,2,0,2,2,3,3,1,0,0,0,2,3,4,4
p_4202,0,2,1,1,4,0,0,1,2,0,2,2,3,4,3,0,0,0,2,3,3,1
p_4203,0,0,3,0,4,0,0,1,4,1,2,0,1,0,0,0,0,0,0,3,0,0
p_4204,3,1,3,1,4,0,0,1,5,0,2,2,3,4,1,0,0,0,2,3,4,4
p_4205,0,2,1,1,4,0,0,1,3,0,2,2,3,4,3,0,0,0,2,3,4,3
p_4206,3,1,3,1,4,0,0,1,2,0,2,2,3,3,1,0,0,0,2,3,4,4
p_4207,3,2,3,1,4,0,0,1,5,0,2,2,3,3,3,0,0,0,2,3,4,3
p_4208,3,1,3,1,4,0,0,1,5,0,2,2,3,4,3,0,0,0,2,3,4,3
p_4209,0,1,3,1,4,0,0,1,2,0,2,2,3,3,1,0,0,0,2,3,4,1
p_4210,3,2,3,1,4,0,0,1,5,0,2,2,3,2,1,0,0,0,2,3,4,1
p_4211,0,2,1,1,4,0,0,1,3,0,2,2,3,4,3,0,0,0,2,3,4,1
p_4212,3,2,1,1,4,0,0,1,3,0,2,2,3,3,4,0,0,0,2,3,3,1
p_4213,0,2,1,1,4,0,0,1,5,0,2,2,3,3,3,0,0,0,2,3,3,1
p_4214,0,2,1,1,4,0,0,1,2,0,2,2,3,4,1,0,0,0,2,3,4,1
p_4215,0,1,1,1,4,0,0,1,3,0,2,2,3,3,1,0,0,0,2,3,3,1
p_4216,3,0,3,0,4,0,0,1,5,1,2,0,0,0,0,0,0,0,0,3,3,0
p_4217,0,2,1,1,4,0,0,1,5,0,2,2,3,3,4,0,0,0,2,3,4,1
p_4218,3,2,1,1,4,0,0,1,3,0,2,2,3,2,3,0,0,0,2,3,4,1
p_4219,3,1,3,1,4,0,0,1,3,0,2,2,3,3,1,0,0,0,2,3,4,3
p_4220,3,2,1,1,4,0,0,1,3,0,2,2,3,2,4,0,0,0,2,3,4,3
p_4221,3,2,1,1,4,0,0,1,2,0,2,2,3,4,1,0,0,0,2,3,3,3
p_4222,0,1,3,1,4,0,0,1,5,0,2,2,3,4,4,0,0,0,2,3,3,4
p_4223,0,1,3,1,4,0,0,1,3,0,2,2,3,3,3,0,0,0,2,3,4,4
e_4224,3,1,4,0,3,0,0,1,3,1,2,0,0,0,0,0,0,0,0,1,3,3
p_4225,3,2,1,1,4,0,0,1,5,0,2,2,3,3,1,0,0,0,2,3,3,3
p_4226,3,2,3,1,4,0,0,1,5,0,2,2,3,4,1,0,0,0,2,3,4,3
p_4227,3,1,3,1,4,0,0,1,5,0,2,2,3,3,1,0,0,0,2,3,3,4
p_4228,0,2,1,1,4,0,0,1,2,0,2,2,3,4,1,0,0,0,2,3,3,1
p_4229,0,2,1,1,4,0,0,1,2,0,2,2,3,2,1,0,0,0,2,3,3,4
p_4230,0,2,3,1,4,0,0,1,5,0,2,2,3,3,3,0,0,0,2,3,4,3
p_4231,0,1,1,1,4,0,0,1,3,0,2,2,3,2,1,0,0,0,2,3,4,4
p_4232,3,0,2,0,4,0,0,1,3,1,2,1,1,0,0,0,0,0,0,3,0,0
p_4233,3,2,1,1,4,0,0,1,5,0,2,2,3,2,4,0,0,0,2,3,3,1
p_4234,3,2,1,1,4,0,0,1,3,0,2,2,3,4,1,0,0,0,2,3,3,3
p_4235,3,1,3,1,4,0,0,1,5,0,2,2,3,3,4,0,0,0,2,3,4,4
p_4236,3,2,1,1,4,0,0,1,3,0,2,2,3,2,3,0,0,0,2,3,4,3
p_4237,3,2,1,1,4,0,0,1,5,0,2,2,3,4,4,0,0,0,2,3,3,3
p_4238,3,2,3,1,4,0,0,1,2,0,2,2,3,4,3,0,0,0,2,3,3,4
p_4239,0,1,3,1,4,0,0,1,3,0,2,2,3,3,3,0,0,0,2,3,4,1
p_4240,0,2,1,1,4,0,0,1,5,0,2,2,3,4,1,0,0,0,2,3,4,4
p_4241,3,2,3,1,4,0,0,1,2,0,2,2,3,2,3,0,0,0,2,3,3,1
p_4242,0,2,1,1,4,0,0,1,3,0,2,2,3,3,3,0,0,0,2,3,4,3
p_4243,3,1,3,1,4,0,0,1,3,0,2,2,3,3,4,0,0,0,2,3,3,3
p_4244,0,1,1,1,4,0,0,1,2,0,2,2,3,3,3,0,0,0,2,3,3,3
p_4245,0,0,2,0,4,0,0,1,5,1,2,1,0,0,0,0,0,0,0,3,0,1
p_4246,3,2,3,1,4,0,0,1,3,0,2,2,3,3,3,0,0,0,2,3,4,1
p_4247,0,0,6,0,4,0,0,1,3,1,2,1,0,0,0,0,0,0,0,3,0,1
p_4248,3,1,3,1,4,0,0,1,5,0,2,2,3,2,3,0,0,0,2,3,3,3
p_4249,0,1,3,1,4,0,0,1,3,0,2,2,3,3,4,0,0,0,2,3,3,3
p_4250,0,2,1,1,4,0,0,1,2,0,2,2,3,3,3,0,0,0,2,3,4,1
p_4251,0,2,1,1,4,0,0,1,3,0,2,2,3,3,4,0,0,0,2,3,4,1
p_4252,0,1,1,1,4,0,0,1,2,0,2,2,3,2,1,0,0,0,2,3,3,1
e_4253,3,1,3,0,3,0,0,1,6,1,2,0,0,1,2,0,0,0,0,1,4,3
p_4254,3,1,1,1,4,0,0,1,5,0,2,2,3,2,1,0,0,0,2,3,4,4
p_4255,0,1,3,1,4,0,0,1,5,0,2,2,3,2,4,0,0,0,2,3,4,4
p_4256,3,2,1,1,4,0,0,1,5,0,2,2,3,2,3,0,0,0,2,3,3,1
p_4257,3,1,1,1,4,0,0,1,5,0,2,2,3,3,1,0,0,0,2,3,3,4
p_4258,3,2,1,1,4,0,0,1,2,0,2,2,3,3,1,0,0,0,2,3,4,3
p_4259,0,1,3,1,4,0,0,1,5,0,2,2,3,2,1,0,0,0,2,3,3,4
p_4260,3,2,3,1,4,0,0,1,2,0,2,2,3,4,3,0,0,0,2,3,4,1
p_4261,0,1,3,1,4,0,0,1,2,0,2,2,3,2,1,0,0,0,2,3,4,4
p_4262,0,2,5,1,5,0,0,0,3,0,2,0,0,0,0,0,0,0,0,0,0,3
p_4263,0,1,1,1,4,0,0,1,2,0,2,2,3,3,4,0,0,0,2,3,4,3
p_4264,0,2,1,1,4,0,0,1,2,0,2,2,3,3,4,0,0,0,2,3,4,1
p_4265,3,2,1,1,4,0,0,1,5,0,2,2,3,4,1,0,0,0,2,3,4,1
p_4266,0,1,3,1,4,0,0,1,2,0,2,2,3,2,4,0,0,0,2,3,3,1
p_4267,3,2,3,1,4,0,0,1,2,0,2,2,3,2,4,0,0,0,2,3,3,1
p_4268,0,1,3,1,4,0,0,1,5,0,2,2,3,2,4,0,0,0,2,3,3,3
p_4269,0,2,1,1,4,0,0,1,5,0,2,2,3,4,4,0,0,0,2,3,4,1
p_4270,0,2,1,1,4,0,0,1,2,0,2,2,3,4,1,0,0,0,2,3,3,4
p_4271,0,1,3,1,4,0,0,1,5,0,2,2,3,2,3,0,0,0,2,3,4,3
p_4272,0,1,1,1,4,0,0,1,2,0,2,2,3,3,1,0,0,0,2,3,3,3
p_4273,3,1,3,1,4,0,0,1,2,0,2,2,3,4,3,0,0,0,2,3,4,4
p_4274,3,1,3,1,4,0,0,1,3,0,2,2,3,2,4,0,0,0,2,3,3,3
p_4275,0,2,1,1,4,0,0,1,5,0,2,2,3,4,4,0,0,0,2,3,4,4
e_4276,4,1,0,1,3,0,1,0,4,0,2,1,1,0,4,0,0,0,1,4,3,6
p_4277,3,2,3,1,4,0,0,1,3,0,2,2,3,3,4,0,0,0,2,3,4,4
p_4278,0,1,1,1,4,0,0,1,5,0,2,2,3,3,1,0,0,0,2,3,4,1
p_4279,3,2,1,1,4,0,0,1,3,0,2,2,3,2,1,0,0,0,2,3,4,1
p_4280,0,1,3,1,4,0,0,1,5,0,2,2,3,3,3,0,0,0,2,3,3,3
p_4281,0,2,3,1,4,0,0,1,5,0,2,2,3,4,1,0,0,0,2,3,4,4
p_4282,3,2,1,1,4,0,0,1,3,0,2,2,3,2,1,0,0,0,2,3,3,1
e_4283,3,0,5,0,3,0,0,1,7,0,4,0,0,0,0,0,0,1,1,4,5,5
p_4284,3,2,1,1,4,0,0,1,3,0,2,2,3,3,3,0,0,0,2,3,3,4
p_4285,0,2,1,1,4,0,0,1,2,0,2,2,3,4,3,0,0,0,2,3,4,3
p_4286,0,1,3,1,4,0,0,1,3,0,2,2,3,2,3,0,0,0,2,3,4,3
p_4287,3,1,3,1,4,0,0,1,2,0,2,2,3,4,1,0,0,0,2,3,4,4
p_4288,0,2,1,1,4,0,0,1,2,0,2,2,3,4,3,0,0,0,2,3,3,3
p_4289,3,1,3,1,4,0,0,1,5,0,2,2,3,2,4,0,0,0,2,3,4,1
p_4290,3,1,3,1,4,0,0,1,5,0,2,2,3,3,3,0,0,0,2,3,3,1
e_4291,4,0,5,0,3,0,0,1,7,0,4,0,0,0,5,0,0,1,1,4,5,5
p_4292,0,2,1,1,4,0,0,1,3,0,2,2,3,2,4,0,0,0,2,3,3,3
p_4293,3,2,1,1,4,0,0,1,3,0,2,2,3,2,4,0,0,0,2,3,3,4
p_4294,3,2,3,1,4,0,0,1,5,0,2,2,3,4,4,0,0,0,2,3,4,4
p_4295,3,2,3,1,4,0,0,1,3,0,2,2,3,3,3,0,0,0,2,3,3,1
p_4296,0,2,1,1,4,0,0,1,5,0,2,2,3,3,1,0,0,0,2,3,4,4
p_4297,3,2,3,1,4,0,0,1,3,0,2,2,3,3,3,0,0,0,2,3,4,4
p_4298,0,1,3,1,4,0,0,1,2,0,2,2,3,2,1,0,0,0,2,3,4,1
p_4299,3,1,1,1,4,0,0,1,2,0,2,2,3,4,4,0,0,0,2,3,4,1
p_4300,3,2,3,1,4,0,0,1,5,0,2,2,3,3,4,0,0,0,2,3,4,3
p_4301,0,2,1,1,4,0,0,1,2,0,2,2,3,2,1,0,0,0,2,3,3,3
p_4302,3,2,3,1,4,0,0,1,2,0,2,2,3,3,4,0,0,0,2,3,3,1
p_4303,3,2,3,1,4,0,0,1,2,0,2,2,3,2,4,0,0,0,2,3,4,3
p_4304,3,2,1,1,4,0,0,1,5,0,2,2,3,2,3,0,0,0,2,3,4,1
e_4305,3,1,3,0,3,0,0,1,4,1,2,0,0,2,0,0,0,0,0,1,4,3
p_4306,3,1,3,1,4,0,0,1,5,0,2,2,3,2,3,0,0,0,2,3,4,3
p_4307,3,1,3,1,4,0,0,1,2,0,2,2,3,3,1,0,0,0,2,3,3,3
p_4308,3,1,3,1,4,0,0,1,2,0,2,2,3,4,4,0,0,0,2,3,3,1
p_4309,0,1,1,1,4,0,0,1,3,0,2,2,3,2,3,0,0,0,2,3,3,1
p_4310,0,1,3,1,4,0,0,1,3,0,2,2,3,4,4,0,0,0,2,3,4,1
p_4311,0,1,1,1,4,0,0,1,2,0,2,2,3,2,3,0,0,0,2,3,4,4
p_4312,3,2,1,1,4,0,0,1,3,0,2,2,3,4,3,0,0,0,2,3,4,3
p_4313,0,2,1,1,4,0,0,1,2,0,2,2,3,2,4,0,0,0,2,3,3,1
p_4314,0,1,1,1,4,0,0,1,3,0,2,2,3,3,3,0,0,0,2,3,4,4
p_4315,3,2,3,1,4,0,0,1,3,0,2,2,3,4,1,0,0,0,2,3,3,1
p_4316,0,2,1,1,4,0,0,1,5,0,2,2,3,2,3,0,0,0,2,3,3,3
p_4317,3,2,3,1,4,0,0,1,5,0,2,2,3,4,3,0,0,0,2,3,3,1
p_4318,3,1,3,1,4,0,0,1,2,0,2,2,3,4,1,0,0,0,2,3,4,3
p_4319,3,2,3,1,4,0,0,1,5,0,2,2,3,3,4,0,0,0,2,3,4,1
p_4320,3,1,1,1,4,0,0,1,5,0,2,2,3,2,1,0,0,0,2,3,3,1
p_4321,3,2,3,1,4,0,0,1,3,0,2,2,3,2,3,0,0,0,2,3,4,1
p_4322,0,2,1,1,4,0,0,1,2,0,2,2,3,4,1,0,0,0,2,3,4,4
p_4323,3,1,3,1,4,0,0,1,3,0,2,2,3,3,3,0,0,0,2,3,4,1
p_4324,3,1,3,1,4,0,0,1,5,0,2,2,3,4,3,0,0,0,2,3,4,1
p_4325,3,1,3,1,4,0,0,1,3,0,2,2,3,3,3,0,0,0,2,3,3,4
e_4326,0,1,9,1,3,0,0,0,3,0,4,0,1,0,0,0,0,0,3,3,3,3
p_4327,3,1,1,1,4,0,0,1,3,0,2,2,3,3,3,0,0,0,2,3,4,1
p_4328,0,2,1,1,4,0,0,1,2,0,2,2,3,4,1,0,0,0,2,3,4,3
p_4329,0,1,0,1,7,0,0,0,8,1,4,2,0,0,0,0,0,0,1,4,3,4
p_4330,3,1,1,1,4,0,0,1,5,0,2,2,3,4,4,0,0,0,2,3,3,3
p_4331,4,1,0,1,3,0,0,0,4,0,4,2,2,0,4,0,0,0,1,4,3,3
p_4332,3,2,1,1,4,0,0,1,3,0,2,2,3,4,1,0,0,0,2,3,4,3
p_4333,0,1,3,1,4,0,0,1,5,0,2,2,3,4,4,0,0,0,2,3,3,3
p_4334,0,1,3,1,4,0,0,1,5,0,2,2,3,4,1,0,0,0,2,3,4,1
p_4335,3,1,3,1,4,0,0,1,2,0,2,2,3,3,1,0,0,0,2,3,4,1
p_4336,0,2,1,1,4,0,0,1,3,0,2,2,3,2,1,0,0,0,2,3,3,3
p_4337,0,2,3,1,4,0,0,1,2,0,2,2,3,3,1,0,0,0,2,3,3,3
p_4338,0,1,3,1,4,0,0,1,2,0,2,2,3,3,3,0,0,0,2,3,3,3
p_4339,0,1,3,1,4,0,0,1,3,0,2,2,3,3,4,0,0,0,2,3,4,1
p_4340,0,1,3,1,4,0,0,1,2,0,2,2,3,2,4,0,0,0,2,3,4,1
e_4341,3,1,4,0,3,0,0,1,4,1,2,0,0,1,1,0,0,0,0,0,4,3
p_4342,3,2,1,1,4,0,0,1,5,0,2,2,3,3,4,0,0,0,2,3,4,4
p_4343,0,1,1,1,4,0,0,1,5,0,2,2,3,2,1,0,0,0,2,3,3,1
p_4344,3,2,1,1,4,0,0,1,2,0,2,2,3,3,4,0,0,0,2,3,3,1
p_4345,0,2,1,1,4,0,0,1,3,0,2,2,3,4,3,0,0,0,2,3,3,4
p_4346,3,2,3,1,4,0,0,1,5,0,2,2,3,3,3,0,0,0,2,3,4,1
p_4347,3,2,3,1,4,0,0,1,5,0,2,2,3,2,1,0,0,0,2,3,3,1
p_4348,0,1,1,1,4,0,0,1,2,0,2,2,3,2,1,0,0,0,2,3,4,1
p_4349,3,0,6,0,4,0,0,1,4,1,2,0,0,0,0,0,0,0,0,3,0,0
p_4350,0,1,3,1,4,0,0,1,3,0,2,2,3,2,3,0,0,0,2,3,3,1
p_4351,0,1,1,1,4,0,0,1,2,0,2,2,3,3,4,0,0,0,2,3,3,4
p_4352,3,2,3,1,4,0,0,1,2,0,2,2,3,3,4,0,0,0,2,3,3,4
p_4353,3,1,3,1,4,0,0,1,2,0,2,2,3,4,4,0,0,0,2,3,4,3
p_4354,3,2,1,1,4,0,0,1,3,0,2,2,3,2,3,0,0,0,2,3,3,3
p_4355,3,1,3,1,4,0,0,1,5,0,2,2,3,3,4,0,0,0,2,3,4,1
p_4356,0,1,3,1,4,0,0,1,3,0,2,2,3,4,4,0,0,0,2,3,3,1
e_4357,0,0,4,0,3,0,0,1,7,0,4,0,0,0,5,0,0,1,1,4,5,5
p_4358,3,2,3,1,4,0,0,1,2,0,2,2,3,2,1,0,0,0,2,3,3,3
p_4359,3,2,1,1,4,0,0,1,3,0,2,2,3,3,1,0,0,0,2,3,4,3
p_4360,3,1,3,1,4,0,0,1,2,0,2,2,3,3,4,0,0,0,2,3,4,3
p_4361,0,1,1,1,4,0,0,1,2,0,2,2,3,2,1,0,0,0,2,3,4,4
p_4362,3,1,3,1,4,0,0,1,2,0,2,2,3,3,4,0,0,0,2,3,3,3
p_4363,0,2,1,1,4,0,0,1,5,0,2,2,3,4,3,0,0,0,2,3,4,1
p_4364,1,1,2,0,3,0,1,0,4,0,2,0,0,0,0,0,0,0,0,4,5,6
p_4365,3,0,6,0,4,0,0,1,5,1,2,0,0,0,0,0,0,0,0,3,3,0
p_4366,0,1,1,1,4,0,0,1,3,0,2,2,3,4,1,0,0,0,2,3,4,4
p_4367,3,1,3,1,4,0,0,1,2,0,2,2,3,4,3,0,0,0,2,3,4,3
p_4368,3,1,3,1,4,0,0,1,2,0,2,2,3,2,1,0,0,0,2,3,3,4
p_4369,3,1,1,1,4,0,0,1,3,0,2,2,3,4,1,0,0,0,2,3,3,4
p_4370,3,2,3,1,4,0,0,1,2,0,2,2,3,3,4,0,0,0,2,3,4,3
p_4371,0,1,1,1,4,0,0,1,5,0,2,2,3,2,1,0,0,0,2,3,3,3
p_4372,0,2,1,1,4,0,0,1,3,0,2,2,3,4,1,0,0,0,2,3,3,1
p_4373,3,2,3,1,4,0,0,1,3,0,2,2,3,4,1,0,0,0,2,3,4,1
p_4374,0,0,2,0,4,0,0,1,4,1,2,1,1,0,0,0,0,0,0,3,0,0
e_4375,3,1,3,0,3,0,0,1,1,1,2,0,0,1,1,0,0,0,0,1,3,3
p_4376,0,1,0,1,6,0,0,0,8,1,4,0,3,0,1,0,0,0,1,4,3,3
p_4377,3,1,3,1,4,0,0,1,3,0,2,2,3,2,1,0,0,0,2,3,4,3
p_4378,3,2,3,1,4,0,0,1,2,0,2,2,3,2,4,0,0,0,2,3,4,1
e_4379,3,1,4,0,3,0,0,1,1,1,2,0,0,2,2,0,0,0,0,0,3,3
e_4380,0,1,6,0,3,0,0,1,7,0,4,0,0,0,5,0,0,1,1,4,5,5
p_4381,0,1,1,1,4,0,0,1,5,0,2,2,3,3,4,0,0,0,2,3,4,1
p_4382,0,1,1,1,4,0,0,1,2,0,2,2,3,4,4,0,0,0,2,3,4,3
p_4383,0,1,1,1,4,0,0,1,5,0,2,2,3,3,3,0,0,0,2,3,3,4
p_4384,0,1,1,1,4,0,0,1,3,0,2,2,3,3,4,0,0,0,2,3,4,1
p_4385,3,2,1,1,4,0,0,1,2,0,2,2,3,4,4,0,0,0,2,3,4,1
p_4386,3,1,3,1,4,0,0,1,3,0,2,2,3,4,3,0,0,0,2,3,4,1
p_4387,0,2,3,1,4,0,0,1,3,0,2,2,3,3,4,0,0,0,2,3,4,1
p_4388,3,1,1,1,4,0,0,1,3,0,2,2,3,4,3,0,0,0,2,3,3,1
p_4389,0,1,3,1,4,0,0,1,5,0,2,2,3,2,1,0,0,0,2,3,3,1
p_4390,0,1,1,1,4,0,0,1,2,0,2,2,3,2,4,0,0,0,2,3,4,1
p_4391,3,1,3,1,4,0,0,1,5,0,2,2,3,4,4,0,0,0,2,3,4,4
p_4392,3,1,1,1,4,0,0,1,5,0,2,2,3,3,3,0,0,0,2,3,4,1
p_4393,0,1,3,1,4,0,0,1,2,0,2,2,3,2,3,0,0,0,2,3,4,3
p_4394,3,1,3,1,4,0,0,1,5,0,2,2,3,2,1,0,0,0,2,3,3,3
p_4395,3,1,3,1,4,0,0,1,3,0,2,2,3,4,4,0,0,0,2,3,4,4
e_4396,0,1,7,1,3,0,0,0,5,0,4,0,1,0,0,0,0,0,3,3,4,3
p_4397,0,2,3,1,4,0,0,1,2,0,2,2,3,3,4,0,0,0,2,3,3,1
p_4398,3,2,1,1,4,0,0,1,2,0,2,2,3,3,1,0,0,0,2,3,3,1
p_4399,3,2,1,1,4,0,0,1,5,0,2,2,3,2,4,0,0,0,2,3,4,1
p_4400,0,2,1,1,4,0,0,1,5,0,2,2,3,2,4,0,0,0,2,3,3,1
p_4401,3,2,1,1,4,0,0,1,5,0,2,2,3,4,3,0,0,0,2,3,3,1
p_4402,3,2,3,1,4,0,0,1,5,0,2,2,3,2,3,0,0,0,2,3,3,1
p_4403,3,1,3,1,4,0,0,1,3,0,2,2,3,4,3,0,0,0,2,3,4,3
p_4404,3,2,3,1,4,0,0,1,5,0,2,2,3,4,4,0,0,0,2,3,3,1
p_4405,3,2,1,1,4,0,0,1,5,0,2,2,3,4,4,0,0,0,2,3,4,3
p_4406,3,1,1,1,4,0,0,1,5,0,2,2,3,4,4,0,0,0,2,3,3,4
p_4407,3,2,3,1,4,0,0,1,2,0,2,2,3,2,4,0,0,0,2,3,3,4
p_4408,3,1,3,1,4,0,0,1,2,0,2,2,3,3,3,0,0,0,2,3,4,1
p_4409,3,2,1,1,4,0,0,1,2,0,2,2,3,3,3,0,0,0,2,3,4,3
e_4410,3,2,4,0,3,0,0,1,6,1,2,0,0,1,0,0,0,0,0,1,4,3
p_4411,3,0,6,0,4,0,0,1,5,1,2,0,1,0,0,0,0,0,0,3,3,0
p_4412,3,1,3,1,4,0,0,1,2,0,2,2,3,2,4,0,0,0,2,3,3,3
p_4413,3,2,3,1,4,0,0,1,5,0,2,2,3,2,1,0,0,0,2,3,3,4
p_4414,0,1,1,1,4,0,0,1,3,0,2,2,3,2,3,0,0,0,2,3,4,1
p_4415,3,2,1,1,4,0,0,1,3,0,2,2,3,2,3,0,0,0,2,3,4,4
p_4416,3,1,1,1,4,0,0,1,5,0,2,2,3,3,4,0,0,0,2,3,3,3
e_4417,3,1,0,0,3,0,0,1,6,1,2,0,0,0,2,0,0,0,0,0,3,3
p_4418,3,1,1,1,4,0,0,1,5,0,2,2,3,4,4,0,0,0,2,3,4,1
e_4419,0,0,6,0,3,0,0,1,7,0,4,0,0,0,0,0,0,1,1,4,5,5
p_4420,0,1,1,1,4,0,0,1,3,0,2,2,3,3,1,0,0,0,2,3,4,1
p_4421,0,2,1,1,4,0,0,1,3,0,2,2,3,2,3,0,0,0,2,3,4,3
p_4422,0,1,1,1,4,0,0,1,5,0,2,2,3,2,4,0,0,0,2,3,4,1
p_4423,3,1,3,1,4,0,0,1,2,0,2,2,3,4,3,0,0,0,2,3,3,4
e_4424,3,2,4,0,3,0,0,1,1,1,2,0,0,1,2,0,0,0,0,0,4,3
p_4425,3,2,1,1,4,0,0,1,3,0,2,2,3,2,4,0,0,0,2,3,3,3
p_4426,3,2,1,1,4,0,0,1,3,0,2,2,3,4,4,0,0,0,2,3,3,1
p_4427,0,1,1,1,4,0,0,1,5,0,2,2,3,3,4,0,0,0,2,3,3,3
p_4428,0,2,1,1,4,0,0,1,3,0,2,2,3,3,3,0,0,0,2,3,3,1
p_4429,0,1,0,1,6,0,0,0,8,1,4,2,0,0,1,0,0,0,1,4,3,3
p_4430,3,2,1,1,4,0,0,1,3,0,2,2,3,2,3,0,0,0,2,3,3,4
p_4431,0,1,1,1,4,0,0,1,5,0,2,2,3,3,3,0,0,0,2,3,3,1
p_4432,3,2,1,1,4,0,0,1,2,0,2,2,3,3,4,0,0,0,2,3,3,4
p_4433,3,2,1,1,4,0,0,1,2,0,2,2,3,3,3,0,0,0,2,3,3,3
p_4434,3,1,3,1,4,0,0,1,3,0,2,2,3,4,1,0,0,0,2,3,3,4
p_4435,3,1,3,1,4,0,0,1,5,0,2,2,3,4,3,0,0,0,2,3,3,1
p_4436,3,1,3,1,4,0,0,1,5,0,2,2,3,4,4,0,0,0,2,3,3,3
p_4437,3,2,3,1,4,0,0,1,2,0,2,2,3,4,4,0,0,0,2,3,3,1
p_4438,0,0,3,1,5,0,0,0,3,0,2,0,0,0,0,0,0,0,0,0,3,3
p_4439,0,1,1,1,4,0,0,1,2,0,2,2,3,4,1,0,0,0,2,3,4,1
p_4440,3,0,3,0,4,0,0,1,5,1,2,1,1,0,0,0,0,0,0,3,0,0
p_4441,0,1,3,1,4,0,0,1,3,0,2,2,3,3,4,0,0,0,2,3,3,1
p_4442,0,1,1,1,4,0,0,1,3,0,2,2,3,2,3,0,0,0,2,3,4,4
p_4443,0,1,1,1,4,0,0,1,5,0,2,2,3,3,3,0,0,0,2,3,4,3
e_4444,3,1,3,0,3,0,0,1,6,1,2,0,0,2,2,0,0,0,0,0,4,3
p_4445,3,2,3,1,4,0,0,1,2,0,2,2,3,4,4,0,0,0,2,3,4,3
p_4446,3,1,1,1,4,0,0,1,5,0,2,2,3,3,1,0,0,0,2,3,3,1
p_4447,3,1,3,1,4,0,0,1,5,0,2,2,3,3,3,0,0,0,2,3,4,4
p_4448,0,1,1,1,4,0,0,1,5,0,2,2,3,4,3,0,0,0,2,3,4,1
p_4449,0,1,3,1,4,0,0,1,3,0,2,2,3,4,1,0,0,0,2,3,4,3
p_4450,0,2,1,1,4,0,0,1,3,0,2,2,3,4,1,0,0,0,2,3,4,4
e_4451,3,1,0,0,3,0,0,1,1,1,2,0,0,1,2,0,0,0,0,1,3,3
p_4452,0,1,3,1,4,0,0,1,2,0,2,2,3,3,4,0,0,0,2,3,4,1
p_4453,3,2,1,1,4,0,0,1,2,0,2,2,3,4,1,0,0,0,2,3,3,1
p_4454,0,1,3,1,4,0,0,1,3,0,2,2,3,2,4,0,0,0,2,3,3,4
p_4455,0,1,1,1,4,0,0,1,3,0,2,2,3,2,1,0,0,0,2,3,4,1
p_4456,3,2,3,1,4,0,0,1,2,0,2,2,3,3,3,0,0,0,2,3,4,4
p_4457,3,2,3,1,4,0,0,1,5,0,2,2,3,2,3,0,0,0,2,3,4,1
p_4458,0,1,1,1,4,0,0,1,5,0,2,2,3,4,4,0,0,0,2,3,4,1
e_4459,4,1,6,0,3,0,0,1,7,0,4,0,0,5,5,0,0,1,1,4,5,5
p_4460,0,1,1,1,4,0,0,1,3,0,2,2,3,4,3,0,0,0,2,3,4,4
p_4461,0,1,0,1,7,0,0,0,8,1,4,0,3,2,0,0,0,0,1,4,3,3
p_4462,3,1,3,1,4,0,0,1,3,0,2,2,3,3,4,0,0,0,2,3,4,4
p_4463,0,1,3,1,4,0,0,1,2,0,2,2,3,3,4,0,0,0,2,3,4,4
p_4464,3,1,1,1,4,0,0,1,5,0,2,2,3,4,3,0,0,0,2,3,3,1
p_4465,3,1,3,1,4,0,0,1,2,0,2,2,3,2,1,0,0,0,2,3,3,3
p_4466,3,2,3,1,4,0,0,1,5,0,2,2,3,4,1,0,0,0,2,3,4,1
p_4467,3,1,1,1,4,0,0,1,5,0,2,2,3,3,4,0,0,0,2,3,4,1
p_4468,0,2,1,1,4,0,0,1,2,0,2,2,3,3,3,0,0,0,2,3,4,3
p_4469,0,0,2,0,4,0,0,1,3,1,2,1,1,0,0,0,0,0,0,3,3,0
p_4470,0,1,1,1,4,0,0,1,2,0,2,2,3,2,3,0,0,0,2,3,3,1
p_4471,3,2,1,1,4,0,0,1,2,0,2,2,3,2,1,0,0,0,2,3,4,4
p_4472,0,2,1,1,4,0,0,1,3,0,2,2,3,2,4,0,0,0,2,3,4,1
p_4473,0,1,1,1,4,0,0,1,2,0,2,2,3,3,3,0,0,0,2,3,3,4
p_4474,3,1,1,1,4,0,0,1,5,0,2,2,3,4,4,0,0,0,2,3,3,1
p_4475,0,1,1,1,4,0,0,1,5,0,2,2,3,3,3,0,0,0,2,3,4,1
p_4476,0,1,1,1,4,0,0,1,3,0,2,2,3,4,4,0,0,0,2,3,3,4
p_4477,3,1,3,1,4,0,0,1,3,0,2,2,3,2,4,0,0,0,2,3,4,4
p_4478,3,2,1,1,4,0,0,1,5,0,2,2,3,4,3,0,0,0,2,3,4,4
p_4479,3,2,3,1,4,0,0,1,5,0,2,2,3,4,3,0,0,0,2,3,3,4
e_4480,3,1,0,0,3,0,0,1,3,1,2,0,0,0,1,0,0,0,0,0,4,3
p_4481,0,1,1,1,4,0,0,1,5,0,2,2,3,4,1,0,0,0,2,3,3,3
p_4482,0,1,3,1,4,0,0,1,2,0,2,2,3,3,4,0,0,0,2,3,3,4
p_4483,3,1,3,1,4,0,0,1,5,0,2,2,3,4,1,0,0,0,2,3,3,1
p_4484,3,1,3,1,4,0,0,1,2,0,2,2,3,2,3,0,0,0,2,3,3,1
p_4485,0,1,1,1,4,0,0,1,2,0,2,2,3,4,1,0,0,0,2,3,4,3
p_4486,3,2,3,1,4,0,0,1,2,0,2,2,3,3,3,0,0,0,2,3,3,4
p_4487,0,1,3,1,4,0,0,1,3,0,2,2,3,2,1,0,0,0,2,3,3,3
p_4488,0,1,1,1,4,0,0,1,3,0,2,2,3,4,4,0,0,0,2,3,3,3
p_4489,0,2,1,1,4,0,0,1,5,0,2,2,3,3,4,0,0,0,2,3,4,3
p_4490,3,2,1,1,4,0,0,1,2,0,2,2,3,2,4,0,0,0,2,3,4,3
e_4491,3,2,8,1,3,0,1,0,4,0,2,0,1,0,4,0,0,0,1,4,3,6
p_4492,3,1,3,1,4,0,0,1,5,0,2,2,3,2,3,0,0,0,2,3,3,1
p_4493,0,1,3,1,4,0,0,1,3,0,2,2,3,2,4,0,0,0,2,3,4,4
p_4494,3,2,1,1,3,0,0,0,4,0,4,2,2,0,6,0,0,0,1,4,3,3
p_4495,3,2,1,1,4,0,0,1,5,0,2,2,3,2,3,0,0,0,2,3,4,4
p_4496,0,0,3,0,4,0,0,1,3,1,2,1,0,0,0,0,0,0,0,3,3,1
e_4497,3,0,0,0,3,0,0,1,7,0,4,0,0,0,0,0,0,1,1,4,5,5
p_4498,0,1,0,1,6,0,0,0,8,1,4,0,3,2,1,0,0,0,1,4,3,4
p_4499,0,0,3,1,5,0,1,0,6,0,2,0,0,0,0,0,0,0,0,0,3,3
p_4500,0,2,1,1,4,0,0,1,2,0,2,2,3,3,4,0,0,0,2,3,4,3
p_4501,3,1,3,1,4,0,0,1,5,0,2,2,3,4,4,0,0,0,2,3,3,1
p_4502,3,1,3,1,4,0,0,1,2,0,2,2,3,2,3,0,0,0,2,3,4,3
p_4503,0,1,1,1,4,0,0,1,3,0,2,2,3,3,3,0,0,0,2,3,3,1
p_4504,0,1,1,1,4,0,0,1,3,0,2,2,3,4,3,0,0,0,2,3,3,1
p_4505,0,1,3,1,4,0,0,1,3,0,2,2,3,4,3,0,0,0,2,3,4,3
p_4506,3,1,3,1,4,0,0,1,2,0,2,2,3,2,1,0,0,0,2,3,4,3
p_4507,3,1,3,1,4,0,0,1,5,0,2,2,3,4,4,0,0,0,2,3,4,1
p_4508,3,2,1,1,4,0,0,1,2,0,2,2,3,2,4,0,0,0,2,3,4,1
p_4509,0,2,1,1,4,0,0,1,3,0,2,2,3,4,3,0,0,0,2,3,3,3
p_4510,3,2,1,1,4,0,0,1,3,0,2,2,3,4,4,0,0,0,2,3,3,4
p_4511,3,2,3,1,4,0,0,1,3,0,2,2,3,2,3,0,0,0,2,3,4,4
p_4512,3,2,1,1,4,0,0,1,5,0,2,2,3,4,1,0,0,0,2,3,4,4
p_4513,3,1,1,1,4,0,0,1,5,0,2,2,3,3,4,0,0,0,2,3,4,3
p_4514,3,2,1,1,4,0,0,1,5,0,2,2,3,3,4,0,0,0,2,3,3,4
p_4515,3,2,1,1,4,0,0,1,5,0,2,2,3,4,1,0,0,0,2,3,3,3
p_4516,0,1,3,1,4,0,0,1,5,0,2,2,3,4,1,0,0,0,2,3,3,1
p_4517,0,1,3,1,4,0,0,1,3,0,2,2,3,4,3,0,0,0,2,3,3,1
p_4518,0,1,3,1,4,0,0,1,2,0,2,2,3,4,4,0,0,0,2,3,3,3
e_4519,0,0,6,0,3,0,0,1,4,0,4,0,0,5,0,0,0,1,1,4,5,5
p_4520,3,2,3,1,4,0,0,1,2,0,2,2,3,2,4,0,0,0,2,3,3,3
p_4521,0,2,1,1,4,0,0,1,2,0,2,2,3,2,3,0,0,0,2,3,3,3
p_4522,0,1,0,1,7,0,0,0,8,1,4,0,0,2,1,0,0,0,1,4,3,6
p_4523,0,1,3,1,4,0,0,1,2,0,2,2,3,4,3,0,0,0,2,3,4,3
p_4524,3,1,3,1,4,0,0,1,5,0,2,2,3,3,3,0,0,0,2,3,3,4
p_4525,3,1,3,1,4,0,0,1,3,0,2,2,3,2,4,0,0,0,2,3,4,3
p_4526,3,2,1,1,4,0,0,1,2,0,2,2,3,4,1,0,0,0,2,3,4,1
p_4527,0,1,1,1,4,0,0,1,2,0,2,2,3,3,4,0,0,0,2,3,3,3
p_4528,0,2,1,1,4,0,0,1,5,0,2,2,3,2,3,0,0,0,2,3,3,1
p_4529,3,2,3,1,4,0,0,1,5,0,2,2,3,3,4,0,0,0,2,3,4,4
p_4530,0,1,3,1,4,0,0,1,2,0,2,2,3,3,1,0,0,0,2,3,3,4
p_4531,3,2,1,1,4,0,0,1,5,0,2,2,3,4,3,0,0,0,2,3,4,1
p_4532,0,2,1,1,4,0,0,1,3,0,2,2,3,3,1,0,0,0,2,3,4,1
e_4533,0,1,7,1,3,0,0,0,5,0,4,0,1,0,0,0,0,0,3,3,3,3
e_4534,3,1,6,0,3,0,0,1,7,0,4,0,0,5,5,0,0,1,1,4,5,5
p_4535,3,1,1,1,4,0,0,1,5,0,2,2,3,4,1,0,0,0,2,3,4,3
p_4536,0,1,1,1,4,0,0,1,2,0,2,2,3,3,1,0,0,0,2,3,4,4
p_4537,0,1,3,1,4,0,0,1,2,0,2,2,3,2,3,0,0,0,2,3,3,1
p_4538,3,2,3,1,4,0,0,1,3,0,2,2,3,2,4,0,0,0,2,3,4,3
p_4539,3,1,3,1,4,0,0,1,5,0,2,2,3,3,4,0,0,0,2,3,3,1
p_4540,3,2,3,1,4,0,0,1,5,0,2,2,3,4,3,0,0,0,2,3,4,1
p_4541,3,1,3,1,4,0,0,1,3,0,2,2,3,3,4,0,0,0,2,3,3,1
p_4542,0,2,1,1,4,0,0,1,2,0,2,2,3,2,4,0,0,0,2,3,4,1
p_4543,3,2,1,1,4,0,0,1,5,0,2,2,3,2,1,0,0,0,2,3,3,3
p_4544,3,2,3,1,4,0,0,1,3,0,2,2,3,2,1,0,0,0,2,3,3,3
p_4545,3,1,1,1,4,0,0,1,5,0,2,2,3,3,3,0,0,0,2,3,3,1
p_4546,3,1,1,1,4,0,0,1,5,0,2,2,3,3,1,0,0,0,2,3,4,1
p_4547,3,2,3,1,4,0,0,1,5,0,2,2,3,3,1,0,0,0,2,3,3,1
p_4548,3,0,6,0,4,0,0,1,4,1,2,0,1,0,0,0,0,0,0,3,3,1
p_4549,3,0,2,0,3,0,0,1,2,0,2,0,0,0,0,0,0,1,0,5,3,2
p_4550,0,1,1,1,4,0,0,1,3,0,2,2,3,2,4,0,0,0,2,3,4,4
p_4551,3,2,1,1,4,0,0,1,3,0,2,2,3,4,3,0,0,0,2,3,3,4
p_4552,3,1,3,1,4,0,0,1,2,0,2,2,3,2,1,0,0,0,2,3,3,1
p_4553,0,1,1,1,4,0,0,1,5,0,2,2,3,3,1,0,0,0,2,3,3,3
p_4554,0,2,1,1,4,0,0,1,2,0,2,2,3,2,4,0,0,0,2,3,3,4
p_4555,0,2,1,1,4,0,0,1,2,0,2,2,3,2,3,0,0,0,2,3,4,3
e_4556,3,2,3,0,3,0,0,1,6,1,2,0,0,1,2,0,0,0,0,1,3,3
e_4557,0,1,7,1,3,0,0,0,6,0,4,0,1,0,0,0,0,0,3,3,3,3
p_4558,0,1,3,1,4,0,0,1,5,0,2,2,3,2,1,0,0,0,2,3,4,3
p_4559,3,2,1,1,4,0,0,1,3,0,2,2,3,3,3,0,0,0,2,3,3,1
p_4560,0,1,1,1,4,0,0,1,3,0,2,2,3,3,3,0,0,0,2,3,3,3
p_4561,3,1,3,1,4,0,0,1,3,0,2,2,3,3,1,0,0,0,2,3,3,3
p_4562,0,1,1,1,4,0,0,1,5,0,2,2,3,3,1,0,0,0,2,3,4,4
p_4563,0,2,1,1,4,0,0,1,3,0,2,2,3,4,1,0,0,0,2,3,3,3
p_4564,0,1,1,1,4,0,0,1,2,0,2,2,3,4,4,0,0,0,2,3,4,4
p_4565,3,2,1,1,4,0,0,1,5,0,2,2,3,3,4,0,0,0,2,3,3,1
p_4566,0,1,3,1,4,0,0,1,2,0,2,2,3,2,4,0,0,0,2,3,4,4
p_4567,3,1,3,1,4,0,0,1,3,0,2,2,3,3,4,0,0,0,2,3,4,1
p_4568,3,1,3,1,4,0,0,1,2,0,2,2,3,2,4,0,0,0,2,3,3,4
p_4569,0,2,1,1,4,0,0,1,2,0,2,2,3,2,1,0,0,0,2,3,4,4
e_4570,3,2,4,0,3,0,0,1,4,1,2,0,0,0,2,0,0,0,0,1,3,3
p_4571,0,1,1,1,4,0,0,1,5,0,2,2,3,2,1,0,0,0,2,3,4,3
p_4572,3,2,3,1,4,0,0,1,2,0,2,2,3,3,3,0,0,0,2,3,3,3
p_4573,0,1,3,1,4,0,0,1,2,0,2,2,3,4,4,0,0,0,2,3,4,4
p_4574,3,1,3,1,4,0,0,1,2,0,2,2,3,4,1,0,0,0,2,3,3,4
p_4575,3,2,3,1,4,0,0,1,3,0,2,2,3,4,4,0,0,0,2,3,4,4
p_4576,3,2,3,1,4,0,0,1,3,0,2,2,3,3,3,0,0,0,2,3,4,3
p_4577,3,2,3,1,4,0,0,1,3,0,2,2,3,3,1,0,0,0,2,3,3,1
p_4578,3,1,3,1,4,0,0,1,5,0,2,2,3,2,4,0,0,0,2,3,4,3
p_4579,3,2,1,1,4,0,0,1,5,0,2,2,3,2,3,0,0,0,2,3,3,3
p_4580,0,2,1,1,4,0,0,1,5,0,2,2,3,2,1,0,0,0,2,3,4,3
p_4581,0,1,3,1,4,0,0,1,3,0,2,2,3,3,4,0,0,0,2,3,3,4
p_4582,0,1,3,1,4,0,0,1,3,0,2,2,3,4,4,0,0,0,2,3,4,4
p_4583,0,2,2,1,5,0,0,0,2,0,2,0,0,0,0,0,0,0,0,1,3,3
p_4584,3,2,3,1,4,0,0,1,3,0,2,2,3,4,1,0,0,0,2,3,4,3
p_4585,0,2,1,1,4,0,0,1,5,0,2,2,3,2,1,0,0,0,2,3,3,4
p_4586,3,1,3,1,4,0,0,1,3,0,2,2,3,2,1,0,0,0,2,3,3,3
p_4587,0,2,1,1,4,0,0,1,3,0,2,2,3,2,4,0,0,0,2,3,3,1
p_4588,3,1,3,1,4,0,0,1,5,0,2,2,3,2,4,0,0,0,2,3,3,3
p_4589,3,1,3,1,4,0,0,1,2,0,2,2,3,3,3,0,0,0,2,3,3,3
p_4590,3,2,1,1,4,0,0,1,2,0,2,2,3,4,4,0,0,0,2,3,4,4
p_4591,0,1,3,1,4,0,0,1,2,0,2,2,3,4,1,0,0,0,2,3,3,1
p_4592,3,1,1,1,4,0,0,1,3,0,2,2,3,3,3,0,0,0,2,3,3,1
p_4593,3,2,1,1,4,0,0,1,5,0,2,2,3,3,1,0,0,0,2,3,4,4
p_4594,0,2,1,1,4,0,0,1,5,0,2,2,3,4,1,0,0,0,2,3,3,3
p_4595,3,2,1,1,4,0,0,1,2,0,2,2,3,3,3,0,0,0,2,3,3,1
p_4596,0,1,1,1,4,0,0,1,3,0,2,2,3,4,4,0,0,0,2,3,4,4
p_4597,3,2,1,1,4,0,0,1,2,0,2,2,3,4,3,0,0,0,2,3,4,3
p_4598,0,2,1,1,4,0,0,1,3,0,2,2,3,4,3,0,0,0,2,3,3,1
p_4599,3,1,3,1,4,0,0,1,5,0,2,2,3,3,4,0,0,0,2,3,4,3
p_4600,3,2,3,1,4,0,0,1,3,0,2,2,3,2,3,0,0,0,2,3,4,3
p_4601,3,2,1,1,4,0,0,1,2,0,2,2,3,2,4,0,0,0,2,3,3,1
p_4602,3,2,3,1,4,0,0,1,3,0,2,2,3,4,3,0,0,0,2,3,3,3
p_4603,3,2,3,1,4,0,0,1,5,0,2,2,3,2,4,0,0,0,2,3,4,1
p_4604,3,2,1,1,4,0,0,1,2,0,2,2,3,2,4,0,0,0,2,3,3,3
p_4605,0,1,1,1,4,0,0,1,2,0,2,2,3,2,1,0,0,0,2,3,4,3
p_4606,0,1,1,1,4,0,0,1,3,0,2,2,3,4,1,0,0,0,2,3,3,3
p_4607,3,2,1,1,4,0,0,1,5,0,2,2,3,3,4,0,0,0,2,3,4,3
p_4608,0,1,1,1,4,0,0,1,5,0,2,2,3,4,3,0,0,0,2,3,3,3
p_4609,0,1,1,1,4,0,0,1,2,0,2,2,3,4,1,0,0,0,2,3,3,1
p_4610,0,1,0,1,6,0,0,0,8,1,4,0,0,2,0,0,0,0,1,4,3,3
e_4611,3,1,6,0,3,0,0,1,4,0,4,0,0,0,0,0,0,1,1,4,5,5
p_4612,0,2,1,1,4,0,0,1,5,0,2,2,3,4,1,0,0,0,2,3,3,1
p_4613,0,1,1,1,4,0,0,1,5,0,2,2,3,4,3,0,0,0,2,3,4,3
p_4614,3,1,3,1,4,0,0,1,3,0,2,2,3,3,3,0,0,0,2,3,4,3
p_4615,0,1,1,1,4,0,0,1,3,0,2,2,3,3,1,0,0,0,2,3,4,3
p_4616,3,1,3,1,4,0,0,1,3,0,2,2,3,2,3,0,0,0,2,3,3,4
p_4617,3,1,3,1,4,0,0,1,3,0,2,2,3,2,3,0,0,0,2,3,4,3
p_4618,3,2,3,1,4,0,0,1,3,0,2,2,3,2,3,0,0,0,2,3,3,4
p_4619,0,2,1,1,4,0,0,1,3,0,2,2,3,2,4,0,0,0,2,3,3,4
p_4620,3,2,1,1,4,0,0,1,3,0,2,2,3,4,4,0,0,0,2,3,4,1
p_4621,3,2,1,1,4,0,0,1,2,0,2,2,3,2,1,0,0,0,2,3,4,3
p_4622,3,1,3,1,4,0,0,1,5,0,2,2,3,2,3,0,0,0,2,3,3,4
p_4623,3,1,3,1,4,0,0,1,5,0,2,2,3,3,3,0,0,0,2,3,4,1
p_4624,3,2,3,1,4,0,0,1,2,0,2,2,3,3,3,0,0,0,2,3,4,1
p_4625,3,1,3,1,4,0,0,1,2,0,2,2,3,4,4,0,0,0,2,3,3,3
p_4626,3,2,3,1,4,0,0,1,5,0,2,2,3,2,3,0,0,0,2,3,3,3
p_4627,3,1,3,1,4,0,0,1,2,0,2,2,3,2,3,0,0,0,2,3,3,4
p_4628,0,2,3,1,5,0,0,0,6,0,2,0,0,0,0,0,0,0,0,0,0,3
p_4629,3,0,6,0,4,0,0,1,4,1,2,1,1,0,0,0,0,0,0,3,3,1
e_4630,3,2,4,0,3,0,0,1,4,1,2,0,0,1,0,0,0,0,0,0,3,3
p_4631,0,1,1,1,4,0,0,1,2,0,2,2,3,2,4,0,0,0,2,3,3,4
p_4632,0,1,3,1,4,0,0,1,3,0,2,2,3,2,4,0,0,0,2,3,4,3
p_4633,3,1,3,1,4,0,0,1,2,0,2,2,3,3,3,0,0,0,2,3,3,1
e_4634,3,2,3,0,3,0,0,1,6,1,2,0,0,2,0,0,0,0,0,0,3,3
p_4635,0,1,1,1,4,0,0,1,3,0,2,2,3,4,1,0,0,0,2,3,4,3
p_4636,0,1,1,1,4,0,0,1,3,0,2,2,3,2,3,0,0,0,2,3,3,4
p_4637,3,2,1,1,4,0,0,1,3,0,2,2,3,3,1,0,0,0,2,3,4,4
p_4638,0,2,1,1,4,0,0,1,5,0,2,2,3,4,1,0,0,0,2,3,3,4
p_4639,0,2,1,1,4,0,0,1,5,0,2,2,3,4,3,0,0,0,2,3,4,3
p_4640,0,1,3,1,4,0,0,1,5,0,2,2,3,3,1,0,0,0,2,3,3,1
p_4641,3,0,2,0,4,0,0,1,4,1,2,0,1,0,0,0,0,0,0,3,0,0
p_4642,0,1,3,1,4,0,0,1,3,0,2,2,3,2,4,0,0,0,2,3,3,3
p_4643,0,2,1,1,4,0,0,1,2,0,2,2,3,4,4,0,0,0,2,3,3,1
p_4644,3,1,3,1,4,0,0,1,2,0,2,2,3,2,1,0,0,0,2,3,4,4
p_4645,0,1,3,1,4,0,0,1,3,0,2,2,3,2,1,0,0,0,2,3,3,4
p_4646,0,2,1,1,4,0,0,1,3,0,2,2,3,3,3,0,0,0,2,3,3,3
e_4647,3,1,7,1,3,0,0,0,5,0,4,0,1,0,0,0,0,0,3,3,3,3
p_4648,3,2,1,1,4,0,0,1,5,0,2,2,3,4,3,0,0,0,2,3,4,3
p_4649,3,1,3,1,4,0,0,1,3,0,2,2,3,4,3,0,0,0,2,3,3,1
p_4650,0,1,1,1,4,0,0,1,5,0,2,2,3,4,1,0,0,0,2,3,4,1
p_4651,3,2,3,1,4,0,0,1,2,0,2,2,3,4,4,0,0,0,2,3,4,1
e_4652,3,1,0,0,3,0,0,1,1,1,2,0,0,2,1,0,0,0,0,1,4,3
p_4653,0,2,1,1,4,0,0,1,5,0,2,2,3,2,4,0,0,0,2,3,3,4
p_4654,3,2,3,1,4,0,0,1,5,0,2,2,3,3,1,0,0,0,2,3,4,3
p_4655,0,1,3,1,4,0,0,1,5,0,2,2,3,3,3,0,0,0,2,3,4,4
p_4656,3,2,1,1,4,0,0,1,3,0,2,2,3,3,4,0,0,0,2,3,4,1
p_4657,0,2,1,1,4,0,0,1,5,0,2,2,3,4,3,0,0,0,2,3,3,3
p_4658,0,1,1,1,4,0,0,1,2,0,2,2,3,4,4,0,0,0,2,3,3,4
p_4659,0,2,1,1,4,0,0,1,2,0,2,2,3,4,4,0,0,0,2,3,3,4
p_4660,3,1,3,1,4,0,0,1,2,0,2,2,3,3,1,0,0,0,2,3,3,1
p_4661,0,0,2,0,4,0,0,1,5,1,2,1,1,0,0,0,0,0,0,3,0,0
e_4662,3,1,4,0,3,0,0,1,4,0,4,0,0,0,0,0,0,1,1,4,5,5
e_4663,0,1,7,1,3,0,0,0,4,0,4,0,1,0,0,0,0,0,3,3,4,3
p_4664,0,1,1,1,4,0,0,1,3,0,2,2,3,4,4,0,0,0,2,3,3,1
p_4665,0,1,3,1,4,0,0,1,3,0,2,2,3,3,1,0,0,0,2,3,4,3
p_4666,0,2,1,1,4,0,0,1,3,0,2,2,3,2,1,0,0,0,2,3,4,4
p_4667,3,2,3,1,4,0,0,1,5,0,2,2,3,2,4,0,0,0,2,3,4,3
p_4668,0,1,3,1,4,0,0,1,2,0,2,2,3,2,3,0,0,0,2,3,4,4
p_4669,3,2,3,1,4,0,0,1,5,0,2,2,3,4,4,0,0,0,2,3,4,1
p_4670,3,2,1,1,4,0,0,1,3,0,2,2,3,2,4,0,0,0,2,3,4,1
p_4671,0,1,3,1,4,0,0,1,5,0,2,2,3,2,1,0,0,0,2,3,4,4
p_4672,3,1,3,1,4,0,0,1,2,0,2,2,3,3,3,0,0,0,2,3,4,4
e_4673,3,0,5,0,3,0,0,1,4,0,4,0,0,0,5,0,0,1,1,4,5,5
p_4674,3,2,3,1,4,0,0,1,5,0,2,2,3,2,4,0,0,0,2,3,4,4
p_4675,0,1,1,1,4,0,0,1,2,0,2,2,3,4,1,0,0,0,2,3,4,4
p_4676,0,1,3,1,4,0,0,1,2,0,2,2,3,3,3,0,0,0,2,3,4,4
p_4677,3,2,1,1,4,0,0,1,2,0,2,2,3,4,4,0,0,0,2,3,3,1
p_4678,0,2,1,1,4,0,0,1,3,0,2,2,3,2,4,0,0,0,2,3,4,3
p_4679,3,1,3,1,4,0,0,1,2,0,2,2,3,3,3,0,0,0,2,3,4,3
p_4680,3,1,1,1,4,0,0,1,2,0,2,2,3,3,1,0,0,0,2,3,4,4
p_4681,0,1,3,1,4,0,0,1,3,0,2,2,3,4,1,0,0,0,2,3,4,1
p_4682,0,1,3,1,4,0,0,1,2,0,2,2,3,4,4,0,0,0,2,3,4,3
p_4683,3,2,1,1,4,0,0,1,2,0,2,2,3,3,1,0,0,0,2,3,4,4
p_4684,3,2,3,1,4,0,0,1,3,0,2,2,3,4,4,0,0,0,2,3,4,3
p_4685,0,1,3,1,4,0,0,1,5,0,2,2,3,4,4,0,0,0,2,3,4,4
p_4686,3,2,1,1,4,0,0,1,3,0,2,2,3,2,1,0,0,0,2,3,3,4
p_4687,3,1,3,1,4,0,0,1,5,0,2,2,3,3,1,0,0,0,2,3,3,3
p_4688,0,1,3,1,4,0,0,1,3,0,2,2,3,3,1,0,0,0,2,3,4,1
p_4689,3,2,3,1,4,0,0,1,5,0,2,2,3,4,3,0,0,0,2,3,3,3
p_4690,0,1,3,1,4,0,0,1,5,0,2,2,3,3,1,0,0,0,2,3,4,1
p_4691,3,2,3,1,4,0,0,1,3,0,2,2,3,2,4,0,0,0,2,3,3,3
p_4692,0,1,1,1,4,0,0,1,2,0,2,2,3,4,3,0,0,0,2,3,4,4
p_4693,0,2,1,1,4,0,0,1,3,0,2,2,3,2,1,0,0,0,2,3,4,1
p_4694,0,1,3,1,4,0,0,1,5,0,2,2,3,4,1,0,0,0,2,3,3,4
p_4695,3,2,1,1,4,0,0,1,5,0,2,2,3,3,1,0,0,0,2,3,3,4
e_4696,3,1,0,0,3,0,0,1,1,1,2,0,0,0,2,0,0,0,0,1,4,3
p_4697,3,2,3,1,4,0,0,1,5,0,2,2,3,2,3,0,0,0,2,3,4,3
p_4698,0,1,1,1,4,0,0,1,5,0,2,2,3,3,4,0,0,0,2,3,4,4
p_4699,0,0,3,0,4,0,0,1,5,1,2,1,1,0,0,0,0,0,0,3,0,1
p_4700,3,1,1,1,4,0,0,1,5,0,2,2,3,3,4,0,0,0,2,3,3,4
p_4701,0,1,1,1,4,0,0,1,3,0,2,2,3,3,1,0,0,0,2,3,3,4
p_4702,0,2,2,1,5,0,0,0,2,0,2,0,0,0,0,0,0,0,0,0,0,3
p_4703,0,2,1,1,4,0,0,1,2,0,2,2,3,3,1,0,0,0,2,3,4,3
p_4704,3,0,6,0,4,0,0,1,5,1,2,1,0,0,0,0,0,0,0,3,0,0
p_4705,0,1,1,1,4,0,0,1,5,0,2,2,3,2,3,0,0,0,2,3,4,1
p_4706,0,1,3,1,4,0,0,1,5,0,2,2,3,3,1,0,0,0,2,3,4,3
p_4707,3,2,1,1,4,0,0,1,2,0,2,2,3,4,3,0,0,0,2,3,4,1
p_4708,3,0,5,0,3,0,0,1,4,0,2,0,0,0,0,0,0,1,0,5,3,1
p_4709,3,0,6,0,4,0,0,1,3,1,2,1,1,0,0,0,0,0,0,3,3,0
p_4710,0,1,3,1,4,0,0,1,2,0,2,2,3,4,3,0,0,0,2,3,3,1
p_4711,0,1,3,1,4,0,0,1,5,0,2,2,3,2,3,0,0,0,2,3,4,1
p_4712,0,1,3,1,4,0,0,1,3,0,2,2,3,4,1,0,0,0,2,3,3,1
p_4713,3,2,3,1,4,0,0,1,2,0,2,2,3,2,4,0,0,0,2,3,4,4
p_4714,3,2,3,1,4,0,0,1,2,0,2,2,3,2,1,0,0,0,2,3,3,4
p_4715,0,2,1,1,4,0,0,1,5,0,2,2,3,2,1,0,0,0,2,3,4,4
p_4716,3,2,1,1,4,0,0,1,5,0,2,2,3,2,4,0,0,0,2,3,3,4
e_4717,3,1,7,1,3,0,0,0,6,0,4,0,1,0,0,0,0,0,3,3,3,3
p_4718,0,2,1,1,4,0,0,1,2,0,2,2,3,4,3,0,0,0,2,3,4,1
e_4719,3,2,4,0,3,0,0,1,4,1,2,0,0,1,0,0,0,0,0,1,3,3
p_4720,3,2,1,1,4,0,0,1,2,0,2,2,3,3,1,0,0,0,2,3,4,1
p_4721,0,2,1,1,4,0,0,1,2,0,2,2,3,2,1,0,0,0,2,3,3,1
p_4722,0,1,0,1,4,0,0,0,8,1,4,2,0,2,1,0,0,0,1,4,3,6
p_4723,0,1,3,1,4,0,0,1,2,0,2,2,3,4,3,0,0,0,2,3,4,1
p_4724,0,2,1,1,4,0,0,1,3,0,2,2,3,4,1,0,0,0,2,3,4,3
p_4725,3,2,3,1,4,0,0,1,3,0,2,2,3,2,1,0,0,0,2,3,4,1
p_4726,0,1,3,1,4,0,0,1,2,0,2,2,3,4,3,0,0,0,2,3,3,4
p_4727,0,1,3,1,4,0,0,1,5,0,2,2,3,4,3,0,0,0,2,3,4,1
p_4728,0,2,1,1,4,0,0,1,5,0,2,2,3,4,1,0,0,0,2,3,4,3
p_4729,3,2,1,1,4,0,0,1,5,0,2,2,3,3,4,0,0,0,2,3,4,1
p_4730,3,1,3,1,4,0,0,1,2,0,2,2,3,3,1,0,0,0,2,3,3,4
p_4731,3,1,3,1,4,0,0,1,5,0,2,2,3,2,3,0,0,0,2,3,4,1
e_4732,3,1,0,0,3,0,0,1,1,1,2,0,0,2,0,0,0,0,0,1,4,3
p_4733,0,1,1,1,4,0,0,1,2,0,2,2,3,3,1,0,0,0,2,3,3,1
e_4734,3,2,4,0,3,0,0,1,4,1,2,0,0,0,0,0,0,0,0,0,4,3
p_4735,0,2,1,1,4,0,0,1,5,0,2,2,3,4,4,0,0,0,2,3,4,3
p_4736,0,1,3,1,4,0,0,1,5,0,2,2,3,2,3,0,0,0,2,3,4,4
p_4737,3,1,3,1,4,0,0,1,5,0,2,2,3,2,4,0,0,0,2,3,4,4
p_4738,0,2,1,1,4,0,0,1,3,0,2,2,3,2,3,0,0,0,2,3,4,4
p_4739,3,2,3,1,4,0,0,1,5,0,2,2,3,3,3,0,0,0,2,3,3,3
p_4740,3,2,3,1,4,0,0,1,3,0,2,2,3,2,3,0,0,0,2,3,3,3
p_4741,3,1,3,1,4,0,0,1,3,0,2,2,3,3,3,0,0,0,2,3,4,4
p_4742,3,1,3,1,4,0,0,1,2,0,2,2,3,2,4,0,0,0,2,3,4,1
p_4743,0,2,1,1,4,0,0,1,2,0,2,2,3,4,1,0,0,0,2,3,3,3
p_4744,0,1,1,1,4,0,0,1,5,0,2,2,3,2,4,0,0,0,2,3,4,4
p_4745,3,2,1,1,4,0,0,1,2,0,2,2,3,3,1,0,0,0,2,3,3,3
p_4746,0,1,3,1,4,0,0,1,2,0,2,2,3,4,1,0,0,0,2,3,4,3
p_4747,3,2,1,1,4,0,0,1,2,0,2,2,3,2,3,0,0,0,2,3,4,4
p_4748,3,1,3,1,4,0,0,1,2,0,2,2,3,4,1,0,0,0,2,3,3,3
p_4749,0,2,5,1,5,0,1,0,3,0,2,0,0,0,0,0,0,0,0,0,0,3
p_4750,3,2,1,1,4,0,0,1,2,0,2,2,3,2,3,0,0,0,2,3,3,3
p_4751,0,1,3,1,4,0,0,1,5,0,2,2,3,3,1,0,0,0,2,3,3,3
p_4752,0,1,1,1,4,0,0,1,3,0,2,2,3,4,1,0,0,0,2,3,4,1
p_4753,0,1,3,1,4,0,0,1,5,0,2,2,3,2,3,0,0,0,2,3,3,3
p_4754,3,1,1,1,4,0,0,1,5,0,2,2,3,3,3,0,0,0,2,3,3,4
p_4755,0,1,3,1,4,0,0,1,2,0,2,2,3,4,1,0,0,0,2,3,4,4
p_4756,0,2,1,1,4,0,0,1,2,0,2,2,3,2,4,0,0,0,2,3,3,3
p_4757,3,1,3,1,4,0,0,1,2,0,2,2,3,4,3,0,0,0,2,3,3,3
p_4758,3,1,3,1,4,0,0,1,3,0,2,2,3,2,3,0,0,0,2,3,3,1
p_4759,0,1,1,1,4,0,0,1,3,0,2,2,3,2,4,0,0,0,2,3,4,3
p_4760,3,2,1,1,4,0,0,1,5,0,2,2,3,2,3,0,0,0,2,3,4,3
p_4761,0,1,3,1,4,0,0,1,2,0,2,2,3,2,4,0,0,0,2,3,3,3
p_4762,0,1,1,1,4,0,0,1,3,0,2,2,3,4,3,0,0,0,2,3,4,3
p_4763,0,1,3,1,4,0,0,1,2,0,2,2,3,4,1,0,0,0,2,3,3,3
p_4764,0,1,3,1,4,0,0,1,2,0,2,2,3,4,1,0,0,0,2,3,4,1
p_4765,0,2,1,1,4,0,0,1,2,0,2,2,3,3,3,0,0,0,2,3,3,1
p_4766,0,1,3,1,4,0,0,1,3,0,2,2,3,3,3,0,0,0,2,3,4,3
p_4767,3,2,3,1,4,0,0,1,2,0,2,2,3,2,3,0,0,0,2,3,4,4
p_4768,3,2,3,1,4,0,0,1,3,0,2,2,3,4,3,0,0,0,2,3,3,1
p_4769,0,1,3,1,4,0,0,1,5,0,2,2,3,3,4,0,0,0,2,3,3,4
p_4770,0,2,1,1,4,0,0,1,5,0,2,2,3,3,1,0,0,0,2,3,3,3
p_4771,0,1,3,1,4,0,0,1,2,0,2,2,3,2,4,0,0,0,2,3,4,3
p_4772,3,2,3,1,4,0,0,1,3,0,2,2,3,3,3,0,0,0,2,3,3,4
p_4773,0,1,1,1,4,0,0,1,5,0,2,2,3,3,1,0,0,0,2,3,3,4
p_4774,0,2,1,1,4,0,0,1,5,0,2,2,3,2,4,0,0,0,2,3,3,3
p_4775,3,1,3,1,4,0,0,1,3,0,2,2,3,3,4,0,0,0,2,3,4,3
p_4776,3,2,3,1,4,0,0,1,3,0,2,2,3,4,1,0,0,0,2,3,3,4
e_4777,0,0,5,0,3,0,0,1,7,0,4,0,0,0,0,0,0,1,1,4,5,5
p_4778,3,2,1,1,4,0,0,1,3,0,2,2,3,3,1,0,0,0,2,3,3,3
p_4779,0,0,5,1,5,0,1,0,2,0,2,0,0,0,0,0,0,0,0,0,3,3
p_4780,0,2,1,1,4,0,0,1,5,0,2,2,3,2,1,0,0,0,2,3,4,1
p_4781,3,2,3,1,4,0,0,1,2,0,2,2,3,4,1,0,0,0,2,3,4,4
p_4782,0,2,1,1,4,0,0,1,3,0,2,2,3,3,3,0,0,0,2,3,4,1
e_4783,3,2,4,0,3,0,0,1,3,1,2,0,0,2,1,0,0,0,0,1,4,3
p_4784,0,1,1,1,4,0,0,1,2,0,2,2,3,4,4,0,0,0,2,3,3,3
p_4785,0,2,1,1,4,0,0,1,3,0,2,2,3,4,1,0,0,0,2,3,4,1
p_4786,3,1,3,1,4,0,0,1,5,0,2,2,3,3,1,0,0,0,2,3,3,1
p_4787,3,2,1,1,4,0,0,1,3,0,2,2,3,4,1,0,0,0,2,3,4,1
e_4788,3,1,0,0,3,0,0,1,1,1,2,0,0,2,0,0,0,0,0,1,3,3
p_4789,0,1,1,1,4,0,0,1,5,0,2,2,3,4,3,0,0,0,2,3,4,4
p_4790,3,2,3,1,4,0,0,1,5,0,2,2,3,2,3,0,0,0,2,3,3,4
p_4791,0,1,1,1,4,0,0,1,5,0,2,2,3,2,4,0,0,0,2,3,3,4
p_4792,3,2,1,1,4,0,0,1,5,0,2,2,3,2,4,0,0,0,2,3,4,3
p_4793,3,1,1,1,4,0,0,1,5,0,2,2,3,3,1,0,0,0,2,3,4,3
p_4794,3,1,3,1,4,0,0,1,5,0,2,2,3,2,1,0,0,0,2,3,3,1
p_4795,3,2,3,1,4,0,0,1,5,0,2,2,3,4,1,0,0,0,2,3,3,1
p_4796,0,1,1,1,4,0,0,1,3,0,2,2,3,4,4,0,0,0,2,3,4,1
p_4797,3,1,3,1,4,0,0,1,2,0,2,2,3,3,4,0,0,0,2,3,4,4
p_4798,0,1,1,1,4,0,0,1,2,0,2,2,3,3,4,0,0,0,2,3,4,1
e_4799,3,2,3,0,3,0,0,1,6,1,2,0,0,0,0,0,0,0,0,1,4,3
p_4800,0,0,3,0,4,0,0,1,5,1,2,1,0,0,0,0,0,0,0,3,0,1
p_4801,0,1,0,1,4,0,0,0,8,1,4,0,3,2,0,0,0,0,1,4,3,4
p_4802,3,0,3,0,4,0,0,1,3,1,2,0,1,0,0,0,0,0,0,3,3,1
p_4803,3,1,3,1,4,0,0,1,2,0,2,2,3,4,4,0,0,0,2,3,4,1
p_4804,3,1,1,1,4,0,0,1,2,0,2,2,3,2,1,0,0,0,2,3,3,1
p_4805,3,1,3,1,4,0,0,1,3,0,2,2,3,4,1,0,0,0,2,3,3,3
e_4806,3,1,4,0,3,0,0,1,7,0,4,0,0,0,5,0,0,1,1,4,5,5
p_4807,3,1,3,1,4,0,0,1,3,0,2,2,3,3,4,0,0,0,2,3,3,4
p_4808,0,2,1,1,4,0,0,1,5,0,2,2,3,3,4,0,0,0,2,3,3,1
p_4809,3,2,3,1,4,0,0,1,2,0,2,2,3,4,3,0,0,0,2,3,4,3
p_4810,0,1,1,1,4,0,0,1,3,0,2,2,3,2,3,0,0,0,2,3,4,3
p_4811,3,2,1,1,4,0,0,1,3,0,2,2,3,3,3,0,0,0,2,3,4,1
e_4812,3,1,0,0,3,0,0,1,7,0,4,0,0,5,5,0,0,1,1,4,5,5
p_4813,3,1,3,1,4,0,0,1,3,0,2,2,3,2,4,0,0,0,2,3,3,1
p_4814,4,2,0,1,3,0,0,0,4,0,4,2,2,0,4,0,0,0,1,4,3,3
p_4815,3,2,3,1,4,0,0,1,2,0,2,2,3,4,1,0,0,0,2,3,3,3
p_4816,3,2,1,1,4,0,0,1,5,0,2,2,3,3,3,0,0,0,2,3,3,4
p_4817,0,1,0,1,7,0,0,0,8,1,4,0,3,0,1,0,0,0,1,4,3,4
p_4818,3,2,3,1,4,0,0,1,5,0,2,2,3,2,1,0,0,0,2,3,3,3
p_4819,3,2,3,1,4,0,0,1,2,0,2,2,3,4,3,0,0,0,2,3,4,4
p_4820,3,0,2,0,4,0,0,1,4,1,2,1,1,0,0,0,0,0,0,3,3,1
p_4821,3,2,1,1,4,0,0,1,2,0,2,2,3,4,4,0,0,0,2,3,3,3
p_4822,0,1,3,1,4,0,0,1,5,0,2,2,3,2,4,0,0,0,2,3,4,1
p_4823,0,2,1,1,4,0,0,1,5,0,2,2,3,3,1,0,0,0,2,3,4,1
e_4824,0,1,4,0,3,0,0,1,4,0,4,0,0,5,5,0,0,1,1,4,5,5
p_4825,3,1,1,1,4,0,0,1,2,0,2,2,3,3,1,0,0,0,2,3,3,3
p_4826,1,2,1,1,3,0,0,0,4,0,4,2,2,0,4,0,0,0,1,4,3,3
p_4827,3,1,1,1,4,0,0,1,3,0,2,2,3,3,4,0,0,0,2,3,3,3
p_4828,0,0,3,0,4,0,0,1,3,1,2,1,1,0,0,0,0,0,0,3,0,0
p_4829,3,1,1,1,4,0,0,1,5,0,2,2,3,2,1,0,0,0,2,3,3,3
p_4830,3,2,1,1,4,0,0,1,3,0,2,2,3,2,3,0,0,0,2,3,3,1
e_4831,4,1,4,0,3,0,0,1,7,0,4,0,0,0,0,0,0,1,1,4,5,5
p_4832,3,2,1,1,4,0,0,1,3,0,2,2,3,4,1,0,0,0,2,3,3,4
p_4833,3,2,1,1,4,0,0,1,2,0,2,2,3,2,4,0,0,0,2,3,3,4
e_4834,4,1,0,1,3,0,1,0,4,0,2,1,0,0,4,0,0,0,1,4,3,6
p_4835,0,0,2,1,5,0,0,0,3,0,2,0,0,0,0,0,0,0,0,1,3,3
p_4836,0,2,1,1,4,0,0,1,2,0,2,2,3,4,4,0,0,0,2,3,4,1
p_4837,0,2,1,1,4,0,0,1,2,0,2,2,3,3,3,0,0,0,2,3,3,4
p_4838,0,2,1,1,4,0,0,1,2,0,2,2,3,4,4,0,0,0,2,3,4,3
p_4839,3,1,1,1,4,0,0,1,3,0,2,2,3,3,3,0,0,0,2,3,3,4
p_4840,1,0,6,0,3,0,0,1,2,0,2,0,0,0,0,0,0,1,0,5,3,1
p_4841,0,0,2,0,4,0,0,1,5,1,2,1,1,0,0,0,0,0,0,3,3,1
e_4842,3,1,4,0,3,0,0,1,1,1,2,0,0,0,1,0,0,0,0,1,4,3
p_4843,1,0,2,0,3,0,0,1,2,0,2,0,0,0,0,0,0,1,0,5,3,2
e_4844,3,1,5,0,3,0,0,1,4,0,4,0,0,5,5,0,0,1,1,4,5,5
p_4845,0,0,2,0,4,0,0,1,3,1,2,1,1,0,0,0,0,0,0,3,3,1
e_4846,4,1,0,0,3,0,0,1,4,0,4,0,0,0,0,0,0,1,1,4,5,5
p_4847,0,1,1,1,4,0,0,1,5,0,2,2,3,3,3,0,0,0,2,3,4,4
p_4848,3,0,6,0,4,0,0,1,5,1,2,1,0,0,0,0,0,0,0,3,3,0
p_4849,3,1,3,1,4,0,0,1,5,0,2,2,3,3,4,0,0,0,2,3,3,3
p_4850,0,1,1,1,4,0,0,1,5,0,2,2,3,4,4,0,0,0,2,3,3,3
p_4851,0,1,3,1,4,0,0,1,3,0,2,2,3,3,3,0,0,0,2,3,3,3
p_4852,0,2,1,1,4,0,0,1,2,0,2,2,3,3,1,0,0,0,2,3,4,4
p_4853,0,1,1,1,4,0,0,1,5,0,2,2,3,2,3,0,0,0,2,3,3,3
p_4854,0,1,1,1,4,0,0,1,5,0,2,2,3,2,4,0,0,0,2,3,4,3
p_4855,0,2,1,1,4,0,0,1,2,0,2,2,3,4,4,0,0,0,2,3,4,4
p_4856,0,1,3,1,4,0,0,1,2,0,2,2,3,4,3,0,0,0,2,3,4,4
p_4857,3,2,3,1,4,0,0,1,3,0,2,2,3,3,4,0,0,0,2,3,3,4
e_4858,4,0,4,0,3,0,0,1,4,0,4,0,0,5,0,0,0,1,1,4,5,5
e_4859,3,1,0,0,3,0,0,1,7,0,4,0,0,5,0,0,0,1,1,4,5,5
e_4860,3,0,6,0,3,0,0,1,4,0,4,0,0,5,0,0,0,1,1,4,5,5
p_4861,0,1,1,1,4,0,0,1,2,0,2,2,3,4,3,0,0,0,2,3,3,3
e_4862,3,2,3,0,3,0,0,1,6,1,2,0,0,2,1,0,0,0,0,1,3,3
p_4863,3,2,1,1,4,0,0,1,3,0,2,2,3,3,4,0,0,0,2,3,4,4
p_4864,3,1,3,1,4,0,0,1,5,0,2,2,3,2,1,0,0,0,2,3,4,1
p_4865,0,0,3,0,4,0,0,1,3,1,2,1,1,0,0,0,0,0,0,3,3,1
p_4866,3,2,3,1,4,0,0,1,3,0,2,2,3,2,1,0,0,0,2,3,3,4
p_4867,0,2,1,1,4,0,0,1,5,0,2,2,3,2,3,0,0,0,2,3,4,3
p_4868,3,2,1,1,4,0,0,1,3,0,2,2,3,3,1,0,0,0,2,3,3,1
p_4869,0,1,0,1,4,0,0,0,8,1,4,2,3,0,0,0,0,0,1,4,3,6
p_4870,3,2,3,1,4,0,0,1,5,0,2,2,3,4,4,0,0,0,2,3,3,4
e_4871,3,1,0,0,3,0,0,1,7,0,4,0,0,0,0,0,0,1,1,4,5,5
e_4872,3,1,4,0,3,0,0,1,3,1,2,0,0,1,1,0,0,0,0,0,3,3
p_4873,3,1,3,1,4,0,0,1,2,0,2,2,3,2,3,0,0,0,2,3,4,1
p_4874,0,1,1,1,4,0,0,1,5,0,2,2,3,2,1,0,0,0,2,3,3,4
p_4875,3,2,3,1,4,0,0,1,3,0,2,2,3,3,4,0,0,0,2,3,4,3
e_4876,3,2,4,0,3,0,0,1,1,1,2,0,0,2,0,0,0,0,0,1,3,3
p_4877,0,1,1,1,4,0,0,1,5,0,2,2,3,2,3,0,0,0,2,3,3,4
p_4878,3,2,1,1,4,0,0,1,3,0,2,2,3,4,3,0,0,0,2,3,4,4
p_4879,3,2,3,1,4,0,0,1,3,0,2,2,3,2,4,0,0,0,2,3,3,4
p_4880,3,1,1,1,4,0,0,1,2,0,2,2,3,3,3,0,0,0,2,3,4,3
p_4881,0,1,3,1,4,0,0,1,5,0,2,2,3,4,3,0,0,0,2,3,3,3
p_4882,1,1,2,0,3,0,0,1,4,0,2,0,0,0,0,0,0,1,0,5,3,2
p_4883,3,2,1,1,4,0,0,1,3,0,2,2,3,2,1,0,0,0,2,3,4,4
p_4884,0,1,0,1,4,0,0,0,8,1,4,2,0,2,0,0,0,0,1,4,3,3
p_4885,3,2,3,1,4,0,0,1,2,0,2,2,3,2,1,0,0,0,2,3,4,1
p_4886,0,1,1,1,4,0,0,1,2,0,2,2,3,3,4,0,0,0,2,3,3,1
p_4887,3,1,1,1,4,0,0,1,2,0,2,2,3,3,4,0,0,0,2,3,4,4
e_4888,3,1,5,0,3,0,0,1,7,0,4,0,0,5,5,0,0,1,1,4,5,5
p_4889,0,0,2,0,4,0,0,1,5,1,2,0,0,0,0,0,0,0,0,3,0,1
p_4890,3,1,3,1,4,0,0,1,5,0,2,2,3,3,1,0,0,0,2,3,4,1
p_4891,0,1,3,1,4,0,0,1,5,0,2,2,3,4,3,0,0,0,2,3,3,4
p_4892,0,2,1,1,4,0,0,1,3,0,2,2,3,3,1,0,0,0,2,3,3,1
p_4893,3,0,6,0,4,0,0,1,4,1,2,1,0,0,0,0,0,0,0,3,0,0
p_4894,0,2,3,1,5,0,0,0,2,0,2,0,0,0,0,0,0,0,0,0,3,3
p_4895,0,2,1,1,4,0,0,1,2,0,2,2,3,3,4,0,0,0,2,3,4,4
p_4896,3,1,3,1,4,0,0,1,3,0,2,2,3,4,1,0,0,0,2,3,4,1
p_4897,3,1,1,1,4,0,0,1,5,0,2,2,3,3,4,0,0,0,2,3,4,4
e_4898,0,1,9,1,3,0,0,0,3,0,4,0,1,0,0,0,0,0,3,3,4,3
e_4899,3,1,2,1,3,0,0,0,5,0,4,0,1,0,0,0,0,0,3,3,3,3
p_4900,0,2,1,1,4,0,0,1,5,0,2,2,3,3,3,0,0,0,2,3,3,3
p_4901,3,1,1,1,4,0,0,1,5,0,2,2,3,4,4,0,0,0,2,3,4,4
p_4902,3,1,1,1,4,0,0,1,3,0,2,2,3,3,1,0,0,0,2,3,4,1
p_4903,0,1,4,1,6,0,0,0,8,1,4,2,3,2,0,0,0,0,1,4,3,4
p_4904,0,1,4,1,6,0,0,0,8,1,4,2,3,2,0,0,0,0,1,4,3,6
p_4905,0,1,3,1,4,0,0,1,5,0,2,2,3,4,3,0,0,0,2,3,4,3
p_4906,0,1,1,1,4,0,0,1,2,0,2,2,3,3,3,0,0,0,2,3,3,1
p_4907,3,2,3,1,4,0,0,1,5,0,2,2,3,4,4,0,0,0,2,3,4,3
p_4908,0,1,3,1,4,0,0,1,2,0,2,2,3,3,3,0,0,0,2,3,4,1
p_4909,0,1,1,1,4,0,0,1,2,0,2,2,3,2,1,0,0,0,2,3,3,3
p_4910,3,2,1,1,4,0,0,1,5,0,2,2,3,3,3,0,0,0,2,3,4,4
e_4911,3,0,4,0,3,0,0,1,4,0,4,0,0,0,5,0,0,1,1,4,5,5
p_4912,3,2,1,1,4,0,0,1,5,0,2,2,3,4,4,0,0,0,2,3,4,4
p_4913,0,1,1,1,4,0,0,1,5,0,2,2,3,2,1,0,0,0,2,3,4,4
p_4914,3,0,3,0,4,0,0,1,3,1,2,1,0,0,0,0,0,0,0,3,0,1
p_4915,3,2,1,1,4,0,0,1,3,0,2,2,3,4,1,0,0,0,2,3,3,1
p_4916,0,1,1,1,4,0,0,1,5,0,2,2,3,3,4,0,0,0,2,3,4,3
p_4917,0,2,1,1,4,0,0,1,3,0,2,2,3,3,3,0,0,0,2,3,4,4
p_4918,0,0,3,0,4,0,0,1,5,1,2,1,1,0,0,0,0,0,0,3,3,0
p_4919,3,1,3,1,4,0,0,1,3,0,2,2,3,2,1,0,0,0,2,3,4,1
p_4920,3,2,3,1,4,0,0,1,5,0,2,2,3,2,4,0,0,0,2,3,3,1
p_4921,0,0,2,1,5,0,0,0,1,0,2,0,0,0,0,0,0,0,0,0,3,3
p_4922,3,1,3,1,4,0,0,1,3,0,2,2,3,4,3,0,0,0,2,3,4,4
e_4923,3,1,4,0,3,0,0,1,6,1,2,0,0,2,0,0,0,0,0,1,4,3
p_4924,0,2,1,1,4,0,0,1,2,0,2,2,3,2,1,0,0,0,2,3,4,1
p_4925,0,1,1,1,4,0,0,1,3,0,2,2,3,3,1,0,0,0,2,3,4,4
e_4926,4,0,6,0,3,0,0,1,7,0,4,0,0,0,0,0,0,1,1,4,5,5
p_4927,3,2,1,1,4,0,0,1,5,0,2,2,3,4,1,0,0,0,2,3,3,1
p_4928,3,2,1,1,4,0,0,1,2,0,2,2,3,2,1,0,0,0,2,3,3,3
p_4929,0,1,1,1,4,0,0,1,2,0,2,2,3,4,3,0,0,0,2,3,4,1
e_4930,0,2,0,1,3,0,1,0,4,0,2,0,1,0,4,0,0,0,1,4,3,6
e_4931,0,1,4,0,3,0,0,1,7,0,4,0,0,5,5,0,0,1,1,4,5,5
p_4932,0,1,3,1,4,0,0,1,2,0,2,2,3,2,4,0,0,0,2,3,3,4
p_4933,0,2,1,1,4,0,0,1,2,0,2,2,3,2,3,0,0,0,2,3,3,1
p_4934,3,0,3,0,4,0,0,1,5,1,2,1,1,0,0,0,0,0,0,3,3,1
p_4935,0,1,1,1,4,0,0,1,2,0,2,2,3,2,3,0,0,0,2,3,4,1
p_4936,3,1,3,1,4,0,0,1,3,0,2,2,3,4,4,0,0,0,2,3,3,4
p_4937,0,1,3,1,4,0,0,1,3,0,2,2,3,3,3,0,0,0,2,3,3,1
p_4938,0,1,0,1,7,0,0,0,8,1,4,0,3,0,0,0,0,0,1,4,3,4
e_4939,4,0,6,0,3,0,0,1,4,0,4,0,0,5,0,0,0,1,1,4,5,5
p_4940,3,2,1,1,4,0,0,1,2,0,2,2,3,4,1,0,0,0,2,3,4,3
p_4941,0,2,3,1,4,0,0,1,2,0,2,2,3,4,1,0,0,0,2,3,3,4
p_4942,3,1,3,1,4,0,0,1,5,0,2,2,3,4,3,0,0,0,2,3,4,4
p_4943,0,2,1,1,4,0,0,1,2,0,2,2,3,4,4,0,0,0,2,3,3,3
p_4944,3,1,1,1,4,0,0,1,5,0,2,2,3,3,4,0,0,0,2,3,3,1
e_4945,4,0,5,0,3,0,0,1,4,0,4,0,0,5,5,0,0,1,1,4,5,5
p_4946,3,1,0,1,3,0,0,0,4,0,4,2,2,0,4,0,0,0,1,4,3,3
p_4947,0,1,3,1,4,0,0,1,2,0,2,2,3,3,4,0,0,0,2,3,4,3
p_4948,0,2,1,1,4,0,0,1,5,0,2,2,3,3,1,0,0,0,2,3,4,3
p_4949,0,1,3,1,4,0,0,1,5,0,2,2,3,3,3,0,0,0,2,3,3,4
p_4950,3,0,6,0,4,0,0,1,4,1,2,1,1,0,0,0,0,0,0,3,3,0
e_4951,3,0,6,0,3,0,0,1,4,0,4,0,0,0,0,0,0,1,1,4,5,5
p_4952,3,0,2,0,4,0,0,1,4,1,2,1,1,0,0,0,0,0,0,3,0,0
p_4953,3,1,3,1,4,0,0,1,2,0,2,2,3,4,4,0,0,0,2,3,4,4
p_4954,0,2,1,1,4,0,0,1,2,0,2,2,3,4,3,0,0,0,2,3,3,4
p_4955,3,1,3,1,4,0,0,1,5,0,2,2,3,3,4,0,0,0,2,3,3,4
p_4956,3,1,1,1,4,0,0,1,2,0,2,2,3,3,3,0,0,0,2,3,4,1
p_4957,3,2,1,1,4,0,0,1,3,0,2,2,3,3,4,0,0,0,2,3,3,3
p_4958,0,0,6,0,4,0,0,1,5,1,2,0,0,0,0,0,0,0,0,3,3,0
p_4959,3,2,3,1,4,0,0,1,2,0,2,2,3,2,1,0,0,0,2,3,4,4
p_4960,0,1,3,1,4,0,0,1,5,0,2,2,3,2,4,0,0,0,2,3,4,3
p_4961,3,2,1,1,4,0,0,1,3,0,2,2,3,4,3,0,0,0,2,3,4,1
p_4962,3,1,1,1,4,0,0,1,5,0,2,2,3,2,1,0,0,0,2,3,4,3
p_4963,3,0,3,0,4,0,0,1,3,1,2,0,1,0,0,0,0,0,0,3,0,0
e_4964,3,0,6,0,3,0,0,1,4,0,4,0,0,0,5,0,0,1,1,4,5,5
e_4965,0,0,5,0,3,0,0,1,4,0,4,0,0,5,5,0,0,1,1,4,5,5
e_4966,4,0,0,0,3,0,0,1,7,0,4,0,0,0,0,0,0,1,1,4,5,5
p_4967,3,1,5,0,3,0,0,1,2,0,2,0,0,0,0,0,0,1,0,5,3,1
p_4968,3,1,3,1,4,0,0,1,3,0,2,2,3,2,1,0,0,0,2,3,3,4
p_4969,0,1,1,1,4,0,0,1,5,0,2,2,3,4,3,0,0,0,2,3,3,4
p_4970,3,2,3,1,4,0,0,1,2,0,2,2,3,4,1,0,0,0,2,3,3,1
p_4971,3,2,3,1,4,0,0,1,3,0,2,2,3,2,1,0,0,0,2,3,4,3
p_4972,0,2,1,1,4,0,0,1,3,0,2,2,3,4,4,0,0,0,2,3,4,4
p_4973,3,2,3,1,4,0,0,1,3,0,2,2,3,3,3,0,0,0,2,3,3,3
p_4974,3,1,3,1,4,0,0,1,5,0,2,2,3,4,1,0,0,0,2,3,4,3
p_4975,3,1,1,1,4,0,0,1,5,0,2,2,3,4,3,0,0,0,2,3,3,3
p_4976,3,2,1,1,4,0,0,1,3,0,2,2,3,4,3,0,0,0,2,3,3,1
p_4977,3,1,1,1,4,0,0,1,3,0,2,2,3,2,4,0,0,0,2,3,4,1
p_4978,0,1,1,1,4,0,0,1,3,0,2,2,3,2,3,0,0,0,2,3,3,3
p_4979,0,1,1,1,4,0,0,1,5,0,2,2,3,4,4,0,0,0,2,3,4,4
p_4980,3,1,3,1,4,0,0,1,2,0,2,2,3,2,4,0,0,0,2,3,3,1
p_4981,3,2,3,1,4,0,0,1,2,0,2,2,3,4,1,0,0,0,2,3,4,3
p_4982,0,1,1,1,4,0,0,1,2,0,2,2,3,3,1,0,0,0,2,3,3,4
p_4983,0,1,1,1,4,0,0,1,2,0,2,2,3,3,4,0,0,0,2,3,4,4
e_4984,3,1,7,1,3,0,0,0,4,0,4,0,1,0,0,0,0,0,3,3,4,3
p_4985,3,2,3,1,4,0,0,1,2,0,2,2,3,4,3,0,0,0,2,3,3,1
p_4986,0,1,0,1,6,0,0,0,8,1,4,0,0,0,1,0,0,0,1,4,3,6
p_4987,0,1,1,1,4,0,0,1,3,0,2,2,3,2,4,0,0,0,2,3,3,1
p_4988,0,1,1,1,4,0,0,1,3,0,2,2,3,3,4,0,0,0,2,3,4,4
p_4989,0,1,3,1,4,0,0,1,5,0,2,2,3,3,4,0,0,0,2,3,3,1
p_4990,3,2,1,1,4,0,0,1,2,0,2,2,3,4,3,0,0,0,2,3,3,3
p_4991,0,2,1,1,4,0,0,1,3,0,2,2,3,3,1,0,0,0,2,3,4,3
p_4992,0,1,3,1,4,0,0,1,5,0,2,2,3,3,1,0,0,0,2,3,3,4
e_4993,3,0,6,0,3,0,0,1,7,0,4,0,0,0,0,0,0,1,1,4,5,5
p_4994,3,2,3,1,4,0,0,1,5,0,2,2,3,2,1,0,0,0,2,3,4,4
p_4995,3,1,1,1,4,0,0,1,5,0,2,2,3,3,1,0,0,0,2,3,3,3
e_4996,0,0,0,0,3,0,0,1,4,0,4,0,0,0,5,0,0,1,1,4,5,5
p_4997,3,2,3,1,4,0,0,1,2,0,2,2,3,4,4,0,0,0,2,3,4,4
p_4998,0,1,3,1,4,0,0,1,2,0,2,2,3,2,3,0,0,0,2,3,3,3
p_4999,0,1,0,1,4,0,0,0,8,1,4,2,3,2,1,0,0,0,1,4,3,4
p_5000,3,2,1,1,4,0,0,1,2,0,2,2,3,3,4,0,0,0,2,3,3,3
p_5001,0,1,0,1,3,0,0,0,4,0,4,2,2,0,4,0,0,0,1,4,3,3
p_5002,1,0,6,0,3,0,0,1,4,0,2,0,0,0,0,0,0,1,0,5,3,1
p_5003,3,2,1,1,4,0,0,1,3,0,2,2,3,3,3,0,0,0,2,3,3,3
p_5004,3,1,3,1,4,0,0,1,5,0,2,2,3,3,3,0,0,0,2,3,4,3
e_5005,3,1,7,1,3,0,0,0,6,0,4,0,1,0,0,0,0,0,3,3,4,3
p_5006,0,2,1,1,4,0,0,1,2,0,2,2,3,3,4,0,0,0,2,3,3,1
p_5007,3,1,1,1,4,0,0,1,2,0,2,2,3,4,1,0,0,0,2,3,4,1
p_5008,3,2,1,1,4,0,0,1,5,0,2,2,3,3,1,0,0,0,2,3,4,1
p_5009,0,1,1,1,4,0,0,1,5,0,2,2,3,4,1,0,0,0,2,3,4,3
e_5010,0,1,4,0,3,0,0,1,4,0,4,0,0,5,0,0,0,1,1,4,5,5
p_5011,3,2,3,1,4,0,0,1,2,0,2,2,3,2,1,0,0,0,2,3,3,1
p_5012,0,1,1,1,4,0,0,1,2,0,2,2,3,4,4,0,0,0,2,3,3,1
p_5013,0,1,1,1,4,0,0,1,3,0,2,2,3,4,3,0,0,0,2,3,3,4
p_5014,3,1,3,1,4,0,0,1,2,0,2,2,3,4,4,0,0,0,2,3,3,4
e_5015,4,0,6,0,3,0,0,1,4,0,4,0,0,0,5,0,0,1,1,4,5,5
p_5016,3,1,1,1,4,0,0,1,3,0,2,2,3,2,3,0,0,0,2,3,4,3
p_5017,0,1,3,1,4,0,0,1,3,0,2,2,3,4,3,0,0,0,2,3,3,4
p_5018,0,2,1,1,4,0,0,1,5,0,2,2,3,3,4,0,0,0,2,3,3,3
p_5019,3,2,1,1,4,0,0,1,3,0,2,2,3,3,1,0,0,0,2,3,3,4
p_5020,3,0,2,0,4,0,0,1,5,1,2,0,1,0,0,0,0,0,0,3,3,0
p_5021,0,0,3,1,5,0,0,0,3,0,2,0,0,0,0,0,0,0,0,1,3,3
p_5022,3,1,1,1,4,0,0,1,2,0,2,2,3,2,3,0,0,0,2,3,4,3
e_5023,3,1,7,1,3,0,0,0,3,0,4,0,1,0,0,0,0,0,3,3,3,3
p_5024,0,2,1,1,4,0,0,1,2,0,2,2,3,2,1,0,0,0,2,3,4,3
p_5025,3,1,3,1,4,0,0,1,2,0,2,2,3,3,1,0,0,0,2,3,4,3
p_5026,0,2,1,1,4,0,0,1,2,0,2,2,3,3,1,0,0,0,2,3,3,1
p_5027,0,2,1,1,4,0,0,1,5,0,2,2,3,3,3,0,0,0,2,3,3,4
p_5028,0,0,3,0,4,0,0,1,3,1,2,1,0,0,0,0,0,0,0,3,0,0
p_5029,3,1,3,1,4,0,0,1,2,0,2,2,3,2,4,0,0,0,2,3,4,3
p_5030,3,2,1,1,4,0,0,1,5,0,2,2,3,2,4,0,0,0,2,3,4,4
p_5031,3,2,1,1,4,0,0,1,2,0,2,2,3,4,4,0,0,0,2,3,4,3
p_5032,0,1,3,1,4,0,0,1,3,0,2,2,3,2,3,0,0,0,2,3,3,3
p_5033,0,1,3,1,4,0,0,1,2,0,2,2,3,3,3,0,0,0,2,3,3,1
p_5034,0,1,3,1,4,0,0,1,5,0,2,2,3,3,3,0,0,0,2,3,4,3
p_5035,0,2,3,1,4,0,0,1,3,0,2,2,3,2,1,0,0,0,2,3,4,1
p_5036,0,1,1,1,4,0,0,1,2,0,2,2,3,2,4,0,0,0,2,3,4,4
p_5037,3,2,3,1,4,0,0,1,5,0,2,2,3,3,4,0,0,0,2,3,3,1
p_5038,3,2,1,1,4,0,0,1,3,0,2,2,3,4,4,0,0,0,2,3,4,3
p_5039,0,1,3,1,4,0,0,1,5,0,2,2,3,4,1,0,0,0,2,3,4,4
p_5040,3,2,1,1,4,0,0,1,2,0,2,2,3,2,1,0,0,0,2,3,3,4
p_5041,0,1,0,1,7,0,0,0,8,1,4,2,3,0,0,0,0,0,1,4,3,6
p_5042,0,2,1,1,4,0,0,1,5,0,2,2,3,2,3,0,0,0,2,3,4,4
p_5043,0,1,1,1,4,0,0,1,2,0,2,2,3,4,1,0,0,0,2,3,3,4
p_5044,3,0,6,0,4,0,0,1,4,1,2,1,0,0,0,0,0,0,0,3,3,1
p_5045,3,2,3,1,4,0,0,1,5,0,2,2,3,3,1,0,0,0,2,3,3,3
p_5046,3,1,1,1,4,0,0,1,5,0,2,2,3,4,1,0,0,0,2,3,4,4
p_5047,0,2,1,1,4,0,0,1,5,0,2,2,3,3,4,0,0,0,2,3,4,4
p_5048,3,2,3,1,4,0,0,1,3,0,2,2,3,4,4,0,0,0,2,3,3,3
p_5049,0,1,1,1,4,0,0,1,2,0,2,2,3,3,1,0,0,0,2,3,4,3
p_5050,0,1,3,1,4,0,0,1,3,0,2,2,3,4,3,0,0,0,2,3,3,3
p_5051,0,1,4,1,6,0,0,0,8,1,4,2,3,0,0,0,0,0,1,4,3,6
e_5052,4,1,6,0,3,0,0,1,7,0,4,0,0,5,0,0,0,1,1,4,5,5
e_5053,3,1,6,0,3,0,0,1,4,0,4,0,0,5,0,0,0,1,1,4,5,5
p_5054,0,1,3,1,4,0,0,1,3,0,2,2,3,2,1,0,0,0,2,3,4,3
p_5055,3,2,1,1,4,0,0,1,2,0,2,2,3,4,1,0,0,0,2,3,4,4
p_5056,0,1,3,1,4,0,0,1,5,0,2,2,3,3,3,0,0,0,2,3,4,1
p_5057,3,1,3,1,4,0,0,1,2,0,2,2,3,4,1,0,0,0,2,3,4,1
p_5058,0,0,6,0,4,0,0,1,4,1,2,0,1,0,0,0,0,0,0,3,0,0
p_5059,3,1,1,1,4,0,0,1,5,0,2,2,3,4,1,0,0,0,2,3,3,4
p_5060,0,0,2,0,4,0,0,1,3,1,2,1,1,0,0,0,0,0,0,3,0,0
p_5061,0,2,1,1,4,0,0,1,3,0,2,2,3,4,4,0,0,0,2,3,3,4
p_5062,0,1,3,1,4,0,0,1,3,0,2,2,3,4,1,0,0,0,2,3,4,4
p_5063,0,0,2,0,4,0,0,1,3,1,2,0,1,0,0,0,0,0,0,3,0,0
p_5064,3,0,6,0,4,0,0,1,3,1,2,1,1,0,0,0,0,0,0,3,0,1
p_5065,0,0,2,0,4,0,0,1,5,1,2,1,0,0,0,0,0,0,0,3,0,0
p_5066,3,2,1,1,4,0,0,1,3,0,2,2,3,3,3,0,0,0,2,3,4,3
p_5067,3,1,3,1,4,0,0,1,2,0,2,2,3,2,3,0,0,0,2,3,4,4
p_5068,0,2,1,1,4,0,0,1,5,0,2,2,3,4,4,0,0,0,2,3,3,1
p_5069,3,2,3,1,4,0,0,1,5,0,2,2,3,3,3,0,0,0,2,3,3,4
e_5070,0,1,2,1,3,0,0,0,6,0,4,0,1,0,0,0,0,0,3,3,4,3
e_5071,0,0,4,0,3,0,0,1,7,0,4,0,0,0,0,0,0,1,1,4,5,5
p_5072,0,1,3,1,4,0,0,1,3,0,2,2,3,2,1,0,0,0,2,3,3,1
p_5073,3,2,3,1,4,0,0,1,5,0,2,2,3,3,3,0,0,0,2,3,3,1
p_5074,0,1,0,1,6,0,0,0,8,1,4,2,0,2,0,0,0,0,1,4,3,6
p_5075,0,1,3,1,4,0,0,1,5,0,2,2,3,2,3,0,0,0,2,3,3,4
p_5076,3,2,3,1,4,0,0,1,5,0,2,2,3,3,1,0,0,0,2,3,4,4
p_5077,3,2,1,1,4,0,0,1,5,0,2,2,3,4,4,0,0,0,2,3,3,4
p_5078,3,2,1,1,4,0,0,1,5,0,2,2,3,4,1,0,0,0,2,3,4,3
e_5079,3,2,4,0,3,0,0,1,1,1,2,0,0,1,0,0,0,0,0,1,4,3
p_5080,0,1,1,1,4,0,0,1,3,0,2,2,3,3,3,0,0,0,2,3,4,1
p_5081,3,1,1,1,4,0,0,1,2,0,2,2,3,3,3,0,0,0,2,3,3,3
p_5082,3,2,3,1,4,0,0,1,2,0,2,2,3,4,1,0,0,0,2,3,3,4
p_5083,0,1,1,1,4,0,0,1,5,0,2,2,3,2,1,0,0,0,2,3,4,1
p_5084,0,2,1,1,4,0,0,1,2,0,2,2,3,2,3,0,0,0,2,3,4,4
p_5085,4,2,1,1,3,0,0,0,4,0,4,2,2,0,4,0,0,0,1,4,3,3
p_5086,3,2,1,1,4,0,0,1,5,0,2,2,3,3,3,0,0,0,2,3,4,1
e_5087,4,2,8,1,3,0,1,0,4,0,2,1,0,0,4,0,0,0,1,4,3,6
p_5088,3,2,3,1,4,0,0,1,5,0,2,2,3,3,4,0,0,0,2,3,3,4
p_5089,3,1,1,1,4,0,0,1,5,0,2,2,3,3,1,0,0,0,2,3,4,4
p_5090,0,1,3,1,4,0,0,1,2,0,2,2,3,4,3,0,0,0,2,3,3,3
p_5091,0,1,3,1,4,0,0,1,3,0,2,2,3,2,3,0,0,0,2,3,3,4
p_5092,3,2,1,1,4,0,0,1,5,0,2,2,3,2,1,0,0,0,2,3,3,1
p_5093,3,1,1,1,4,0,0,1,5,0,2,2,3,2,4,0,0,0,2,3,3,3
p_5094,0,2,1,1,4,0,0,1,3,0,2,2,3,3,4,0,0,0,2,3,4,3
p_5095,3,2,1,1,4,0,0,1,3,0,2,2,3,3,4,0,0,0,2,3,3,4
p_5096,0,1,1,1,4,0,0,1,2,0,2,2,3,3,3,0,0,0,2,3,4,3
p_5097,1,1,5,0,3,0,0,1,4,0,2,0,0,0,0,0,0,1,0,5,3,1
e_5098,4,1,5,0,3,0,0,1,7,0,4,0,0,0,0,0,0,1,1,4,5,5
p_5099,0,1,1,1,4,0,0,1,2,0,2,2,3,4,3,0,0,0,2,3,3,4
p_5100,0,2,1,1,4,0,0,1,3,0,2,2,3,2,1,0,0,0,2,3,3,1
e_5101,4,1,6,0,3,0,0,1,7,0,4,0,0,0,5,0,0,1,1,4,5,5
p_5102,3,1,1,1,4,0,0,1,3,0,2,2,3,3,4,0,0,0,2,3,4,3
p_5103,0,0,2,0,4,0,0,1,3,1,2,0,0,0,0,0,0,0,0,3,0,0
p_5104,0,1,0,1,7,0,0,0,8,1,4,2,3,0,0,0,0,0,1,4,3,4
p_5105,0,1,0,1,6,0,0,0,8,1,4,0,3,0,0,0,0,0,1,4,3,3
p_5106,0,1,4,1,6,0,0,0,8,1,4,2,3,0,0,0,0,0,1,4,3,4
p_5107,3,3,2,0,3,0,1,0,4,0,2,0,0,0,0,0,0,0,0,4,5,6
p_5108,0,0,3,0,4,0,0,1,3,1,2,1,0,0,0,0,0,0,0,3,3,0
e_5109,3,1,8,1,3,0,1,0,4,0,2,1,0,0,4,0,0,0,1,4,3,6
p_5110,0,1,3,1,4,0,0,1,3,0,2,2,3,2,3,0,0,0,2,3,4,1
p_5111,3,1,1,1,4,0,0,1,2,0,2,2,3,4,1,0,0,0,2,3,3,3
p_5112,3,1,1,1,4,0,0,1,3,0,2,2,3,4,1,0,0,0,2,3,4,4
e_5113,3,1,5,0,3,0,0,1,4,0,4,0,0,0,5,0,0,1,1,4,5,5
p_5114,0,0,6,0,4,0,0,1,4,1,2,1,0,0,0,0,0,0,0,3,3,1
p_5115,0,0,3,0,4,0,0,1,5,1,2,0,1,0,0,0,0,0,0,3,0,1
p_5116,0,1,4,1,6,0,0,0,8,1,4,2,0,2,1,0,0,0,1,4,3,4
e_5117,4,1,8,1,3,0,1,0,4,0,2,0,1,0,4,0,0,0,1,4,3,6
p_5118,0,0,2,0,4,0,0,1,4,1,2,0,1,0,0,0,0,0,0,3,0,0
p_5119,0,0,2,0,4,0,0,1,5,1,2,0,1,0,0,0,0,0,0,3,3,1
p_5120,3,0,6,0,4,0,0,1,4,1,2,0,1,0,0,0,0,0,0,3,3,0
p_5121,3,0,6,0,4,0,0,1,3,1,2,0,0,0,0,0,0,0,0,3,3,1
e_5122,4,1,8,1,3,0,1,0,4,0,2,1,0,0,4,0,0,0,1,4,3,6
p_5123,0,1,3,1,4,0,0,1,2,0,2,2,3,3,4,0,0,0,2,3,3,3
p_5124,3,0,2,0,4,0,0,1,5,1,2,1,1,0,0,0,0,0,0,3,3,1
p_5125,3,0,3,0,4,0,0,1,4,1,2,0,0,0,0,0,0,0,0,3,0,0
p_5126,5,3,2,0,3,0,1,0,4,0,2,0,0,0,0,0,0,0,0,4,5,6
p_5127,0,0,3,0,4,0,0,1,3,1,2,0,1,0,0,0,0,0,0,3,0,0
p_5128,1,3,2,0,3,0,1,0,4,0,2,0,0,0,0,0,0,0,0,4,5,6
p_5129,0,0,6,0,4,0,0,1,3,1,2,0,0,0,0,0,0,0,0,3,3,1
p_5130,3,0,2,0,4,0,0,1,5,1,2,1,1,0,0,0,0,0,0,3,0,0
p_5131,1,2,1,1,3,0,0,0,4,0,4,2,2,0,6,0,0,0,1,4,3,3
p_5132,0,1,0,1,7,0,0,0,8,1,4,0,0,0,1,0,0,0,1,4,3,3
p_5133,0,1,0,1,6,0,0,0,8,1,4,2,0,2,1,0,0,0,1,4,3,3
e_5134,4,0,0,0,3,0,0,1,4,0,4,0,0,5,0,0,0,1,1,4,5,5
e_5135,4,1,6,0,3,0,0,1,4,0,4,0,0,5,5,0,0,1,1,4,5,5
p_5136,3,0,2,0,4,0,0,1,4,1,2,0,0,0,0,0,0,0,0,3,3,1
p_5137,3,0,6,0,3,0,0,1,4,0,2,0,0,0,0,0,0,1,0,5,3,2
p_5138,3,1,1,1,4,0,0,1,3,0,2,2,3,4,3,0,0,0,2,3,4,4
p_5139,0,1,3,1,4,0,0,1,3,0,2,2,3,2,4,0,0,0,2,3,4,1
p_5140,3,0,6,0,3,0,0,1,9,0,2,0,0,0,0,0,0,1,0,5,3,1
p_5141,0,1,0,1,4,0,0,0,8,1,4,2,0,2,1,0,0,0,1,4,3,4
p_5142,0,1,4,1,6,0,0,0,8,1,4,2,3,2,1,0,0,0,1,4,3,4
p_5143,3,2,3,1,4,0,0,1,3,0,2,2,3,4,3,0,0,0,2,3,4,3
e_5144,0,0,4,0,3,0,0,1,7,0,4,0,0,5,0,0,0,1,1,4,5,5
p_5145,0,1,0,1,4,0,0,0,8,1,4,2,3,2,1,0,0,0,1,4,3,6
p_5146,0,2,1,1,4,0,0,1,2,0,2,2,3,2,3,0,0,0,2,3,4,1
p_5147,0,1,0,1,6,0,0,0,8,1,4,2,0,0,0,0,0,0,1,4,3,3
e_5148,3,2,0,1,3,0,1,0,4,0,2,0,1,0,4,0,0,0,1,4,3,6
p_5149,0,1,0,1,4,0,0,0,8,1,4,0,3,0,1,0,0,0,1,4,3,4
e_5150,0,0,6,0,3,0,0,1,7,0,4,0,0,5,5,0,0,1,1,4,5,5
e_5151,3,1,0,0,3,0,0,1,4,0,4,0,0,0,5,0,0,1,1,4,5,5
p_5152,3,1,1,1,4,0,0,1,2,0,2,2,3,2,3,0,0,0,2,3,4,4
p_5153,3,1,6,0,3,0,0,1,9,0,2,0,0,0,0,0,0,1,0,5,3,2
p_5154,0,1,0,1,3,0,0,0,4,0,4,2,2,0,6,0,0,0,1,4,3,3
p_5155,0,1,0,1,6,0,0,0,8,1,4,0,3,0,0,0,0,0,1,4,3,6
p_5156,0,0,6,0,4,0,0,1,4,1,2,0,0,0,0,0,0,0,0,3,0,1
p_5157,0,0,6,0,4,0,0,1,5,1,2,1,0,0,0,0,0,0,0,3,3,1
p_5158,3,1,1,1,4,0,0,1,5,0,2,2,3,2,4,0,0,0,2,3,4,4
p_5159,3,0,3,0,4,0,0,1,4,1,2,0,1,0,0,0,0,0,0,3,3,1
p_5160,0,1,0,1,4,0,0,0,8,1,4,0,3,0,0,0,0,0,1,4,3,6
p_5161,0,0,6,0,4,0,0,1,3,1,2,1,0,0,0,0,0,0,0,3,3,1
p_5162,3,2,0,1,3,0,0,0,4,0,4,2,2,0,6,0,0,0,1,4,3,3
e_5163,0,1,4,0,3,0,0,1,4,0,4,0,0,0,0,0,0,1,1,4,5,5
p_5164,3,0,6,0,4,0,0,1,4,1,2,1,1,0,0,0,0,0,0,3,0,1
p_5165,3,0,2,0,4,0,0,1,3,1,2,1,0,0,0,0,0,0,0,3,0,1
e_5166,4,1,4,0,3,0,0,1,4,0,4,0,0,5,5,0,0,1,1,4,5,5
p_5167,0,2,1,1,4,0,0,1,3,0,2,2,3,3,1,0,0,0,2,3,4,4
p_5168,0,2,0,1,3,0,0,0,4,0,4,2,2,0,4,0,0,0,1,4,3,3
e_5169,0,1,0,0,3,0,0,1,7,0,4,0,0,5,0,0,0,1,1,4,5,5
p_5170,0,1,3,1,4,0,0,1,3,0,2,2,3,2,1,0,0,0,2,3,4,1
p_5171,3,0,6,0,4,0,0,1,5,1,2,1,0,0,0,0,0,0,0,3,3,1
p_5172,3,0,6,0,4,0,0,1,5,1,2,1,0,0,0,0,0,0,0,3,0,1
p_5173,3,1,1,1,4,0,0,1,5,0,2,2,3,4,1,0,0,0,2,3,3,1
p_5174,3,1,1,1,4,0,0,1,5,0,2,2,3,2,3,0,0,0,2,3,3,3
e_5175,0,0,5,0,3,0,0,1,4,0,4,0,0,0,0,0,0,1,1,4,5,5
e_5176,3,0,5,0,3,0,0,1,7,0,4,0,0,5,5,0,0,1,1,4,5,5
p_5177,1,1,2,0,3,0,0,1,9,0,2,0,0,0,0,0,0,1,0,5,3,1
e_5178,0,1,8,1,3,0,1,0,4,0,2,1,1,0,4,0,0,0,1,4,3,6
e_5179,3,0,0,0,3,0,0,1,4,0,4,0,0,5,0,0,0,1,1,4,5,5
p_5180,0,0,6,0,4,0,0,1,5,1,2,1,0,0,0,0,0,0,0,3,3,0
p_5181,0,0,3,0,4,0,0,1,4,1,2,1,0,0,0,0,0,0,0,3,3,1
p_5182,3,1,1,1,4,0,0,1,2,0,2,2,3,4,1,0,0,0,2,3,4,3
p_5183,0,0,6,0,4,0,0,1,4,1,2,1,0,0,0,0,0,0,0,3,3,0
p_5184,0,0,2,0,4,0,0,1,3,1,2,0,0,0,0,0,0,0,0,3,0,1
e_5185,3,1,8,1,3,0,1,0,4,0,2,0,1,0,4,0,0,0,1,4,3,6
p_5186,0,1,4,1,6,0,0,0,8,1,4,2,0,0,0,0,0,0,1,4,3,3
p_5187,3,2,1,1,4,0,0,1,5,0,2,2,3,3,1,0,0,0,2,3,4,3
e_5188,0,1,2,1,3,0,0,0,5,0,4,0,1,0,0,0,0,0,3,3,3,3
p_5189,0,1,1,1,4,0,0,1,3,0,2,2,3,4,1,0,0,0,2,3,3,4
p_5190,3,1,5,0,3,0,0,1,4,0,2,0,0,0,0,0,0,1,0,5,3,1
p_5191,3,0,3,0,4,0,0,1,5,1,2,1,0,0,0,0,0,0,0,3,3,0
p_5192,0,1,0,1,7,0,0,0,8,1,4,0,0,0,0,0,0,0,1,4,3,3
e_5193,4,0,5,0,3,0,0,1,4,0,4,0,0,5,0,0,0,1,1,4,5,5
p_5194,0,1,0,1,4,0,0,0,8,1,4,2,3,0,1,0,0,0,1,4,3,6
p_5195,0,1,3,1,4,0,0,1,2,0,2,2,3,3,3,0,0,0,2,3,3,4
p_5196,3,0,6,0,4,0,0,1,5,1,2,1,1,0,0,0,0,0,0,3,0,0
e_5197,4,1,5,0,3,0,0,1,7,0,4,0,0,0,5,0,0,1,1,4,5,5
p_5198,0,2,1,1,4,0,0,1,5,0,2,2,3,2,3,0,0,0,2,3,3,4
p_5199,3,1,3,1,4,0,0,1,2,0,2,2,3,3,4,0,0,0,2,3,3,1
p_5200,3,2,3,1,4,0,0,1,2,0,2,2,3,3,1,0,0,0,2,3,4,3
p_5201,0,0,6,0,4,0,0,1,3,1,2,0,1,0,0,0,0,0,0,3,0,1
p_5202,0,1,0,1,4,0,0,0,8,1,4,0,0,0,0,0,0,0,1,4,3,4
p_5203,0,1,1,1,4,0,0,1,3,0,2,2,3,2,1,0,0,0,2,3,3,3
p_5204,3,2,1,1,4,0,0,1,5,0,2,2,3,3,4,0,0,0,2,3,3,3
p_5205,3,2,0,1,3,0,0,0,4,0,4,2,2,0,4,0,0,0,1,4,3,3
e_5206,4,0,6,0,3,0,0,1,4,0,4,0,0,0,0,0,0,1,1,4,5,5
p_5207,3,1,1,1,4,0,0,1,5,0,2,2,3,2,4,0,0,0,2,3,3,1
p_5208,0,1,4,1,6,0,0,0,8,1,4,2,0,2,0,0,0,0,1,4,3,6
p_5209,0,0,3,0,4,0,0,1,5,1,2,1,1,0,0,0,0,0,0,3,0,0
e_5210,3,0,0,0,3,0,0,1,7,0,4,0,0,0,5,0,0,1,1,4,5,5
p_5211,0,1,3,1,4,0,0,1,2,0,2,2,3,2,1,0,0,0,2,3,3,4
p_5212,0,1,0,1,6,0,0,0,8,1,4,0,0,2,1,0,0,0,1,4,3,3
p_5213,0,0,3,0,4,0,0,1,3,1,2,0,0,0,0,0,0,0,0,3,3,0
p_5214,0,0,3,0,4,0,0,1,5,1,2,1,0,0,0,0,0,0,0,3,3,1
p_5215,3,1,5,0,3,0,0,1,4,0,2,0,0,0,0,0,0,1,0,5,3,2
e_5216,4,1,6,0,3,0,0,1,4,0,4,0,0,5,0,0,0,1,1,4,5,5
p_5217,0,0,2,0,4,0,0,1,4,1,2,0,0,0,0,0,0,0,0,3,3,0
p_5218,0,1,0,1,6,0,0,0,8,1,4,0,0,0,1,0,0,0,1,4,3,3
e_5219,4,1,0,0,3,0,0,1,4,0,4,0,0,5,0,0,0,1,1,4,5,5
p_5220,3,1,1,1,4,0,0,1,2,0,2,2,3,3,1,0,0,0,2,3,4,3
e_5221,0,1,5,0,3,0,0,1,4,0,4,0,0,5,5,0,0,1,1,4,5,5
p_5222,3,0,3,0,4,0,0,1,3,1,2,1,1,0,0,0,0,0,0,3,0,0
e_5223,0,0,5,0,3,0,0,1,7,0,4,0,0,0,5,0,0,1,1,4,5,5
p_5224,1,1,0,1,3,0,0,0,4,0,4,2,2,0,4,0,0,0,1,4,3,3
p_5225,3,0,6,0,4,0,0,1,5,1,2,1,1,0,0,0,0,0,0,3,3,1
p_5226,0,1,0,1,4,0,0,0,8,1,4,2,0,2,0,0,0,0,1,4,3,4
p_5227,0,1,0,1,4,0,0,0,8,1,4,2,3,0,0,0,0,0,1,4,3,3
p_5228,0,0,6,0,4,0,0,1,4,1,2,0,0,0,0,0,0,0,0,3,0,0
p_5229,0,1,0,1,4,0,0,0,8,1,4,0,0,0,1,0,0,0,1,4,3,6
e_5230,4,1,5,0,3,0,0,1,4,0,4,0,0,0,5,0,0,1,1,4,5,5
e_5231,4,2,8,1,3,0,1,0,4,0,2,1,1,0,4,0,0,0,1,4,3,6
p_5232,0,1,1,1,4,0,0,1,5,0,2,2,3,4,4,0,0,0,2,3,3,1
e_5233,0,0,0,0,3,0,0,1,4,0,4,0,0,5,0,0,0,1,1,4,5,5
p_5234,3,2,3,1,4,0,0,1,3,0,2,2,3,4,1,0,0,0,2,3,4,4
p_5235,3,1,1,1,4,0,0,1,3,0,2,2,3,3,3,0,0,0,2,3,3,3
p_5236,3,0,3,0,4,0,0,1,4,1,2,0,1,0,0,0,0,0,0,3,3,0
p_5237,4,1,2,0,3,0,1,0,4,0,2,0,0,0,0,0,0,0,0,4,5,6
e_5238,4,2,0,1,3,0,1,0,4,0,2,1,1,0,4,0,0,0,1,4,3,6
p_5239,4,2,1,1,3,0,0,0,4,0,4,2,2,0,6,0,0,0,1,4,3,3
p_5240,3,0,2,0,4,0,0,1,4,1,2,1,1,0,0,0,0,0,0,3,0,1
p_5241,3,1,1,1,3,0,0,0,4,0,4,2,2,0,6,0,0,0,1,4,3,3
p_5242,3,1,1,1,4,0,0,1,2,0,2,2,3,2,1,0,0,0,2,3,3,3
e_5243,4,0,6,0,3,0,0,1,7,0,4,0,0,0,5,0,0,1,1,4,5,5
p_5244,3,1,1,1,4,0,0,1,3,0,2,2,3,2,1,0,0,0,2,3,3,4
p_5245,0,1,0,1,6,0,0,0,8,1,4,0,0,0,0,0,0,0,1,4,3,4
p_5246,0,1,1,1,4,0,0,1,5,0,2,2,3,2,3,0,0,0,2,3,4,3
p_5247,0,1,1,1,4,0,0,1,3,0,2,2,3,2,1,0,0,0,2,3,3,4
p_5248,1,1,2,0,3,0,0,1,4,0,2,0,0,0,0,0,0,1,0,5,3,1
p_5249,3,1,1,1,4,0,0,1,2,0,2,2,3,2,3,0,0,0,2,3,4,1
p_5250,0,0,2,0,4,0,0,1,3,1,2,0,1,0,0,0,0,0,0,3,3,1
p_5251,0,0,6,0,4,0,0,1,4,1,2,0,0,0,0,0,0,0,0,3,3,1
e_5252,4,1,6,0,3,0,0,1,4,0,4,0,0,0,5,0,0,1,1,4,5,5
p_5253,3,1,1,1,4,0,0,1,2,0,2,2,3,4,4,0,0,0,2,3,3,4
p_5254,0,0,6,0,4,0,0,1,3,1,2,1,1,0,0,0,0,0,0,3,0,1
p_5255,1,1,6,0,3,0,0,1,4,0,2,0,0,0,0,0,0,1,0,5,3,2
p_5256,0,0,2,0,4,0,0,1,4,1,2,0,1,0,0,0,0,0,0,3,3,1
e_5257,4,0,0,0,3,0,0,1,4,0,4,0,0,0,5,0,0,1,1,4,5,5
p_5258,3,0,3,0,4,0,0,1,4,1,2,1,0,0,0,0,0,0,0,3,0,0
p_5259,0,2,1,1,3,0,0,0,4,0,4,2,2,0,6,0,0,0,1,4,3,3
p_5260,3,0,3,0,4,0,0,1,3,1,2,0,0,0,0,0,0,0,0,3,3,1
p_5261,3,1,1,1,4,0,0,1,2,0,2,2,3,2,4,0,0,0,2,3,4,3
p_5262,4,1,0,1,3,0,0,0,4,0,4,2,2,0,6,0,0,0,1,4,3,3
p_5263,3,0,6,0,4,0,0,1,3,1,2,0,1,0,0,0,0,0,0,3,0,0
e_5264,3,0,4,0,3,0,0,1,4,0,4,0,0,0,0,0,0,1,1,4,5,5
p_5265,0,1,0,1,4,0,0,0,8,1,4,0,0,2,1,0,0,0,1,4,3,3
p_5266,0,1,0,1,6,0,0,0,8,1,4,0,0,0,0,0,0,0,1,4,3,3
p_5267,0,1,0,1,6,0,0,0,8,1,4,0,0,0,0,0,0,0,1,4,3,6
p_5268,0,0,2,0,4,0,0,1,5,1,2,1,0,0,0,0,0,0,0,3,3,0
e_5269,4,0,0,0,3,0,0,1,7,0,4,0,0,5,5,0,0,1,1,4,5,5
p_5270,3,1,3,1,4,0,0,1,3,0,2,2,3,3,1,0,0,0,2,3,4,1
e_5271,0,0,6,0,3,0,0,1,7,0,4,0,0,0,5,0,0,1,1,4,5,5
p_5272,3,0,2,0,4,0,0,1,4,1,2,1,0,0,0,0,0,0,0,3,0,0
e_5273,4,2,0,1,3,0,1,0,4,0,2,0,0,0,4,0,0,0,1,4,3,6
p_5274,0,1,0,1,7,0,0,0,8,1,4,2,0,0,0,0,0,0,1,4,3,6
p_5275,3,0,2,0,4,0,0,1,5,1,2,1,0,0,0,0,0,0,0,3,3,1
p_5276,0,0,3,0,4,0,0,1,5,1,2,0,0,0,0,0,0,0,0,3,3,0
p_5277,4,1,1,1,3,0,0,0,4,0,4,2,2,0,6,0,0,0,1,4,3,3
p_5278,3,0,2,0,3,0,0,1,4,0,2,0,0,0,0,0,0,1,0,5,3,2
p_5279,3,2,1,1,4,0,0,1,2,0,2,2,3,3,3,0,0,0,2,3,4,4
e_5280,4,1,5,0,3,0,0,1,4,0,4,0,0,5,0,0,0,1,1,4,5,5
p_5281,3,1,2,0,3,0,1,0,4,0,2,0,0,0,0,0,0,0,0,4,5,6
p_5282,3,0,6,0,4,0,0,1,3,1,2,1,0,0,0,0,0,0,0,3,3,0
e_5283,3,1,2,1,3,0,0,0,6,0,4,0,1,0,0,0,0,0,3,3,4,3
e_5284,0,1,9,1,3,0,0,0,4,0,4,0,1,0,0,0,0,0,3,3,3,3
e_5285,0,0,6,0,3,0,0,1,4,0,4,0,0,0,5,0,0,1,1,4,5,5
p_5286,3,0,3,0,4,0,0,1,5,1,2,0,0,0,0,0,0,0,0,3,3,1
p_5287,0,1,4,1,6,0,0,0,8,1,4,0,3,2,0,0,0,0,1,4,3,3
p_5288,3,1,1,1,4,0,0,1,2,0,2,2,3,3,3,0,0,0,2,3,4,4
p_5289,3,0,3,0,4,0,0,1,4,1,2,0,0,0,0,0,0,0,0,3,0,1
p_5290,3,0,6,0,4,0,0,1,5,1,2,0,0,0,0,0,0,0,0,3,0,1
e_5291,3,0,4,0,3,0,0,1,7,0,4,0,0,5,0,0,0,1,1,4,5,5
p_5292,0,1,4,1,6,0,0,0,8,1,4,2,3,0,1,0,0,0,1,4,3,3
p_5293,3,2,3,1,4,0,0,1,3,0,2,2,3,4,3,0,0,0,2,3,4,1
p_5294,3,1,1,1,4,0,0,1,2,0,2,2,3,4,3,0,0,0,2,3,4,3
e_5295,0,0,0,0,3,0,0,1,7,0,4,0,0,5,0,0,0,1,1,4,5,5
p_5296,3,0,3,0,4,0,0,1,3,1,2,1,1,0,0,0,0,0,0,3,0,1
p_5297,0,1,0,1,7,0,0,0,8,1,4,0,0,2,0,0,0,0,1,4,3,6
p_5298,3,0,2,0,4,0,0,1,3,1,2,0,0,0,0,0,0,0,0,3,0,1
e_5299,0,2,8,1,3,0,1,0,4,0,2,0,0,0,4,0,0,0,1,4,3,6
p_5300,3,0,3,0,4,0,0,1,4,1,2,1,0,0,0,0,0,0,0,3,3,1
p_5301,3,2,3,1,4,0,0,1,3,0,2,2,3,3,1,0,0,0,2,3,3,4
e_5302,0,1,9,1,3,0,0,0,4,0,4,0,1,0,0,0,0,0,3,3,4,3
p_5303,0,2,1,1,4,0,0,1,2,0,2,2,3,2,3,0,0,0,2,3,3,4
p_5304,0,1,0,1,4,0,0,0,8,1,4,0,3,2,1,0,0,0,1,4,3,6
p_5305,0,1,0,1,7,0,0,0,8,1,4,0,0,0,0,0,0,0,1,4,3,6
e_5306,3,1,4,0,3,0,0,1,4,0,4,0,0,5,0,0,0,1,1,4,5,5
p_5307,0,0,3,0,4,0,0,1,4,1,2,0,1,0,0,0,0,0,0,3,3,0
e_5308,4,1,0,0,3,0,0,1,4,0,4,0,0,0,5,0,0,1,1,4,5,5
e_5309,3,1,4,0,3,0,0,1,7,0,4,0,0,0,0,0,0,1,1,4,5,5
p_5310,0,1,0,1,4,0,0,0,8,1,4,0,3,2,1,0,0,0,1,4,3,4
p_5311,1,1,0,1,3,0,0,0,4,0,4,2,2,0,6,0,0,0,1,4,3,3
p_5312,0,1,0,1,7,0,0,0,8,1,4,0,0,0,1,0,0,0,1,4,3,4
e_5313,3,1,6,0,3,0,0,1,7,0,4,0,0,0,5,0,0,1,1,4,5,5
p_5314,0,0,2,0,4,0,0,1,5,1,2,1,0,0,0,0,0,0,0,3,3,1
p_5315,3,1,1,1,4,0,0,1,3,0,2,2,3,2,3,0,0,0,2,3,3,1
e_5316,3,1,0,0,3,0,0,1,4,0,4,0,0,0,0,0,0,1,1,4,5,5
p_5317,1,1,2,0,3,0,0,1,2,0,2,0,0,0,0,0,0,1,0,5,3,2
e_5318,0,1,0,1,3,0,1,0,4,0,2,0,1,0,4,0,0,0,1,4,3,6
p_5319,3,1,1,1,4,0,0,1,2,0,2,2,3,3,1,0,0,0,2,3,3,4
p_5320,0,0,6,0,4,0,0,1,5,1,2,1,0,0,0,0,0,0,0,3,0,1
p_5321,0,1,0,1,7,0,0,0,8,1,4,0,0,0,1,0,0,0,1,4,3,6
p_5322,0,0,3,0,4,0,0,1,5,1,2,0,0,0,0,0,0,0,0,3,0,0
p_5323,3,0,3,0,4,0,0,1,4,1,2,0,1,0,0,0,0,0,0,3,0,0
p_5324,0,1,0,1,4,0,0,0,8,1,4,2,0,0,0,0,0,0,1,4,3,4
e_5325,3,1,2,1,3,0,0,0,3,0,4,0,1,0,0,0,0,0,3,3,3,3
p_5326,0,1,0,1,7,0,0,0,8,1,4,2,0,2,0,0,0,0,1,4,3,6
p_5327,3,2,3,1,4,0,0,1,2,0,2,2,3,3,3,0,0,0,2,3,3,1
p_5328,0,1,4,1,6,0,0,0,8,1,4,2,0,2,1,0,0,0,1,4,3,6
p_5329,0,0,2,0,4,0,0,1,4,1,2,0,0,0,0,0,0,0,0,3,3,1
p_5330,3,1,3,1,4,0,0,1,3,0,2,2,3,3,3,0,0,0,2,3,3,3
p_5331,0,0,2,0,4,0,0,1,5,1,2,0,1,0,0,0,0,0,0,3,0,0
p_5332,4,1,1,1,3,0,0,0,4,0,4,2,2,0,4,0,0,0,1,4,3,3
p_5333,3,0,2,0,4,0,0,1,4,1,2,0,1,0,0,0,0,0,0,3,3,0
p_5334,3,0,3,0,4,0,0,1,5,1,2,1,1,0,0,0,0,0,0,3,3,0
e_5335,0,1,8,1,3,0,1,0,4,0,2,1,0,0,4,0,0,0,1,4,3,6
p_5336,0,0,2,0,4,0,0,1,5,1,2,0,0,0,0,0,0,0,0,3,3,0
p_5337,0,1,0,1,7,0,0,0,8,1,4,2,3,0,1,0,0,0,1,4,3,4
p_5338,3,1,5,0,3,0,0,1,9,0,2,0,0,0,0,0,0,1,0,5,3,1
p_5339,3,1,1,1,4,0,0,1,3,0,2,2,3,2,3,0,0,0,2,3,4,4
e_5340,0,0,5,0,3,0,0,1,7,0,4,0,0,5,5,0,0,1,1,4,5,5
p_5341,3,1,6,0,3,0,0,1,9,0,2,0,0,0,0,0,0,1,0,5,3,1
p_5342,0,2,1,1,3,0,0,0,4,0,4,2,2,0,4,0,0,0,1,4,3,3
p_5343,3,1,1,1,4,0,0,1,5,0,2,2,3,2,3,0,0,0,2,3,4,4
e_5344,3,2,0,1,3,0,1,0,4,0,2,1,1,0,4,0,0,0,1,4,3,6
e_5345,0,2,0,1,3,0,1,0,4,0,2,1,0,0,4,0,0,0,1,4,3,6
p_5346,0,1,0,1,6,0,0,0,8,1,4,0,3,0,1,0,0,0,1,4,3,6
p_5347,3,0,3,0,4,0,0,1,3,1,2,1,0,0,0,0,0,0,0,3,3,0
p_5348,0,0,6,0,4,0,0,1,5,1,2,1,1,0,0,0,0,0,0,3,0,0
p_5349,3,0,3,0,4,0,0,1,4,1,2,0,0,0,0,0,0,0,0,3,3,1
p_5350,0,0,6,0,4,0,0,1,5,1,2,1,1,0,0,0,0,0,0,3,0,1
e_5351,0,1,9,1,3,0,0,0,5,0,4,0,1,0,0,0,0,0,3,3,3,3
p_5352,3,1,1,1,4,0,0,1,5,0,2,2,3,4,3,0,0,0,2,3,4,3
p_5353,3,0,3,0,4,0,0,1,5,1,2,1,0,0,0,0,0,0,0,3,0,0
p_5354,0,1,0,1,4,0,0,0,8,1,4,0,0,2,1,0,0,0,1,4,3,4
p_5355,3,1,1,1,4,0,0,1,5,0,2,2,3,2,3,0,0,0,2,3,4,1
p_5356,3,0,2,0,4,0,0,1,4,1,2,1,1,0,0,0,0,0,0,3,3,0
p_5357,0,0,2,0,4,0,0,1,4,1,2,1,0,0,0,0,0,0,0,3,0,0
p_5358,3,1,3,1,4,0,0,1,3,0,2,2,3,2,1,0,0,0,2,3,4,4
p_5359,3,1,1,1,4,0,0,1,5,0,2,2,3,4,3,0,0,0,2,3,4,4
p_5360,0,1,0,1,4,0,0,0,8,1,4,0,0,2,0,0,0,0,1,4,3,3
p_5361,0,1,1,1,3,0,0,0,4,0,4,2,2,0,4,0,0,0,1,4,3,3
e_5362,3,0,0,0,3,0,0,1,7,0,4,0,0,5,5,0,0,1,1,4,5,5
p_5363,3,1,1,1,4,0,0,1,3,0,2,2,3,2,1,0,0,0,2,3,4,3
p_5364,3,0,3,0,4,0,0,1,5,1,2,0,1,0,0,0,0,0,0,3,0,0
p_5365,0,1,0,1,6,0,0,0,8,1,4,2,0,2,1,0,0,0,1,4,3,6
p_5366,3,1,1,1,4,0,0,1,5,0,2,2,3,3,3,0,0,0,2,3,3,3
p_5367,3,1,1,1,4,0,0,1,2,0,2,2,3,4,4,0,0,0,2,3,4,3
p_5368,3,0,2,0,4,0,0,1,5,1,2,0,0,0,0,0,0,0,0,3,0,0
p_5369,3,0,5,0,3,0,0,1,4,0,2,0,0,0,0,0,0,1,0,5,3,2
p_5370,3,1,1,1,4,0,0,1,5,0,2,2,3,2,4,0,0,0,2,3,4,1
e_5371,4,0,5,0,3,0,0,1,4,0,4,0,0,0,5,0,0,1,1,4,5,5
p_5372,0,0,6,0,4,0,0,1,5,1,2,0,0,0,0,0,0,0,0,3,0,1
p_5373,0,0,2,0,4,0,0,1,3,1,2,1,0,0,0,0,0,0,0,3,0,1
p_5374,0,0,2,0,4,0,0,1,5,1,2,1,1,0,0,0,0,0,0,3,0,1
p_5375,0,1,0,1,4,0,0,0,8,1,4,0,0,0,0,0,0,0,1,4,3,3
p_5376,1,1,5,0,3,0,0,1,9,0,2,0,0,0,0,0,0,1,0,5,3,2
p_5377,0,0,6,0,4,0,0,1,5,1,2,1,0,0,0,0,0,0,0,3,0,0
e_5378,0,1,5,0,3,0,0,1,4,0,4,0,0,0,0,0,0,1,1,4,5,5
p_5379,0,1,0,1,7,0,0,0,8,1,4,0,3,2,0,0,0,0,1,4,3,4
p_5380,0,1,1,1,4,0,0,1,3,0,2,2,3,3,3,0,0,0,2,3,3,4
p_5381,0,0,2,0,4,0,0,1,3,1,2,0,1,0,0,0,0,0,0,3,3,0
e_5382,3,1,6,0,3,0,0,1,7,0,4,0,0,5,0,0,0,1,1,4,5,5
p_5383,3,0,6,0,4,0,0,1,4,1,2,1,0,0,0,0,0,0,0,3,3,0
e_5384,0,2,8,1,3,0,1,0,4,0,2,1,1,0,4,0,0,0,1,4,3,6
e_5385,3,0,5,0,3,0,0,1,7,0,4,0,0,0,5,0,0,1,1,4,5,5
e_5386,0,1,0,1,3,0,1,0,4,0,2,1,1,0,4,0,0,0,1,4,3,6
e_5387,3,0,5,0,3,0,0,1,4,0,4,0,0,5,5,0,0,1,1,4,5,5
p_5388,3,0,3,0,4,0,0,1,4,1,2,0,0,0,0,0,0,0,0,3,3,0
e_5389,4,0,4,0,3,0,0,1,4,0,4,0,0,0,5,0,0,1,1,4,5,5
e_5390,4,1,4,0,3,0,0,1,4,0,4,0,0,0,5,0,0,1,1,4,5,5
p_5391,3,0,2,0,4,0,0,1,3,1,2,0,1,0,0,0,0,0,0,3,3,1
e_5392,4,0,6,0,3,0,0,1,7,0,4,0,0,5,0,0,0,1,1,4,5,5
p_5393,0,0,6,0,4,0,0,1,3,1,2,1,1,0,0,0,0,0,0,3,3,1
p_5394,1,1,1,1,3,0,0,0,4,0,4,2,2,0,6,0,0,0,1,4,3,3
p_5395,0,0,2,0,4,0,0,1,5,1,2,0,0,0,0,0,0,0,0,3,0,0
p_5396,0,2,1,1,4,0,0,1,5,0,2,2,3,3,1,0,0,0,2,3,3,1
p_5397,3,1,1,1,4,0,0,1,3,0,2,2,3,2,4,0,0,0,2,3,4,4
p_5398,1,2,0,1,3,0,0,0,4,0,4,2,2,0,6,0,0,0,1,4,3,3
p_5399,3,1,1,1,4,0,0,1,3,0,2,2,3,2,1,0,0,0,2,3,4,4
p_5400,3,1,1,1,4,0,0,1,3,0,2,2,3,4,3,0,0,0,2,3,3,4
e_5401,3,1,8,1,3,0,1,0,4,0,2,0,0,0,4,0,0,0,1,4,3,6
p_5402,0,1,4,1,6,0,0,0,8,1,4,2,3,2,0,0,0,0,1,4,3,3
p_5403,3,0,2,0,4,0,0,1,5,1,2,0,0,0,0,0,0,0,0,3,0,1
p_5404,0,1,0,1,4,0,0,0,8,1,4,2,3,0,0,0,0,0,1,4,3,4
p_5405,1,1,5,0,3,0,0,1,9,0,2,0,0,0,0,0,0,1,0,5,3,1
p_5406,3,1,1,1,4,0,0,1,2,0,2,2,3,2,1,0,0,0,2,3,4,3
p_5407,0,0,6,0,4,0,0,1,4,1,2,0,1,0,0,0,0,0,0,3,0,1
p_5408,3,1,1,1,4,0,0,1,2,0,2,2,3,3,3,0,0,0,2,3,3,4
p_5409,3,0,6,0,4,0,0,1,3,1,2,1,0,0,0,0,0,0,0,3,0,1
p_5410,3,0,6,0,4,0,0,1,5,1,2,0,0,0,0,0,0,0,0,3,0,0
p_5411,0,1,0,1,6,0,0,0,8,1,4,2,3,2,1,0,0,0,1,4,3,4
p_5412,3,1,1,1,4,0,0,1,5,0,2,2,3,2,4,0,0,0,2,3,3,4
e_5413,0,0,0,0,3,0,0,1,7,0,4,0,0,0,0,0,0,1,1,4,5,5
p_5414,3,1,1,1,4,0,0,1,2,0,2,2,3,3,3,0,0,0,2,3,3,1
e_5415,3,0,6,0,3,0,0,1,7,0,4,0,0,0,5,0,0,1,1,4,5,5
e_5416,3,0,4,0,3,0,0,1,4,0,4,0,0,5,0,0,0,1,1,4,5,5
e_5417,0,0,0,0,3,0,0,1,7,0,4,0,0,5,5,0,0,1,1,4,5,5
p_5418,3,0,2,0,4,0,0,1,3,1,2,1,0,0,0,0,0,0,0,3,3,0
p_5419,3,1,1,1,4,0,0,1,5,0,2,2,3,4,1,0,0,0,2,3,3,3
e_5420,3,0,5,0,3,0,0,1,7,0,4,0,0,5,0,0,0,1,1,4,5,5
e_5421,0,0,4,0,3,0,0,1,4,0,4,0,0,0,5,0,0,1,1,4,5,5
p_5422,3,1,1,1,4,0,0,1,2,0,2,2,3,4,4,0,0,0,2,3,3,3
p_5423,1,1,6,0,3,0,0,1,2,0,2,0,0,0,0,0,0,1,0,5,3,2
p_5424,3,0,6,0,4,0,0,1,5,1,2,0,1,0,0,0,0,0,0,3,0,0
p_5425,3,0,3,0,4,0,0,1,4,1,2,1,0,0,0,0,0,0,0,3,0,1
p_5426,0,0,6,0,4,0,0,1,3,1,2,0,0,0,0,0,0,0,0,3,0,1
p_5427,0,2,1,1,4,0,0,1,5,0,2,2,3,2,4,0,0,0,2,3,4,4
p_5428,3,0,2,0,4,0,0,1,4,1,2,0,0,0,0,0,0,0,0,3,0,1
p_5429,0,0,3,0,4,0,0,1,4,1,2,1,0,0,0,0,0,0,0,3,0,0
e_5430,3,1,9,1,3,0,0,0,5,0,4,0,1,0,0,0,0,0,3,3,4,3
p_5431,3,1,1,1,4,0,0,1,3,0,2,2,3,4,1,0,0,0,2,3,3,1
p_5432,0,1,0,1,4,0,0,0,8,1,4,0,3,0,0,0,0,0,1,4,3,3
p_5433,0,0,6,0,4,0,0,1,4,1,2,1,0,0,0,0,0,0,0,3,0,1
e_5434,0,2,8,1,3,0,1,0,4,0,2,1,0,0,4,0,0,0,1,4,3,6
p_5435,0,0,3,0,4,0,0,1,5,1,2,1,0,0,0,0,0,0,0,3,3,0
e_5436,0,1,7,1,3,0,0,0,3,0,4,0,1,0,0,0,0,0,3,3,4,3
p_5437,0,2,1,1,4,0,0,1,5,0,2,2,3,4,4,0,0,0,2,3,3,4
p_5438,3,2,3,1,4,0,0,1,3,0,2,2,3,2,1,0,0,0,2,3,3,1
p_5439,3,1,2,0,3,0,0,1,2,0,2,0,0,0,0,0,0,1,0,5,3,2
p_5440,0,1,0,1,6,0,0,0,8,1,4,2,3,2,0,0,0,0,1,4,3,3
p_5441,0,1,0,1,7,0,0,0,8,1,4,2,3,0,1,0,0,0,1,4,3,6
p_5442,0,1,3,1,4,0,0,1,5,0,2,2,3,2,4,0,0,0,2,3,3,4
e_5443,0,1,5,0,3,0,0,1,7,0,4,0,0,5,5,0,0,1,1,4,5,5
p_5444,3,0,3,0,4,0,0,1,4,1,2,1,1,0,0,0,0,0,0,3,0,1
p_5445,0,0,6,0,4,0,0,1,4,1,2,0,1,0,0,0,0,0,0,3,3,1
p_5446,0,1,0,1,6,0,0,0,8,1,4,2,0,0,0,0,0,0,1,4,3,4
p_5447,0,0,3,0,4,0,0,1,5,1,2,1,0,0,0,0,0,0,0,3,0,0
p_5448,0,1,0,1,6,0,0,0,8,1,4,2,0,0,1,0,0,0,1,4,3,4
p_5449,3,0,2,0,4,0,0,1,3,1,2,1,1,0,0,0,0,0,0,3,0,1
p_5450,0,0,3,0,4,0,0,1,4,1,2,0,0,0,0,0,0,0,0,3,3,0
p_5451,0,0,3,0,4,0,0,1,4,1,2,0,1,0,0,0,0,0,0,3,0,1
p_5452,3,1,1,1,4,0,0,1,2,0,2,2,3,2,1,0,0,0,2,3,3,4
p_5453,3,1,1,1,4,0,0,1,3,0,2,2,3,3,4,0,0,0,2,3,3,4
p_5454,3,1,3,1,4,0,0,1,3,0,2,2,3,4,4,0,0,0,2,3,4,1
p_5455,0,1,1,1,4,0,0,1,2,0,2,2,3,3,1,0,0,0,2,3,4,1
p_5456,0,0,3,0,4,0,0,1,4,1,2,1,1,0,0,0,0,0,0,3,0,0
p_5457,3,0,6,0,4,0,0,1,3,1,2,1,1,0,0,0,0,0,0,3,0,0
p_5458,3,0,2,0,4,0,0,1,5,1,2,1,0,0,0,0,0,0,0,3,0,0
p_5459,3,2,3,1,4,0,0,1,3,0,2,2,3,2,4,0,0,0,2,3,4,1
p_5460,3,0,6,0,4,0,0,1,5,1,2,1,1,0,0,0,0,0,0,3,0,1
p_5461,0,1,0,1,7,0,0,0,8,1,4,0,3,0,1,0,0,0,1,4,3,3
p_5462,0,0,2,0,4,0,0,1,4,1,2,0,0,0,0,0,0,0,0,3,0,1
e_5463,4,0,4,0,3,0,0,1,7,0,4,0,0,5,0,0,0,1,1,4,5,5
p_5464,3,1,6,0,3,0,0,1,4,0,2,0,0,0,0,0,0,1,0,5,3,2
p_5465,0,1,0,1,6,0,0,0,8,1,4,0,0,2,1,0,0,0,1,4,3,4
e_5466,4,1,0,0,3,0,0,1,7,0,4,0,0,0,5,0,0,1,1,4,5,5
p_5467,3,0,2,0,4,0,0,1,4,1,2,0,0,0,0,0,0,0,0,3,3,0
p_5468,3,0,2,0,4,0,0,1,3,1,2,0,0,0,0,0,0,0,0,3,3,0
p_5469,0,1,0,1,6,0,0,0,8,1,4,2,3,0,1,0,0,0,1,4,3,3
p_5470,0,0,2,0,4,0,0,1,4,1,2,1,0,0,0,0,0,0,0,3,0,1
p_5471,0,1,0,1,6,0,0,0,8,1,4,0,0,2,0,0,0,0,1,4,3,6
p_5472,1,0,5,0,3,0,0,1,4,0,2,0,0,0,0,0,0,1,0,5,3,1
p_5473,0,1,4,1,6,0,0,0,8,1,4,2,0,2,0,0,0,0,1,4,3,3
p_5474,3,1,3,1,4,0,0,1,2,0,2,2,3,3,4,0,0,0,2,3,3,4
p_5475,0,1,1,1,4,0,0,1,2,0,2,2,3,2,4,0,0,0,2,3,3,3
p_5476,0,1,3,1,4,0,0,1,5,0,2,2,3,3,3,0,0,0,2,3,3,1
p_5477,3,1,2,0,3,0,0,1,9,0,2,0,0,0,0,0,0,1,0,5,3,2
p_5478,3,0,3,0,4,0,0,1,5,1,2,1,1,0,0,0,0,0,0,3,0,1
e_5479,4,1,5,0,3,0,0,1,4,0,4,0,0,5,5,0,0,1,1,4,5,5
p_5480,0,0,2,0,4,0,0,1,4,1,2,1,0,0,0,0,0,0,0,3,3,1
e_5481,4,0,5,0,3,0,0,1,7,0,4,0,0,0,0,0,0,1,1,4,5,5
p_5482,3,0,2,0,4,0,0,1,3,1,2,0,1,0,0,0,0,0,0,3,0,0
p_5483,0,1,0,1,6,0,0,0,8,1,4,2,0,2,0,0,0,0,1,4,3,4
p_5484,0,2,1,1,4,0,0,1,3,0,2,2,3,3,4,0,0,0,2,3,3,3
p_5485,3,1,3,1,4,0,0,1,3,0,2,2,3,2,4,0,0,0,2,3,3,4
p_5486,0,1,3,1,4,0,0,1,3,0,2,2,3,2,1,0,0,0,2,3,4,4
e_5487,0,1,4,0,3,0,0,1,4,0,4,0,0,0,5,0,0,1,1,4,5,5
p_5488,3,1,1,1,4,0,0,1,2,0,2,2,3,2,3,0,0,0,2,3,3,4
p_5489,0,1,0,1,7,0,0,0,8,1,4,2,3,2,1,0,0,0,1,4,3,3
p_5490,0,0,6,0,4,0,0,1,4,1,2,1,1,0,0,0,0,0,0,3,3,1
p_5491,3,1,1,1,4,0,0,1,5,0,2,2,3,2,3,0,0,0,2,3,4,3
e_5492,4,1,4,0,3,0,0,1,7,0,4,0,0,5,0,0,0,1,1,4,5,5
p_5493,3,1,5,0,3,0,0,1,2,0,2,0,0,0,0,0,0,1,0,5,3,2
p_5494,3,1,2,0,3,0,0,1,4,0,2,0,0,0,0,0,0,1,0,5,3,2
p_5495,3,1,1,1,4,0,0,1,2,0,2,2,3,4,3,0,0,0,2,3,4,4
p_5496,3,1,1,1,4,0,0,1,5,0,2,2,3,2,3,0,0,0,2,3,3,1
e_5497,3,1,9,1,3,0,0,0,4,0,4,0,1,0,0,0,0,0,3,3,3,3
p_5498,0,0,2,0,4,0,0,1,3,1,2,0,1,0,0,0,0,0,0,3,0,1
p_5499,0,0,2,0,4,0,0,1,3,1,2,1,1,0,0,0,0,0,0,3,0,1
p_5500,0,0,6,0,4,0,0,1,3,1,2,1,0,0,0,0,0,0,0,3,0,0
p_5501,0,1,0,1,6,0,0,0,8,1,4,0,3,0,1,0,0,0,1,4,3,4
e_5502,4,1,4,0,3,0,0,1,7,0,4,0,0,5,5,0,0,1,1,4,5,5
e_5503,4,0,5,0,3,0,0,1,4,0,4,0,0,0,0,0,0,1,1,4,5,5
e_5504,0,1,6,0,3,0,0,1,4,0,4,0,0,0,5,0,0,1,1,4,5,5
p_5505,0,0,3,0,4,0,0,1,5,1,2,0,0,0,0,0,0,0,0,3,3,1
p_5506,3,1,1,1,4,0,0,1,3,0,2,2,3,2,1,0,0,0,2,3,4,1
p_5507,0,1,0,1,6,0,0,0,8,1,4,0,3,2,1,0,0,0,1,4,3,6
p_5508,5,1,2,0,3,0,1,0,4,0,2,0,0,0,0,0,0,0,0,4,5,6
p_5509,3,0,2,0,4,0,0,1,3,1,2,1,1,0,0,0,0,0,0,3,3,1
p_5510,3,0,3,0,4,0,0,1,4,1,2,0,1,0,0,0,0,0,0,3,0,1
p_5511,0,1,4,1,6,0,0,0,8,1,4,2,3,0,1,0,0,0,1,4,3,6
p_5512,0,0,3,0,4,0,0,1,4,1,2,0,0,0,0,0,0,0,0,3,0,1
p_5513,0,1,0,1,7,0,0,0,8,1,4,2,0,0,0,0,0,0,1,4,3,3
e_5514,0,1,5,0,3,0,0,1,7,0,4,0,0,5,0,0,0,1,1,4,5,5
e_5515,3,1,2,1,3,0,0,0,5,0,4,0,1,0,0,0,0,0,3,3,4,3
p_5516,3,1,1,1,4,0,0,1,5,0,2,2,3,4,1,0,0,0,2,3,4,1
p_5517,0,1,0,1,6,0,0,0,8,1,4,0,3,2,1,0,0,0,1,4,3,3
p_5518,0,2,1,1,4,0,0,1,2,0,2,2,3,2,4,0,0,0,2,3,4,3
p_5519,0,1,0,1,7,0,0,0,8,1,4,2,0,2,1,0,0,0,1,4,3,6
p_5520,0,0,3,0,4,0,0,1,5,1,2,0,1,0,0,0,0,0,0,3,3,0
p_5521,0,1,0,1,7,0,0,0,8,1,4,2,3,0,0,0,0,0,1,4,3,3
e_5522,4,2,0,1,3,0,1,0,4,0,2,0,1,0,4,0,0,0,1,4,3,6
p_5523,0,0,2,0,4,0,0,1,3,1,2,1,0,0,0,0,0,0,0,3,3,0
p_5524,3,1,1,1,4,0,0,1,3,0,2,2,3,3,1,0,0,0,2,3,4,4
e_5525,0,1,5,0,3,0,0,1,7,0,4,0,0,0,5,0,0,1,1,4,5,5
p_5526,1,1,6,0,3,0,0,1,9,0,2,0,0,0,0,0,0,1,0,5,3,2
p_5527,3,1,3,1,4,0,0,1,5,0,2,2,3,4,3,0,0,0,2,3,3,4
e_5528,3,1,9,1,3,0,0,0,5,0,4,0,1,0,0,0,0,0,3,3,3,3
p_5529,0,1,0,1,4,0,0,0,8,1,4,0,0,0,0,0,0,0,1,4,3,6
p_5530,0,1,0,1,6,0,0,0,8,1,4,2,3,0,1,0,0,0,1,4,3,4
p_5531,3,0,6,0,4,0,0,1,3,1,2,1,1,0,0,0,0,0,0,3,3,1
p_5532,3,1,1,1,4,0,0,1,2,0,2,2,3,3,4,0,0,0,2,3,3,3
p_5533,0,1,0,1,4,0,0,0,8,1,4,0,0,0,1,0,0,0,1,4,3,3
e_5534,3,1,0,0,3,0,0,1,7,0,4,0,0,0,5,0,0,1,1,4,5,5
p_5535,0,1,0,1,4,0,0,0,8,1,4,2,3,2,0,0,0,0,1,4,3,6
e_5536,3,1,4,0,3,0,0,1,4,0,4,0,0,0,5,0,0,1,1,4,5,5
e_5537,0,1,6,0,3,0,0,1,4,0,4,0,0,0,0,0,0,1,1,4,5,5
e_5538,0,0,0,0,3,0,0,1,7,0,4,0,0,0,5,0,0,1,1,4,5,5
p_5539,3,0,2,0,4,0,0,1,4,1,2,0,1,0,0,0,0,0,0,3,3,1
e_5540,0,1,6,0,3,0,0,1,7,0,4,0,0,0,0,0,0,1,1,4,5,5
p_5541,0,2,1,1,4,0,0,1,2,0,2,2,3,3,1,0,0,0,2,3,4,1
p_5542,3,1,1,1,4,0,0,1,2,0,2,2,3,3,4,0,0,0,2,3,4,3
p_5543,3,1,1,1,4,0,0,1,2,0,2,2,3,3,4,0,0,0,2,3,4,1
e_5544,4,1,4,0,3,0,0,1,4,0,4,0,0,0,0,0,0,1,1,4,5,5
p_5545,3,0,2,0,4,0,0,1,3,1,2,0,1,0,0,0,0,0,0,3,3,0
e_5546,4,1,8,1,3,0,1,0,4,0,2,0,0,0,4,0,0,0,1,4,3,6
e_5547,4,1,0,1,3,0,1,0,4,0,2,0,0,0,4,0,0,0,1,4,3,6
p_5548,1,0,5,0,3,0,0,1,9,0,2,0,0,0,0,0,0,1,0,5,3,2
p_5549,0,1,0,1,6,0,0,0,8,1,4,2,3,2,0,0,0,0,1,4,3,4
p_5550,0,0,6,0,4,0,0,1,5,1,2,0,1,0,0,0,0,0,0,3,0,0
e_5551,3,1,9,1,3,0,0,0,3,0,4,0,1,0,0,0,0,0,3,3,3,3
p_5552,0,0,6,0,4,0,0,1,4,1,2,1,1,0,0,0,0,0,0,3,0,1
e_5553,3,1,7,1,3,0,0,0,3,0,4,0,1,0,0,0,0,0,3,3,4,3
p_5554,0,1,0,1,6,0,0,0,8,1,4,0,3,0,0,0,0,0,1,4,3,4
p_5555,0,0,2,0,4,0,0,1,3,1,2,0,0,0,0,0,0,0,0,3,3,0
e_5556,0,0,4,0,3,0,0,1,4,0,4,0,0,5,0,0,0,1,1,4,5,5
e_5557,3,1,5,0,3,0,0,1,7,0,4,0,0,0,5,0,0,1,1,4,5,5
p_5558,0,1,0,1,7,0,0,0,8,1,4,0,0,2,1,0,0,0,1,4,3,4
p_5559,0,1,0,1,4,0,0,0,8,1,4,0,3,0,0,0,0,0,1,4,3,4
p_5560,0,0,2,0,4,0,0,1,3,1,2,0,0,0,0,0,0,0,0,3,3,1
p_5561,3,1,1,1,4,0,0,1,3,0,2,2,3,2,4,0,0,0,2,3,3,4
e_5562,0,1,0,0,3,0,0,1,7,0,4,0,0,0,0,0,0,1,1,4,5,5
e_5563,0,1,4,0,3,0,0,1,7,0,4,0,0,5,0,0,0,1,1,4,5,5
p_5564,0,0,2,0,4,0,0,1,4,1,2,0,1,0,0,0,0,0,0,3,3,0
p_5565,0,1,1,1,4,0,0,1,5,0,2,2,3,4,1,0,0,0,2,3,3,1
p_5566,3,0,6,0,3,0,0,1,2,0,2,0,0,0,0,0,0,1,0,5,3,2
p_5567,3,2,1,1,4,0,0,1,5,0,2,2,3,4,1,0,0,0,2,3,3,4
p_5568,0,0,3,0,4,0,0,1,3,1,2,0,1,0,0,0,0,0,0,3,3,1
e_5569,3,0,5,0,3,0,0,1,4,0,4,0,0,5,0,0,0,1,1,4,5,5
e_5570,0,1,0,0,3,0,0,1,7,0,4,0,0,0,5,0,0,1,1,4,5,5
p_5571,1,1,2,0,3,0,0,1,9,0,2,0,0,0,0,0,0,1,0,5,3,2
p_5572,3,1,1,1,4,0,0,1,2,0,2,2,3,4,3,0,0,0,2,3,3,3
p_5573,0,1,4,1,6,0,0,0,8,1,4,2,3,2,1,0,0,0,1,4,3,3
p_5574,0,0,6,0,4,0,0,1,5,1,2,0,1,0,0,0,0,0,0,3,0,1
p_5575,0,0,6,0,4,0,0,1,5,1,2,0,0,0,0,0,0,0,0,3,3,1
p_5576,0,1,0,1,7,0,0,0,8,1,4,2,0,0,1,0,0,0,1,4,3,4
p_5577,1,1,5,0,3,0,0,1,2,0,2,0,0,0,0,0,0,1,0,5,3,1
e_5578,0,1,8,1,3,0,1,0,4,0,2,0,0,0,4,0,0,0,1,4,3,6
p_5579,0,1,0,1,4,0,0,0,8,1,4,2,0,2,1,0,0,0,1,4,3,3
p_5580,0,0,2,0,4,0,0,1,4,1,2,0,0,0,0,0,0,0,0,3,0,0
p_5581,0,1,0,1,4,0,0,0,8,1,4,2,3,2,1,0,0,0,1,4,3,3
e_5582,3,1,0,1,3,0,1,0,4,0,2,1,0,0,4,0,0,0,1,4,3,6
p_5583,0,1,0,1,6,0,0,0,8,1,4,0,3,2,0,0,0,0,1,4,3,4
p_5584,3,0,3,0,4,0,0,1,3,1,2,0,0,0,0,0,0,0,0,3,0,0
p_5585,0,1,4,1,6,0,0,0,8,1,4,2,0,0,1,0,0,0,1,4,3,3
e_5586,0,1,9,1,3,0,0,0,5,0,4,0,1,0,0,0,0,0,3,3,4,3
p_5587,1,1,5,0,3,0,0,1,4,0,2,0,0,0,0,0,0,1,0,5,3,2
e_5588,0,0,5,0,3,0,0,1,4,0,4,0,0,5,0,0,0,1,1,4,5,5
p_5589,0,1,0,1,6,0,0,0,8,1,4,2,3,0,0,0,0,0,1,4,3,6
p_5590,0,1,0,1,4,0,0,0,8,1,4,2,3,0,1,0,0,0,1,4,3,4
p_5591,3,0,3,0,4,0,0,1,4,1,2,1,1,0,0,0,0,0,0,3,3,1
p_5592,3,1,1,1,4,0,0,1,3,0,2,2,3,2,3,0,0,0,2,3,3,4
p_5593,3,1,5,0,3,0,0,1,9,0,2,0,0,0,0,0,0,1,0,5,3,2
p_5594,0,1,0,1,7,0,0,0,8,1,4,2,3,2,1,0,0,0,1,4,3,4
p_5595,0,1,0,1,7,0,0,0,8,1,4,2,0,0,1,0,0,0,1,4,3,3
e_5596,3,0,6,0,3,0,0,1,7,0,4,0,0,5,0,0,0,1,1,4,5,5
p_5597,3,0,6,0,4,0,0,1,3,1,2,0,0,0,0,0,0,0,0,3,3,0
e_5598,0,1,8,1,3,0,1,0,4,0,2,0,1,0,4,0,0,0,1,4,3,6
e_5599,0,1,2,1,3,0,0,0,4,0,4,0,1,0,0,0,0,0,3,3,4,3
p_5600,0,1,0,1,6,0,0,0,8,1,4,2,3,2,0,0,0,0,1,4,3,6
e_5601,3,1,0,1,3,0,1,0,4,0,2,0,0,0,4,0,0,0,1,4,3,6
p_5602,0,1,0,1,4,0,0,0,8,1,4,2,0,0,1,0,0,0,1,4,3,3
p_5603,0,1,0,1,7,0,0,0,8,1,4,0,0,2,0,0,0,0,1,4,3,3
e_5604,4,1,5,0,3,0,0,1,7,0,4,0,0,5,0,0,0,1,1,4,5,5
p_5605,3,0,2,0,3,0,0,1,9,0,2,0,0,0,0,0,0,1,0,5,3,2
p_5606,0,1,0,1,4,0,0,0,8,1,4,2,0,0,1,0,0,0,1,4,3,6
p_5607,3,1,1,1,4,0,0,1,2,0,2,2,3,3,4,0,0,0,2,3,3,1
e_5608,4,1,0,1,3,0,1,0,4,0,2,0,1,0,4,0,0,0,1,4,3,6
p_5609,3,0,3,0,4,0,0,1,3,1,2,1,0,0,0,0,0,0,0,3,3,1
p_5610,3,0,2,0,3,0,0,1,9,0,2,0,0,0,0,0,0,1,0,5,3,1
p_5611,3,2,3,1,4,0,0,1,5,0,2,2,3,3,1,0,0,0,2,3,4,1
e_5612,3,0,0,0,3,0,0,1,4,0,4,0,0,0,5,0,0,1,1,4,5,5
p_5613,0,2,1,1,4,0,0,1,3,0,2,2,3,2,1,0,0,0,2,3,4,3
p_5614,0,1,0,1,7,0,0,0,8,1,4,2,0,0,1,0,0,0,1,4,3,6
p_5615,0,1,4,1,6,0,0,0,8,1,4,0,3,0,1,0,0,0,1,4,3,4
p_5616,3,1,1,1,4,0,0,1,2,0,2,2,3,2,4,0,0,0,2,3,3,1
p_5617,1,0,2,0,3,0,0,1,2,0,2,0,0,0,0,0,0,1,0,5,3,1
p_5618,0,0,6,0,4,0,0,1,3,1,2,0,1,0,0,0,0,0,0,3,3,0
e_5619,3,1,6,0,3,0,0,1,4,0,4,0,0,0,5,0,0,1,1,4,5,5
e_5620,0,2,8,1,3,0,1,0,4,0,2,0,1,0,4,0,0,0,1,4,3,6
p_5621,3,0,2,0,4,0,0,1,5,1,2,1,0,0,0,0,0,0,0,3,3,0
e_5622,4,0,5,0,3,0,0,1,7,0,4,0,0,5,0,0,0,1,1,4,5,5
e_5623,4,1,0,0,3,0,0,1,7,0,4,0,0,5,0,0,0,1,1,4,5,5
e_5624,0,1,6,0,3,0,0,1,7,0,4,0,0,5,5,0,0,1,1,4,5,5
p_5625,0,2,1,1,4,0,0,1,5,0,2,2,3,2,3,0,0,0,2,3,4,1
p_5626,3,0,3,0,4,0,0,1,5,1,2,1,0,0,0,0,0,0,0,3,3,1
p_5627,3,1,1,1,4,0,0,1,2,0,2,2,3,4,3,0,0,0,2,3,3,4
e_5628,0,1,4,0,3,0,0,1,7,0,4,0,0,0,5,0,0,1,1,4,5,5
p_5629,3,0,6,0,4,0,0,1,3,1,2,1,0,0,0,0,0,0,0,3,3,1
e_5630,0,1,0,1,3,0,1,0,4,0,2,0,0,0,4,0,0,0,1,4,3,6
p_5631,3,1,1,1,4,0,0,1,2,0,2,2,3,2,4,0,0,0,2,3,3,3
p_5632,3,2,3,1,4,0,0,1,2,0,2,2,3,4,4,0,0,0,2,3,3,3
p_5633,1,1,6,0,3,0,0,1,9,0,2,0,0,0,0,0,0,1,0,5,3,1
p_5634,0,1,4,1,6,0,0,0,8,1,4,2,0,0,1,0,0,0,1,4,3,4
p_5635,3,1,1,1,4,0,0,1,3,0,2,2,3,4,4,0,0,0,2,3,4,4
p_5636,3,2,1,1,4,0,0,1,2,0,2,2,3,3,1,0,0,0,2,3,3,4
p_5637,3,1,2,0,3,0,0,1,2,0,2,0,0,0,0,0,0,1,0,5,3,1
e_5638,4,0,4,0,3,0,0,1,7,0,4,0,0,0,5,0,0,1,1,4,5,5
p_5639,3,1,1,1,4,0,0,1,2,0,2,2,3,3,4,0,0,0,2,3,3,4
e_5640,4,0,0,0,3,0,0,1,7,0,4,0,0,0,5,0,0,1,1,4,5,5
p_5641,3,1,1,1,3,0,0,0,4,0,4,2,2,0,4,0,0,0,1,4,3,3
p_5642,3,1,3,1,4,0,0,1,2,0,2,2,3,2,4,0,0,0,2,3,4,4
p_5643,3,1,1,1,4,0,0,1,2,0,2,2,3,2,3,0,0,0,2,3,3,1
p_5644,0,1,4,1,6,0,0,0,8,1,4,2,0,2,0,0,0,0,1,4,3,4
e_5645,3,0,6,0,3,0,0,1,4,0,4,0,0,5,5,0,0,1,1,4,5,5
p_5646,3,0,2,0,4,0,0,1,4,1,2,1,0,0,0,0,0,0,0,3,3,0
p_5647,0,0,2,0,4,0,0,1,4,1,2,1,1,0,0,0,0,0,0,3,0,1
p_5648,3,1,3,1,4,0,0,1,5,0,2,2,3,2,1,0,0,0,2,3,4,3
e_5649,3,1,5,0,3,0,0,1,4,0,4,0,0,5,0,0,0,1,1,4,5,5
p_5650,3,1,1,1,4,0,0,1,3,0,2,2,3,3,4,0,0,0,2,3,4,1
p_5651,3,1,1,1,4,0,0,1,3,0,2,2,3,3,4,0,0,0,2,3,4,4
e_5652,4,0,4,0,3,0,0,1,4,0,4,0,0,5,5,0,0,1,1,4,5,5
e_5653,0,1,0,0,3,0,0,1,7,0,4,0,0,5,5,0,0,1,1,4,5,5
p_5654,0,1,1,1,4,0,0,1,5,0,2,2,3,2,4,0,0,0,2,3,3,1
p_5655,3,0,6,0,4,0,0,1,3,1,2,0,1,0,0,0,0,0,0,3,3,1
p_5656,0,1,3,1,4,0,0,1,2,0,2,2,3,2,1,0,0,0,2,3,3,3
p_5657,3,0,3,0,4,0,0,1,4,1,2,1,1,0,0,0,0,0,0,3,0,0
p_5658,0,0,2,0,4,0,0,1,3,1,2,1,0,0,0,0,0,0,0,3,3,1
p_5659,0,2,0,1,3,0,0,0,4,0,4,2,2,0,6,0,0,0,1,4,3,3
p_5660,3,0,6,0,4,0,0,1,5,1,2,0,1,0,0,0,0,0,0,3,0,1
e_5661,3,1,4,0,3,0,0,1,7,0,4,0,0,5,5,0,0,1,1,4,5,5
p_5662,3,1,1,1,4,0,0,1,2,0,2,2,3,2,4,0,0,0,2,3,4,1
p_5663,0,0,6,0,4,0,0,1,3,1,2,0,1,0,0,0,0,0,0,3,0,0
e_5664,4,2,0,1,3,0,1,0,4,0,2,1,0,0,4,0,0,0,1,4,3,6
p_5665,3,1,1,1,4,0,0,1,3,0,2,2,3,4,3,0,0,0,2,3,4,1
e_5666,4,1,8,1,3,0,1,0,4,0,2,1,1,0,4,0,0,0,1,4,3,6
p_5667,0,2,3,1,4,0,0,1,3,0,2,2,3,2,1,0,0,0,2,3,4,4
p_5668,0,1,0,1,6,0,0,0,8,1,4,2,3,0,0,0,0,0,1,4,3,4
e_5669,3,1,5,0,3,0,0,1,4,0,4,0,0,0,0,0,0,1,1,4,5,5
p_5670,0,0,6,0,4,0,0,1,5,1,2,1,1,0,0,0,0,0,0,3,3,1
p_5671,0,1,3,1,4,0,0,1,5,0,2,2,3,4,4,0,0,0,2,3,4,3
p_5672,3,1,1,1,4,0,0,1,3,0,2,2,3,2,3,0,0,0,2,3,4,1
p_5673,0,1,4,1,6,0,0,0,8,1,4,0,3,2,1,0,0,0,1,4,3,3
e_5674,3,1,9,1,3,0,0,0,4,0,4,0,1,0,0,0,0,0,3,3,4,3
p_5675,3,1,1,1,4,0,0,1,3,0,2,2,3,3,3,0,0,0,2,3,4,4
p_5676,0,0,3,0,4,0,0,1,5,1,2,1,1,0,0,0,0,0,0,3,3,1
p_5677,0,0,2,0,4,0,0,1,4,1,2,1,1,0,0,0,0,0,0,3,3,1
p_5678,3,0,6,0,4,0,0,1,4,1,2,1,0,0,0,0,0,0,0,3,0,1
e_5679,0,1,0,0,3,0,0,1,4,0,4,0,0,5,5,0,0,1,1,4,5,5
p_5680,3,2,1,1,3,0,0,0,4,0,4,2,2,0,4,0,0,0,1,4,3,3
e_5681,3,1,7,1,3,0,0,0,4,0,4,0,1,0,0,0,0,0,3,3,3,3
p_5682,0,1,0,1,6,0,0,0,8,1,4,0,0,2,1,0,0,0,1,4,3,6
e_5683,0,0,0,0,3,0,0,1,4,0,4,0,0,0,0,0,0,1,1,4,5,5
p_5684,0,0,2,0,4,0,0,1,4,1,2,1,0,0,0,0,0,0,0,3,3,0
p_5685,3,1,1,1,4,0,0,1,3,0,2,2,3,2,3,0,0,0,2,3,3,3
e_5686,3,0,6,0,3,0,0,1,7,0,4,0,0,5,5,0,0,1,1,4,5,5
e_5687,4,2,8,1,3,0,1,0,4,0,2,0,0,0,4,0,0,0,1,4,3,6
p_5688,0,0,3,0,4,0,0,1,3,1,2,0,1,0,0,0,0,0,0,3,3,0
p_5689,3,1,3,1,4,0,0,1,5,0,2,2,3,2,4,0,0,0,2,3,3,4
p_5690,0,1,4,1,6,0,0,0,8,1,4,0,3,2,0,0,0,0,1,4,3,6
e_5691,3,1,5,0,3,0,0,1,7,0,4,0,0,5,0,0,0,1,1,4,5,5
e_5692,4,1,5,0,3,0,0,1,4,0,4,0,0,0,0,0,0,1,1,4,5,5
p_5693,0,1,1,1,4,0,0,1,5,0,2,2,3,2,3,0,0,0,2,3,3,1
p_5694,0,1,0,1,6,0,0,0,8,1,4,2,3,0,0,0,0,0,1,4,3,3
e_5695,3,0,0,0,3,0,0,1,7,0,4,0,0,5,0,0,0,1,1,4,5,5
p_5696,3,1,1,1,4,0,0,1,5,0,2,2,3,2,1,0,0,0,2,3,4,1
p_5697,0,1,0,1,7,0,0,0,8,1,4,0,0,2,1,0,0,0,1,4,3,3
e_5698,3,0,0,0,3,0,0,1,4,0,4,0,0,5,5,0,0,1,1,4,5,5
p_5699,3,1,1,1,4,0,0,1,3,0,2,2,3,2,1,0,0,0,2,3,3,3
p_5700,3,1,1,1,4,0,0,1,3,0,2,2,3,3,1,0,0,0,2,3,3,4
p_5701,3,1,1,1,4,0,0,1,2,0,2,2,3,4,4,0,0,0,2,3,4,4
e_5702,3,2,8,1,3,0,1,0,4,0,2,1,0,0,4,0,0,0,1,4,3,6
p_5703,1,1,6,0,3,0,0,1,4,0,2,0,0,0,0,0,0,1,0,5,3,1
e_5704,4,1,4,0,3,0,0,1,4,0,4,0,0,5,0,0,0,1,1,4,5,5
p_5705,0,0,6,0,4,0,0,1,4,1,2,1,1,0,0,0,0,0,0,3,3,0
p_5706,0,0,3,0,4,0,0,1,4,1,2,0,0,0,0,0,0,0,0,3,3,1
p_5707,3,1,1,1,4,0,0,1,3,0,2,2,3,4,4,0,0,0,2,3,3,1
p_5708,0,0,3,0,4,0,0,1,3,1,2,0,0,0,0,0,0,0,0,3,0,0
p_5709,0,1,4,1,6,0,0,0,8,1,4,0,3,2,0,0,0,0,1,4,3,4
p_5710,3,0,2,0,4,0,0,1,3,1,2,1,1,0,0,0,0,0,0,3,3,0
e_5711,3,0,5,0,3,0,0,1,4,0,4,0,0,0,0,0,0,1,1,4,5,5
p_5712,3,0,6,0,4,0,0,1,5,1,2,0,0,0,0,0,0,0,0,3,3,1
p_5713,0,1,4,1,6,0,0,0,8,1,4,2,3,0,1,0,0,0,1,4,3,4
e_5714,3,1,2,1,3,0,0,0,6,0,4,0,1,0,0,0,0,0,3,3,3,3
e_5715,0,1,5,0,3,0,0,1,4,0,4,0,0,0,5,0,0,1,1,4,5,5
p_5716,0,0,6,0,4,0,0,1,3,1,2,0,0,0,0,0,0,0,0,3,3,0
p_5717,4,3,2,0,3,0,1,0,4,0,2,0,0,0,0,0,0,0,0,4,5,6
p_5718,3,0,3,0,4,0,0,1,3,1,2,0,0,0,0,0,0,0,0,3,0,1
p_5719,0,1,0,1,7,0,0,0,8,1,4,0,0,2,0,0,0,0,1,4,3,4
e_5720,4,0,4,0,3,0,0,1,4,0,4,0,0,0,0,0,0,1,1,4,5,5
p_5721,0,1,0,1,6,0,0,0,8,1,4,2,0,2,0,0,0,0,1,4,3,3
p_5722,0,1,0,1,7,0,0,0,8,1,4,0,0,0,0,0,0,0,1,4,3,4
p_5723,3,0,2,0,4,0,0,1,5,1,2,1,1,0,0,0,0,0,0,3,0,1
e_5724,3,0,4,0,3,0,0,1,7,0,4,0,0,0,5,0,0,1,1,4,5,5
p_5725,3,0,6,0,4,0,0,1,3,1,2,0,0,0,0,0,0,0,0,3,0,1
p_5726,1,0,2,0,3,0,0,1,9,0,2,0,0,0,0,0,0,1,0,5,3,2
e_5727,3,2,0,1,3,0,1,0,4,0,2,1,0,0,4,0,0,0,1,4,3,6
p_5728,3,0,3,0,4,0,0,1,3,1,2,0,0,0,0,0,0,0,0,3,3,0
p_5729,0,0,2,0,4,0,0,1,5,1,2,0,0,0,0,0,0,0,0,3,3,1
p_5730,3,1,1,1,4,0,0,1,3,0,2,2,3,2,4,0,0,0,2,3,3,1
e_5731,0,0,6,0,3,0,0,1,7,0,4,0,0,5,0,0,0,1,1,4,5,5
e_5732,3,1,0,0,3,0,0,1,4,0,4,0,0,5,0,0,0,1,1,4,5,5
e_5733,0,1,9,1,3,0,0,0,6,0,4,0,1,0,0,0,0,0,3,3,3,3
e_5734,4,0,6,0,3,0,0,1,7,0,4,0,0,5,5,0,0,1,1,4,5,5
p_5735,0,0,2,0,4,0,0,1,5,1,2,0,1,0,0,0,0,0,0,3,3,0
p_5736,0,1,0,1,6,0,0,0,8,1,4,0,3,2,0,0,0,0,1,4,3,3
e_5737,0,1,6,0,3,0,0,1,4,0,4,0,0,5,5,0,0,1,1,4,5,5
p_5738,3,1,2,0,3,0,0,1,4,0,2,0,0,0,0,0,0,1,0,5,3,1
p_5739,3,0,6,0,4,0,0,1,4,1,2,0,1,0,0,0,0,0,0,3,0,0
p_5740,0,0,3,0,4,0,0,1,3,1,2,0,0,0,0,0,0,0,0,3,3,1
e_5741,4,0,0,0,3,0,0,1,4,0,4,0,0,0,0,0,0,1,1,4,5,5
p_5742,3,0,3,0,4,0,0,1,3,1,2,0,1,0,0,0,0,0,0,3,0,1
e_5743,4,1,5,0,3,0,0,1,7,0,4,0,0,5,5,0,0,1,1,4,5,5
p_5744,3,1,6,0,3,0,0,1,2,0,2,0,0,0,0,0,0,1,0,5,3,2
p_5745,0,1,0,1,7,0,0,0,8,1,4,2,0,2,0,0,0,0,1,4,3,3
p_5746,3,1,1,1,4,0,0,1,2,0,2,2,3,2,4,0,0,0,2,3,3,4
p_5747,0,0,6,0,4,0,0,1,4,1,2,1,1,0,0,0,0,0,0,3,0,0
e_5748,4,2,8,1,3,0,1,0,4,0,2,0,1,0,4,0,0,0,1,4,3,6
p_5749,3,0,3,0,4,0,0,1,3,1,2,0,1,0,0,0,0,0,0,3,3,0
p_5750,3,0,2,0,4,0,0,1,4,1,2,1,0,0,0,0,0,0,0,3,3,1
p_5751,1,0,6,0,3,0,0,1,9,0,2,0,0,0,0,0,0,1,0,5,3,2
p_5752,1,0,5,0,3,0,0,1,9,0,2,0,0,0,0,0,0,1,0,5,3,1
p_5753,3,0,2,0,4,0,0,1,4,1,2,0,1,0,0,0,0,0,0,3,0,1
e_5754,0,1,0,0,3,0,0,1,4,0,4,0,0,0,5,0,0,1,1,4,5,5
p_5755,0,1,0,1,7,0,0,0,8,1,4,0,3,0,0,0,0,0,1,4,3,6
p_5756,0,1,3,1,4,0,0,1,2,0,2,2,3,4,4,0,0,0,2,3,3,1
e_5757,0,0,6,0,3,0,0,1,4,0,4,0,0,0,0,0,0,1,1,4,5,5
p_5758,0,1,0,1,4,0,0,0,8,1,4,2,0,0,0,0,0,0,1,4,3,6
p_5759,0,0,6,0,4,0,0,1,3,1,2,0,0,0,0,0,0,0,0,3,0,0
p_5760,3,0,5,0,3,0,0,1,2,0,2,0,0,0,0,0,0,1,0,5,3,1
p_5761,0,1,0,1,6,0,0,0,8,1,4,2,0,0,1,0,0,0,1,4,3,6
p_5762,0,0,2,0,4,0,0,1,5,1,2,1,1,0,0,0,0,0,0,3,3,0
p_5763,3,0,2,0,4,0,0,1,5,1,2,0,0,0,0,0,0,0,0,3,3,0
e_5764,3,1,9,1,3,0,0,0,6,0,4,0,1,0,0,0,0,0,3,3,4,3
p_5765,3,0,2,0,4,0,0,1,5,1,2,1,0,0,0,0,0,0,0,3,0,1
p_5766,3,0,2,0,4,0,0,1,3,1,2,1,0,0,0,0,0,0,0,3,0,0
e_5767,0,1,2,1,3,0,0,0,6,0,4,0,1,0,0,0,0,0,3,3,3,3
p_5768,0,1,0,1,7,0,0,0,8,1,4,0,3,2,1,0,0,0,1,4,3,3
e_5769,4,1,6,0,3,0,0,1,4,0,4,0,0,0,0,0,0,1,1,4,5,5
p_5770,0,1,0,1,4,0,0,0,8,1,4,2,3,2,0,0,0,0,1,4,3,3
p_5771,0,1,0,1,6,0,0,0,8,1,4,2,3,2,1,0,0,0,1,4,3,6
p_5772,0,0,6,0,4,0,0,1,3,1,2,1,1,0,0,0,0,0,0,3,0,0
e_5773,3,1,9,1,3,0,0,0,3,0,4,0,1,0,0,0,0,0,3,3,4,3
p_5774,1,0,5,0,3,0,0,1,2,0,2,0,0,0,0,0,0,1,0,5,3,1
p_5775,0,0,6,0,4,0,0,1,3,1,2,1,1,0,0,0,0,0,0,3,3,0
e_5776,3,1,8,1,3,0,1,0,4,0,2,1,1,0,4,0,0,0,1,4,3,6
e_5777,0,1,7,1,3,0,0,0,3,0,4,0,1,0,0,0,0,0,3,3,3,3
p_5778,0,0,6,0,4,0,0,1,4,1,2,0,1,0,0,0,0,0,0,3,3,0
e_5779,0,1,2,1,3,0,0,0,4,0,4,0,1,0,0,0,0,0,3,3,3,3
p_5780,0,1,0,1,6,0,0,0,8,1,4,2,3,0,1,0,0,0,1,4,3,6
e_5781,0,0,5,0,3,0,0,1,7,0,4,0,0,5,0,0,0,1,1,4,5,5
p_5782,3,0,5,0,3,0,0,1,9,0,2,0,0,0,0,0,0,1,0,5,3,2
p_5783,3,1,0,1,3,0,0,0,4,0,4,2,2,0,6,0,0,0,1,4,3,3
p_5784,3,1,1,1,4,0,0,1,2,0,2,2,3,2,1,0,0,0,2,3,4,4
p_5785,3,0,2,0,4,0,0,1,5,1,2,0,1,0,0,0,0,0,0,3,3,1
p_5786,0,1,3,1,4,0,0,1,5,0,2,2,3,4,3,0,0,0,2,3,3,1
e_5787,3,1,4,0,3,0,0,1,4,0,4,0,0,5,5,0,0,1,1,4,5,5
p_5788,3,0,6,0,3,0,0,1,4,0,2,0,0,0,0,0,0,1,0,5,3,1
p_5789,1,0,5,0,3,0,0,1,4,0,2,0,0,0,0,0,0,1,0,5,3,2
p_5790,0,1,0,1,7,0,0,0,8,1,4,0,3,2,1,0,0,0,1,4,3,6
p_5791,0,0,6,0,4,0,0,1,3,1,2,1,0,0,0,0,0,0,0,3,3,0
p_5792,0,1,1,1,4,0,0,1,5,0,2,2,3,2,3,0,0,0,2,3,4,4
p_5793,1,1,2,0,3,0,0,1,2,0,2,0,0,0,0,0,0,1,0,5,3,1
e_5794,3,1,0,1,3,0,1,0,4,0,2,0,1,0,4,0,0,0,1,4,3,6
p_5795,3,2,1,1,4,0,0,1,2,0,2,2,3,2,1,0,0,0,2,3,4,1
p_5796,3,1,1,1,4,0,0,1,5,0,2,2,3,2,3,0,0,0,2,3,3,4
p_5797,3,1,1,1,4,0,0,1,3,0,2,2,3,3,1,0,0,0,2,3,3,1
p_5798,0,0,3,0,4,0,0,1,5,1,2,0,1,0,0,0,0,0,0,3,0,0
p_5799,0,1,4,1,6,0,0,0,8,1,4,0,3,0,1,0,0,0,1,4,3,6
p_5800,0,1,1,1,3,0,0,0,4,0,4,2,2,0,6,0,0,0,1,4,3,3
p_5801,0,1,0,1,4,0,0,0,8,1,4,2,3,2,0,0,0,0,1,4,3,4
p_5802,3,0,2,0,4,0,0,1,5,1,2,0,1,0,0,0,0,0,0,3,0,1
p_5803,3,2,3,1,4,0,0,1,3,0,2,2,3,4,4,0,0,0,2,3,4,1
e_5804,3,2,0,1,3,0,1,0,4,0,2,0,0,0,4,0,0,0,1,4,3,6
p_5805,0,0,3,0,4,0,0,1,4,1,2,1,0,0,0,0,0,0,0,3,0,1
p_5806,3,0,6,0,4,0,0,1,5,1,2,1,1,0,0,0,0,0,0,3,3,0
e_5807,3,0,4,0,3,0,0,1,7,0,4,0,0,5,5,0,0,1,1,4,5,5
p_5808,0,0,6,0,4,0,0,1,5,1,2,0,0,0,0,0,0,0,0,3,0,0
p_5809,3,1,1,1,4,0,0,1,3,0,2,2,3,4,4,0,0,0,2,3,3,3
p_5810,0,1,0,1,4,0,0,0,8,1,4,0,3,2,1,0,0,0,1,4,3,3
p_5811,3,0,2,0,4,0,0,1,3,1,2,0,0,0,0,0,0,0,0,3,3,1
p_5812,3,0,3,0,4,0,0,1,5,1,2,0,0,0,0,0,0,0,0,3,0,1
p_5813,3,1,1,1,4,0,0,1,3,0,2,2,3,3,4,0,0,0,2,3,3,1
e_5814,3,2,8,1,3,0,1,0,4,0,2,0,0,0,4,0,0,0,1,4,3,6
p_5815,0,1,0,1,7,0,0,0,8,1,4,2,3,2,1,0,0,0,1,4,3,6
e_5816,4,1,4,0,3,0,0,1,7,0,4,0,0,0,5,0,0,1,1,4,5,5
p_5817,0,1,0,1,6,0,0,0,8,1,4,2,0,0,0,0,0,0,1,4,3,6
p_5818,3,0,2,0,4,0,0,1,3,1,2,0,1,0,0,0,0,0,0,3,0,1
p_5819,0,1,4,1,6,0,0,0,8,1,4,0,3,2,1,0,0,0,1,4,3,6
e_5820,0,0,0,0,3,0,0,1,4,0,4,0,0,5,5,0,0,1,1,4,5,5
p_5821,3,1,3,1,4,0,0,1,5,0,2,2,3,2,1,0,0,0,2,3,3,4
p_5822,0,0,2,0,4,0,0,1,4,1,2,1,1,0,0,0,0,0,0,3,3,0
e_5823,3,0,4,0,3,0,0,1,4,0,4,0,0,5,5,0,0,1,1,4,5,5
p_5824,3,1,1,1,4,0,0,1,3,0,2,2,3,4,1,0,0,0,2,3,3,3
p_5825,3,1,1,1,4,0,0,1,3,0,2,2,3,3,1,0,0,0,2,3,3,3
e_5826,3,1,4,0,3,0,0,1,7,0,4,0,0,5,0,0,0,1,1,4,5,5
p_5827,3,0,3,0,4,0,0,1,3,1,2,1,1,0,0,0,0,0,0,3,3,1
e_5828,4,0,0,0,3,0,0,1,7,0,4,0,0,5,0,0,0,1,1,4,5,5
p_5829,3,1,1,1,4,0,0,1,3,0,2,2,3,3,3,0,0,0,2,3,4,3
p_5830,0,0,2,0,4,0,0,1,4,1,2,0,1,0,0,0,0,0,0,3,0,1
p_5831,0,1,0,1,7,0,0,0,8,1,4,0,3,2,1,0,0,0,1,4,3,4
p_5832,3,1,1,1,4,0,0,1,3,0,2,2,3,4,4,0,0,0,2,3,4,1
p_5833,3,1,2,0,3,0,0,1,9,0,2,0,0,0,0,0,0,1,0,5,3,1
p_5834,0,1,0,1,7,0,0,0,8,1,4,2,0,2,1,0,0,0,1,4,3,3
e_5835,3,1,2,1,3,0,0,0,4,0,4,0,1,0,0,0,0,0,3,3,3,3
e_5836,0,1,2,1,3,0,0,0,5,0,4,0,1,0,0,0,0,0,3,3,4,3
p_5837,0,1,0,1,4,0,0,0,8,1,4,0,0,2,0,0,0,0,1,4,3,4
p_5838,3,0,3,0,4,0,0,1,3,1,2,1,0,0,0,0,0,0,0,3,0,0
e_5839,0,1,7,1,3,0,0,0,4,0,4,0,1,0,0,0,0,0,3,3,3,3
p_5840,3,0,2,0,3,0,0,1,4,0,2,0,0,0,0,0,0,1,0,5,3,1
p_5841,0,1,1,1,4,0,0,1,2,0,2,2,3,2,3,0,0,0,2,3,3,3
p_5842,3,0,3,0,4,0,0,1,5,1,2,0,1,0,0,0,0,0,0,3,3,1
p_5843,3,1,1,1,4,0,0,1,2,0,2,2,3,2,4,0,0,0,2,3,4,4
p_5844,0,2,1,1,4,0,0,1,5,0,2,2,3,2,1,0,0,0,2,3,3,1
p_5845,3,1,1,1,4,0,0,1,5,0,2,2,3,2,4,0,0,0,2,3,4,3
p_5846,0,0,3,0,4,0,0,1,3,1,2,1,1,0,0,0,0,0,0,3,0,1
e_5847,3,1,9,1,3,0,0,0,6,0,4,0,1,0,0,0,0,0,3,3,3,3
p_5848,3,0,2,0,4,0,0,1,4,1,2,1,0,0,0,0,0,0,0,3,0,1
e_5849,4,0,0,0,3,0,0,1,4,0,4,0,0,5,5,0,0,1,1,4,5,5
p_5850,0,1,0,1,7,0,0,0,8,1,4,2,3,2,0,0,0,0,1,4,3,3
p_5851,0,0,3,0,4,0,0,1,4,1,2,1,1,0,0,0,0,0,0,3,0,1
p_5852,3,1,1,1,4,0,0,1,2,0,2,2,3,2,1,0,0,0,2,3,4,1
p_5853,1,0,2,0,3,0,0,1,4,0,2,0,0,0,0,0,0,1,0,5,3,2
p_5854,0,1,0,1,4,0,0,0,8,1,4,0,3,2,0,0,0,0,1,4,3,3
p_5855,1,0,6,0,3,0,0,1,4,0,2,0,0,0,0,0,0,1,0,5,3,2
p_5856,3,2,1,1,4,0,0,1,3,0,2,2,3,3,1,0,0,0,2,3,4,1
p_5857,0,1,3,1,4,0,0,1,2,0,2,2,3,3,3,0,0,0,2,3,4,3
e_5858,0,1,4,0,3,0,0,1,7,0,4,0,0,0,0,0,0,1,1,4,5,5
e_5859,4,0,6,0,3,0,0,1,4,0,4,0,0,5,5,0,0,1,1,4,5,5
p_5860,0,1,0,1,4,0,0,0,8,1,4,2,0,2,0,0,0,0,1,4,3,6
e_5861,0,0,4,0,3,0,0,1,7,0,4,0,0,5,5,0,0,1,1,4,5,5
p_5862,3,0,6,0,3,0,0,1,9,0,2,0,0,0,0,0,0,1,0,5,3,2
e_5863,3,0,0,0,3,0,0,1,4,0,4,0,0,0,0,0,0,1,1,4,5,5
p_5864,0,1,4,1,6,0,0,0,8,1,4,0,3,2,1,0,0,0,1,4,3,4
e_5865,3,1,6,0,3,0,0,1,4,0,4,0,0,5,5,0,0,1,1,4,5,5
p_5866,0,0,3,0,4,0,0,1,4,1,2,0,0,0,0,0,0,0,0,3,0,0
p_5867,3,0,6,0,3,0,0,1,2,0,2,0,0,0,0,0,0,1,0,5,3,1
p_5868,0,1,0,1,7,0,0,0,8,1,4,0,3,2,0,0,0,0,1,4,3,6
p_5869,0,1,4,1,6,0,0,0,8,1,4,2,0,0,0,0,0,0,1,4,3,6
p_5870,3,1,1,1,4,0,0,1,5,0,2,2,3,4,3,0,0,0,2,3,4,1
p_5871,0,1,0,1,4,0,0,0,8,1,4,0,3,0,1,0,0,0,1,4,3,6
p_5872,0,1,0,1,7,0,0,0,8,1,4,2,3,0,1,0,0,0,1,4,3,3
p_5873,3,0,3,0,4,0,0,1,4,1,2,1,0,0,0,0,0,0,0,3,3,0
e_5874,0,1,5,0,3,0,0,1,4,0,4,0,0,5,0,0,0,1,1,4,5,5
e_5875,0,1,7,1,3,0,0,0,6,0,4,0,1,0,0,0,0,0,3,3,4,3
p_5876,3,1,1,1,4,0,0,1,2,0,2,2,3,4,1,0,0,0,2,3,4,4
p_5877,0,0,3,0,4,0,0,1,5,1,2,0,1,0,0,0,0,0,0,3,3,1
p_5878,0,1,0,1,7,0,0,0,8,1,4,0,3,0,1,0,0,0,1,4,3,6
p_5879,3,0,3,0,4,0,0,1,5,1,2,0,1,0,0,0,0,0,0,3,3,0
p_5880,0,0,6,0,4,0,0,1,5,1,2,0,1,0,0,0,0,0,0,3,3,1
p_5881,0,2,1,1,4,0,0,1,5,0,2,2,3,4,1,0,0,0,2,3,4,1
p_5882,1,0,2,0,3,0,0,1,9,0,2,0,0,0,0,0,0,1,0,5,3,1
e_5883,4,1,0,0,3,0,0,1,7,0,4,0,0,5,5,0,0,1,1,4,5,5
p_5884,0,1,4,1,6,0,0,0,8,1,4,2,3,0,0,0,0,0,1,4,3,3
p_5885,3,1,1,1,4,0,0,1,3,0,2,2,3,4,4,0,0,0,2,3,3,4
e_5886,0,1,6,0,3,0,0,1,4,0,4,0,0,5,0,0,0,1,1,4,5,5
p_5887,0,0,6,0,4,0,0,1,3,1,2,0,1,0,0,0,0,0,0,3,3,1
p_5888,3,0,3,0,4,0,0,1,4,1,2,1,1,0,0,0,0,0,0,3,3,0
p_5889,3,0,6,0,4,0,0,1,3,1,2,0,0,0,0,0,0,0,0,3,0,0
p_5890,3,1,1,1,4,0,0,1,3,0,2,2,3,4,3,0,0,0,2,3,4,3
p_5891,0,1,0,1,4,0,0,0,8,1,4,0,0,0,1,0,0,0,1,4,3,4
p_5892,3,0,2,0,4,0,0,1,5,1,2,1,1,0,0,0,0,0,0,3,3,0
e_5893,4,1,0,0,3,0,0,1,7,0,4,0,0,0,0,0,0,1,1,4,5,5
e_5894,0,0,4,0,3,0,0,1,4,0,4,0,0,5,5,0,0,1,1,4,5,5
e_5895,0,1,2,1,3,0,0,0,3,0,4,0,1,0,0,0,0,0,3,3,3,3
p_5896,3,0,6,0,4,0,0,1,3,1,2,1,0,0,0,0,0,0,0,3,0,0
p_5897,3,0,3,0,4,0,0,1,5,1,2,0,0,0,0,0,0,0,0,3,0,0
e_5898,3,0,4,0,3,0,0,1,7,0,4,0,0,0,0,0,0,1,1,4,5,5
p_5899,3,1,1,1,4,0,0,1,3,0,2,2,3,4,1,0,0,0,2,3,4,1
p_5900,0,1,0,1,7,0,0,0,8,1,4,2,3,2,0,0,0,0,1,4,3,6
p_5901,3,0,2,0,3,0,0,1,2,0,2,0,0,0,0,0,0,1,0,5,3,1
p_5902,3,1,3,1,4,0,0,1,3,0,2,2,3,4,4,0,0,0,2,3,4,3
e_5903,0,2,0,1,3,0,1,0,4,0,2,0,0,0,4,0,0,0,1,4,3,6
p_5904,3,1,1,1,4,0,0,1,3,0,2,2,3,4,4,0,0,0,2,3,4,3
p_5905,0,0,2,0,4,0,0,1,3,1,2,1,0,0,0,0,0,0,0,3,0,0
e_5906,0,0,6,0,3,0,0,1,4,0,4,0,0,5,5,0,0,1,1,4,5,5
e_5907,0,0,5,0,3,0,0,1,4,0,4,0,0,0,5,0,0,1,1,4,5,5
p_5908,0,0,3,0,4,0,0,1,4,1,2,1,1,0,0,0,0,0,0,3,3,1
p_5909,3,2,3,1,4,0,0,1,3,0,2,2,3,2,4,0,0,0,2,3,4,4
p_5910,0,0,2,0,4,0,0,1,5,1,2,0,1,0,0,0,0,0,0,3,0,1
p_5911,0,2,1,1,4,0,0,1,5,0,2,2,3,3,1,0,0,0,2,3,3,4
p_5912,3,0,2,0,4,0,0,1,3,1,2,0,0,0,0,0,0,0,0,3,0,0
e_5913,4,1,0,0,3,0,0,1,4,0,4,0,0,5,5,0,0,1,1,4,5,5
e_5914,0,1,5,0,3,0,0,1,7,0,4,0,0,0,0,0,0,1,1,4,5,5
p_5915,3,1,1,1,4,0,0,1,2,0,2,2,3,4,3,0,0,0,2,3,4,1
e_5916,3,1,6,0,3,0,0,1,7,0,4,0,0,0,0,0,0,1,1,4,5,5
e_5917,0,0,4,0,3,0,0,1,4,0,4,0,0,0,0,0,0,1,1,4,5,5
p_5918,0,0,3,0,4,0,0,1,3,1,2,1,1,0,0,0,0,0,0,3,3,0
p_5919,3,0,6,0,4,0,0,1,4,1,2,0,0,0,0,0,0,0,0,3,3,0
p_5920,3,1,1,1,4,0,0,1,2,0,2,2,3,4,1,0,0,0,2,3,3,4
p_5921,0,0,6,0,4,0,0,1,5,1,2,0,1,0,0,0,0,0,0,3,3,0
p_5922,3,0,2,0,4,0,0,1,5,1,2,0,0,0,0,0,0,0,0,3,3,1
p_5923,3,1,1,1,4,0,0,1,2,0,2,2,3,4,4,0,0,0,2,3,3,1
p_5924,3,1,1,1,4,0,0,1,3,0,2,2,3,3,1,0,0,0,2,3,4,3
p_5925,3,1,3,1,4,0,0,1,5,0,2,2,3,3,1,0,0,0,2,3,4,4
p_5926,3,2,3,1,4,0,0,1,2,0,2,2,3,4,4,0,0,0,2,3,3,4
p_5927,1,0,5,0,3,0,0,1,2,0,2,0,0,0,0,0,0,1,0,5,3,2
p_5928,0,1,0,1,4,0,0,0,8,1,4,0,0,2,0,0,0,0,1,4,3,6
p_5929,1,0,2,0,3,0,0,1,4,0,2,0,0,0,0,0,0,1,0,5,3,1
e_5930,0,1,0,0,3,0,0,1,4,0,4,0,0,0,0,0,0,1,1,4,5,5
p_5931,0,1,0,1,6,0,0,0,8,1,4,0,0,2,0,0,0,0,1,4,3,4
p_5932,0,1,0,1,6,0,0,0,8,1,4,0,0,0,1,0,0,0,1,4,3,4
p_5933,0,1,0,1,4,0,0,0,8,1,4,2,0,0,1,0,0,0,1,4,3,4
p_5934,3,0,6,0,4,0,0,1,4,1,2,0,0,0,0,0,0,0,0,3,0,1
p_5935,1,1,1,1,3,0,0,0,4,0,4,2,2,0,4,0,0,0,1,4,3,3
p_5936,0,0,3,0,4,0,0,1,4,1,2,1,1,0,0,0,0,0,0,3,3,0
e_5937,3,1,5,0,3,0,0,1,7,0,4,0,0,0,0,0,0,1,1,4,5,5
e_5938,4,0,5,0,3,0,0,1,7,0,4,0,0,5,5,0,0,1,1,4,5,5
e_5939,3,1,0,0,3,0,0,1,4,0,4,0,0,5,5,0,0,1,1,4,5,5
p_5940,1,1,5,0,3,0,0,1,2,0,2,0,0,0,0,0,0,1,0,5,3,2
p_5941,0,0,3,0,4,0,0,1,4,1,2,0,1,0,0,0,0,0,0,3,3,1
p_5942,0,0,3,0,4,0,0,1,3,1,2,0,0,0,0,0,0,0,0,3,0,1
p_5943,0,2,1,1,4,0,0,1,3,0,2,2,3,3,4,0,0,0,2,3,3,1
p_5944,0,1,0,1,7,0,0,0,8,1,4,2,0,2,0,0,0,0,1,4,3,4
p_5945,3,1,6,0,3,0,0,1,4,0,2,0,0,0,0,0,0,1,0,5,3,1
p_5946,0,0,6,0,4,0,0,1,5,1,2,1,1,0,0,0,0,0,0,3,3,0
p_5947,1,0,6,0,3,0,0,1,9,0,2,0,0,0,0,0,0,1,0,5,3,1
e_5948,3,1,2,1,3,0,0,0,3,0,4,0,1,0,0,0,0,0,3,3,4,3
e_5949,0,1,0,1,3,0,1,0,4,0,2,1,0,0,4,0,0,0,1,4,3,6
p_5950,0,2,1,1,4,0,0,1,3,0,2,2,3,3,4,0,0,0,2,3,3,4
p_5951,3,0,6,0,4,0,0,1,5,1,2,0,1,0,0,0,0,0,0,3,3,1
p_5952,3,1,1,1,4,0,0,1,2,0,2,2,3,3,1,0,0,0,2,3,3,1
e_5953,4,0,4,0,3,0,0,1,7,0,4,0,0,5,5,0,0,1,1,4,5,5
p_5954,3,2,1,1,4,0,0,1,5,0,2,2,3,2,1,0,0,0,2,3,4,4
p_5955,1,2,0,1,3,0,0,0,4,0,4,2,2,0,4,0,0,0,1,4,3,3
p_5956,0,1,0,1,7,0,0,0,8,1,4,2,0,2,1,0,0,0,1,4,3,4
p_5957,3,1,1,1,4,0,0,1,5,0,2,2,3,3,3,0,0,0,2,3,4,3
p_5958,0,1,1,1,4,0,0,1,2,0,2,2,3,3,3,0,0,0,2,3,4,1
p_5959,0,0,3,0,4,0,0,1,3,1,2,1,0,0,0,0,0,0,0,3,0,1
p_5960,0,1,0,1,4,0,0,0,8,1,4,0,3,0,1,0,0,0,1,4,3,3
e_5961,0,1,0,0,3,0,0,1,4,0,4,0,0,5,0,0,0,1,1,4,5,5
e_5962,3,1,0,1,3,0,1,0,4,0,2,1,1,0,4,0,0,0,1,4,3,6
p_5963,3,1,6,0,3,0,0,1,2,0,2,0,0,0,0,0,0,1,0,5,3,1
p_5964,4,2,0,1,3,0,0,0,4,0,4,2,2,0,6,0,0,0,1,4,3,3
p_5965,3,1,3,1,4,0,0,1,5,0,2,2,3,2,4,0,0,0,2,3,3,1
p_5966,0,1,0,1,7,0,0,0,8,1,4,2,3,2,0,0,0,0,1,4,3,4
p_5967,3,2,3,1,4,0,0,1,5,0,2,2,3,2,1,0,0,0,2,3,4,3
p_5968,3,2,3,1,4,0,0,1,3,0,2,2,3,4,1,0,0,0,2,3,3,3
p_5969,0,0,3,0,4,0,0,1,3,1,2,0,1,0,0,0,0,0,0,3,0,1
e_5970,0,1,9,1,3,0,0,0,6,0,4,0,1,0,0,0,0,0,3,3,4,3
p_5971,0,1,0,1,6,0,0,0,8,1,4,2,0,2,1,0,0,0,1,4,3,4
p_5972,3,0,5,0,3,0,0,1,2,0,2,0,0,0,0,0,0,1,0,5,3,2
p_5973,0,1,4,1,6,0,0,0,8,1,4,2,3,2,1,0,0,0,1,4,3,6
p_5974,3,0,6,0,4,0,0,1,4,1,2,0,0,0,0,0,0,0,0,3,3,1
p_5975,0,0,6,0,4,0,0,1,4,1,2,0,0,0,0,0,0,0,0,3,3,0
e_5976,4,0,4,0,3,0,0,1,7,0,4,0,0,0,0,0,0,1,1,4,5,5
p_5977,3,0,6,0,4,0,0,1,4,1,2,0,1,0,0,0,0,0,0,3,0,1
e_5978,0,2,0,1,3,0,1,0,4,0,2,1,1,0,4,0,0,0,1,4,3,6
p_5979,3,1,1,1,4,0,0,1,3,0,2,2,3,2,4,0,0,0,2,3,3,3
e_5980,3,1,2,1,3,0,0,0,4,0,4,0,1,0,0,0,0,0,3,3,4,3
p_5981,3,0,2,0,4,0,0,1,4,1,2,0,0,0,0,0,0,0,0,3,0,0
p_5982,3,0,5,0,3,0,0,1,9,0,2,0,0,0,0,0,0,1,0,5,3,1
p_5983,3,1,1,1,4,0,0,1,3,0,2,2,3,2,4,0,0,0,2,3,4,3
p_5984,3,0,3,0,4,0,0,1,5,1,2,0,1,0,0,0,0,0,0,3,0,1
p_5985,0,1,0,1,4,0,0,0,8,1,4,0,3,2,0,0,0,0,1,4,3,6
p_5986,3,1,1,1,4,0,0,1,2,0,2,2,3,4,3,0,0,0,2,3,3,1
p_5987,3,0,3,0,4,0,0,1,5,1,2,1,0,0,0,0,0,0,0,3,0,1
p_5988,3,0,2,0,4,0,0,1,5,1,2,0,1,0,0,0,0,0,0,3,0,0
p_5989,0,1,0,1,7,0,0,0,8,1,4,0,3,0,0,0,0,0,1,4,3,3
p_5990,3,2,1,1,4,0,0,1,3,0,2,2,3,3,4,0,0,0,2,3,4,3
p_5991,0,1,0,1,4,0,0,0,8,1,4,2,3,0,1,0,0,0,1,4,3,3
p_5992,1,1,6,0,3,0,0,1,2,0,2,0,0,0,0,0,0,1,0,5,3,1
p_5993,3,1,1,1,4,0,0,1,2,0,2,2,3,4,1,0,0,0,2,3,3,1
p_5994,0,1,4,1,6,0,0,0,8,1,4,2,0,0,1,0,0,0,1,4,3,6
p_5995,0,1,0,1,4,0,0,0,8,1,4,2,0,0,0,0,0,0,1,4,3,3
e_5996,4,1,6,0,3,0,0,1,7,0,4,0,0,0,0,0,0,1,1,4,5,5
e_5997,0,1,2,1,3,0,0,0,3,0,4,0,1,0,0,0,0,0,3,3,4,3
p_5998,3,0,6,0,4,0,0,1,3,1,2,0,1,0,0,0,0,0,0,3,3,0
p_5999,3,1,1,1,4,0,0,1,2,0,2,2,3,3,1,0,0,0,2,3,4,1
p_6000,0,1,4,1,4,0,0,0,8,1,4,2,0,2,1,0,0,0,1,4,3,4
p_6001,3,0,4,1,7,0,0,0,8,1,4,2,0,2,1,0,0,0,1,4,3,3
p_6002,0,1,4,1,4,0,0,0,8,1,4,0,0,0,1,0,0,0,1,4,3,3
p_6003,0,0,0,1,4,0,0,0,8,1,4,2,3,0,0,0,0,0,1,4,3,4
p_6004,3,1,0,1,4,0,0,0,8,1,4,2,0,0,0,0,0,0,1,4,3,4
p_6005,3,1,4,1,7,0,0,0,8,1,4,0,3,2,1,0,0,0,1,4,3,3
p_6006,4,1,0,1,6,0,0,0,8,1,4,2,0,2,1,0,0,0,1,4,3,6
p_6007,3,1,4,1,6,0,0,0,8,1,4,0,0,0,0,0,0,0,1,4,3,4
p_6008,0,0,4,1,7,0,0,0,8,1,4,0,3,2,0,0,0,0,1,4,3,6
p_6009,3,1,0,1,4,0,0,0,8,1,4,0,3,2,1,0,0,0,1,4,3,4
p_6010,3,1,4,1,4,0,0,0,8,1,4,2,3,2,0,0,0,0,1,4,3,3
p_6011,0,0,4,1,7,0,0,0,8,1,4,0,0,0,1,0,0,0,1,4,3,6
p_6012,0,0,0,1,7,0,0,0,8,1,4,2,3,2,1,0,0,0,1,4,3,6
p_6013,3,0,4,1,4,0,0,0,8,1,4,2,0,2,0,0,0,0,1,4,3,3
p_6014,3,0,4,1,6,0,0,0,8,1,4,2,3,0,1,0,0,0,1,4,3,6
p_6015,3,1,4,1,4,0,0,0,8,1,4,0,3,2,1,0,0,0,1,4,3,4
p_6016,3,1,0,1,6,0,0,0,8,1,4,0,3,2,1,0,0,0,1,4,3,4
p_6017,3,1,0,1,4,0,0,0,8,1,4,2,0,2,0,0,0,0,1,4,3,4
p_6018,0,1,4,1,7,0,0,0,8,1,4,2,0,0,1,0,0,0,1,4,3,3
p_6019,4,0,0,1,6,0,0,0,8,1,4,0,3,2,1,0,0,0,1,4,3,4
p_6020,0,0,0,1,4,0,0,0,8,1,4,0,0,0,0,0,0,0,1,4,3,6
p_6021,3,0,4,1,6,0,0,0,8,1,4,2,3,2,0,0,0,0,1,4,3,3
p_6022,3,1,4,1,7,0,0,0,8,1,4,2,3,0,0,0,0,0,1,4,3,6
p_6023,4,0,4,1,6,0,0,0,8,1,4,0,0,2,1,0,0,0,1,4,3,4
p_6024,3,1,4,1,6,0,0,0,8,1,4,2,0,2,1,0,0,0,1,4,3,3
p_6025,0,0,0,1,7,0,0,0,8,1,4,2,3,0,0,0,0,0,1,4,3,4
p_6026,3,0,4,1,6,0,0,0,8,1,4,2,3,0,0,0,0,0,1,4,3,3
p_6027,3,0,0,1,6,0,0,0,8,1,4,2,3,0,0,0,0,0,1,4,3,6
p_6028,3,1,4,1,7,0,0,0,8,1,4,2,0,2,1,0,0,0,1,4,3,3
p_6029,3,0,4,1,6,0,0,0,8,1,4,0,0,0,1,0,0,0,1,4,3,6
p_6030,3,0,0,1,7,0,0,0,8,1,4,2,3,0,0,0,0,0,1,4,3,4
p_6031,3,1,4,1,7,0,0,0,8,1,4,0,3,0,1,0,0,0,1,4,3,4
p_6032,0,0,4,1,7,0,0,0,8,1,4,2,3,2,0,0,0,0,1,4,3,6
p_6033,3,0,4,1,4,0,0,0,8,1,4,0,3,0,0,0,0,0,1,4,3,4
p_6034,0,0,0,1,7,0,0,0,8,1,4,2,3,0,0,0,0,0,1,4,3,3
p_6035,3,1,0,1,7,0,0,0,8,1,4,0,3,0,1,0,0,0,1,4,3,4
p_6036,0,1,4,1,4,0,0,0,8,1,4,2,0,0,0,0,0,0,1,4,3,6
p_6037,3,1,0,1,6,0,0,0,8,1,4,2,0,2,0,0,0,0,1,4,3,6
e_6038,1,0,0,1,3,1,0,1,10,0,4,0,0,6,7,0,1,0,0,1,5,6
p_6039,3,0,0,1,6,0,0,0,8,1,4,2,3,2,1,0,0,0,1,4,3,3
e_6040,0,0,0,1,3,1,0,1,11,0,4,0,0,6,7,0,1,0,0,1,3,6
p_6041,3,1,4,1,6,0,0,0,8,1,4,0,0,2,1,0,0,0,1,4,3,3
p_6042,3,1,0,1,7,0,0,0,8,1,4,2,0,2,0,0,0,0,1,4,3,6
p_6043,3,1,4,1,6,0,0,0,8,1,4,0,3,0,1,0,0,0,1,4,3,4
p_6044,3,0,0,1,6,0,0,0,8,1,4,2,0,0,0,0,0,0,1,4,3,6
p_6045,0,1,4,1,6,0,0,0,8,1,4,0,3,0,0,0,0,0,1,4,3,6
p_6046,0,0,0,1,4,0,0,0,8,1,4,0,0,2,1,0,0,0,1,4,3,3
p_6047,3,0,0,1,7,0,0,0,8,1,4,0,3,0,1,0,0,0,1,4,3,3
p_6048,3,1,4,1,6,0,0,0,8,1,4,0,3,0,0,0,0,0,1,4,3,3
p_6049,3,0,0,1,4,0,0,0,8,1,4,2,3,0,0,0,0,0,1,4,3,3
p_6050,3,0,0,1,7,0,0,0,8,1,4,0,3,2,0,0,0,0,1,4,3,4
p_6051,3,0,0,1,4,0,0,0,8,1,4,0,3,0,0,0,0,0,1,4,3,6
p_6052,3,1,4,1,7,0,0,0,8,1,4,2,0,0,1,0,0,0,1,4,3,3
p_6053,3,0,4,1,6,0,0,0,8,1,4,0,3,2,1,0,0,0,1,4,3,6
p_6054,0,1,4,1,4,0,0,0,8,1,4,0,3,0,1,0,0,0,1,4,3,6
p_6055,0,0,4,1,6,0,0,0,8,1,4,2,0,0,1,0,0,0,1,4,3,3
p_6056,3,0,4,1,4,0,0,0,8,1,4,0,0,2,1,0,0,0,1,4,3,3
p_6057,3,1,0,1,6,0,0,0,8,1,4,2,0,0,0,0,0,0,1,4,3,4
p_6058,0,1,4,1,4,0,0,0,8,1,4,2,0,0,1,0,0,0,1,4,3,3
p_6059,4,0,4,1,7,0,0,0,8,1,4,0,0,0,1,0,0,0,1,4,3,6
p_6060,4,0,0,1,4,0,0,0,8,1,4,2,3,0,1,0,0,0,1,4,3,6
p_6061,3,1,0,1,4,0,0,0,8,1,4,0,0,2,0,0,0,0,1,4,3,3
p_6062,0,0,4,1,7,0,0,0,8,1,4,0,0,2,1,0,0,0,1,4,3,6
p_6063,0,1,4,1,4,0,0,0,8,1,4,2,3,0,1,0,0,0,1,4,3,6
p_6064,3,1,4,1,7,0,0,0,8,1,4,0,0,0,1,0,0,0,1,4,3,4
p_6065,3,1,0,1,7,0,0,0,8,1,4,0,0,2,0,0,0,0,1,4,3,6
p_6066,3,0,4,1,4,0,0,0,8,1,4,0,3,0,1,0,0,0,1,4,3,4
p_6067,0,0,0,1,7,0,0,0,8,1,4,0,3,2,0,0,0,0,1,4,3,4
e_6068,0,2,2,1,3,0,1,1,4,0,4,2,3,0,0,0,0,1,0,4,1,1
p_6069,3,1,0,1,6,0,0,0,8,1,4,0,3,0,1,0,0,0,1,4,3,4
p_6070,0,0,0,1,4,0,0,0,8,1,4,0,3,2,1,0,0,0,1,4,3,3
p_6071,0,0,4,1,4,0,0,0,8,1,4,0,0,2,0,0,0,0,1,4,3,3
p_6072,3,0,0,1,7,0,0,0,8,1,4,0,0,2,0,0,0,0,1,4,3,6
p_6073,3,0,0,1,7,0,0,0,8,1,4,0,3,2,1,0,0,0,1,4,3,6
p_6074,0,1,4,1,7,0,0,0,8,1,4,2,3,0,1,0,0,0,1,4,3,6
p_6075,0,0,4,1,4,0,0,0,8,1,4,2,0,2,1,0,0,0,1,4,3,3
p_6076,3,0,0,1,6,0,0,0,8,1,4,0,3,0,1,0,0,0,1,4,3,6
p_6077,4,0,0,1,4,0,0,0,8,1,4,2,3,2,1,0,0,0,1,4,3,4
p_6078,3,1,0,1,7,0,0,0,8,1,4,2,0,0,0,0,0,0,1,4,3,4
p_6079,0,0,0,1,7,0,0,0,8,1,4,2,0,2,1,0,0,0,1,4,3,6
p_6080,3,1,4,1,6,0,0,0,8,1,4,2,0,2,0,0,0,0,1,4,3,6
p_6081,0,0,4,1,6,0,0,0,8,1,4,2,3,2,1,0,0,0,1,4,3,3
p_6082,3,0,0,1,7,0,0,0,8,1,4,2,3,2,0,0,0,0,1,4,3,6
p_6083,3,1,0,1,7,0,0,0,8,1,4,0,0,2,0,0,0,0,1,4,3,4
p_6084,4,1,0,1,6,0,0,0,8,1,4,2,0,0,1,0,0,0,1,4,3,6
p_6085,3,1,0,1,7,0,0,0,8,1,4,2,0,2,1,0,0,0,1,4,3,3
p_6086,3,0,0,1,6,0,0,0,8,1,4,2,0,0,1,0,0,0,1,4,3,3
p_6087,0,0,4,1,7,0,0,0,8,1,4,0,0,2,0,0,0,0,1,4,3,6
p_6088,3,0,0,1,6,0,0,0,8,1,4,0,0,2,1,0,0,0,1,4,3,6
p_6089,3,0,0,1,7,0,0,0,8,1,4,0,3,2,0,0,0,0,1,4,3,3
p_6090,3,0,4,1,4,0,0,0,8,1,4,0,3,2,1,0,0,0,1,4,3,6
p_6091,3,1,0,1,6,0,0,0,8,1,4,0,3,0,1,0,0,0,1,4,3,6
p_6092,3,0,0,1,4,0,0,0,8,1,4,2,3,2,1,0,0,0,1,4,3,3
p_6093,3,1,0,1,4,0,0,0,8,1,4,0,3,2,1,0,0,0,1,4,3,6
p_6094,3,0,4,1,6,0,0,0,8,1,4,0,3,2,0,0,0,0,1,4,3,6
p_6095,3,0,4,1,4,0,0,0,8,1,4,0,0,0,1,0,0,0,1,4,3,6
p_6096,0,1,4,1,4,0,0,0,8,1,4,0,3,0,0,0,0,0,1,4,3,4
p_6097,3,0,0,1,6,0,0,0,8,1,4,0,3,0,1,0,0,0,1,4,3,4
p_6098,0,1,4,1,6,0,0,0,8,1,4,0,3,0,1,0,0,0,1,4,3,3
p_6099,3,1,4,1,4,0,0,0,8,1,4,2,0,0,0,0,0,0,1,4,3,6
p_6100,0,0,0,1,4,0,0,0,8,1,4,0,3,2,0,0,0,0,1,4,3,4
p_6101,3,1,0,1,7,0,0,0,8,1,4,0,0,0,0,0,0,0,1,4,3,4
p_6102,3,1,4,1,4,0,0,0,8,1,4,0,0,2,1,0,0,0,1,4,3,3
p_6103,0,1,4,1,7,0,0,0,8,1,4,2,0,2,0,0,0,0,1,4,3,6
p_6104,3,1,0,1,6,0,0,0,8,1,4,0,3,0,0,0,0,0,1,4,3,3
p_6105,3,1,0,1,6,0,0,0,8,1,4,0,3,2,1,0,0,0,1,4,3,6
p_6106,0,1,4,1,7,0,0,0,8,1,4,0,3,2,1,0,0,0,1,4,3,6
p_6107,3,1,0,1,6,0,0,0,8,1,4,2,3,2,1,0,0,0,1,4,3,6
p_6108,3,0,0,1,7,0,0,0,8,1,4,2,0,2,0,0,0,0,1,4,3,6
p_6109,0,0,0,1,4,0,0,0,8,1,4,0,0,2,1,0,0,0,1,4,3,4
p_6110,3,1,4,1,6,0,0,0,8,1,4,2,3,0,1,0,0,0,1,4,3,4
p_6111,0,1,4,1,7,0,0,0,8,1,4,2,3,2,0,0,0,0,1,4,3,6
p_6112,0,0,4,1,4,0,0,0,8,1,4,2,3,0,1,0,0,0,1,4,3,4
p_6113,3,0,4,1,4,0,0,0,8,1,4,0,0,0,0,0,0,0,1,4,3,6
p_6114,3,1,4,1,4,0,0,0,8,1,4,2,0,2,1,0,0,0,1,4,3,3
p_6115,0,1,4,1,7,0,0,0,8,1,4,0,3,0,0,0,0,0,1,4,3,6
p_6116,0,1,4,1,7,0,0,0,8,1,4,0,3,2,0,0,0,0,1,4,3,6
p_6117,0,0,0,1,4,0,0,0,8,1,4,0,0,0,1,0,0,0,1,4,3,6
p_6118,0,0,4,1,4,0,0,0,8,1,4,0,0,2,1,0,0,0,1,4,3,6
p_6119,4,0,4,1,7,0,0,0,8,1,4,2,3,2,0,0,0,0,1,4,3,4
e_6120,0,0,8,0,3,0,0,1,4,0,2,0,0,0,0,0,0,1,0,4,3,4
p_6121,0,0,4,1,6,0,0,0,8,1,4,0,3,0,1,0,0,0,1,4,3,4
p_6122,3,0,0,1,6,0,0,0,8,1,4,0,0,0,1,0,0,0,1,4,3,3
p_6123,0,0,0,1,6,0,0,0,8,1,4,0,3,2,0,0,0,0,1,4,3,6
p_6124,3,1,0,1,7,0,0,0,8,1,4,0,3,2,1,0,0,0,1,4,3,4
p_6125,3,1,4,1,6,0,0,0,8,1,4,0,3,2,0,0,0,0,1,4,3,6
p_6126,3,0,4,1,7,0,0,0,8,1,4,0,0,0,0,0,0,0,1,4,3,6
p_6127,0,1,4,1,4,0,0,0,8,1,4,2,3,2,1,0,0,0,1,4,3,6
p_6128,0,0,4,1,4,0,0,0,8,1,4,2,0,2,0,0,0,0,1,4,3,6
p_6129,0,0,0,1,6,0,0,0,8,1,4,2,3,0,1,0,0,0,1,4,3,3
p_6130,0,1,4,1,4,0,0,0,8,1,4,2,0,0,0,0,0,0,1,4,3,3
p_6131,3,0,4,1,4,0,0,0,8,1,4,2,0,0,1,0,0,0,1,4,3,4
p_6132,3,0,0,1,6,0,0,0,8,1,4,0,3,0,0,0,0,0,1,4,3,6
p_6133,3,1,4,1,6,0,0,0,8,1,4,2,0,0,0,0,0,0,1,4,3,4
p_6134,0,1,4,1,7,0,0,0,8,1,4,2,0,2,1,0,0,0,1,4,3,6
p_6135,4,0,4,1,4,0,0,0,8,1,4,0,0,0,0,0,0,0,1,4,3,4
p_6136,3,1,0,1,7,0,0,0,8,1,4,0,0,0,0,0,0,0,1,4,3,3
p_6137,3,0,0,1,6,0,0,0,8,1,4,0,3,0,0,0,0,0,1,4,3,3
p_6138,0,0,4,1,6,0,0,0,8,1,4,2,3,0,1,0,0,0,1,4,3,4
p_6139,3,0,0,1,4,0,0,0,8,1,4,0,0,0,1,0,0,0,1,4,3,6
p_6140,3,0,4,1,7,0,0,0,8,1,4,2,3,0,1,0,0,0,1,4,3,4
p_6141,3,1,4,1,6,0,0,0,8,1,4,0,0,2,0,0,0,0,1,4,3,6
e_6142,1,2,2,1,3,0,1,1,2,0,4,0,0,0,0,0,0,1,0,4,1,1
p_6143,0,1,4,1,7,0,0,0,8,1,4,0,0,0,1,0,0,0,1,4,3,6
p_6144,0,1,4,1,4,0,0,0,8,1,4,2,3,2,1,0,0,0,1,4,3,4
p_6145,3,1,4,1,7,0,0,0,8,1,4,2,0,0,0,0,0,0,1,4,3,6
p_6146,3,1,4,1,6,0,0,0,8,1,4,0,3,0,1,0,0,0,1,4,3,6
e_6147,4,2,2,1,3,0,1,1,2,0,4,2,0,0,0,0,0,1,0,4,0,1
p_6148,0,0,0,1,7,0,0,0,8,1,4,2,3,2,0,0,0,0,1,4,3,4
p_6149,3,0,0,1,7,0,0,0,8,1,4,2,0,2,1,0,0,0,1,4,3,4
p_6150,0,0,0,1,7,0,0,0,8,1,4,0,0,2,1,0,0,0,1,4,3,3
p_6151,3,0,4,1,4,0,0,0,8,1,4,2,3,0,0,0,0,0,1,4,3,3
p_6152,0,0,0,1,4,0,0,0,8,1,4,0,3,0,1,0,0,0,1,4,3,4
p_6153,0,0,0,1,4,0,0,0,8,1,4,2,3,0,1,0,0,0,1,4,3,4
p_6154,0,0,4,1,7,0,0,0,8,1,4,2,3,0,1,0,0,0,1,4,3,4
p_6155,4,0,0,1,6,0,0,0,8,1,4,0,0,0,1,0,0,0,1,4,3,3
p_6156,0,1,4,1,4,0,0,0,8,1,4,0,0,0,0,0,0,0,1,4,3,3
p_6157,0,0,4,1,4,0,0,0,8,1,4,0,0,0,1,0,0,0,1,4,3,3
p_6158,0,1,4,1,4,0,0,0,8,1,4,2,3,0,0,0,0,0,1,4,3,3
p_6159,0,0,4,1,7,0,0,0,8,1,4,0,0,0,0,0,0,0,1,4,3,3
p_6160,0,0,4,1,4,0,0,0,8,1,4,0,0,2,1,0,0,0,1,4,3,3
p_6161,0,0,4,1,7,0,0,0,8,1,4,2,3,0,1,0,0,0,1,4,3,6
p_6162,0,0,4,1,7,0,0,0,8,1,4,0,0,0,1,0,0,0,1,4,3,3
p_6163,3,1,4,1,7,0,0,0,8,1,4,0,3,0,0,0,0,0,1,4,3,3
p_6164,0,0,0,1,6,0,0,0,8,1,4,0,0,2,0,0,0,0,1,4,3,3
p_6165,3,0,0,1,6,0,0,0,8,1,4,0,0,2,0,0,0,0,1,4,3,3
p_6166,0,0,4,1,4,0,0,0,8,1,4,2,3,0,0,0,0,0,1,4,3,3
p_6167,3,0,4,1,6,0,0,0,8,1,4,0,3,2,0,0,0,0,1,4,3,4
p_6168,0,0,0,1,6,0,0,0,8,1,4,0,3,0,1,0,0,0,1,4,3,6
p_6169,3,1,4,1,6,0,0,0,8,1,4,0,0,2,0,0,0,0,1,4,3,3
p_6170,0,0,0,1,6,0,0,0,8,1,4,2,0,0,1,0,0,0,1,4,3,6
p_6171,4,0,0,1,4,0,0,0,8,1,4,2,3,2,0,0,0,0,1,4,3,4
p_6172,3,0,4,1,4,0,0,0,8,1,4,0,0,2,1,0,0,0,1,4,3,6
p_6173,3,0,4,1,4,0,0,0,8,1,4,2,0,2,1,0,0,0,1,4,3,6
p_6174,3,1,4,1,4,0,0,0,8,1,4,0,0,0,1,0,0,0,1,4,3,4
p_6175,4,0,0,1,4,0,0,0,8,1,4,0,3,2,1,0,0,0,1,4,3,4
p_6176,3,1,0,1,4,0,0,0,8,1,4,2,0,0,0,0,0,0,1,4,3,6
p_6177,3,0,4,1,4,0,0,0,8,1,4,0,0,0,0,0,0,0,1,4,3,4
p_6178,0,1,4,1,7,0,0,0,8,1,4,2,0,0,0,0,0,0,1,4,3,3
p_6179,3,0,4,1,6,0,0,0,8,1,4,0,0,2,0,0,0,0,1,4,3,6
p_6180,3,1,4,1,4,0,0,0,8,1,4,0,0,2,1,0,0,0,1,4,3,6
p_6181,3,0,0,1,7,0,0,0,8,1,4,2,3,2,0,0,0,0,1,4,3,3
p_6182,3,0,0,1,4,0,0,0,8,1,4,2,0,2,0,0,0,0,1,4,3,3
p_6183,0,1,4,1,7,0,0,0,8,1,4,2,3,0,0,0,0,0,1,4,3,4
p_6184,0,1,4,1,7,0,0,0,8,1,4,2,3,2,1,0,0,0,1,4,3,6
p_6185,3,0,4,1,6,0,0,0,8,1,4,2,3,0,1,0,0,0,1,4,3,4
p_6186,4,1,4,1,4,0,0,0,8,1,4,2,3,0,0,0,0,0,1,4,3,3
p_6187,3,1,4,1,7,0,0,0,8,1,4,2,3,2,0,0,0,0,1,4,3,4
p_6188,4,1,0,1,7,0,0,0,8,1,4,0,3,0,1,0,0,0,1,4,3,3
p_6189,0,0,4,1,7,0,0,0,8,1,4,2,0,0,1,0,0,0,1,4,3,6
p_6190,0,1,4,1,7,0,0,0,8,1,4,0,3,0,1,0,0,0,1,4,3,4
p_6191,0,0,0,1,4,0,0,0,8,1,4,0,3,2,0,0,0,0,1,4,3,6
p_6192,3,1,0,1,4,0,0,0,8,1,4,0,0,2,1,0,0,0,1,4,3,6
p_6193,0,0,4,1,4,0,0,0,8,1,4,2,3,2,1,0,0,0,1,4,3,4
e_6194,1,0,3,1,3,0,1,1,4,0,4,0,3,0,0,0,0,1,0,4,1,1
p_6195,0,1,4,1,7,0,0,0,8,1,4,2,3,2,1,0,0,0,1,4,3,4
p_6196,0,0,4,1,7,0,0,0,8,1,4,2,0,2,0,0,0,0,1,4,3,3
p_6197,3,1,4,1,7,0,0,0,8,1,4,0,0,2,1,0,0,0,1,4,3,6
p_6198,0,0,4,1,6,0,0,0,8,1,4,2,0,0,1,0,0,0,1,4,3,4
p_6199,3,1,4,1,6,0,0,0,8,1,4,0,3,2,0,0,0,0,1,4,3,3
p_6200,3,1,4,1,4,0,0,0,8,1,4,2,3,0,1,0,0,0,1,4,3,6
p_6201,0,0,0,1,4,0,0,0,8,1,4,2,3,0,0,0,0,0,1,4,3,3
p_6202,3,1,0,1,4,0,0,0,8,1,4,2,0,0,1,0,0,0,1,4,3,4
e_6203,4,0,2,1,3,0,1,1,2,0,4,2,0,0,0,0,0,1,0,4,0,1
p_6204,3,1,4,1,7,0,0,0,8,1,4,2,3,0,0,0,0,0,1,4,3,4
p_6205,0,0,4,1,4,0,0,0,8,1,4,0,0,0,1,0,0,0,1,4,3,4
p_6206,3,1,0,1,6,0,0,0,8,1,4,2,0,0,1,0,0,0,1,4,3,6
p_6207,3,1,0,1,7,0,0,0,8,1,4,2,3,2,0,0,0,0,1,4,3,6
p_6208,0,0,4,1,6,0,0,0,8,1,4,2,3,0,1,0,0,0,1,4,3,6
p_6209,3,1,4,1,6,0,0,0,8,1,4,2,3,0,0,0,0,0,1,4,3,3
p_6210,3,1,4,1,4,0,0,0,8,1,4,2,3,2,0,0,0,0,1,4,3,4
p_6211,3,0,0,1,6,0,0,0,8,1,4,0,3,0,0,0,0,0,1,4,3,4
p_6212,0,1,4,1,4,0,0,0,8,1,4,0,3,2,0,0,0,0,1,4,3,4
p_6213,3,1,4,1,7,0,0,0,8,1,4,0,3,2,0,0,0,0,1,4,3,3
e_6214,1,2,3,1,3,0,1,1,3,0,4,2,0,0,0,0,0,1,0,4,1,1
p_6215,4,1,4,1,7,0,0,0,8,1,4,0,3,0,0,0,0,0,1,4,3,6
p_6216,0,1,4,1,4,0,0,0,8,1,4,0,0,2,0,0,0,0,1,4,3,6
p_6217,4,0,4,1,4,0,0,0,8,1,4,0,3,0,1,0,0,0,1,4,3,6
p_6218,0,0,0,1,7,0,0,0,8,1,4,0,3,2,1,0,0,0,1,4,3,4
e_6219,4,0,2,1,3,0,1,1,2,0,4,0,3,0,0,0,0,1,0,4,0,1
p_6220,3,0,4,1,7,0,0,0,8,1,4,0,0,2,1,0,0,0,1,4,3,3
p_6221,0,0,0,1,6,0,0,0,8,1,4,2,0,2,1,0,0,0,1,4,3,4
p_6222,4,0,4,1,4,0,0,0,8,1,4,0,3,0,0,0,0,0,1,4,3,4
p_6223,4,1,0,1,7,0,0,0,8,1,4,2,3,0,0,0,0,0,1,4,3,6
p_6224,4,1,4,1,4,0,0,0,8,1,4,2,0,2,1,0,0,0,1,4,3,4
p_6225,0,0,4,1,6,0,0,0,8,1,4,2,0,0,0,0,0,0,1,4,3,3
p_6226,3,0,4,1,7,0,0,0,8,1,4,0,3,2,1,0,0,0,1,4,3,4
p_6227,3,1,4,1,4,0,0,0,8,1,4,2,3,2,1,0,0,0,1,4,3,4
p_6228,0,1,4,1,7,0,0,0,8,1,4,0,3,2,1,0,0,0,1,4,3,3
p_6229,3,1,0,1,6,0,0,0,8,1,4,0,0,2,0,0,0,0,1,4,3,3
p_6230,0,1,4,1,6,0,0,0,8,1,4,0,0,2,0,0,0,0,1,4,3,3
p_6231,3,1,0,1,6,0,0,0,8,1,4,0,0,0,1,0,0,0,1,4,3,6
p_6232,0,1,4,1,6,0,0,0,8,1,4,0,0,0,1,0,0,0,1,4,3,6
p_6233,4,1,0,1,6,0,0,0,8,1,4,2,3,0,1,0,0,0,1,4,3,6
p_6234,3,0,4,1,4,0,0,0,8,1,4,0,3,0,0,0,0,0,1,4,3,6
p_6235,0,0,0,1,4,0,0,0,8,1,4,2,0,2,1,0,0,0,1,4,3,4
p_6236,3,1,0,1,4,0,0,0,8,1,4,2,0,2,1,0,0,0,1,4,3,3
p_6237,3,0,4,1,7,0,0,0,8,1,4,0,3,0,1,0,0,0,1,4,3,3
p_6238,0,0,4,1,6,0,0,0,8,1,4,2,3,2,0,0,0,0,1,4,3,3
p_6239,3,0,0,1,6,0,0,0,8,1,4,0,3,0,1,0,0,0,1,4,3,3
p_6240,3,1,0,1,7,0,0,0,8,1,4,0,3,2,1,0,0,0,1,4,3,6
p_6241,0,1,4,1,4,0,0,0,8,1,4,0,0,2,1,0,0,0,1,4,3,3
p_6242,0,0,4,1,4,0,0,0,8,1,4,0,3,2,1,0,0,0,1,4,3,3
p_6243,3,1,4,1,6,0,0,0,8,1,4,0,0,2,1,0,0,0,1,4,3,6
p_6244,3,0,4,1,6,0,0,0,8,1,4,2,0,2,0,0,0,0,1,4,3,6
p_6245,3,1,4,1,4,0,0,0,8,1,4,2,0,0,1,0,0,0,1,4,3,3
p_6246,0,0,0,1,7,0,0,0,8,1,4,0,0,2,0,0,0,0,1,4,3,6
p_6247,3,0,0,1,7,0,0,0,8,1,4,0,3,0,0,0,0,0,1,4,3,3
p_6248,0,0,0,1,4,0,0,0,8,1,4,2,3,2,0,0,0,0,1,4,3,6
p_6249,3,1,0,1,6,0,0,0,8,1,4,2,3,0,1,0,0,0,1,4,3,4
p_6250,4,1,0,1,7,0,0,0,8,1,4,2,3,2,0,0,0,0,1,4,3,3
p_6251,0,0,4,1,7,0,0,0,8,1,4,0,3,2,0,0,0,0,1,4,3,4
p_6252,3,1,0,1,4,0,0,0,8,1,4,2,0,0,0,0,0,0,1,4,3,3
p_6253,0,1,4,1,7,0,0,0,8,1,4,0,3,2,1,0,0,0,1,4,3,4
p_6254,3,1,4,1,7,0,0,0,8,1,4,2,3,2,0,0,0,0,1,4,3,3
p_6255,0,1,4,1,6,0,0,0,8,1,4,0,3,0,0,0,0,0,1,4,3,3
p_6256,3,1,4,1,6,0,0,0,8,1,4,2,0,0,0,0,0,0,1,4,3,6
p_6257,3,1,4,1,7,0,0,0,8,1,4,0,0,0,1,0,0,0,1,4,3,3
p_6258,3,0,4,1,7,0,0,0,8,1,4,0,3,0,0,0,0,0,1,4,3,6
p_6259,4,1,4,1,6,0,0,0,8,1,4,2,3,0,0,0,0,0,1,4,3,6
p_6260,0,0,4,1,4,0,0,0,8,1,4,0,3,2,1,0,0,0,1,4,3,4
e_6261,4,0,3,1,3,0,1,1,2,0,4,2,0,0,0,0,0,1,0,4,0,1
p_6262,0,0,0,1,6,0,0,0,8,1,4,2,0,2,0,0,0,0,1,4,3,6
p_6263,3,0,4,1,7,0,0,0,8,1,4,0,3,2,0,0,0,0,1,4,3,3
p_6264,3,0,0,1,6,0,0,0,8,1,4,0,3,2,1,0,0,0,1,4,3,3
p_6265,3,0,4,1,7,0,0,0,8,1,4,2,3,2,1,0,0,0,1,4,3,6
p_6266,3,1,0,1,7,0,0,0,8,1,4,2,0,2,1,0,0,0,1,4,3,4
p_6267,0,0,4,1,6,0,0,0,8,1,4,0,0,0,1,0,0,0,1,4,3,4
p_6268,0,0,4,1,7,0,0,0,8,1,4,0,3,0,0,0,0,0,1,4,3,4
p_6269,0,0,4,1,6,0,0,0,8,1,4,0,0,0,1,0,0,0,1,4,3,3
p_6270,0,0,4,1,4,0,0,0,8,1,4,2,0,2,0,0,0,0,1,4,3,4
p_6271,3,0,4,1,7,0,0,0,8,1,4,0,0,2,0,0,0,0,1,4,3,3
p_6272,0,0,4,1,7,0,0,0,8,1,4,0,3,2,1,0,0,0,1,4,3,4
p_6273,0,0,0,1,4,0,0,0,8,1,4,0,3,2,1,0,0,0,1,4,3,6
p_6274,3,0,0,1,7,0,0,0,8,1,4,0,3,2,0,0,0,0,1,4,3,6
p_6275,4,1,0,1,6,0,0,0,8,1,4,2,0,0,0,0,0,0,1,4,3,3
p_6276,0,1,4,1,7,0,0,0,8,1,4,2,0,2,0,0,0,0,1,4,3,4
p_6277,0,0,0,1,4,0,0,0,8,1,4,2,0,2,0,0,0,0,1,4,3,6
p_6278,0,0,4,1,4,0,0,0,8,1,4,2,3,2,0,0,0,0,1,4,3,4
e_6279,1,0,2,1,3,0,1,1,3,0,4,2,3,0,0,0,0,1,0,4,0,1
p_6280,3,0,4,1,7,0,0,0,8,1,4,2,3,2,0,0,0,0,1,4,3,4
p_6281,0,0,4,1,6,0,0,0,8,1,4,0,0,2,0,0,0,0,1,4,3,6
p_6282,0,1,4,1,4,0,0,0,8,1,4,0,3,0,1,0,0,0,1,4,3,3
p_6283,3,1,0,1,4,0,0,0,8,1,4,0,0,0,1,0,0,0,1,4,3,4
p_6284,3,0,4,1,6,0,0,0,8,1,4,2,0,2,1,0,0,0,1,4,3,6
p_6285,3,1,0,1,7,0,0,0,8,1,4,0,3,0,1,0,0,0,1,4,3,3
p_6286,3,1,4,1,4,0,0,0,8,1,4,2,3,0,1,0,0,0,1,4,3,3
p_6287,3,0,0,1,4,0,0,0,8,1,4,0,0,2,0,0,0,0,1,4,3,3
p_6288,0,1,4,1,4,0,0,0,8,1,4,0,0,0,1,0,0,0,1,4,3,6
p_6289,3,0,0,1,7,0,0,0,8,1,4,2,0,2,0,0,0,0,1,4,3,3
p_6290,0,0,0,1,6,0,0,0,8,1,4,2,0,0,0,0,0,0,1,4,3,6
p_6291,3,0,4,1,7,0,0,0,8,1,4,2,0,2,1,0,0,0,1,4,3,4
p_6292,0,0,0,1,7,0,0,0,8,1,4,0,0,0,0,0,0,0,1,4,3,3
p_6293,3,0,4,1,7,0,0,0,8,1,4,2,0,2,0,0,0,0,1,4,3,6
p_6294,0,1,4,1,6,0,0,0,8,1,4,0,0,2,0,0,0,0,1,4,3,4
p_6295,3,1,0,1,4,0,0,0,8,1,4,0,3,0,0,0,0,0,1,4,3,4
p_6296,0,1,4,1,4,0,0,0,8,1,4,2,0,2,1,0,0,0,1,4,3,6
p_6297,3,0,0,1,4,0,0,0,8,1,4,2,3,0,0,0,0,0,1,4,3,4
p_6298,3,0,0,1,6,0,0,0,8,1,4,2,0,0,1,0,0,0,1,4,3,4
p_6299,0,0,0,1,6,0,0,0,8,1,4,2,3,0,0,0,0,0,1,4,3,4
p_6300,3,0,4,1,7,0,0,0,8,1,4,0,0,0,1,0,0,0,1,4,3,3
p_6301,4,1,0,1,6,0,0,0,8,1,4,2,0,2,1,0,0,0,1,4,3,4
p_6302,0,1,4,1,4,0,0,0,8,1,4,0,3,2,1,0,0,0,1,4,3,6
p_6303,0,1,4,1,7,0,0,0,8,1,4,0,3,2,0,0,0,0,1,4,3,3
p_6304,4,0,0,1,7,0,0,0,8,1,4,2,3,2,1,0,0,0,1,4,3,3
p_6305,0,0,4,1,4,0,0,0,8,1,4,2,0,2,1,0,0,0,1,4,3,4
p_6306,0,0,4,1,4,0,0,0,8,1,4,0,0,2,0,0,0,0,1,4,3,4
p_6307,3,1,0,1,4,0,0,0,8,1,4,0,3,0,0,0,0,0,1,4,3,6
p_6308,3,0,4,1,6,0,0,0,8,1,4,0,0,2,0,0,0,0,1,4,3,3
p_6309,3,0,4,1,4,0,0,0,8,1,4,0,0,2,1,0,0,0,1,4,3,4
p_6310,3,0,0,1,4,0,0,0,8,1,4,2,0,0,1,0,0,0,1,4,3,6
p_6311,3,1,4,1,4,0,0,0,8,1,4,0,0,2,0,0,0,0,1,4,3,4
p_6312,3,1,4,1,4,0,0,0,8,1,4,0,3,2,0,0,0,0,1,4,3,6
p_6313,4,0,4,1,7,0,0,0,8,1,4,2,0,2,1,0,0,0,1,4,3,3
p_6314,0,0,0,1,4,0,0,0,8,1,4,2,0,0,1,0,0,0,1,4,3,3
p_6315,3,1,0,1,6,0,0,0,8,1,4,2,0,2,1,0,0,0,1,4,3,3
p_6316,3,0,4,1,4,0,0,0,8,1,4,2,3,0,0,0,0,0,1,4,3,4
p_6317,4,0,0,1,6,0,0,0,8,1,4,0,0,0,0,0,0,0,1,4,3,3
p_6318,3,1,0,1,4,0,0,0,8,1,4,0,0,2,0,0,0,0,1,4,3,4
p_6319,0,1,4,1,6,0,0,0,8,1,4,0,0,2,0,0,0,0,1,4,3,6
p_6320,0,1,4,1,4,0,0,0,8,1,4,2,3,0,1,0,0,0,1,4,3,4
p_6321,0,0,4,1,6,0,0,0,8,1,4,2,0,2,1,0,0,0,1,4,3,4
p_6322,3,1,0,1,4,0,0,0,8,1,4,2,3,2,0,0,0,0,1,4,3,6
p_6323,3,1,0,1,7,0,0,0,8,1,4,2,0,2,0,0,0,0,1,4,3,4
p_6324,3,1,4,1,7,0,0,0,8,1,4,2,0,2,0,0,0,0,1,4,3,4
p_6325,4,1,0,1,6,0,0,0,8,1,4,2,0,0,0,0,0,0,1,4,3,6
p_6326,0,0,0,1,7,0,0,0,8,1,4,2,3,2,1,0,0,0,1,4,3,3
p_6327,0,0,4,1,6,0,0,0,8,1,4,0,0,2,1,0,0,0,1,4,3,6
p_6328,0,0,0,1,4,0,0,0,8,1,4,0,0,2,0,0,0,0,1,4,3,6
p_6329,3,1,4,1,4,0,0,0,8,1,4,0,3,0,1,0,0,0,1,4,3,4
p_6330,4,1,4,1,4,0,0,0,8,1,4,0,3,2,1,0,0,0,1,4,3,3
e_6331,0,2,3,1,3,0,1,1,4,0,4,0,3,0,0,0,0,1,0,4,0,1
p_6332,3,1,4,1,4,0,0,0,8,1,4,0,0,2,0,0,0,0,1,4,3,6
p_6333,0,0,4,1,4,0,0,0,8,1,4,2,0,0,1,0,0,0,1,4,3,6
p_6334,0,0,4,1,7,0,0,0,8,1,4,2,0,2,0,0,0,0,1,4,3,6
p_6335,0,1,4,1,7,0,0,0,8,1,4,2,3,2,0,0,0,0,1,4,3,3
p_6336,3,1,0,1,4,0,0,0,8,1,4,2,3,2,1,0,0,0,1,4,3,4
p_6337,3,1,0,1,6,0,0,0,8,1,4,0,0,2,1,0,0,0,1,4,3,6
p_6338,0,0,0,1,7,0,0,0,8,1,4,2,0,0,1,0,0,0,1,4,3,4
p_6339,0,0,4,1,4,0,0,0,8,1,4,2,3,0,1,0,0,0,1,4,3,6
p_6340,3,1,4,1,4,0,0,0,8,1,4,0,3,2,0,0,0,0,1,4,3,3
p_6341,3,0,0,1,4,0,0,0,8,1,4,2,3,2,1,0,0,0,1,4,3,6
p_6342,3,1,0,1,4,0,0,0,8,1,4,2,0,0,1,0,0,0,1,4,3,6
p_6343,3,1,0,1,6,0,0,0,8,1,4,2,3,0,1,0,0,0,1,4,3,3
p_6344,0,1,4,1,4,0,0,0,8,1,4,2,0,0,1,0,0,0,1,4,3,6
p_6345,0,0,4,1,4,0,0,0,8,1,4,0,3,0,0,0,0,0,1,4,3,4
p_6346,3,0,0,1,4,0,0,0,8,1,4,0,0,2,1,0,0,0,1,4,3,6
p_6347,3,0,0,1,7,0,0,0,8,1,4,2,0,0,1,0,0,0,1,4,3,3
p_6348,0,0,4,1,4,0,0,0,8,1,4,0,3,2,0,0,0,0,1,4,3,3
p_6349,3,0,0,1,4,0,0,0,8,1,4,2,3,0,1,0,0,0,1,4,3,6
p_6350,3,0,0,1,4,0,0,0,8,1,4,2,3,2,1,0,0,0,1,4,3,4
p_6351,3,1,0,1,4,0,0,0,8,1,4,0,0,2,1,0,0,0,1,4,3,4
p_6352,0,0,0,1,7,0,0,0,8,1,4,2,3,0,0,0,0,0,1,4,3,6
p_6353,3,0,0,1,6,0,0,0,8,1,4,2,0,0,1,0,0,0,1,4,3,6
p_6354,3,0,0,1,6,0,0,0,8,1,4,2,3,2,0,0,0,0,1,4,3,4
p_6355,0,0,0,1,6,0,0,0,8,1,4,0,0,0,0,0,0,0,1,4,3,4
p_6356,3,1,0,1,4,0,0,0,8,1,4,2,3,0,1,0,0,0,1,4,3,4
p_6357,0,0,0,1,6,0,0,0,8,1,4,2,0,2,0,0,0,0,1,4,3,4
p_6358,0,0,0,1,6,0,0,0,8,1,4,0,0,2,0,0,0,0,1,4,3,4
p_6359,3,0,0,1,4,0,0,0,8,1,4,2,3,0,1,0,0,0,1,4,3,4
p_6360,3,1,0,1,4,0,0,0,8,1,4,0,0,2,1,0,0,0,1,4,3,3
p_6361,0,1,4,1,6,0,0,0,8,1,4,0,0,2,1,0,0,0,1,4,3,3
p_6362,3,0,4,1,4,0,0,0,8,1,4,0,3,0,1,0,0,0,1,4,3,6
p_6363,3,1,0,1,7,0,0,0,8,1,4,0,3,2,1,0,0,0,1,4,3,3
p_6364,3,0,4,1,6,0,0,0,8,1,4,0,3,0,1,0,0,0,1,4,3,6
p_6365,0,0,0,1,4,0,0,0,8,1,4,2,3,2,0,0,0,0,1,4,3,4
e_6366,4,2,2,1,3,0,1,1,3,0,4,2,3,0,0,0,0,1,0,4,1,1
p_6367,0,0,0,1,4,0,0,0,8,1,4,0,0,0,1,0,0,0,1,4,3,4
p_6368,3,0,0,1,4,0,0,0,8,1,4,2,0,0,1,0,0,0,1,4,3,3
p_6369,3,1,0,1,6,0,0,0,8,1,4,2,3,0,0,0,0,0,1,4,3,4
p_6370,3,0,0,1,4,0,0,0,8,1,4,2,0,0,0,0,0,0,1,4,3,3
p_6371,3,1,0,1,6,0,0,0,8,1,4,2,0,2,0,0,0,0,1,4,3,3
p_6372,3,1,0,1,4,0,0,0,8,1,4,0,0,0,0,0,0,0,1,4,3,6
p_6373,3,0,0,1,4,0,0,0,8,1,4,0,3,2,1,0,0,0,1,4,3,3
p_6374,3,1,4,1,6,0,0,0,8,1,4,2,0,2,0,0,0,0,1,4,3,4
e_6375,1,0,0,1,3,1,0,1,11,0,4,0,0,6,7,0,2,0,0,6,3,6
p_6376,3,0,4,1,4,0,0,0,8,1,4,2,0,0,1,0,0,0,1,4,3,3
p_6377,3,0,4,1,7,0,0,0,8,1,4,2,3,2,1,0,0,0,1,4,3,4
p_6378,0,0,4,1,6,0,0,0,8,1,4,2,3,2,1,0,0,0,1,4,3,6
p_6379,3,1,0,1,7,0,0,0,8,1,4,0,3,0,0,0,0,0,1,4,3,6
p_6380,3,1,4,1,7,0,0,0,8,1,4,2,0,0,1,0,0,0,1,4,3,4
p_6381,3,0,0,1,4,0,0,0,8,1,4,2,0,2,1,0,0,0,1,4,3,6
p_6382,3,1,4,1,7,0,0,0,8,1,4,2,3,0,1,0,0,0,1,4,3,6
p_6383,3,0,0,1,7,0,0,0,8,1,4,2,0,0,1,0,0,0,1,4,3,4
p_6384,4,1,0,1,6,0,0,0,8,1,4,2,0,0,0,0,0,0,1,4,3,4
p_6385,3,1,4,1,4,0,0,0,8,1,4,2,0,2,1,0,0,0,1,4,3,6
p_6386,3,0,4,1,7,0,0,0,8,1,4,2,3,2,1,0,0,0,1,4,3,3
p_6387,0,1,4,1,4,0,0,0,8,1,4,2,0,0,1,0,0,0,1,4,3,4
p_6388,3,0,0,1,6,0,0,0,8,1,4,2,3,2,1,0,0,0,1,4,3,6
p_6389,0,0,4,1,7,0,0,0,8,1,4,2,0,2,0,0,0,0,1,4,3,4
p_6390,4,1,0,1,6,0,0,0,8,1,4,2,3,0,0,0,0,0,1,4,3,4
p_6391,0,0,0,1,7,0,0,0,8,1,4,2,3,0,1,0,0,0,1,4,3,4
p_6392,0,1,4,1,4,0,0,0,8,1,4,2,3,0,1,0,0,0,1,4,3,3
p_6393,3,1,0,1,6,0,0,0,8,1,4,2,0,0,0,0,0,0,1,4,3,3
p_6394,3,0,4,1,6,0,0,0,8,1,4,0,3,2,1,0,0,0,1,4,3,3
p_6395,3,0,0,1,4,0,0,0,8,1,4,0,0,0,0,0,0,0,1,4,3,4
e_6396,0,0,2,1,3,0,1,1,2,0,4,2,0,0,0,0,0,1,0,4,0,1
p_6397,3,1,0,1,6,0,0,0,8,1,4,0,0,0,1,0,0,0,1,4,3,3
p_6398,3,0,0,1,4,0,0,0,8,1,4,0,3,0,1,0,0,0,1,4,3,6
p_6399,0,1,4,1,6,0,0,0,8,1,4,0,0,2,1,0,0,0,1,4,3,6
p_6400,3,0,4,1,7,0,0,0,8,1,4,0,3,0,1,0,0,0,1,4,3,6
p_6401,0,0,0,1,7,0,0,0,8,1,4,0,0,0,1,0,0,0,1,4,3,4
p_6402,0,1,4,1,4,0,0,0,8,1,4,0,3,2,0,0,0,0,1,4,3,6
e_6403,4,2,3,1,3,0,1,1,2,0,4,2,3,0,0,0,0,1,0,4,0,1
p_6404,3,0,4,1,7,0,0,0,8,1,4,2,0,0,1,0,0,0,1,4,3,6
p_6405,3,1,4,1,7,0,0,0,8,1,4,0,3,0,0,0,0,0,1,4,3,4
e_6406,1,2,2,1,3,0,1,1,4,0,4,0,3,0,0,0,0,1,0,4,0,1
p_6407,3,0,0,1,6,0,0,0,8,1,4,0,3,2,0,0,0,0,1,4,3,6
p_6408,0,1,4,1,7,0,0,0,8,1,4,2,0,0,0,0,0,0,1,4,3,6
p_6409,0,1,4,1,4,0,0,0,8,1,4,0,3,2,1,0,0,0,1,4,3,3
p_6410,3,0,0,1,7,0,0,0,8,1,4,2,0,0,0,0,0,0,1,4,3,4
p_6411,0,0,0,1,4,0,0,0,8,1,4,2,3,2,1,0,0,0,1,4,3,3
p_6412,3,0,4,1,7,0,0,0,8,1,4,2,3,0,0,0,0,0,1,4,3,4
p_6413,3,0,4,1,7,0,0,0,8,1,4,0,3,2,1,0,0,0,1,4,3,6
p_6414,3,0,4,1,7,0,0,0,8,1,4,0,0,2,0,0,0,0,1,4,3,6
p_6415,0,1,4,1,8,0,0,1,4,0,1,2,2,7,8,0,0,2,4,4,5,3
p_6416,3,1,0,1,6,0,0,0,8,1,4,0,3,2,1,0,0,0,1,4,3,3
p_6417,3,1,4,1,6,0,0,0,8,1,4,0,0,0,0,0,0,0,1,4,3,3
p_6418,0,0,4,1,7,0,0,0,8,1,4,2,3,2,0,0,0,0,1,4,3,4
p_6419,3,0,4,1,6,0,0,0,8,1,4,0,0,2,0,0,0,0,1,4,3,4
p_6420,3,1,4,1,4,0,0,0,8,1,4,2,3,0,0,0,0,0,1,4,3,4
p_6421,3,1,4,1,7,0,0,0,8,1,4,0,0,2,0,0,0,0,1,4,3,6
p_6422,0,0,4,1,4,0,0,0,8,1,4,2,3,0,0,0,0,0,1,4,3,6
p_6423,3,0,4,1,7,0,0,0,8,1,4,0,3,2,0,0,0,0,1,4,3,4
e_6424,0,0,0,1,3,1,0,1,1,0,4,0,0,6,7,0,1,0,0,7,5,6
p_6425,3,1,0,1,7,0,0,0,8,1,4,0,3,2,0,0,0,0,1,4,3,3
p_6426,3,1,4,1,7,0,0,0,8,1,4,0,0,0,1,0,0,0,1,4,3,6
p_6427,3,1,4,1,7,0,0,0,8,1,4,0,0,0,0,0,0,0,1,4,3,6
p_6428,0,0,0,1,4,0,0,0,8,1,4,2,0,2,0,0,0,0,1,4,3,4
p_6429,0,0,4,1,6,0,0,0,8,1,4,2,0,2,1,0,0,0,1,4,3,3
p_6430,0,1,4,1,4,0,0,0,8,1,4,2,3,2,1,0,0,0,1,4,3,3
p_6431,0,0,4,1,7,0,0,0,8,1,4,0,3,0,1,0,0,0,1,4,3,4
p_6432,0,1,4,1,6,0,0,0,8,1,4,0,0,2,1,0,0,0,1,4,3,4
p_6433,3,1,4,1,4,0,0,0,8,1,4,0,3,0,0,0,0,0,1,4,3,4
e_6434,0,0,0,1,3,1,0,1,1,0,4,0,0,6,7,0,1,0,0,6,3,6
p_6435,3,0,0,1,7,0,0,0,8,1,4,2,3,2,1,0,0,0,1,4,3,4
p_6436,0,1,4,1,4,0,0,0,8,1,4,0,0,0,0,0,0,0,1,4,3,4
p_6437,3,0,0,1,4,0,0,0,8,1,4,0,0,0,1,0,0,0,1,4,3,3
p_6438,3,1,4,1,6,0,0,0,8,1,4,2,3,0,0,0,0,0,1,4,3,4
p_6439,0,1,4,1,4,0,0,0,8,1,4,2,0,2,0,0,0,0,1,4,3,3
p_6440,0,0,0,1,7,0,0,0,8,1,4,2,0,2,0,0,0,0,1,4,3,3
p_6441,0,0,0,1,4,0,0,0,8,1,4,0,3,0,1,0,0,0,1,4,3,6
p_6442,0,0,0,1,6,0,0,0,8,1,4,0,0,0,0,0,0,0,1,4,3,6
p_6443,0,1,4,1,7,0,0,0,8,1,4,0,0,2,0,0,0,0,1,4,3,3
p_6444,3,0,0,1,6,0,0,0,8,1,4,2,0,2,1,0,0,0,1,4,3,6
p_6445,3,0,0,1,6,0,0,0,8,1,4,0,0,0,1,0,0,0,1,4,3,6
p_6446,4,1,4,1,6,0,0,0,8,1,4,0,0,2,1,0,0,0,1,4,3,6
p_6447,0,0,0,1,6,0,0,0,8,1,4,2,0,0,1,0,0,0,1,4,3,3
p_6448,3,1,0,1,6,0,0,0,8,1,4,0,3,2,0,0,0,0,1,4,3,4
e_6449,4,0,2,1,3,0,1,1,2,0,4,0,3,0,0,0,0,1,0,4,1,1
p_6450,3,0,4,1,6,0,0,0,8,1,4,0,3,0,0,0,0,0,1,4,3,6
p_6451,0,0,4,1,6,0,0,0,8,1,4,0,3,2,0,0,0,0,1,4,3,6
p_6452,3,1,0,1,4,0,0,0,8,1,4,0,0,0,1,0,0,0,1,4,3,3
p_6453,3,1,0,1,7,0,0,0,8,1,4,2,3,2,1,0,0,0,1,4,3,4
p_6454,3,1,4,1,6,0,0,0,8,1,4,2,3,2,0,0,0,0,1,4,3,3
p_6455,0,0,0,1,4,0,0,0,8,1,4,2,3,2,1,0,0,0,1,4,3,4
p_6456,3,1,0,1,7,0,0,0,8,1,4,2,3,0,1,0,0,0,1,4,3,6
p_6457,0,0,0,1,7,0,0,0,8,1,4,0,3,0,1,0,0,0,1,4,3,6
p_6458,4,1,0,1,6,0,0,0,8,1,4,2,3,2,1,0,0,0,1,4,3,6
p_6459,3,0,4,1,7,0,0,0,8,1,4,2,0,0,1,0,0,0,1,4,3,3
p_6460,3,1,4,1,7,0,0,0,8,1,4,2,3,2,1,0,0,0,1,4,3,6
p_6461,3,1,4,1,4,0,0,0,8,1,4,0,0,0,0,0,0,0,1,4,3,6
p_6462,3,1,4,1,7,0,0,0,8,1,4,2,3,0,1,0,0,0,1,4,3,4
p_6463,3,1,0,1,4,0,0,0,8,1,4,0,0,0,0,0,0,0,1,4,3,4
p_6464,3,1,0,1,4,0,0,0,8,1,4,0,0,0,1,0,0,0,1,4,3,6
p_6465,4,1,0,1,6,0,0,0,8,1,4,2,0,2,0,0,0,0,1,4,3,6
p_6466,4,1,0,1,6,0,0,0,8,1,4,2,0,2,0,0,0,0,1,4,3,4
p_6467,3,0,4,1,6,0,0,0,8,1,4,2,0,0,1,0,0,0,1,4,3,4
p_6468,0,0,4,1,6,0,0,0,8,1,4,2,3,0,1,0,0,0,1,4,3,3
p_6469,4,0,0,1,4,0,0,0,8,1,4,2,0,2,0,0,0,0,1,4,3,6
p_6470,0,0,4,1,4,0,0,0,8,1,4,0,0,2,1,0,0,0,1,4,3,4
p_6471,3,0,0,1,4,0,0,0,8,1,4,2,3,2,0,0,0,0,1,4,3,3
p_6472,0,0,4,1,7,0,0,0,8,1,4,0,3,0,0,0,0,0,1,4,3,6
p_6473,3,0,0,1,6,0,0,0,8,1,4,0,3,2,0,0,0,0,1,4,3,4
p_6474,0,0,0,1,4,0,0,0,8,1,4,2,3,0,1,0,0,0,1,4,3,6
p_6475,3,1,4,1,6,0,0,0,8,1,4,0,3,0,1,0,0,0,1,4,3,3
p_6476,0,0,0,1,4,0,0,0,8,1,4,2,0,0,1,0,0,0,1,4,3,6
p_6477,0,0,4,1,6,0,0,0,8,1,4,0,0,0,0,0,0,0,1,4,3,4
p_6478,0,0,4,1,7,0,0,0,8,1,4,0,3,0,0,0,0,0,1,4,3,3
p_6479,0,0,0,1,7,0,0,0,8,1,4,2,3,2,1,0,0,0,1,4,3,4
p_6480,0,1,4,1,7,0,0,0,8,1,4,0,0,0,0,0,0,0,1,4,3,3
p_6481,3,1,4,1,6,0,0,0,8,1,4,0,3,2,0,0,0,0,1,4,3,4
p_6482,3,0,4,1,7,0,0,0,8,1,4,2,0,2,0,0,0,0,1,4,3,3
p_6483,0,0,4,1,6,0,0,0,8,1,4,2,3,0,0,0,0,0,1,4,3,3
p_6484,3,1,4,1,6,0,0,0,8,1,4,2,3,0,0,0,0,0,1,4,3,6
p_6485,3,0,4,1,6,0,0,0,8,1,4,2,0,0,0,0,0,0,1,4,3,4
p_6486,3,0,4,1,7,0,0,0,8,1,4,0,3,2,0,0,0,0,1,4,3,6
p_6487,3,1,0,1,4,0,0,0,8,1,4,2,3,0,1,0,0,0,1,4,3,3
p_6488,3,0,0,1,7,0,0,0,8,1,4,0,3,0,0,0,0,0,1,4,3,4
p_6489,0,0,4,1,4,0,0,0,8,1,4,0,3,0,1,0,0,0,1,4,3,4
p_6490,3,1,0,1,7,0,0,0,8,1,4,2,3,2,1,0,0,0,1,4,3,6
p_6491,3,0,0,1,7,0,0,0,8,1,4,0,3,2,1,0,0,0,1,4,3,3
p_6492,3,1,0,1,4,0,0,0,8,1,4,2,0,2,1,0,0,0,1,4,3,6
p_6493,3,0,4,1,7,0,0,0,8,1,4,2,3,2,0,0,0,0,1,4,3,6
p_6494,3,1,4,1,4,0,0,0,8,1,4,0,3,2,0,0,0,0,1,4,3,4
p_6495,3,1,0,1,6,0,0,0,8,1,4,2,0,0,1,0,0,0,1,4,3,3
p_6496,3,0,4,1,6,0,0,0,8,1,4,2,3,0,1,0,0,0,1,4,3,3
p_6497,3,0,4,1,4,0,0,0,8,1,4,0,3,0,1,0,0,0,1,4,3,3
p_6498,3,1,0,1,7,0,0,0,8,1,4,2,3,2,1,0,0,0,1,4,3,3
p_6499,3,0,4,1,4,0,0,0,8,1,4,2,0,0,0,0,0,0,1,4,3,3
p_6500,3,0,0,1,4,0,0,0,8,1,4,2,0,2,1,0,0,0,1,4,3,3
p_6501,4,1,4,1,7,0,0,0,8,1,4,0,0,2,1,0,0,0,1,4,3,3
p_6502,3,1,4,1,4,0,0,0,8,1,4,0,3,0,0,0,0,0,1,4,3,3
p_6503,3,0,4,1,4,0,0,0,8,1,4,2,3,0,1,0,0,0,1,4,3,3
p_6504,3,1,4,1,6,0,0,0,8,1,4,0,0,0,1,0,0,0,1,4,3,3
p_6505,3,1,0,1,7,0,0,0,8,1,4,2,0,0,1,0,0,0,1,4,3,6
p_6506,3,1,4,1,4,0,0,0,8,1,4,0,0,2,1,0,0,0,1,4,3,4
p_6507,3,0,0,1,7,0,0,0,8,1,4,0,3,2,1,0,0,0,1,4,3,4
p_6508,0,1,4,1,6,0,0,0,8,1,4,0,0,0,0,0,0,0,1,4,3,3
e_6509,0,2,2,1,3,0,1,1,3,0,4,2,0,0,0,0,0,1,0,4,1,1
p_6510,0,0,4,1,7,0,0,0,8,1,4,2,0,0,0,0,0,0,1,4,3,3
p_6511,0,0,4,1,4,0,0,0,8,1,4,0,0,2,0,0,0,0,1,4,3,6
p_6512,3,1,0,1,6,0,0,0,8,1,4,2,3,2,0,0,0,0,1,4,3,6
p_6513,0,0,4,1,6,0,0,0,8,1,4,0,0,2,1,0,0,0,1,4,3,3
p_6514,0,0,0,1,6,0,0,0,8,1,4,0,3,0,0,0,0,0,1,4,3,3
p_6515,0,0,0,1,4,0,0,0,8,1,4,2,0,0,0,0,0,0,1,4,3,4
p_6516,0,0,0,1,6,0,0,0,8,1,4,2,3,0,0,0,0,0,1,4,3,6
e_6517,0,2,3,1,3,0,1,1,3,0,4,0,3,0,0,0,0,1,0,4,1,1
p_6518,3,1,4,1,4,0,0,0,8,1,4,2,0,0,1,0,0,0,1,4,3,6
p_6519,3,1,4,1,4,0,0,0,8,1,4,0,3,0,1,0,0,0,1,4,3,6
p_6520,0,1,4,1,6,0,0,0,8,1,4,0,0,0,0,0,0,0,1,4,3,4
p_6521,0,0,0,1,6,0,0,0,8,1,4,2,3,2,0,0,0,0,1,4,3,4
p_6522,4,0,4,1,6,0,0,0,8,1,4,2,0,2,1,0,0,0,1,4,3,4
p_6523,4,1,4,1,4,0,0,0,8,1,4,2,0,0,0,0,0,0,1,4,3,3
p_6524,3,1,4,1,7,0,0,0,8,1,4,2,3,2,1,0,0,0,1,4,3,3
p_6525,0,0,0,1,4,0,0,0,8,1,4,2,3,0,0,0,0,0,1,4,3,6
p_6526,3,0,0,1,7,0,0,0,8,1,4,2,0,0,0,0,0,0,1,4,3,6
p_6527,0,0,4,1,7,0,0,0,8,1,4,2,0,0,0,0,0,0,1,4,3,4
p_6528,3,1,0,1,6,0,0,0,8,1,4,2,3,0,0,0,0,0,1,4,3,3
p_6529,0,0,0,1,7,0,0,0,8,1,4,2,0,0,0,0,0,0,1,4,3,4
e_6530,4,2,2,1,3,0,1,1,3,0,4,0,3,0,0,0,0,1,0,4,1,1
p_6531,4,1,0,1,4,0,0,0,8,1,4,0,3,2,0,0,0,0,1,4,3,3
p_6532,3,0,4,1,4,0,0,0,8,1,4,0,3,2,0,0,0,0,1,4,3,3
p_6533,0,1,4,1,4,0,0,0,8,1,4,2,0,2,1,0,0,0,1,4,3,3
p_6534,0,0,0,1,7,0,0,0,8,1,4,0,0,2,1,0,0,0,1,4,3,6
p_6535,0,0,0,1,6,0,0,0,8,1,4,0,0,0,1,0,0,0,1,4,3,3
p_6536,3,1,4,1,6,0,0,0,8,1,4,2,0,0,1,0,0,0,1,4,3,6
p_6537,3,1,0,1,7,0,0,0,8,1,4,0,0,0,1,0,0,0,1,4,3,6
p_6538,0,1,4,1,6,0,0,0,8,1,4,0,0,0,0,0,0,0,1,4,3,6
p_6539,3,0,4,1,6,0,0,0,8,1,4,0,3,2,1,0,0,0,1,4,3,4
p_6540,0,0,4,1,7,0,0,0,8,1,4,0,3,2,0,0,0,0,1,4,3,3
p_6541,0,0,0,1,7,0,0,0,8,1,4,2,0,2,0,0,0,0,1,4,3,4
p_6542,3,1,0,1,4,0,0,0,8,1,4,2,3,0,1,0,0,0,1,4,3,6
p_6543,3,1,4,1,7,0,0,0,8,1,4,0,3,0,1,0,0,0,1,4,3,6
p_6544,3,1,0,1,7,0,0,0,8,1,4,2,0,0,0,0,0,0,1,4,3,6
p_6545,3,1,0,1,4,0,0,0,8,1,4,0,0,0,0,0,0,0,1,4,3,3
p_6546,3,0,0,1,6,0,0,0,8,1,4,0,3,2,1,0,0,0,1,4,3,4
p_6547,3,1,4,1,4,0,0,0,8,1,4,2,0,2,0,0,0,0,1,4,3,4
p_6548,3,1,4,1,7,0,0,0,8,1,4,2,0,0,1,0,0,0,1,4,3,6
p_6549,0,1,4,1,7,0,0,0,8,1,4,2,0,0,1,0,0,0,1,4,3,4
p_6550,4,0,4,1,4,0,0,0,8,1,4,0,3,2,1,0,0,0,1,4,3,4
p_6551,3,1,4,1,7,0,0,0,8,1,4,0,0,2,0,0,0,0,1,4,3,4
p_6552,3,1,0,1,6,0,0,0,8,1,4,0,0,0,1,0,0,0,1,4,3,4
p_6553,3,0,0,1,7,0,0,0,8,1,4,2,3,2,1,0,0,0,1,4,3,3
p_6554,3,0,4,1,6,0,0,0,8,1,4,0,3,0,0,0,0,0,1,4,3,4
p_6555,4,0,4,1,4,0,0,0,8,1,4,0,3,0,1,0,0,0,1,4,3,4
p_6556,3,1,4,1,7,0,0,0,8,1,4,0,0,0,0,0,0,0,1,4,3,4
p_6557,3,0,0,1,7,0,0,0,8,1,4,2,3,2,0,0,0,0,1,4,3,4
e_6558,0,0,0,1,3,1,0,1,1,0,4,0,0,6,7,0,2,0,0,8,3,6
p_6559,0,0,0,1,6,0,0,0,8,1,4,0,0,2,0,0,0,0,1,4,3,6
p_6560,4,0,0,1,6,0,0,0,8,1,4,0,0,2,0,0,0,0,1,4,3,6
p_6561,3,0,0,1,4,0,0,0,8,1,4,0,3,0,1,0,0,0,1,4,3,3
p_6562,3,0,0,1,6,0,0,0,8,1,4,2,0,0,0,0,0,0,1,4,3,3
p_6563,0,0,0,1,6,0,0,0,8,1,4,0,0,0,1,0,0,0,1,4,3,4
p_6564,3,0,0,1,6,0,0,0,8,1,4,2,3,0,0,0,0,0,1,4,3,3
p_6565,3,1,4,1,4,0,0,0,8,1,4,2,0,2,1,0,0,0,1,4,3,4
p_6566,3,1,4,1,6,0,0,0,8,1,4,0,3,2,1,0,0,0,1,4,3,3
p_6567,3,0,0,1,4,0,0,0,8,1,4,0,0,2,0,0,0,0,1,4,3,6
p_6568,0,0,4,1,4,0,0,0,8,1,4,0,3,0,1,0,0,0,1,4,3,6
p_6569,0,0,0,1,7,0,0,0,8,1,4,0,3,0,0,0,0,0,1,4,3,4
p_6570,0,0,4,1,6,0,0,0,8,1,4,0,0,2,1,0,0,0,1,4,3,4
p_6571,0,0,4,1,7,0,0,0,8,1,4,2,3,2,1,0,0,0,1,4,3,3
p_6572,3,1,4,1,4,0,0,0,8,1,4,2,0,2,0,0,0,0,1,4,3,6
p_6573,0,0,4,1,6,0,0,0,8,1,4,2,3,2,0,0,0,0,1,4,3,4
p_6574,4,0,4,1,6,0,0,0,8,1,4,2,0,2,0,0,0,0,1,4,3,6
p_6575,0,1,4,1,4,0,0,0,8,1,4,0,0,0,1,0,0,0,1,4,3,4
p_6576,3,0,0,1,4,0,0,0,8,1,4,0,0,0,1,0,0,0,1,4,3,4
p_6577,3,0,0,1,6,0,0,0,8,1,4,0,3,2,1,0,0,0,1,4,3,6
p_6578,0,0,0,1,4,0,0,0,8,1,4,0,0,0,1,0,0,0,1,4,3,3
p_6579,4,1,4,1,6,0,0,0,8,1,4,0,3,0,0,0,0,0,1,4,3,4
p_6580,0,0,4,1,6,0,0,0,8,1,4,2,3,2,0,0,0,0,1,4,3,6
p_6581,3,1,0,1,7,0,0,0,8,1,4,0,0,2,0,0,0,0,1,4,3,3
p_6582,3,1,4,1,7,0,0,0,8,1,4,2,0,0,0,0,0,0,1,4,3,3
p_6583,3,1,0,1,7,0,0,0,8,1,4,0,0,2,1,0,0,0,1,4,3,4
p_6584,3,0,0,1,7,0,0,0,8,1,4,2,3,2,1,0,0,0,1,4,3,6
p_6585,3,0,4,1,6,0,0,0,8,1,4,0,0,0,1,0,0,0,1,4,3,4
p_6586,4,1,0,1,6,0,0,0,8,1,4,2,3,0,1,0,0,0,1,4,3,4
p_6587,3,1,4,1,6,0,0,0,8,1,4,0,3,0,0,0,0,0,1,4,3,6
p_6588,3,0,4,1,7,0,0,0,8,1,4,0,0,2,0,0,0,0,1,4,3,4
p_6589,3,0,0,1,4,0,0,0,8,1,4,0,0,0,0,0,0,0,1,4,3,3
p_6590,0,0,0,1,6,0,0,0,8,1,4,0,0,0,1,0,0,0,1,4,3,6
p_6591,3,1,0,1,7,0,0,0,8,1,4,2,0,2,0,0,0,0,1,4,3,3
p_6592,3,1,4,1,7,0,0,0,8,1,4,2,3,0,0,0,0,0,1,4,3,3
p_6593,0,1,4,1,7,0,0,0,8,1,4,2,3,2,1,0,0,0,1,4,3,3
p_6594,3,0,4,1,7,0,0,0,8,1,4,2,0,0,0,0,0,0,1,4,3,4
p_6595,0,0,0,1,7,0,0,0,8,1,4,2,3,0,1,0,0,0,1,4,3,6
p_6596,3,0,0,1,6,0,0,0,8,1,4,2,3,2,1,0,0,0,1,4,3,4
p_6597,3,0,0,1,7,0,0,0,8,1,4,0,3,0,0,0,0,0,1,4,3,6
p_6598,3,0,4,1,6,0,0,0,8,1,4,0,0,2,1,0,0,0,1,4,3,4
e_6599,0,0,3,1,3,0,1,1,3,0,4,0,3,0,0,0,0,1,0,4,1,1
p_6600,4,1,0,1,6,0,0,0,8,1,4,2,3,2,0,0,0,0,1,4,3,4
p_6601,0,1,4,1,7,0,0,0,8,1,4,2,0,0,0,0,0,0,1,4,3,4
p_6602,0,0,0,1,7,0,0,0,8,1,4,0,0,0,0,0,0,0,1,4,3,4
p_6603,0,0,0,1,7,0,0,0,8,1,4,0,0,0,1,0,0,0,1,4,3,3
p_6604,3,1,4,1,7,0,0,0,8,1,4,2,3,2,0,0,0,0,1,4,3,6
p_6605,4,1,0,1,4,0,0,0,8,1,4,0,0,2,1,0,0,0,1,4,3,6
p_6606,0,0,4,1,4,0,0,0,8,1,4,2,0,2,0,0,0,0,1,4,3,3
p_6607,0,0,0,1,7,0,0,0,8,1,4,0,3,0,0,0,0,0,1,4,3,3
p_6608,4,1,0,1,6,0,0,0,8,1,4,2,0,2,1,0,0,0,1,4,3,3
p_6609,0,1,4,1,4,0,0,0,8,1,4,2,3,2,0,0,0,0,1,4,3,6
p_6610,4,0,0,1,4,0,0,0,8,1,4,2,0,2,0,0,0,0,1,4,3,4
p_6611,0,0,0,1,4,0,0,0,8,1,4,0,3,0,0,0,0,0,1,4,3,4
p_6612,0,1,4,1,4,0,0,0,8,1,4,0,3,2,0,0,0,0,1,4,3,3
p_6613,3,0,4,1,6,0,0,0,8,1,4,0,3,0,0,0,0,0,1,4,3,3
p_6614,3,0,0,1,7,0,0,0,8,1,4,0,3,0,1,0,0,0,1,4,3,6
p_6615,3,0,0,1,4,0,0,0,8,1,4,2,0,2,1,0,0,0,1,4,3,4
p_6616,3,0,4,1,6,0,0,0,8,1,4,2,0,2,0,0,0,0,1,4,3,4
p_6617,0,1,4,1,7,0,0,0,8,1,4,2,0,0,1,0,0,0,1,4,3,6
p_6618,0,0,4,1,4,0,0,0,8,1,4,2,0,2,1,0,0,0,1,4,3,6
p_6619,3,0,0,1,7,0,0,0,8,1,4,0,0,2,0,0,0,0,1,4,3,4
p_6620,3,1,4,1,7,0,0,0,8,1,4,0,0,0,0,0,0,0,1,4,3,3
p_6621,0,0,0,1,4,0,0,0,8,1,4,2,0,2,0,0,0,0,1,4,3,3
p_6622,0,0,4,1,7,0,0,0,8,1,4,2,3,0,1,0,0,0,1,4,3,3
p_6623,0,0,4,1,6,0,0,0,8,1,4,2,3,0,0,0,0,0,1,4,3,6
p_6624,3,0,4,1,4,0,0,0,8,1,4,2,0,2,1,0,0,0,1,4,3,4
p_6625,0,1,4,1,7,0,0,0,8,1,4,0,3,0,0,0,0,0,1,4,3,4
p_6626,0,0,0,1,6,0,0,0,8,1,4,0,3,2,0,0,0,0,1,4,3,3
p_6627,0,0,4,1,7,0,0,0,8,1,4,0,3,0,1,0,0,0,1,4,3,6
p_6628,0,0,4,1,6,0,0,0,8,1,4,0,3,0,1,0,0,0,1,4,3,6
p_6629,0,0,0,1,6,0,0,0,8,1,4,0,3,0,1,0,0,0,1,4,3,3
p_6630,0,0,0,1,7,0,0,0,8,1,4,2,0,2,0,0,0,0,1,4,3,6
p_6631,3,0,4,1,6,0,0,0,8,1,4,0,0,2,1,0,0,0,1,4,3,3
p_6632,3,1,4,1,4,0,0,0,8,1,4,2,0,0,0,0,0,0,1,4,3,3
p_6633,0,0,0,1,7,0,0,0,8,1,4,2,0,0,0,0,0,0,1,4,3,3
p_6634,0,0,4,1,4,0,0,0,8,1,4,2,3,2,1,0,0,0,1,4,3,6
p_6635,3,0,0,1,7,0,0,0,8,1,4,2,0,0,1,0,0,0,1,4,3,6
p_6636,0,0,0,1,4,0,0,0,8,1,4,0,3,2,0,0,0,0,1,4,3,3
p_6637,3,0,4,1,6,0,0,0,8,1,4,2,0,2,0,0,0,0,1,4,3,3
p_6638,4,1,0,1,6,0,0,0,8,1,4,0,3,0,1,0,0,0,1,4,3,4
p_6639,0,0,0,1,6,0,0,0,8,1,4,0,3,2,1,0,0,0,1,4,3,6
p_6640,3,1,0,1,6,0,0,0,8,1,4,2,0,0,1,0,0,0,1,4,3,4
p_6641,4,1,0,1,6,0,0,0,8,1,4,2,0,0,1,0,0,0,1,4,3,4
p_6642,3,0,4,1,7,0,0,0,8,1,4,2,0,0,0,0,0,0,1,4,3,3
p_6643,3,0,0,1,4,0,0,0,8,1,4,2,3,2,0,0,0,0,1,4,3,4
p_6644,0,0,4,1,6,0,0,0,8,1,4,0,3,0,1,0,0,0,1,4,3,3
p_6645,0,0,0,1,4,0,0,0,8,1,4,0,0,2,1,0,0,0,1,4,3,6
p_6646,3,1,0,1,6,0,0,0,8,1,4,2,0,2,1,0,0,0,1,4,3,4
p_6647,3,1,0,1,7,0,0,0,8,1,4,0,3,2,0,0,0,0,1,4,3,4
p_6648,0,0,4,1,6,0,0,0,8,1,4,0,0,0,0,0,0,0,1,4,3,6
p_6649,3,1,0,1,6,0,0,0,8,1,4,2,0,0,0,0,0,0,1,4,3,6
p_6650,0,1,4,1,7,0,0,0,8,1,4,0,0,2,0,0,0,0,1,4,3,4
p_6651,3,1,0,1,6,0,0,0,8,1,4,2,3,0,0,0,0,0,1,4,3,6
p_6652,3,1,4,1,7,0,0,0,8,1,4,2,0,0,0,0,0,0,1,4,3,4
p_6653,0,1,4,1,4,0,0,0,8,1,4,2,0,2,0,0,0,0,1,4,3,6
p_6654,3,0,4,1,6,0,0,0,8,1,4,0,0,2,1,0,0,0,1,4,3,6
p_6655,4,0,0,1,7,0,0,0,8,1,4,0,3,0,0,0,0,0,1,4,3,3
p_6656,0,1,4,1,4,0,0,0,8,1,4,0,0,2,0,0,0,0,1,4,3,4
p_6657,0,0,0,1,4,0,0,0,8,1,4,2,0,2,1,0,0,0,1,4,3,6
p_6658,3,0,4,1,7,0,0,0,8,1,4,2,0,2,0,0,0,0,1,4,3,4
p_6659,3,0,4,1,6,0,0,0,8,1,4,0,0,0,0,0,0,0,1,4,3,4
e_6660,1,2,3,1,3,0,1,1,3,0,4,0,3,0,0,0,0,1,0,4,0,1
p_6661,0,0,0,1,6,0,0,0,8,1,4,2,0,0,0,0,0,0,1,4,3,4
p_6662,4,0,0,1,7,0,0,0,8,1,4,2,0,0,1,0,0,0,1,4,3,4
e_6663,1,0,0,1,3,1,0,1,11,0,4,0,0,6,7,0,1,0,0,7,3,6
p_6664,3,0,0,1,6,0,0,0,8,1,4,0,0,2,1,0,0,0,1,4,3,3
p_6665,3,1,0,1,7,0,0,0,8,1,4,2,3,2,0,0,0,0,1,4,3,3
p_6666,0,1,4,1,7,0,0,0,8,1,4,0,3,0,1,0,0,0,1,4,3,3
p_6667,0,0,4,1,7,0,0,0,8,1,4,2,0,2,1,0,0,0,1,4,3,3
p_6668,4,1,8,1,8,1,0,1,4,0,1,2,2,7,8,0,0,2,4,4,5,3
p_6669,0,0,4,1,7,0,0,0,8,1,4,0,0,0,0,0,0,0,1,4,3,6
p_6670,3,0,0,1,7,0,0,0,8,1,4,2,3,0,1,0,0,0,1,4,3,4
p_6671,0,0,0,1,6,0,0,0,8,1,4,2,3,2,1,0,0,0,1,4,3,6
p_6672,0,1,4,1,7,0,0,0,8,1,4,0,3,0,0,0,0,0,1,4,3,3
p_6673,0,0,4,1,4,0,0,0,8,1,4,2,3,2,0,0,0,0,1,4,3,3
p_6674,3,0,4,1,4,0,0,0,8,1,4,0,0,2,0,0,0,0,1,4,3,6
p_6675,3,0,0,1,4,0,0,0,8,1,4,0,3,2,0,0,0,0,1,4,3,3
p_6676,3,0,0,1,7,0,0,0,8,1,4,2,3,0,0,0,0,0,1,4,3,3
p_6677,3,1,4,1,6,0,0,0,8,1,4,2,0,2,1,0,0,0,1,4,3,4
p_6678,0,0,4,1,6,0,0,0,8,1,4,0,3,2,1,0,0,0,1,4,3,6
p_6679,3,1,4,1,7,0,0,0,8,1,4,0,3,0,1,0,0,0,1,4,3,3
p_6680,3,1,0,1,6,0,0,0,8,1,4,0,3,2,0,0,0,0,1,4,3,6
p_6681,0,1,4,1,4,0,0,0,8,1,4,2,3,0,0,0,0,0,1,4,3,6
p_6682,3,1,4,1,7,0,0,0,8,1,4,2,0,2,1,0,0,0,1,4,3,4
p_6683,3,0,4,1,4,0,0,0,8,1,4,2,3,0,0,0,0,0,1,4,3,6
p_6684,3,0,4,1,4,0,0,0,8,1,4,2,0,2,0,0,0,0,1,4,3,4
p_6685,0,0,4,1,6,0,0,0,8,1,4,2,3,0,0,0,0,0,1,4,3,4
p_6686,0,0,4,1,4,0,0,0,8,1,4,2,3,2,1,0,0,0,1,4,3,3
p_6687,4,1,4,1,7,0,0,0,8,1,4,0,0,0,0,0,0,0,1,4,3,4
p_6688,0,1,4,1,4,0,0,0,8,1,4,0,0,0,0,0,0,0,1,4,3,6
p_6689,0,0,4,1,6,0,0,0,8,1,4,0,0,2,0,0,0,0,1,4,3,3
p_6690,0,0,0,1,6,0,0,0,8,1,4,2,3,2,0,0,0,0,1,4,3,3
p_6691,0,0,0,1,7,0,0,0,8,1,4,0,0,0,0,0,0,0,1,4,3,6
p_6692,3,0,0,1,6,0,0,0,8,1,4,0,3,2,0,0,0,0,1,4,3,3
p_6693,3,1,0,1,7,0,0,0,8,1,4,2,3,0,1,0,0,0,1,4,3,4
p_6694,0,0,4,1,7,0,0,0,8,1,4,0,3,0,1,0,0,0,1,4,3,3
p_6695,4,0,0,1,4,0,0,0,8,1,4,0,3,2,0,0,0,0,1,4,3,4
p_6696,3,0,0,1,6,0,0,0,8,1,4,0,0,0,0,0,0,0,1,4,3,3
p_6697,3,1,0,1,4,0,0,0,8,1,4,2,3,0,0,0,0,0,1,4,3,3
p_6698,3,1,4,1,6,0,0,0,8,1,4,0,3,2,1,0,0,0,1,4,3,4
p_6699,3,1,4,1,7,0,0,0,8,1,4,0,3,2,1,0,0,0,1,4,3,6
p_6700,3,1,0,1,4,0,0,0,8,1,4,2,0,2,0,0,0,0,1,4,3,3
p_6701,0,0,4,1,6,0,0,0,8,1,4,2,0,0,1,0,0,0,1,4,3,6
p_6702,3,1,0,1,7,0,0,0,8,1,4,0,3,0,0,0,0,0,1,4,3,3
p_6703,3,0,0,1,7,0,0,0,8,1,4,2,0,0,0,0,0,0,1,4,3,3
p_6704,3,0,4,1,4,0,0,0,8,1,4,0,3,2,1,0,0,0,1,4,3,4
p_6705,0,0,0,1,6,0,0,0,8,1,4,0,0,2,1,0,0,0,1,4,3,3
p_6706,3,1,4,1,4,0,0,0,8,1,4,0,0,0,0,0,0,0,1,4,3,3
p_6707,4,1,0,1,6,0,0,0,8,1,4,2,3,2,0,0,0,0,1,4,3,6
p_6708,3,0,0,1,6,0,0,0,8,1,4,2,0,0,0,0,0,0,1,4,3,4
p_6709,3,1,0,1,4,0,0,0,8,1,4,0,3,2,0,0,0,0,1,4,3,4
p_6710,3,0,4,1,6,0,0,0,8,1,4,2,3,2,1,0,0,0,1,4,3,6
p_6711,0,0,0,1,4,0,0,0,8,1,4,0,3,0,0,0,0,0,1,4,3,6
p_6712,3,0,4,1,4,0,0,0,8,1,4,0,3,2,0,0,0,0,1,4,3,4
p_6713,0,0,4,1,4,0,0,0,8,1,4,0,3,0,0,0,0,0,1,4,3,3
p_6714,3,1,4,1,7,0,0,0,8,1,4,0,0,2,0,0,0,0,1,4,3,3
p_6715,0,0,4,1,6,0,0,0,8,1,4,2,3,2,1,0,0,0,1,4,3,4
p_6716,3,0,4,1,7,0,0,0,8,1,4,0,3,0,1,0,0,0,1,4,3,4
p_6717,3,0,0,1,4,0,0,0,8,1,4,2,0,0,1,0,0,0,1,4,3,4
p_6718,0,0,0,1,6,0,0,0,8,1,4,0,3,2,0,0,0,0,1,4,3,4
p_6719,0,0,4,1,7,0,0,0,8,1,4,0,0,2,1,0,0,0,1,4,3,3
p_6720,3,0,4,1,7,0,0,0,8,1,4,0,3,0,0,0,0,0,1,4,3,3
p_6721,0,0,4,1,4,0,0,0,8,1,4,0,3,2,0,0,0,0,1,4,3,6
p_6722,0,0,0,1,7,0,0,0,8,1,4,2,0,0,0,0,0,0,1,4,3,6
p_6723,3,0,4,1,4,0,0,0,8,1,4,2,3,2,1,0,0,0,1,4,3,3
p_6724,0,1,4,1,7,0,0,0,8,1,4,0,3,0,1,0,0,0,1,4,3,6
p_6725,0,0,0,1,6,0,0,0,8,1,4,0,3,2,1,0,0,0,1,4,3,4
p_6726,0,1,4,1,7,0,0,0,8,1,4,0,0,0,1,0,0,0,1,4,3,4
p_6727,3,0,4,1,6,0,0,0,8,1,4,2,3,0,0,0,0,0,1,4,3,6
p_6728,0,0,4,1,7,0,0,0,8,1,4,2,0,0,1,0,0,0,1,4,3,3
p_6729,3,1,0,1,4,0,0,0,8,1,4,0,0,2,0,0,0,0,1,4,3,6
p_6730,0,0,4,1,4,0,0,0,8,1,4,2,0,0,0,0,0,0,1,4,3,6
p_6731,0,0,0,1,7,0,0,0,8,1,4,2,0,0,1,0,0,0,1,4,3,6
p_6732,3,0,4,1,6,0,0,0,8,1,4,2,0,0,0,0,0,0,1,4,3,3
p_6733,0,0,4,1,7,0,0,0,8,1,4,0,3,2,1,0,0,0,1,4,3,3
p_6734,3,0,0,1,6,0,0,0,8,1,4,2,3,0,1,0,0,0,1,4,3,6
p_6735,0,1,4,1,7,0,0,0,8,1,4,2,3,0,1,0,0,0,1,4,3,4
p_6736,3,1,4,1,6,0,0,0,8,1,4,2,3,2,1,0,0,0,1,4,3,3
p_6737,0,1,4,1,7,0,0,0,8,1,4,2,3,2,0,0,0,0,1,4,3,4
p_6738,4,1,0,1,6,0,0,0,8,1,4,2,3,0,0,0,0,0,1,4,3,6
p_6739,3,1,0,1,6,0,0,0,8,1,4,0,0,0,0,0,0,0,1,4,3,6
p_6740,0,1,4,1,4,0,0,0,8,1,4,0,0,2,1,0,0,0,1,4,3,6
p_6741,3,0,0,1,6,0,0,0,8,1,4,0,0,0,0,0,0,0,1,4,3,4
p_6742,0,0,4,1,7,0,0,0,8,1,4,2,3,2,0,0,0,0,1,4,3,3
p_6743,3,0,4,1,6,0,0,0,8,1,4,2,0,2,1,0,0,0,1,4,3,3
e_6744,0,2,3,1,3,0,1,1,2,0,4,2,3,0,0,0,0,1,0,4,0,1
p_6745,0,0,4,1,6,0,0,0,8,1,4,0,3,0,0,0,0,0,1,4,3,4
p_6746,3,0,0,1,4,0,0,0,8,1,4,0,3,2,1,0,0,0,1,4,3,6
p_6747,3,0,0,1,7,0,0,0,8,1,4,0,0,2,1,0,0,0,1,4,3,4
p_6748,0,0,4,1,4,0,0,0,8,1,4,0,3,0,0,0,0,0,1,4,3,6
p_6749,0,0,4,1,6,0,0,0,8,1,4,2,0,0,0,0,0,0,1,4,3,6
p_6750,0,0,4,1,7,0,0,0,8,1,4,2,0,0,0,0,0,0,1,4,3,6
p_6751,3,1,4,1,6,0,0,0,8,1,4,2,0,0,0,0,0,0,1,4,3,3
e_6752,1,2,3,1,3,0,1,1,4,0,4,0,0,0,0,0,0,1,0,4,0,1
p_6753,3,1,0,1,7,0,0,0,8,1,4,2,0,0,1,0,0,0,1,4,3,3
p_6754,3,1,4,1,4,0,0,0,8,1,4,0,3,2,1,0,0,0,1,4,3,3
p_6755,3,1,0,1,7,0,0,0,8,1,4,0,0,2,1,0,0,0,1,4,3,3
p_6756,3,0,0,1,4,0,0,0,8,1,4,0,3,2,0,0,0,0,1,4,3,6
p_6757,3,1,0,1,4,0,0,0,8,1,4,0,3,0,1,0,0,0,1,4,3,3
p_6758,0,1,4,1,7,0,0,0,8,1,4,2,0,2,0,0,0,0,1,4,3,3
p_6759,3,1,0,1,7,0,0,0,8,1,4,0,0,0,0,0,0,0,1,4,3,6
p_6760,0,0,0,1,6,0,0,0,8,1,4,0,3,2,1,0,0,0,1,4,3,3
p_6761,3,1,4,1,4,0,0,0,8,1,4,0,0,2,0,0,0,0,1,4,3,3
e_6762,4,2,3,1,3,0,1,1,3,0,4,2,0,0,0,0,0,1,0,4,0,1
e_6763,1,0,0,1,3,1,0,1,10,0,4,0,0,6,7,0,1,0,0,6,5,6
p_6764,3,0,0,1,7,0,0,0,8,1,4,0,0,0,0,0,0,0,1,4,3,6
p_6765,0,0,0,1,7,0,0,0,8,1,4,0,0,2,0,0,0,0,1,4,3,4
p_6766,3,1,0,1,7,0,0,0,8,1,4,0,0,2,1,0,0,0,1,4,3,6
p_6767,3,0,4,1,7,0,0,0,8,1,4,2,0,0,0,0,0,0,1,4,3,6
p_6768,3,1,0,1,6,0,0,0,8,1,4,0,0,2,0,0,0,0,1,4,3,6
p_6769,3,0,0,1,4,0,0,0,8,1,4,0,0,2,1,0,0,0,1,4,3,3
p_6770,3,1,4,1,6,0,0,0,8,1,4,0,0,2,1,0,0,0,1,4,3,4
p_6771,3,1,4,1,4,0,0,0,8,1,4,2,3,2,0,0,0,0,1,4,3,6
p_6772,3,0,0,1,7,0,0,0,8,1,4,2,3,0,1,0,0,0,1,4,3,6
p_6773,0,0,4,1,6,0,0,0,8,1,4,0,3,0,0,0,0,0,1,4,3,3
e_6774,0,2,2,1,3,0,1,1,2,0,4,0,3,0,0,0,0,1,0,4,1,1
p_6775,3,0,0,1,4,0,0,0,8,1,4,0,0,2,1,0,0,0,1,4,3,4
p_6776,0,0,4,1,6,0,0,0,8,1,4,2,0,2,0,0,0,0,1,4,3,6
p_6777,0,0,0,1,6,0,0,0,8,1,4,2,0,2,1,0,0,0,1,4,3,3
p_6778,0,0,0,1,6,0,0,0,8,1,4,2,0,2,1,0,0,0,1,4,3,6
p_6779,0,0,0,1,4,0,0,0,8,1,4,2,3,2,0,0,0,0,1,4,3,3
p_6780,4,1,0,1,6,0,0,0,8,1,4,2,3,2,0,0,0,0,1,4,3,3
p_6781,3,0,0,1,6,0,0,0,8,1,4,2,3,0,1,0,0,0,1,4,3,4
p_6782,0,1,4,1,6,0,0,0,8,1,4,0,0,0,1,0,0,0,1,4,3,4
p_6783,3,0,0,1,6,0,0,0,8,1,4,0,0,2,0,0,0,0,1,4,3,4
p_6784,3,0,0,1,4,0,0,0,8,1,4,0,3,0,0,0,0,0,1,4,3,3
p_6785,0,0,0,1,7,0,0,0,8,1,4,0,3,0,0,0,0,0,1,4,3,6
p_6786,0,0,0,1,4,0,0,0,8,1,4,0,0,2,0,0,0,0,1,4,3,3
p_6787,0,1,4,1,7,0,0,0,8,1,4,0,0,0,0,0,0,0,1,4,3,6
p_6788,3,0,4,1,4,0,0,0,8,1,4,0,0,0,1,0,0,0,1,4,3,3
p_6789,3,0,4,1,7,0,0,0,8,1,4,2,3,0,1,0,0,0,1,4,3,6
p_6790,3,1,0,1,4,0,0,0,8,1,4,0,3,0,1,0,0,0,1,4,3,4
p_6791,0,0,4,1,7,0,0,0,8,1,4,0,3,2,1,0,0,0,1,4,3,6
p_6792,3,0,4,1,7,0,0,0,8,1,4,0,0,0,1,0,0,0,1,4,3,6
p_6793,3,1,4,1,7,0,0,0,8,1,4,0,0,2,1,0,0,0,1,4,3,3
p_6794,3,1,4,1,6,0,0,0,8,1,4,2,3,2,0,0,0,0,1,4,3,6
p_6795,0,1,4,1,7,0,0,0,8,1,4,2,3,0,0,0,0,0,1,4,3,6
p_6796,3,1,0,1,4,0,0,0,8,1,4,2,3,0,0,0,0,0,1,4,3,6
p_6797,3,0,0,1,4,0,0,0,8,1,4,0,0,0,0,0,0,0,1,4,3,6
p_6798,3,0,0,1,6,0,0,0,8,1,4,2,0,2,1,0,0,0,1,4,3,4
p_6799,4,1,4,1,4,0,0,0,8,1,4,2,3,0,0,0,0,0,1,4,3,6
p_6800,3,0,4,1,6,0,0,0,8,1,4,0,0,0,0,0,0,0,1,4,3,6
p_6801,0,0,4,1,7,0,0,0,8,1,4,2,0,2,1,0,0,0,1,4,3,4
p_6802,0,1,4,1,6,0,0,0,8,1,4,0,3,0,0,0,0,0,1,4,3,4
p_6803,3,1,4,1,4,0,0,0,8,1,4,0,3,0,0,0,0,0,1,4,3,6
p_6804,0,1,4,1,7,0,0,0,8,1,4,2,3,0,0,0,0,0,1,4,3,3
p_6805,3,1,4,1,4,0,0,0,8,1,4,0,0,0,1,0,0,0,1,4,3,6
p_6806,3,1,0,1,6,0,0,0,8,1,4,2,3,2,1,0,0,0,1,4,3,3
p_6807,3,1,4,1,6,0,0,0,8,1,4,0,3,2,1,0,0,0,1,4,3,6
p_6808,0,1,4,1,7,0,0,0,8,1,4,0,0,0,0,0,0,0,1,4,3,4
p_6809,0,0,4,1,6,0,0,0,8,1,4,0,3,2,0,0,0,0,1,4,3,3
p_6810,3,0,4,1,4,0,0,0,8,1,4,2,0,2,0,0,0,0,1,4,3,6
p_6811,3,0,4,1,4,0,0,0,8,1,4,2,3,2,0,0,0,0,1,4,3,4
p_6812,0,0,4,1,4,0,0,0,8,1,4,0,0,0,0,0,0,0,1,4,3,4
p_6813,3,0,4,1,6,0,0,0,8,1,4,2,3,0,0,0,0,0,1,4,3,4
p_6814,3,0,4,1,7,0,0,0,8,1,4,0,0,0,0,0,0,0,1,4,3,4
p_6815,3,0,0,1,6,0,0,0,8,1,4,2,3,2,0,0,0,0,1,4,3,6
p_6816,3,1,4,1,4,0,0,0,8,1,4,2,3,2,1,0,0,0,1,4,3,3
p_6817,3,1,0,1,7,0,0,0,8,1,4,2,3,2,0,0,0,0,1,4,3,4
p_6818,4,0,4,1,4,0,0,0,8,1,4,2,3,0,1,0,0,0,1,4,3,6
p_6819,3,0,0,1,6,0,0,0,8,1,4,2,3,2,0,0,0,0,1,4,3,3
p_6820,3,1,0,1,6,0,0,0,8,1,4,0,0,2,1,0,0,0,1,4,3,4
p_6821,3,0,4,1,7,0,0,0,8,1,4,2,0,2,1,0,0,0,1,4,3,6
p_6822,3,1,4,1,6,0,0,0,8,1,4,0,0,0,1,0,0,0,1,4,3,6
p_6823,0,0,0,1,6,0,0,0,8,1,4,0,0,2,1,0,0,0,1,4,3,4
p_6824,4,1,0,1,6,0,0,0,8,1,4,2,3,2,1,0,0,0,1,4,3,4
p_6825,0,1,4,1,7,0,0,0,8,1,4,2,3,0,1,0,0,0,1,4,3,3
p_6826,0,0,4,1,4,0,0,0,8,1,4,0,0,0,1,0,0,0,1,4,3,6
e_6827,0,0,3,1,3,0,1,1,4,0,4,2,0,0,0,0,0,1,0,4,1,1
p_6828,4,1,0,1,6,0,0,0,8,1,4,2,0,2,0,0,0,0,1,4,3,3
p_6829,0,0,0,1,6,0,0,0,8,1,4,2,0,0,1,0,0,0,1,4,3,4
p_6830,3,0,0,1,7,0,0,0,8,1,4,0,3,0,1,0,0,0,1,4,3,4
p_6831,3,0,0,1,7,0,0,0,8,1,4,0,0,0,1,0,0,0,1,4,3,4
p_6832,0,0,4,1,7,0,0,0,8,1,4,2,3,0,0,0,0,0,1,4,3,4
p_6833,3,0,4,1,4,0,0,0,8,1,4,0,3,2,0,0,0,0,1,4,3,6
p_6834,3,1,4,1,4,0,0,0,8,1,4,2,3,0,0,0,0,0,1,4,3,6
p_6835,3,1,4,1,4,0,0,0,8,1,4,2,3,0,1,0,0,0,1,4,3,4
p_6836,3,0,0,1,4,0,0,0,8,1,4,2,0,0,0,0,0,0,1,4,3,6
p_6837,3,0,4,1,4,0,0,0,8,1,4,0,0,2,0,0,0,0,1,4,3,4
p_6838,0,0,0,1,4,0,0,0,8,1,4,2,0,0,1,0,0,0,1,4,3,4
p_6839,3,0,4,1,4,0,0,0,8,1,4,2,3,2,1,0,0,0,1,4,3,6
p_6840,0,0,4,1,7,0,0,0,8,1,4,0,0,0,0,0,0,0,1,4,3,4
p_6841,3,0,4,1,6,0,0,0,8,1,4,0,0,0,1,0,0,0,1,4,3,3
p_6842,3,1,4,1,4,0,0,0,8,1,4,2,0,0,0,0,0,0,1,4,3,4
p_6843,4,1,4,1,7,0,0,0,8,1,4,0,0,2,0,0,0,0,1,4,3,4
p_6844,3,0,0,1,7,0,0,0,8,1,4,0,0,0,0,0,0,0,1,4,3,4
p_6845,4,1,4,1,7,0,0,0,8,1,4,2,0,0,0,0,0,0,1,4,3,3
p_6846,3,0,4,1,6,0,0,0,8,1,4,2,3,2,0,0,0,0,1,4,3,6
p_6847,3,1,4,1,7,0,0,0,8,1,4,0,3,0,0,0,0,0,1,4,3,6
p_6848,3,0,4,1,4,0,0,0,8,1,4,2,3,2,0,0,0,0,1,4,3,6
e_6849,1,0,0,1,3,1,0,1,1,0,4,0,0,6,7,0,2,0,0,6,5,6
p_6850,0,0,0,1,4,0,0,0,8,1,4,0,3,0,0,0,0,0,1,4,3,3
p_6851,3,1,4,1,7,0,0,0,8,1,4,2,0,2,0,0,0,0,1,4,3,6
p_6852,3,1,0,1,7,0,0,0,8,1,4,2,3,0,1,0,0,0,1,4,3,3
p_6853,3,0,4,1,4,0,0,0,8,1,4,2,3,2,0,0,0,0,1,4,3,3
p_6854,3,1,0,1,4,0,0,0,8,1,4,2,3,0,0,0,0,0,1,4,3,4
p_6855,4,1,0,1,8,0,0,1,4,0,1,2,2,7,8,0,0,2,4,4,5,3
p_6856,0,0,4,1,4,0,0,0,8,1,4,2,3,0,0,0,0,0,1,4,3,4
p_6857,3,0,4,1,7,0,0,0,8,1,4,2,3,0,0,0,0,0,1,4,3,6
p_6858,4,1,0,1,6,0,0,0,8,1,4,2,0,0,1,0,0,0,1,4,3,3
p_6859,3,0,4,1,4,0,0,0,8,1,4,0,0,0,1,0,0,0,1,4,3,4
e_6860,4,0,2,1,3,0,1,1,2,0,4,2,3,0,0,0,0,1,0,4,0,1
p_6861,3,1,0,1,6,0,0,0,8,1,4,2,0,2,1,0,0,0,1,4,3,6
p_6862,3,1,0,1,6,0,0,0,8,1,4,0,3,2,0,0,0,0,1,4,3,3
p_6863,3,1,0,1,6,0,0,0,8,1,4,0,0,2,0,0,0,0,1,4,3,4
p_6864,3,0,0,1,7,0,0,0,8,1,4,2,3,0,1,0,0,0,1,4,3,3
p_6865,3,0,0,1,6,0,0,0,8,1,4,0,0,0,0,0,0,0,1,4,3,6
p_6866,3,1,4,1,6,0,0,0,8,1,4,2,3,2,0,0,0,0,1,4,3,4
p_6867,0,0,4,1,4,0,0,0,8,1,4,2,0,0,1,0,0,0,1,4,3,3
p_6868,3,1,0,1,4,0,0,0,8,1,4,2,0,2,1,0,0,0,1,4,3,4
p_6869,0,0,0,1,4,0,0,0,8,1,4,0,3,2,1,0,0,0,1,4,3,4
p_6870,0,0,4,1,4,0,0,0,8,1,4,0,3,2,1,0,0,0,1,4,3,6
p_6871,0,0,4,1,6,0,0,0,8,1,4,0,3,0,0,0,0,0,1,4,3,6
p_6872,3,1,4,1,6,0,0,0,8,1,4,2,3,0,1,0,0,0,1,4,3,3
p_6873,0,0,0,1,6,0,0,0,8,1,4,2,0,2,0,0,0,0,1,4,3,3
p_6874,0,0,4,1,7,0,0,0,8,1,4,0,0,0,1,0,0,0,1,4,3,4
p_6875,3,0,0,1,4,0,0,0,8,1,4,2,0,2,0,0,0,0,1,4,3,6
p_6876,0,0,0,1,6,0,0,0,8,1,4,2,3,2,0,0,0,0,1,4,3,6
p_6877,3,1,4,1,6,0,0,0,8,1,4,2,0,0,1,0,0,0,1,4,3,3
p_6878,0,0,0,1,4,0,0,0,8,1,4,2,3,0,1,0,0,0,1,4,3,3
p_6879,3,1,4,1,4,0,0,0,8,1,4,2,3,2,1,0,0,0,1,4,3,6
p_6880,3,0,4,1,4,0,0,0,8,1,4,2,0,0,0,0,0,0,1,4,3,4
p_6881,3,1,0,1,4,0,0,0,8,1,4,2,3,2,1,0,0,0,1,4,3,6
p_6882,3,1,0,1,6,0,0,0,8,1,4,0,0,0,0,0,0,0,1,4,3,3
p_6883,0,1,4,1,4,0,0,0,8,1,4,2,3,2,0,0,0,0,1,4,3,3
e_6884,4,2,3,1,3,0,1,1,4,0,4,2,3,0,0,0,0,1,0,4,1,1
p_6885,0,0,4,1,6,0,0,0,8,1,4,0,3,2,1,0,0,0,1,4,3,3
p_6886,4,1,0,1,6,0,0,0,8,1,4,0,3,2,1,0,0,0,1,4,3,3
p_6887,4,1,0,1,7,0,0,0,8,1,4,0,3,0,0,0,0,0,1,4,3,3
p_6888,0,1,4,1,7,0,0,0,8,1,4,0,0,2,1,0,0,0,1,4,3,4
p_6889,3,0,4,1,4,0,0,0,8,1,4,2,0,0,1,0,0,0,1,4,3,6
p_6890,3,0,0,1,7,0,0,0,8,1,4,2,0,2,1,0,0,0,1,4,3,6
p_6891,3,0,4,1,7,0,0,0,8,1,4,0,3,0,0,0,0,0,1,4,3,4
p_6892,0,0,4,1,4,0,0,0,8,1,4,2,0,0,0,0,0,0,1,4,3,4
p_6893,3,0,0,1,7,0,0,0,8,1,4,0,0,2,0,0,0,0,1,4,3,3
p_6894,3,1,4,1,7,0,0,0,8,1,4,0,3,2,1,0,0,0,1,4,3,4
p_6895,0,0,0,1,7,0,0,0,8,1,4,0,3,2,0,0,0,0,1,4,3,6
p_6896,0,1,4,1,4,0,0,0,8,1,4,0,3,2,1,0,0,0,1,4,3,4
p_6897,3,0,4,1,6,0,0,0,8,1,4,2,0,2,1,0,0,0,1,4,3,4
p_6898,0,0,0,1,6,0,0,0,8,1,4,2,3,2,1,0,0,0,1,4,3,3
p_6899,3,0,0,1,4,0,0,0,8,1,4,2,0,2,0,0,0,0,1,4,3,4
e_6900,0,0,0,1,3,1,0,1,1,0,4,0,0,6,7,0,2,0,0,7,3,6
p_6901,4,0,0,1,6,0,0,0,8,1,4,2,3,0,1,0,0,0,1,4,3,4
p_6902,3,0,0,1,6,0,0,0,8,1,4,0,0,2,0,0,0,0,1,4,3,6
p_6903,4,1,4,1,4,0,0,0,8,1,4,2,0,0,0,0,0,0,1,4,3,4
e_6904,0,1,8,0,3,0,0,1,4,0,2,0,0,0,0,0,0,1,0,4,4,4
e_6905,1,0,0,1,3,1,0,1,1,0,4,0,0,6,7,0,1,0,0,7,5,6
e_6906,4,0,3,1,3,0,1,1,4,0,4,0,3,0,0,0,0,1,0,4,1,1
e_6907,0,2,3,1,3,0,1,1,2,0,4,0,3,0,0,0,0,1,0,4,0,1
p_6908,0,0,0,1,7,0,0,0,8,1,4,0,3,0,1,0,0,0,1,4,3,3
p_6909,4,1,4,1,4,0,0,0,8,1,4,0,0,0,0,0,0,0,1,4,3,4
e_6910,0,0,0,1,3,1,0,1,11,0,4,0,0,6,7,0,1,0,0,6,5,6
p_6911,4,0,4,1,7,0,0,0,8,1,4,2,3,0,0,0,0,0,1,4,3,3
p_6912,1,1,1,1,3,0,1,0,10,0,1,3,2,8,6,0,3,0,1,4,5,6
p_6913,0,0,4,1,4,0,0,0,8,1,4,2,0,0,0,0,0,0,1,4,3,3
e_6914,1,0,3,1,3,0,1,1,2,0,4,2,3,0,0,0,0,1,0,4,1,1
p_6915,4,1,4,1,4,0,0,0,8,1,4,0,3,0,1,0,0,0,1,4,3,4
p_6916,4,0,4,1,7,0,0,0,8,1,4,0,3,2,1,0,0,0,1,4,3,4
p_6917,3,0,4,1,7,0,0,0,8,1,4,2,3,0,0,0,0,0,1,4,3,3
p_6918,3,1,0,1,6,0,0,0,8,1,4,2,0,2,0,0,0,0,1,4,3,4
p_6919,3,0,4,1,7,0,0,0,8,1,4,2,3,0,1,0,0,0,1,4,3,3
e_6920,4,2,3,1,3,0,1,1,4,0,4,0,3,0,0,0,0,1,0,4,0,1
p_6921,4,0,0,1,7,0,0,0,8,1,4,0,0,0,0,0,0,0,1,4,3,4
p_6922,4,0,4,1,6,0,0,0,8,1,4,2,0,2,1,0,0,0,1,4,3,3
p_6923,3,0,4,1,4,0,0,0,8,1,4,2,0,0,0,0,0,0,1,4,3,6
e_6924,1,2,3,1,3,0,1,1,3,0,4,2,3,0,0,0,0,1,0,4,1,1
p_6925,3,1,0,1,7,0,0,0,8,1,4,2,3,0,0,0,0,0,1,4,3,3
p_6926,3,0,0,1,6,0,0,0,8,1,4,0,0,0,1,0,0,0,1,4,3,4
e_6927,3,0,0,1,3,1,0,1,11,0,4,0,0,6,7,0,1,0,0,1,5,6
e_6928,0,1,5,0,3,0,0,1,4,0,2,0,0,0,0,0,0,1,0,4,4,4
p_6929,3,0,0,1,6,0,0,0,8,1,4,2,3,0,1,0,0,0,1,4,3,3
p_6930,4,1,4,1,6,0,0,0,8,1,4,2,3,0,1,0,0,0,1,4,3,6
p_6931,3,0,0,1,7,0,0,0,8,1,4,0,0,0,1,0,0,0,1,4,3,6
e_6932,1,0,2,1,3,0,1,1,4,0,4,0,3,0,0,0,0,1,0,4,1,1
p_6933,0,1,4,1,4,0,0,0,8,1,4,2,3,2,0,0,0,0,1,4,3,4
p_6934,3,1,4,1,6,0,0,0,8,1,4,2,0,2,1,0,0,0,1,4,3,6
p_6935,3,0,4,1,6,0,0,0,8,1,4,2,0,0,1,0,0,0,1,4,3,6
p_6936,4,1,0,1,4,0,0,0,8,1,4,0,0,2,0,0,0,0,1,4,3,3
e_6937,0,2,2,1,3,0,1,1,3,0,4,0,0,0,0,0,0,1,0,4,0,1
e_6938,1,0,2,1,3,0,1,1,3,0,4,0,0,0,0,0,0,1,0,4,1,1
p_6939,4,0,4,1,6,0,0,0,8,1,4,2,3,0,0,0,0,0,1,4,3,6
p_6940,3,1,0,1,6,0,0,0,8,1,4,0,3,0,0,0,0,0,1,4,3,6
e_6941,3,1,0,0,3,0,0,1,4,0,2,0,0,0,0,0,0,1,0,4,3,4
p_6942,4,0,0,1,7,0,0,0,8,1,4,0,0,2,1,0,0,0,1,4,3,3
p_6943,4,0,0,1,6,0,0,0,8,1,4,0,3,0,1,0,0,0,1,4,3,6
p_6944,3,1,0,1,7,0,0,0,8,1,4,0,3,0,1,0,0,0,1,4,3,6
p_6945,3,1,4,1,8,1,0,1,4,0,1,2,2,7,8,0,0,2,4,4,5,3
p_6946,0,0,4,1,4,0,0,0,8,1,4,0,3,0,1,0,0,0,1,4,3,3
p_6947,4,1,4,1,7,0,0,0,8,1,4,0,0,2,1,0,0,0,1,4,3,4
p_6948,0,0,0,1,7,0,0,0,8,1,4,0,3,2,1,0,0,0,1,4,3,6
p_6949,4,0,4,1,4,0,0,0,8,1,4,2,3,0,0,0,0,0,1,4,3,6
p_6950,4,1,0,1,4,0,0,0,8,1,4,0,3,0,1,0,0,0,1,4,3,6
p_6951,3,1,4,1,4,0,0,0,8,1,4,0,0,0,0,0,0,0,1,4,3,4
e_6952,0,2,2,1,3,0,1,1,4,0,4,0,0,0,0,0,0,1,0,4,0,1
p_6953,4,0,0,1,7,0,0,0,8,1,4,2,0,0,0,0,0,0,1,4,3,3
p_6954,3,0,0,1,4,0,0,0,8,1,4,0,3,2,1,0,0,0,1,4,3,4
p_6955,4,0,4,1,6,0,0,0,8,1,4,0,3,2,1,0,0,0,1,4,3,3
p_6956,4,0,4,1,7,0,0,0,8,1,4,2,3,0,0,0,0,0,1,4,3,6
p_6957,4,1,0,1,7,0,0,0,8,1,4,0,0,2,1,0,0,0,1,4,3,6
e_6958,4,2,2,1,3,0,1,1,2,0,4,0,0,0,0,0,0,1,0,4,0,1
p_6959,4,0,0,1,4,0,0,0,8,1,4,0,0,2,1,0,0,0,1,4,3,4
p_6960,4,1,0,1,7,0,0,0,8,1,4,2,0,2,1,0,0,0,1,4,3,6
p_6961,4,0,0,1,7,0,0,0,8,1,4,2,3,0,0,0,0,0,1,4,3,6
p_6962,4,0,4,1,7,0,0,0,8,1,4,0,0,0,0,0,0,0,1,4,3,3
p_6963,0,0,0,1,6,0,0,0,8,1,4,2,3,0,1,0,0,0,1,4,3,6
p_6964,0,1,4,1,7,0,0,0,8,1,4,0,0,2,1,0,0,0,1,4,3,6
p_6965,3,0,4,1,6,0,0,0,8,1,4,2,3,2,0,0,0,0,1,4,3,4
p_6966,4,1,0,1,4,0,0,0,8,1,4,0,0,2,1,0,0,0,1,4,3,3
e_6967,1,0,0,1,3,0,0,1,4,0,2,3,2,3,4,0,0,1,0,4,4,3
p_6968,3,0,0,1,4,0,0,0,8,1,4,0,0,2,0,0,0,0,1,4,3,4
p_6969,4,1,4,1,4,0,0,0,8,1,4,2,3,2,0,0,0,0,1,4,3,3
e_6970,0,0,0,1,3,0,0,1,4,0,2,3,2,3,4,0,0,1,0,4,4,3
p_6971,3,0,0,1,4,0,0,0,8,1,4,2,3,0,1,0,0,0,1,4,3,3
p_6972,4,0,0,1,6,0,0,0,8,1,4,0,0,0,0,0,0,0,1,4,3,6
p_6973,3,1,0,1,7,0,0,0,8,1,4,2,3,0,0,0,0,0,1,4,3,4
p_6974,0,0,0,1,7,0,0,0,8,1,4,0,0,2,1,0,0,0,1,4,3,4
e_6975,4,2,2,1,3,0,1,1,4,0,4,0,0,0,0,0,0,1,0,4,0,1
p_6976,3,1,4,1,4,0,0,0,8,1,4,2,3,0,0,0,0,0,1,4,3,3
p_6977,0,0,4,1,6,0,0,0,8,1,4,0,3,2,0,0,0,0,1,4,3,4
p_6978,0,0,0,1,4,0,0,0,8,1,4,2,0,0,0,0,0,0,1,4,3,6
p_6979,3,0,0,1,4,0,0,0,8,1,4,2,0,0,0,0,0,0,1,4,3,4
p_6980,4,0,0,1,6,0,0,0,8,1,4,2,3,0,0,0,0,0,1,4,3,6
p_6981,4,0,4,1,4,0,0,0,8,1,4,2,0,0,0,0,0,0,1,4,3,4
p_6982,4,0,4,1,7,0,0,0,8,1,4,2,0,2,0,0,0,0,1,4,3,6
p_6983,0,0,4,1,4,0,0,0,8,1,4,2,3,0,1,0,0,0,1,4,3,3
e_6984,1,0,0,1,3,0,0,1,4,0,2,3,2,3,4,0,0,1,0,4,4,4
p_6985,4,0,4,1,6,0,0,0,8,1,4,2,0,2,0,0,0,0,1,4,3,4
p_6986,0,0,0,1,4,0,0,0,8,1,4,0,0,0,0,0,0,0,1,4,3,4
p_6987,0,1,4,1,4,0,0,0,8,1,4,2,3,0,0,0,0,0,1,4,3,4
p_6988,3,0,4,1,7,0,0,0,8,1,4,0,0,2,1,0,0,0,1,4,3,6
e_6989,1,0,0,1,3,1,0,1,1,0,4,0,0,6,7,0,1,0,0,1,5,6
e_6990,4,0,3,1,3,0,1,1,3,0,4,2,3,0,0,0,0,1,0,4,1,1
p_6991,4,1,4,1,8,0,0,1,10,0,1,2,2,7,8,0,0,2,4,4,5,3
p_6992,4,1,4,1,6,0,0,0,8,1,4,2,0,0,1,0,0,0,1,4,3,6
p_6993,3,0,4,1,6,0,0,0,8,1,4,2,3,2,1,0,0,0,1,4,3,3
e_6994,4,0,0,1,3,1,0,1,10,0,4,0,0,6,7,0,2,0,0,6,5,6
p_6995,3,1,4,1,7,0,0,0,8,1,4,2,0,2,0,0,0,0,1,4,3,3
p_6996,4,1,4,1,7,0,0,0,8,1,4,0,3,0,1,0,0,0,1,4,3,3
e_6997,4,2,2,1,3,0,1,1,3,0,4,2,0,0,0,0,0,1,0,4,0,1
e_6998,0,0,3,1,3,0,1,1,4,0,4,0,3,0,0,0,0,1,0,4,0,1
e_6999,4,0,0,1,3,1,0,1,10,0,4,0,0,6,7,0,2,0,0,6,3,6
p_7000,4,1,4,1,7,0,0,0,8,1,4,0,0,0,0,0,0,0,1,4,3,3
p_7001,4,1,0,1,7,0,0,0,8,1,4,2,0,0,1,0,0,0,1,4,3,6
p_7002,4,0,4,1,7,0,0,0,8,1,4,2,0,0,0,0,0,0,1,4,3,4
e_7003,0,0,2,1,3,0,1,1,4,0,4,2,3,0,0,0,0,1,0,4,0,1
e_7004,4,0,2,1,3,0,1,1,2,0,4,2,3,0,0,0,0,1,0,4,1,1
e_7005,4,0,2,1,3,0,1,1,3,0,4,2,0,0,0,0,0,1,0,4,0,1
p_7006,4,0,4,1,4,0,0,0,8,1,4,2,0,2,0,0,0,0,1,4,3,6
p_7007,0,0,4,1,7,0,0,0,8,1,4,0,0,2,0,0,0,0,1,4,3,4
e_7008,4,0,3,1,3,0,1,1,4,0,4,0,3,0,0,0,0,1,0,4,0,1
e_7009,0,2,2,1,3,0,1,1,2,0,4,0,3,0,0,0,0,1,0,4,0,1
p_7010,4,1,4,1,4,0,0,0,8,1,4,0,3,0,0,0,0,0,1,4,3,3
e_7011,1,0,2,1,3,0,1,1,2,0,4,0,0,0,0,0,0,1,0,4,0,1
p_7012,4,0,4,1,7,0,0,0,8,1,4,0,0,0,1,0,0,0,1,4,3,4
p_7013,3,0,0,1,4,0,0,0,8,1,4,0,3,0,0,0,0,0,1,4,3,4
p_7014,3,1,0,1,4,0,0,0,8,1,4,0,3,2,1,0,0,0,1,4,3,3
e_7015,4,0,3,1,3,0,1,1,3,0,4,0,3,0,0,0,0,1,0,4,0,1
e_7016,0,0,2,1,3,0,1,1,4,0,4,0,0,0,0,0,0,1,0,4,1,1
p_7017,3,1,4,1,6,0,0,0,8,1,4,0,0,0,1,0,0,0,1,4,3,4
p_7018,0,0,4,1,4,0,0,0,8,1,4,0,0,0,0,0,0,0,1,4,3,3
e_7019,0,2,2,1,3,0,1,1,2,0,4,2,3,0,0,0,0,1,0,4,0,1
e_7020,4,2,2,1,3,0,1,1,2,0,4,2,3,0,0,0,0,1,0,4,1,1
p_7021,3,0,4,1,7,0,0,0,8,1,4,2,3,2,0,0,0,0,1,4,3,3
e_7022,3,0,3,0,3,0,0,1,4,0,2,0,0,0,0,0,0,1,0,4,3,4
p_7023,4,0,4,1,6,0,0,0,8,1,4,2,0,0,1,0,0,0,1,4,3,3
p_7024,0,0,0,1,6,0,0,0,8,1,4,0,3,0,1,0,0,0,1,4,3,4
e_7025,4,0,0,1,3,1,0,1,10,0,4,0,0,6,7,0,1,0,0,8,5,6
e_7026,0,0,0,1,3,1,0,1,1,0,4,0,0,6,7,0,2,0,0,1,5,6
p_7027,4,1,4,1,7,0,0,0,8,1,4,2,0,0,0,0,0,0,1,4,3,6
p_7028,0,0,4,1,6,0,0,0,8,1,4,2,0,2,0,0,0,0,1,4,3,3
p_7029,0,0,0,1,7,0,0,0,8,1,4,2,0,0,1,0,0,0,1,4,3,3
p_7030,4,0,4,1,6,0,0,0,8,1,4,2,3,0,0,0,0,0,1,4,3,3
p_7031,0,0,0,1,6,0,0,0,8,1,4,0,3,0,0,0,0,0,1,4,3,6
e_7032,4,2,2,1,3,0,1,1,2,0,4,2,0,0,0,0,0,1,0,4,1,1
e_7033,4,0,0,1,3,1,0,1,11,0,4,0,0,6,7,0,1,0,0,1,5,6
p_7034,4,1,8,1,8,0,0,1,4,0,1,2,2,7,8,0,0,2,4,4,5,3
e_7035,0,2,3,1,3,0,1,1,2,0,4,0,0,0,0,0,0,1,0,4,0,1
e_7036,0,0,0,1,3,1,0,1,1,0,4,0,0,6,7,0,2,0,0,6,3,6
e_7037,0,0,0,1,3,1,0,1,10,0,4,0,0,6,7,0,2,0,0,8,3,6
p_7038,4,1,4,1,7,0,0,0,8,1,4,2,0,0,1,0,0,0,1,4,3,4
e_7039,4,2,2,1,3,0,1,1,3,0,4,0,0,0,0,0,0,1,0,4,1,1
e_7040,0,2,3,1,3,0,1,1,2,0,4,2,0,0,0,0,0,1,0,4,0,1
e_7041,3,0,0,1,3,1,0,1,11,0,4,0,0,6,7,0,2,0,0,1,3,6
p_7042,4,1,0,1,6,0,0,0,8,1,4,2,3,0,1,0,0,0,1,4,3,3
p_7043,4,1,0,1,7,0,0,0,8,1,4,2,0,2,0,0,0,0,1,4,3,6
p_7044,3,1,0,1,7,0,0,0,8,1,4,2,0,0,0,0,0,0,1,4,3,3
p_7045,3,1,4,1,6,0,0,0,8,1,4,2,0,0,1,0,0,0,1,4,3,4
e_7046,4,2,3,1,3,0,1,1,3,0,4,0,3,0,0,0,0,1,0,4,1,1
p_7047,3,1,4,1,7,0,0,0,8,1,4,2,3,0,1,0,0,0,1,4,3,3
p_7048,3,1,0,1,7,0,0,0,8,1,4,2,0,0,1,0,0,0,1,4,3,4
p_7049,4,0,4,1,7,0,0,0,8,1,4,2,0,2,1,0,0,0,1,4,3,6
e_7050,4,0,3,1,3,0,1,1,4,0,4,2,3,0,0,0,0,1,0,4,0,1
e_7051,1,0,0,1,3,1,0,1,10,0,4,0,0,6,7,0,1,0,0,7,5,6
p_7052,4,1,0,1,4,0,0,0,8,1,4,2,3,0,0,0,0,0,1,4,3,6
p_7053,0,0,0,1,7,0,0,0,8,1,4,2,0,2,1,0,0,0,1,4,3,4
e_7054,1,0,0,1,3,1,0,1,11,0,4,0,0,6,7,0,1,0,0,6,3,6
p_7055,4,0,0,1,6,0,0,0,8,1,4,2,0,0,0,0,0,0,1,4,3,3
p_7056,4,0,0,1,6,0,0,0,8,1,4,2,3,2,0,0,0,0,1,4,3,4
p_7057,4,0,4,1,7,0,0,0,8,1,4,0,3,0,0,0,0,0,1,4,3,6
p_7058,3,0,4,1,7,0,0,0,8,1,4,0,0,0,1,0,0,0,1,4,3,4
p_7059,0,0,4,1,7,0,0,0,8,1,4,0,0,2,1,0,0,0,1,4,3,4
p_7060,0,0,4,1,6,0,0,0,8,1,4,0,0,0,0,0,0,0,1,4,3,3
p_7061,0,0,0,1,7,0,0,0,8,1,4,0,0,2,0,0,0,0,1,4,3,3
p_7062,4,1,0,1,6,0,0,0,8,1,4,0,3,0,0,0,0,0,1,4,3,3
e_7063,0,0,5,0,3,0,0,1,4,0,2,0,0,0,0,0,0,1,0,4,4,4
p_7064,3,0,4,1,6,0,0,0,8,1,4,0,3,0,1,0,0,0,1,4,3,3
p_7065,0,1,0,1,8,1,0,1,4,0,1,2,2,7,8,0,0,2,4,4,5,3
p_7066,4,0,0,1,4,0,0,0,8,1,4,0,0,0,0,0,0,0,1,4,3,6
e_7067,4,0,3,1,3,0,1,1,2,0,4,2,3,0,0,0,0,1,0,4,0,1
p_7068,4,0,0,1,4,0,0,0,8,1,4,2,0,2,0,0,0,0,1,4,3,3
p_7069,3,1,0,1,6,0,0,0,8,1,4,2,3,2,0,0,0,0,1,4,3,4
p_7070,4,0,0,1,7,0,0,0,8,1,4,0,3,2,0,0,0,0,1,4,3,4
p_7071,4,1,4,1,6,0,0,0,8,1,4,0,3,2,0,0,0,0,1,4,3,3
p_7072,3,1,4,1,4,0,0,0,8,1,4,2,0,2,0,0,0,0,1,4,3,3
e_7073,3,0,8,0,3,0,0,1,4,0,2,0,0,0,0,0,0,1,0,4,4,4
p_7074,3,1,0,1,4,0,0,0,8,1,4,0,3,2,0,0,0,0,1,4,3,6
p_7075,4,0,4,1,4,0,0,0,8,1,4,0,3,0,1,0,0,0,1,4,3,3
p_7076,0,0,4,1,6,0,0,0,8,1,4,2,0,2,1,0,0,0,1,4,3,6
p_7077,3,1,4,1,6,0,0,0,8,1,4,2,3,2,1,0,0,0,1,4,3,6
p_7078,0,0,0,1,4,0,0,0,8,1,4,0,0,2,0,0,0,0,1,4,3,4
e_7079,3,0,0,1,3,1,0,1,10,0,4,0,0,6,7,0,1,0,0,1,5,6
p_7080,3,0,4,1,7,0,0,0,8,1,4,0,3,2,1,0,0,0,1,4,3,3
p_7081,0,1,4,1,7,0,0,0,8,1,4,0,3,2,0,0,0,0,1,4,3,4
p_7082,0,1,4,1,4,0,0,0,8,1,4,0,3,0,0,0,0,0,1,4,3,3
p_7083,0,0,4,1,7,0,0,0,8,1,4,2,3,2,1,0,0,0,1,4,3,4
p_7084,4,0,4,1,4,0,0,0,8,1,4,2,3,2,1,0,0,0,1,4,3,6
p_7085,0,0,4,1,6,0,0,0,8,1,4,0,0,0,1,0,0,0,1,4,3,6
e_7086,1,2,3,1,3,0,1,1,4,0,4,2,0,0,0,0,0,1,0,4,0,1
p_7087,4,1,4,1,7,0,0,0,8,1,4,2,0,2,0,0,0,0,1,4,3,4
p_7088,4,0,4,1,7,0,0,0,8,1,4,0,3,2,0,0,0,0,1,4,3,6
e_7089,4,2,3,1,3,0,1,1,2,0,4,0,0,0,0,0,0,1,0,4,1,1
e_7090,3,0,0,1,3,1,0,1,1,0,4,0,0,6,7,0,1,0,0,1,3,6
p_7091,3,1,0,1,8,0,0,1,4,0,1,2,2,7,8,0,0,2,4,4,5,3
p_7092,4,0,4,1,7,0,0,0,8,1,4,0,3,0,1,0,0,0,1,4,3,3
p_7093,3,0,0,1,4,0,0,0,8,1,4,2,3,0,0,0,0,0,1,4,3,6
p_7094,4,1,0,1,4,0,0,0,8,1,4,2,3,0,1,0,0,0,1,4,3,4
p_7095,4,0,4,1,6,0,0,0,8,1,4,0,0,0,1,0,0,0,1,4,3,6
p_7096,4,1,0,1,6,0,0,0,8,1,4,0,0,0,0,0,0,0,1,4,3,4
p_7097,4,1,0,1,6,0,0,0,8,1,4,0,3,0,1,0,0,0,1,4,3,6
e_7098,0,2,3,1,3,0,1,1,2,0,4,2,3,0,0,0,0,1,0,4,1,1
p_7099,4,1,4,1,4,0,0,0,8,1,4,2,3,0,1,0,0,0,1,4,3,4
p_7100,0,1,8,1,8,1,0,1,10,0,1,2,2,7,8,0,0,2,4,4,5,3
p_7101,4,1,4,1,7,0,0,0,8,1,4,2,3,0,1,0,0,0,1,4,3,4
p_7102,4,1,4,1,7,0,0,0,8,1,4,2,3,2,0,0,0,0,1,4,3,6
e_7103,1,0,2,1,3,0,1,1,3,0,4,0,3,0,0,0,0,1,0,4,0,1
p_7104,4,0,0,1,6,0,0,0,8,1,4,2,3,2,0,0,0,0,1,4,3,3
p_7105,0,0,4,1,6,0,0,0,8,1,4,0,3,2,1,0,0,0,1,4,3,4
p_7106,3,1,0,1,4,0,0,0,8,1,4,2,0,2,0,0,0,0,1,4,3,6
p_7107,3,0,4,1,6,0,0,0,8,1,4,2,3,2,1,0,0,0,1,4,3,4
p_7108,4,1,4,1,4,0,0,0,8,1,4,0,3,2,0,0,0,0,1,4,3,3
p_7109,4,1,4,1,4,0,0,0,8,1,4,2,0,0,1,0,0,0,1,4,3,3
e_7110,1,2,2,1,3,0,1,1,4,0,4,0,0,0,0,0,0,1,0,4,1,1
p_7111,4,1,0,1,8,1,0,1,4,0,1,2,2,7,8,0,0,2,4,4,5,3
p_7112,3,1,4,1,6,0,0,0,8,1,4,2,0,2,0,0,0,0,1,4,3,3
p_7113,4,0,0,1,4,0,0,0,8,1,4,0,3,0,1,0,0,0,1,4,3,4
p_7114,4,1,0,1,4,0,0,0,8,1,4,2,0,0,1,0,0,0,1,4,3,4
p_7115,0,0,4,1,7,0,0,0,8,1,4,2,3,0,0,0,0,0,1,4,3,6
e_7116,0,1,3,0,3,0,0,1,4,0,2,0,0,0,0,0,0,1,0,4,3,4
p_7117,3,0,0,1,6,0,0,0,8,1,4,2,0,2,0,0,0,0,1,4,3,3
p_7118,4,1,4,1,6,0,0,0,8,1,4,2,0,0,0,0,0,0,1,4,3,4
e_7119,4,2,2,1,3,0,1,1,4,0,4,2,3,0,0,0,0,1,0,4,1,1
p_7120,0,0,0,1,7,0,0,0,8,1,4,2,0,2,1,0,0,0,1,4,3,3
p_7121,4,1,0,1,6,0,0,0,8,1,4,0,0,2,0,0,0,0,1,4,3,3
p_7122,0,0,4,1,7,0,0,0,8,1,4,0,0,2,0,0,0,0,1,4,3,3
e_7123,4,0,2,1,3,0,1,1,4,0,4,0,3,0,0,0,0,1,0,4,1,1
p_7124,3,1,0,1,7,0,0,0,8,1,4,0,0,0,1,0,0,0,1,4,3,4
p_7125,4,0,4,1,7,0,0,0,8,1,4,2,3,0,1,0,0,0,1,4,3,4
p_7126,4,0,4,1,6,0,0,0,8,1,4,2,3,0,0,0,0,0,1,4,3,4
p_7127,3,1,4,1,4,0,0,0,8,1,4,0,3,2,1,0,0,0,1,4,3,6
e_7128,3,0,0,1,3,1,0,1,1,0,4,0,0,6,7,0,1,0,0,7,3,6
p_7129,3,1,0,1,6,0,0,0,8,1,4,2,3,2,0,0,0,0,1,4,3,3
p_7130,4,1,4,1,6,0,0,0,8,1,4,0,0,2,0,0,0,0,1,4,3,3
p_7131,4,0,4,1,6,0,0,0,8,1,4,0,3,0,0,0,0,0,1,4,3,3
p_7132,4,0,4,1,4,0,0,0,8,1,4,0,3,2,0,0,0,0,1,4,3,6
e_7133,1,0,0,1,3,1,0,1,11,0,4,0,0,6,7,0,2,0,0,8,3,6
e_7134,4,0,3,1,3,0,1,1,3,0,4,2,3,0,0,0,0,1,0,4,0,1
e_7135,0,0,0,1,3,1,0,1,1,0,4,0,0,6,7,0,2,0,0,1,3,6
e_7136,0,2,3,1,3,0,1,1,3,0,4,2,3,0,0,0,0,1,0,4,1,1
p_7137,4,0,4,1,6,0,0,0,8,1,4,0,0,0,1,0,0,0,1,4,3,3
p_7138,3,1,4,1,4,0,0,0,8,1,4,0,3,0,1,0,0,0,1,4,3,3
p_7139,4,0,0,1,7,0,0,0,8,1,4,2,3,2,0,0,0,0,1,4,3,3
p_7140,4,0,0,1,6,0,0,0,8,1,4,2,0,2,0,0,0,0,1,4,3,4
e_7141,1,0,2,1,3,0,1,1,3,0,4,2,0,0,0,0,0,1,0,4,1,1
p_7142,3,0,0,1,7,0,0,0,8,1,4,0,0,2,1,0,0,0,1,4,3,3
e_7143,1,2,3,1,3,0,1,1,3,0,4,0,3,0,0,0,0,1,0,4,1,1
p_7144,0,0,0,1,4,0,0,0,8,1,4,2,0,0,0,0,0,0,1,4,3,3
p_7145,0,1,4,1,4,0,0,0,8,1,4,0,3,0,0,0,0,0,1,4,3,6
p_7146,3,1,8,1,8,0,0,1,4,0,1,2,2,7,8,0,0,2,4,4,5,3
p_7147,3,0,0,1,7,0,0,0,8,1,4,0,0,0,1,0,0,0,1,4,3,3
p_7148,0,1,4,1,7,0,0,0,8,1,4,0,0,2,0,0,0,0,1,4,3,6
p_7149,3,0,0,1,7,0,0,0,8,1,4,2,3,0,0,0,0,0,1,4,3,6
p_7150,3,1,4,1,4,0,0,0,8,1,4,2,0,0,1,0,0,0,1,4,3,4
p_7151,3,0,4,1,4,0,0,0,8,1,4,2,3,0,1,0,0,0,1,4,3,6
p_7152,0,0,4,1,7,0,0,0,8,1,4,2,3,0,0,0,0,0,1,4,3,3
e_7153,4,0,3,1,3,0,1,1,4,0,4,2,0,0,0,0,0,1,0,4,0,1
p_7154,0,0,4,1,6,0,0,0,8,1,4,0,0,2,0,0,0,0,1,4,3,4
p_7155,4,0,0,1,6,0,0,0,8,1,4,2,0,0,1,0,0,0,1,4,3,6
p_7156,4,1,4,1,7,0,0,0,8,1,4,2,0,0,1,0,0,0,1,4,3,6
p_7157,0,0,0,1,6,0,0,0,8,1,4,2,3,0,1,0,0,0,1,4,3,4
e_7158,1,0,3,1,3,0,1,1,2,0,4,0,3,0,0,0,0,1,0,4,1,1
p_7159,0,0,0,1,7,0,0,0,8,1,4,0,0,0,1,0,0,0,1,4,3,6
p_7160,3,0,4,1,7,0,0,0,8,1,4,0,0,0,0,0,0,0,1,4,3,3
p_7161,4,0,0,1,7,0,0,0,8,1,4,0,0,2,0,0,0,0,1,4,3,3
e_7162,1,0,3,1,3,0,1,1,4,0,4,0,0,0,0,0,0,1,0,4,0,1
p_7163,0,0,0,1,6,0,0,0,8,1,4,2,3,2,1,0,0,0,1,4,3,4
p_7164,3,1,4,1,6,0,0,0,8,1,4,0,3,0,0,0,0,0,1,4,3,4
p_7165,3,0,4,1,6,0,0,0,8,1,4,0,3,2,0,0,0,0,1,4,3,3
p_7166,3,1,0,1,8,0,0,1,10,0,1,2,2,7,8,0,0,2,4,4,5,3
e_7167,1,2,3,1,3,0,1,1,2,0,4,2,0,0,0,0,0,1,0,4,0,1
p_7168,3,0,4,1,4,0,0,0,8,1,4,2,3,2,1,0,0,0,1,4,3,4
p_7169,4,0,0,1,4,0,0,0,8,1,4,0,3,2,1,0,0,0,1,4,3,6
e_7170,4,0,3,1,3,0,1,1,3,0,4,0,3,0,0,0,0,1,0,4,1,1
p_7171,4,1,0,1,4,0,0,0,8,1,4,2,3,2,1,0,0,0,1,4,3,6
p_7172,0,0,4,1,7,0,0,0,8,1,4,2,3,2,1,0,0,0,1,4,3,6
e_7173,1,0,0,1,3,1,0,1,10,0,4,0,0,6,7,0,2,0,0,7,5,6
p_7174,4,1,0,1,4,0,0,0,8,1,4,0,3,2,0,0,0,0,1,4,3,6
p_7175,3,1,0,1,7,0,0,0,8,1,4,2,3,0,0,0,0,0,1,4,3,6
e_7176,0,0,0,1,3,1,0,1,1,0,4,0,0,6,7,0,1,0,0,8,5,6
p_7177,4,0,0,1,4,0,0,0,8,1,4,2,3,2,0,0,0,0,1,4,3,6
p_7178,4,0,0,1,4,0,0,0,8,1,4,2,3,2,1,0,0,0,1,4,3,3
p_7179,4,0,0,1,7,0,0,0,8,1,4,2,0,2,1,0,0,0,1,4,3,4
p_7180,4,0,0,1,7,0,0,0,8,1,4,0,0,2,0,0,0,0,1,4,3,4
e_7181,3,1,8,0,3,0,0,1,4,0,2,0,0,0,0,0,0,1,0,4,4,4
e_7182,3,0,0,1,3,1,0,1,1,0,4,0,0,6,7,0,1,0,0,1,5,6
e_7183,1,0,2,1,3,0,1,1,2,0,4,2,3,0,0,0,0,1,0,4,1,1
p_7184,4,0,4,1,7,0,0,0,8,1,4,0,0,2,1,0,0,0,1,4,3,4
e_7185,1,0,3,1,3,0,1,1,4,0,4,0,0,0,0,0,0,1,0,4,1,1
p_7186,4,1,4,1,6,0,0,0,8,1,4,2,3,2,0,0,0,0,1,4,3,4
p_7187,4,1,0,1,7,0,0,0,8,1,4,0,0,0,0,0,0,0,1,4,3,3
e_7188,0,0,0,1,3,1,0,1,11,0,4,0,0,6,7,0,2,0,0,7,5,6
p_7189,0,0,4,1,6,0,0,0,8,1,4,2,0,0,0,0,0,0,1,4,3,4
p_7190,0,0,0,1,4,0,0,0,8,1,4,2,0,2,1,0,0,0,1,4,3,3
p_7191,3,0,4,1,6,0,0,0,8,1,4,2,0,0,0,0,0,0,1,4,3,6
p_7192,3,1,4,1,7,0,0,0,8,1,4,0,0,2,1,0,0,0,1,4,3,4
p_7193,0,1,4,1,7,0,0,0,8,1,4,2,0,2,1,0,0,0,1,4,3,4
p_7194,4,0,4,1,4,0,0,0,8,1,4,2,3,0,0,0,0,0,1,4,3,3
e_7195,4,1,0,1,3,0,0,1,4,0,2,3,2,3,4,0,0,1,0,4,4,3
p_7196,3,0,4,1,4,0,0,0,8,1,4,0,0,0,0,0,0,0,1,4,3,3
p_7197,4,0,0,1,7,0,0,0,8,1,4,2,3,2,0,0,0,0,1,4,3,4
p_7198,3,1,0,1,6,0,0,0,8,1,4,0,0,0,0,0,0,0,1,4,3,4
p_7199,3,0,4,1,4,0,0,0,8,1,4,2,0,2,1,0,0,0,1,4,3,3
e_7200,4,2,3,1,3,0,1,1,4,0,4,0,0,0,0,0,0,1,0,4,1,1
p_7201,4,0,0,1,4,0,0,0,8,1,4,0,3,0,1,0,0,0,1,4,3,3
e_7202,1,2,2,1,3,0,1,1,3,0,4,2,0,0,0,0,0,1,0,4,0,1
p_7203,4,0,4,1,6,0,0,0,8,1,4,2,3,2,0,0,0,0,1,4,3,6
e_7204,0,0,3,1,3,0,1,1,3,0,4,2,3,0,0,0,0,1,0,4,1,1
e_7205,4,0,0,1,3,1,0,1,10,0,4,0,0,6,7,0,2,0,0,7,5,6
p_7206,4,0,4,1,4,0,0,0,8,1,4,2,0,0,1,0,0,0,1,4,3,4
p_7207,4,1,0,1,4,0,0,0,8,1,4,0,0,0,1,0,0,0,1,4,3,6
e_7208,4,2,3,1,3,0,1,1,2,0,4,2,3,0,0,0,0,1,0,4,1,1
p_7209,0,0,0,1,6,0,0,0,8,1,4,0,0,2,1,0,0,0,1,4,3,6
p_7210,4,1,0,1,7,0,0,0,8,1,4,0,0,0,1,0,0,0,1,4,3,6
e_7211,0,2,2,1,3,0,1,1,2,0,4,2,0,0,0,0,0,1,0,4,1,1
p_7212,4,1,4,1,4,0,0,0,8,1,4,2,0,2,0,0,0,0,1,4,3,4
p_7213,4,0,4,1,4,0,0,0,8,1,4,2,0,2,1,0,0,0,1,4,3,6
p_7214,4,0,4,1,4,0,0,0,8,1,4,2,3,2,0,0,0,0,1,4,3,6
p_7215,4,1,4,1,7,0,0,0,8,1,4,2,0,0,0,0,0,0,1,4,3,4
p_7216,4,1,0,1,7,0,0,0,8,1,4,0,0,2,0,0,0,0,1,4,3,4
e_7217,4,0,3,1,3,0,1,1,2,0,4,2,3,0,0,0,0,1,0,4,1,1
p_7218,4,1,0,1,4,0,0,0,8,1,4,2,3,2,1,0,0,0,1,4,3,4
p_7219,4,0,4,1,4,0,0,0,8,1,4,0,0,0,1,0,0,0,1,4,3,6
e_7220,0,0,3,1,3,0,1,1,4,0,4,0,3,0,0,0,0,1,0,4,1,1
e_7221,3,0,0,1,3,1,0,1,10,0,4,0,0,6,7,0,2,0,0,7,3,6
e_7222,4,0,3,1,3,0,1,1,2,0,4,2,0,0,0,0,0,1,0,4,1,1
p_7223,0,0,4,1,7,0,0,0,8,1,4,2,0,0,1,0,0,0,1,4,3,4
p_7224,4,0,0,1,4,0,0,0,8,1,4,0,0,0,0,0,0,0,1,4,3,3
p_7225,4,0,0,1,7,0,0,0,8,1,4,0,3,0,1,0,0,0,1,4,3,4
e_7226,0,0,3,1,3,0,1,1,3,0,4,2,0,0,0,0,0,1,0,4,0,1
p_7227,4,1,4,1,7,0,0,0,8,1,4,2,3,2,1,0,0,0,1,4,3,4
e_7228,3,0,0,1,3,1,0,1,1,0,4,0,0,6,7,0,2,0,0,7,3,6
e_7229,4,0,2,1,3,0,1,1,4,0,4,2,3,0,0,0,0,1,0,4,1,1
p_7230,3,1,4,1,8,0,0,1,10,0,1,2,2,7,8,0,0,2,4,4,5,3
e_7231,1,0,3,1,3,0,1,1,2,0,4,2,3,0,0,0,0,1,0,4,0,1
p_7232,3,1,0,1,6,0,0,0,8,1,4,0,3,0,0,0,0,0,1,4,3,4
e_7233,1,0,0,1,3,1,0,1,11,0,4,0,0,6,7,0,1,0,0,8,5,6
e_7234,1,0,3,1,3,0,1,1,4,0,4,2,0,0,0,0,0,1,0,4,1,1
e_7235,4,0,0,1,3,1,0,1,1,0,4,0,0,6,7,0,2,0,0,7,5,6
e_7236,1,0,3,1,3,0,1,1,3,0,4,2,3,0,0,0,0,1,0,4,1,1
p_7237,4,0,0,1,4,0,0,0,8,1,4,2,0,0,0,0,0,0,1,4,3,6
p_7238,4,1,0,1,6,0,0,0,8,1,4,0,3,2,0,0,0,0,1,4,3,4
e_7239,3,0,0,1,3,1,0,1,1,0,4,0,0,6,7,0,1,0,0,6,5,6
p_7240,4,0,4,1,6,0,0,0,8,1,4,2,3,2,1,0,0,0,1,4,3,4
p_7241,3,0,4,1,6,0,0,0,8,1,4,0,3,0,1,0,0,0,1,4,3,4
p_7242,4,0,0,1,6,0,0,0,8,1,4,0,3,2,1,0,0,0,1,4,3,6
p_7243,4,0,0,1,7,0,0,0,8,1,4,0,3,0,1,0,0,0,1,4,3,6
e_7244,1,0,0,1,3,1,0,1,10,0,4,0,0,6,7,0,2,0,0,7,3,6
e_7245,4,2,3,1,3,0,1,1,4,0,4,2,3,0,0,0,0,1,0,4,0,1
e_7246,1,0,0,1,3,1,0,1,11,0,4,0,0,6,7,0,2,0,0,6,5,6
p_7247,4,0,0,1,7,0,0,0,8,1,4,2,0,2,0,0,0,0,1,4,3,6
p_7248,4,1,4,1,7,0,0,0,8,1,4,0,3,0,1,0,0,0,1,4,3,6
p_7249,4,1,4,1,6,0,0,0,8,1,4,2,0,2,1,0,0,0,1,4,3,4
p_7250,4,0,0,1,6,0,0,0,8,1,4,0,0,2,1,0,0,0,1,4,3,6
e_7251,3,0,0,1,3,1,0,1,1,0,4,0,0,6,7,0,2,0,0,1,5,6
p_7252,4,0,4,1,6,0,0,0,8,1,4,0,0,0,0,0,0,0,1,4,3,3
e_7253,0,0,0,1,3,1,0,1,11,0,4,0,0,6,7,0,2,0,0,6,3,6
p_7254,4,0,0,1,6,0,0,0,8,1,4,2,3,0,1,0,0,0,1,4,3,3
e_7255,4,0,2,1,3,0,1,1,3,0,4,0,0,0,0,0,0,1,0,4,0,1
p_7256,4,1,4,1,4,0,0,0,8,1,4,0,0,0,1,0,0,0,1,4,3,3
p_7257,4,1,0,1,4,0,0,0,8,1,4,2,3,2,0,0,0,0,1,4,3,3
e_7258,4,2,3,1,3,0,1,1,2,0,4,0,0,0,0,0,0,1,0,4,0,1
p_7259,3,0,0,1,6,0,0,0,8,1,4,2,0,2,0,0,0,0,1,4,3,4
e_7260,0,0,3,1,3,0,1,1,4,0,4,0,0,0,0,0,0,1,0,4,1,1
p_7261,4,1,0,1,4,0,0,0,8,1,4,0,3,2,0,0,0,0,1,4,3,4
p_7262,3,0,4,1,4,0,0,0,8,1,4,0,3,2,1,0,0,0,1,4,3,3
e_7263,0,2,2,1,3,0,1,1,3,0,4,2,3,0,0,0,0,1,0,4,1,1
p_7264,4,1,0,1,7,0,0,0,8,1,4,2,0,0,0,0,0,0,1,4,3,6
p_7265,3,1,0,1,8,1,0,1,4,0,1,2,2,7,8,0,0,2,4,4,5,3
e_7266,1,2,3,1,3,0,1,1,4,0,4,0,0,0,0,0,0,1,0,4,1,1
p_7267,4,1,4,1,6,0,0,0,8,1,4,2,3,0,1,0,0,0,1,4,3,4
p_7268,0,1,4,1,7,0,0,0,8,1,4,2,0,2,1,0,0,0,1,4,3,3
p_7269,4,0,4,1,6,0,0,0,8,1,4,2,3,0,1,0,0,0,1,4,3,6
e_7270,4,2,3,1,3,0,1,1,2,0,4,0,3,0,0,0,0,1,0,4,1,1
e_7271,4,2,2,1,3,0,1,1,3,0,4,0,0,0,0,0,0,1,0,4,0,1
p_7272,4,1,4,1,7,0,0,0,8,1,4,0,3,0,0,0,0,0,1,4,3,3
e_7273,4,0,3,1,3,0,1,1,2,0,4,0,0,0,0,0,0,1,0,4,1,1
p_7274,4,0,0,1,4,0,0,0,8,1,4,0,3,2,0,0,0,0,1,4,3,3
p_7275,4,1,0,1,6,0,0,0,8,1,4,0,0,2,0,0,0,0,1,4,3,6
e_7276,4,0,2,1,3,0,1,1,4,0,4,2,0,0,0,0,0,1,0,4,0,1
p_7277,4,1,4,1,6,0,0,0,8,1,4,2,3,2,0,0,0,0,1,4,3,6
e_7278,1,0,2,1,3,0,1,1,4,0,4,2,0,0,0,0,0,1,0,4,0,1
p_7279,4,0,0,1,6,0,0,0,8,1,4,0,3,2,1,0,0,0,1,4,3,3
e_7280,0,0,2,1,3,0,1,1,4,0,4,0,3,0,0,0,0,1,0,4,1,1
e_7281,1,0,0,1,3,1,0,1,1,0,4,0,0,6,7,0,2,0,0,1,3,6
p_7282,4,0,0,1,7,0,0,0,8,1,4,2,0,0,1,0,0,0,1,4,3,3
p_7283,4,1,4,1,4,0,0,0,8,1,4,0,3,2,0,0,0,0,1,4,3,4
e_7284,0,2,2,1,3,0,1,1,4,0,4,0,0,0,0,0,0,1,0,4,1,1
p_7285,0,1,4,1,8,1,0,1,10,0,1,2,2,7,8,0,0,2,4,4,5,3
p_7286,4,0,4,1,6,0,0,0,8,1,4,2,3,2,0,0,0,0,1,4,3,4
p_7287,4,0,0,1,4,0,0,0,8,1,4,2,3,0,0,0,0,0,1,4,3,6
p_7288,4,1,0,1,6,0,0,0,8,1,4,0,0,2,0,0,0,0,1,4,3,4
p_7289,4,0,4,1,4,0,0,0,8,1,4,0,3,0,0,0,0,0,1,4,3,3
e_7290,4,0,0,1,3,1,0,1,11,0,4,0,0,6,7,0,1,0,0,8,5,6
p_7291,4,1,0,1,4,0,0,0,8,1,4,2,0,2,0,0,0,0,1,4,3,6
e_7292,3,1,0,1,3,0,0,1,4,0,2,3,2,3,4,0,0,1,0,4,4,3
e_7293,4,0,3,1,3,0,1,1,4,0,4,0,0,0,0,0,0,1,0,4,1,1
p_7294,3,1,4,1,6,0,0,0,8,1,4,2,3,0,1,0,0,0,1,4,3,6
p_7295,4,1,1,1,3,0,1,0,10,0,1,3,2,8,6,0,3,0,1,4,5,6
p_7296,4,1,4,1,6,0,0,0,8,1,4,0,0,2,0,0,0,0,1,4,3,4
p_7297,4,0,4,1,7,0,0,0,8,1,4,2,3,2,1,0,0,0,1,4,3,6
p_7298,4,1,4,1,7,0,0,0,8,1,4,0,3,2,1,0,0,0,1,4,3,6
e_7299,1,0,0,1,3,1,0,1,11,0,4,0,0,6,7,0,1,0,0,1,5,6
e_7300,0,0,3,0,3,0,0,1,4,0,2,0,0,0,0,0,0,1,0,4,4,4
e_7301,4,0,3,1,3,0,1,1,3,0,4,2,0,0,0,0,0,1,0,4,1,1
p_7302,3,1,4,1,7,0,0,0,8,1,4,0,3,2,0,0,0,0,1,4,3,4
p_7303,4,0,4,1,7,0,0,0,8,1,4,2,3,0,0,0,0,0,1,4,3,4
p_7304,4,1,4,1,7,0,0,0,8,1,4,0,0,0,0,0,0,0,1,4,3,6
e_7305,1,2,2,1,3,0,1,1,4,0,4,2,3,0,0,0,0,1,0,4,1,1
e_7306,3,0,0,1,3,1,0,1,1,0,4,0,0,6,7,0,2,0,0,6,5,6
p_7307,4,0,0,1,6,0,0,0,8,1,4,2,3,0,0,0,0,0,1,4,3,4
p_7308,4,0,4,1,4,0,0,0,8,1,4,0,0,2,0,0,0,0,1,4,3,3
e_7309,0,2,2,1,3,0,1,1,2,0,4,2,0,0,0,0,0,1,0,4,0,1
p_7310,4,1,4,1,6,0,0,0,8,1,4,0,3,0,0,0,0,0,1,4,3,6
e_7311,0,2,2,1,3,0,1,1,2,0,4,0,0,0,0,0,0,1,0,4,0,1
p_7312,4,1,4,1,6,0,0,0,8,1,4,0,0,0,1,0,0,0,1,4,3,6
p_7313,4,1,0,1,7,0,0,0,8,1,4,0,3,0,0,0,0,0,1,4,3,4
e_7314,0,0,3,1,3,0,1,1,3,0,4,2,0,0,0,0,0,1,0,4,1,1
e_7315,0,0,2,1,3,0,1,1,2,0,4,0,3,0,0,0,0,1,0,4,1,1
p_7316,4,1,0,1,4,0,0,0,8,1,4,2,3,0,0,0,0,0,1,4,3,3
p_7317,4,0,0,1,4,0,0,0,8,1,4,2,0,0,1,0,0,0,1,4,3,6
p_7318,4,0,4,1,7,0,0,0,8,1,4,2,0,2,0,0,0,0,1,4,3,3
e_7319,1,2,2,1,3,0,1,1,3,0,4,2,3,0,0,0,0,1,0,4,1,1
p_7320,3,0,0,1,4,0,0,0,8,1,4,0,3,2,0,0,0,0,1,4,3,4
p_7321,4,0,4,1,6,0,0,0,8,1,4,2,3,2,0,0,0,0,1,4,3,3
p_7322,4,0,0,1,4,0,0,0,8,1,4,0,0,2,1,0,0,0,1,4,3,6
p_7323,0,1,0,1,8,0,0,1,10,0,1,2,2,7,8,0,0,2,4,4,5,3
p_7324,4,1,0,1,4,0,0,0,8,1,4,2,0,0,1,0,0,0,1,4,3,6
e_7325,3,0,0,1,3,1,0,1,11,0,4,0,0,6,7,0,1,0,0,7,5,6
p_7326,0,1,4,1,4,0,0,0,8,1,4,0,0,2,0,0,0,0,1,4,3,3
e_7327,3,0,0,1,3,1,0,1,10,0,4,0,0,6,7,0,1,0,0,7,3,6
e_7328,1,0,2,1,3,0,1,1,2,0,4,0,0,0,0,0,0,1,0,4,1,1
e_7329,1,0,3,1,3,0,1,1,3,0,4,0,0,0,0,0,0,1,0,4,1,1
p_7330,4,1,4,1,7,0,0,0,8,1,4,2,3,0,1,0,0,0,1,4,3,6
p_7331,4,0,0,1,6,0,0,0,8,1,4,2,3,0,0,0,0,0,1,4,3,3
p_7332,4,0,4,1,4,0,0,0,8,1,4,0,0,2,0,0,0,0,1,4,3,4
p_7333,4,0,4,1,6,0,0,0,8,1,4,2,3,2,1,0,0,0,1,4,3,3
e_7334,1,2,2,1,3,0,1,1,2,0,4,0,0,0,0,0,0,1,0,4,0,1
e_7335,4,0,3,1,3,0,1,1,3,0,4,0,0,0,0,0,0,1,0,4,1,1
p_7336,3,1,4,1,8,0,0,1,4,0,1,2,2,7,8,0,0,2,4,4,5,3
p_7337,4,1,0,1,4,0,0,0,8,1,4,0,0,0,1,0,0,0,1,4,3,3
p_7338,4,1,0,1,4,0,0,0,8,1,4,0,3,2,1,0,0,0,1,4,3,4
p_7339,3,0,4,1,6,0,0,0,8,1,4,0,0,0,0,0,0,0,1,4,3,3
p_7340,0,0,0,1,7,0,0,0,8,1,4,0,3,2,1,0,0,0,1,4,3,3
p_7341,4,1,0,1,7,0,0,0,8,1,4,2,3,2,1,0,0,0,1,4,3,4
p_7342,4,1,8,1,8,0,0,1,10,0,1,2,2,7,8,0,0,2,4,4,5,3
p_7343,4,1,0,1,7,0,0,0,8,1,4,0,3,2,0,0,0,0,1,4,3,3
e_7344,4,0,2,1,3,0,1,1,2,0,4,0,0,0,0,0,0,1,0,4,1,1
p_7345,3,1,0,1,6,0,0,0,8,1,4,2,3,0,1,0,0,0,1,4,3,6
e_7346,1,2,3,1,3,0,1,1,3,0,4,0,0,0,0,0,0,1,0,4,0,1
p_7347,3,0,4,1,4,0,0,0,8,1,4,0,3,0,0,0,0,0,1,4,3,3
p_7348,4,0,4,1,6,0,0,0,8,1,4,2,3,2,1,0,0,0,1,4,3,6
e_7349,4,0,3,1,3,0,1,1,3,0,4,2,0,0,0,0,0,1,0,4,0,1
e_7350,0,0,3,1,3,0,1,1,3,0,4,0,0,0,0,0,0,1,0,4,0,1
p_7351,4,0,4,1,6,0,0,0,8,1,4,2,0,0,1,0,0,0,1,4,3,6
e_7352,4,0,0,1,3,1,0,1,1,0,4,0,0,6,7,0,1,0,0,7,5,6
e_7353,3,1,5,0,3,0,0,1,4,0,2,0,0,0,0,0,0,1,0,4,4,4
e_7354,1,0,2,1,3,0,1,1,2,0,4,0,3,0,0,0,0,1,0,4,1,1
p_7355,3,1,0,1,7,0,0,0,8,1,4,0,3,2,0,0,0,0,1,4,3,6
p_7356,3,0,4,1,4,0,0,0,8,1,4,2,3,0,1,0,0,0,1,4,3,4
p_7357,4,0,4,1,4,0,0,0,8,1,4,0,0,2,1,0,0,0,1,4,3,6
e_7358,4,2,3,1,3,0,1,1,3,0,4,0,0,0,0,0,0,1,0,4,1,1
e_7359,0,2,2,1,3,0,1,1,3,0,4,2,3,0,0,0,0,1,0,4,0,1
e_7360,0,0,8,0,3,0,0,1,4,0,2,0,0,0,0,0,0,1,0,4,4,4
e_7361,4,2,3,1,3,0,1,1,4,0,4,0,0,0,0,0,0,1,0,4,0,1
p_7362,4,0,4,1,6,0,0,0,8,1,4,0,0,2,0,0,0,0,1,4,3,6
p_7363,4,1,4,1,6,0,0,0,8,1,4,0,0,0,1,0,0,0,1,4,3,4
p_7364,4,0,0,1,6,0,0,0,8,1,4,0,0,0,1,0,0,0,1,4,3,4
p_7365,0,1,4,1,4,0,0,0,8,1,4,0,3,0,1,0,0,0,1,4,3,4
e_7366,4,0,0,1,3,1,0,1,11,0,4,0,0,6,7,0,2,0,0,6,5,6
p_7367,3,1,1,1,3,0,1,0,4,0,1,3,2,8,6,0,3,0,1,4,5,6
p_7368,0,1,8,1,8,1,0,1,4,0,1,2,2,7,8,0,0,2,4,4,5,3
p_7369,0,0,0,1,6,0,0,0,8,1,4,0,0,0,0,0,0,0,1,4,3,3
e_7370,0,1,5,0,3,0,0,1,4,0,2,0,0,0,0,0,0,1,0,4,3,4
p_7371,4,1,0,1,7,0,0,0,8,1,4,0,3,2,1,0,0,0,1,4,3,4
e_7372,4,0,3,1,3,0,1,1,2,0,4,0,3,0,0,0,0,1,0,4,1,1
e_7373,1,0,3,1,3,0,1,1,3,0,4,0,3,0,0,0,0,1,0,4,0,1
p_7374,4,0,4,1,4,0,0,0,8,1,4,2,0,2,0,0,0,0,1,4,3,4
e_7375,0,0,0,1,3,1,0,1,11,0,4,0,0,6,7,0,1,0,0,8,3,6
e_7376,1,0,0,1,3,1,0,1,11,0,4,0,0,6,7,0,1,0,0,8,3,6
e_7377,3,0,0,0,3,0,0,1,4,0,2,0,0,0,0,0,0,1,0,4,4,4
e_7378,4,0,3,1,3,0,1,1,2,0,4,0,0,0,0,0,0,1,0,4,0,1
p_7379,3,0,0,1,6,0,0,0,8,1,4,2,0,2,1,0,0,0,1,4,3,3
p_7380,4,0,0,1,4,0,0,0,8,1,4,0,0,0,1,0,0,0,1,4,3,3
p_7381,3,1,0,1,7,0,0,0,8,1,4,2,0,2,1,0,0,0,1,4,3,6
p_7382,4,1,4,1,6,0,0,0,8,1,4,2,0,0,1,0,0,0,1,4,3,3
p_7383,4,0,0,1,4,0,0,0,8,1,4,2,0,2,1,0,0,0,1,4,3,6
p_7384,4,0,4,1,6,0,0,0,8,1,4,2,0,0,0,0,0,0,1,4,3,4
e_7385,1,0,2,1,3,0,1,1,4,0,4,2,0,0,0,0,0,1,0,4,1,1
p_7386,4,1,0,1,8,0,0,1,10,0,1,2,2,7,8,0,0,2,4,4,5,3
p_7387,4,1,4,1,6,0,0,0,8,1,4,0,0,0,1,0,0,0,1,4,3,3
e_7388,4,0,0,1,3,1,0,1,11,0,4,0,0,6,7,0,2,0,0,7,3,6
p_7389,4,0,4,1,4,0,0,0,8,1,4,0,3,2,0,0,0,0,1,4,3,4
e_7390,1,0,2,1,3,0,1,1,4,0,4,2,3,0,0,0,0,1,0,4,0,1
e_7391,0,0,3,1,3,0,1,1,3,0,4,2,3,0,0,0,0,1,0,4,0,1
p_7392,4,0,0,1,7,0,0,0,8,1,4,0,3,0,0,0,0,0,1,4,3,6
p_7393,4,1,0,1,6,0,0,0,8,1,4,0,0,2,1,0,0,0,1,4,3,4
p_7394,4,0,0,1,4,0,0,0,8,1,4,0,3,0,0,0,0,0,1,4,3,3
p_7395,4,1,4,1,4,0,0,0,8,1,4,0,0,2,1,0,0,0,1,4,3,4
p_7396,4,0,4,1,7,0,0,0,8,1,4,2,3,0,1,0,0,0,1,4,3,6
p_7397,4,1,0,1,6,0,0,0,8,1,4,0,3,0,0,0,0,0,1,4,3,4
e_7398,1,0,3,1,3,0,1,1,3,0,4,2,3,0,0,0,0,1,0,4,0,1
p_7399,4,1,4,1,6,0,0,0,8,1,4,0,3,2,1,0,0,0,1,4,3,4
e_7400,1,2,2,1,3,0,1,1,2,0,4,0,3,0,0,0,0,1,0,4,0,1
p_7401,5,1,1,1,3,0,1,0,10,0,1,3,2,8,6,0,3,0,1,4,5,6
p_7402,0,0,0,1,7,0,0,0,8,1,4,0,3,0,1,0,0,0,1,4,3,4
p_7403,4,1,4,1,6,0,0,0,8,1,4,2,3,2,1,0,0,0,1,4,3,6
e_7404,0,0,3,1,3,0,1,1,2,0,4,0,0,0,0,0,0,1,0,4,0,1
e_7405,1,0,0,1,3,1,0,1,1,0,4,0,0,6,7,0,1,0,0,7,3,6
p_7406,4,1,4,1,6,0,0,0,8,1,4,0,3,2,1,0,0,0,1,4,3,6
e_7407,1,0,0,1,3,1,0,1,11,0,4,0,0,6,7,0,2,0,0,1,5,6
p_7408,4,1,4,1,6,0,0,0,8,1,4,0,0,2,0,0,0,0,1,4,3,6
p_7409,4,1,4,1,4,0,0,0,8,1,4,2,3,2,1,0,0,0,1,4,3,6
p_7410,4,0,4,1,6,0,0,0,8,1,4,0,0,0,0,0,0,0,1,4,3,4
e_7411,1,0,3,1,3,0,1,1,3,0,4,0,0,0,0,0,0,1,0,4,0,1
e_7412,4,0,0,1,3,1,0,1,1,0,4,0,0,6,7,0,2,0,0,1,5,6
e_7413,1,0,0,1,3,1,0,1,10,0,4,0,0,6,7,0,1,0,0,1,3,6
p_7414,0,0,0,1,4,0,0,0,8,1,4,0,3,0,1,0,0,0,1,4,3,3
e_7415,0,0,3,0,3,0,0,1,4,0,2,0,0,0,0,0,0,1,0,4,3,4
e_7416,0,2,3,1,3,0,1,1,4,0,4,2,0,0,0,0,0,1,0,4,0,1
p_7417,4,0,0,1,7,0,0,0,8,1,4,2,0,2,1,0,0,0,1,4,3,6
e_7418,4,2,3,1,3,0,1,1,3,0,4,2,0,0,0,0,0,1,0,4,1,1
p_7419,4,0,0,1,4,0,0,0,8,1,4,2,0,0,1,0,0,0,1,4,3,4
p_7420,4,1,4,1,6,0,0,0,8,1,4,0,0,2,1,0,0,0,1,4,3,3
p_7421,4,1,0,1,7,0,0,0,8,1,4,0,0,2,0,0,0,0,1,4,3,3
e_7422,3,0,5,0,3,0,0,1,4,0,2,0,0,0,0,0,0,1,0,4,4,4
p_7423,4,1,0,1,4,0,0,0,8,1,4,2,0,0,1,0,0,0,1,4,3,3
p_7424,4,1,4,1,4,0,0,0,8,1,4,0,0,2,0,0,0,0,1,4,3,4
e_7425,3,0,0,1,3,1,0,1,10,0,4,0,0,6,7,0,1,0,0,8,5,6
p_7426,4,1,4,1,4,0,0,0,8,1,4,2,3,2,0,0,0,0,1,4,3,6
p_7427,4,1,0,1,6,0,0,0,8,1,4,2,3,0,0,0,0,0,1,4,3,3
p_7428,4,1,0,1,6,0,0,0,8,1,4,2,3,2,1,0,0,0,1,4,3,3
p_7429,3,1,0,1,7,0,0,0,8,1,4,0,3,0,0,0,0,0,1,4,3,4
p_7430,4,0,4,1,4,0,0,0,8,1,4,2,3,2,1,0,0,0,1,4,3,4
p_7431,4,1,4,1,7,0,0,0,8,1,4,2,3,2,1,0,0,0,1,4,3,6
e_7432,0,0,0,1,3,1,0,1,1,0,4,0,0,6,7,0,2,0,0,6,5,6
p_7433,3,0,4,1,7,0,0,0,8,1,4,2,0,0,1,0,0,0,1,4,3,4
e_7434,4,0,3,1,3,0,1,1,3,0,4,0,0,0,0,0,0,1,0,4,0,1
p_7435,4,0,4,1,7,0,0,0,8,1,4,0,0,2,1,0,0,0,1,4,3,6
p_7436,4,0,4,1,6,0,0,0,8,1,4,0,3,2,0,0,0,0,1,4,3,6
e_7437,3,0,0,1,3,1,0,1,1,0,4,0,0,6,7,0,2,0,0,6,3,6
p_7438,4,0,0,1,7,0,0,0,8,1,4,0,3,2,1,0,0,0,1,4,3,6
e_7439,0,2,3,1,3,0,1,1,3,0,4,0,3,0,0,0,0,1,0,4,0,1
e_7440,4,0,0,1,3,1,0,1,1,0,4,0,0,6,7,0,2,0,0,6,3,6
p_7441,3,0,4,1,7,0,0,0,8,1,4,0,0,2,1,0,0,0,1,4,3,4
p_7442,4,0,0,1,7,0,0,0,8,1,4,0,0,0,0,0,0,0,1,4,3,3
e_7443,3,1,0,0,3,0,0,1,4,0,2,0,0,0,0,0,0,1,0,4,4,4
e_7444,0,2,3,1,3,0,1,1,2,0,4,0,3,0,0,0,0,1,0,4,1,1
e_7445,4,0,2,1,3,0,1,1,4,0,4,2,0,0,0,0,0,1,0,4,1,1
e_7446,1,0,0,1,3,1,0,1,1,0,4,0,0,6,7,0,1,0,0,8,5,6
p_7447,4,1,4,1,7,0,0,0,8,1,4,2,3,0,0,0,0,0,1,4,3,4
p_7448,4,1,4,1,6,0,0,0,8,1,4,0,0,0,0,0,0,0,1,4,3,6
e_7449,4,1,0,1,3,0,0,1,4,0,2,3,2,3,4,0,0,1,0,4,4,4
e_7450,0,2,3,1,3,0,1,1,3,0,4,2,3,0,0,0,0,1,0,4,0,1
p_7451,4,0,0,1,4,0,0,0,8,1,4,2,3,0,0,0,0,0,1,4,3,4
p_7452,4,1,4,1,4,0,0,0,8,1,4,0,3,2,1,0,0,0,1,4,3,6
p_7453,4,1,0,1,4,0,0,0,8,1,4,0,3,0,0,0,0,0,1,4,3,3
p_7454,3,1,0,1,4,0,0,0,8,1,4,0,3,0,1,0,0,0,1,4,3,6
e_7455,3,0,0,1,3,1,0,1,10,0,4,0,0,6,7,0,1,0,0,8,3,6
p_7456,3,1,4,1,4,0,0,0,8,1,4,0,0,0,1,0,0,0,1,4,3,3
p_7457,4,0,0,1,7,0,0,0,8,1,4,0,3,2,1,0,0,0,1,4,3,4
p_7458,4,0,0,1,4,0,0,0,8,1,4,0,3,0,1,0,0,0,1,4,3,6
e_7459,1,0,0,1,3,1,0,1,1,0,4,0,0,6,7,0,2,0,0,7,5,6
e_7460,0,2,3,1,3,0,1,1,2,0,4,2,0,0,0,0,0,1,0,4,1,1
p_7461,4,0,0,1,7,0,0,0,8,1,4,0,3,0,0,0,0,0,1,4,3,4
p_7462,4,1,0,1,4,0,0,0,8,1,4,0,0,0,0,0,0,0,1,4,3,4
e_7463,0,0,3,1,3,0,1,1,4,0,4,0,0,0,0,0,0,1,0,4,0,1
p_7464,4,1,0,1,7,0,0,0,8,1,4,2,3,0,0,0,0,0,1,4,3,3
p_7465,4,0,4,1,7,0,0,0,8,1,4,2,0,0,1,0,0,0,1,4,3,3
p_7466,4,1,4,1,6,0,0,0,8,1,4,0,3,0,1,0,0,0,1,4,3,6
e_7467,1,0,0,1,3,1,0,1,11,0,4,0,0,6,7,0,1,0,0,6,5,6
e_7468,1,0,3,1,3,0,1,1,2,0,4,0,3,0,0,0,0,1,0,4,0,1
p_7469,0,1,4,1,8,1,0,1,4,0,1,2,2,7,8,0,0,2,4,4,5,3
p_7470,4,0,0,1,4,0,0,0,8,1,4,2,0,2,1,0,0,0,1,4,3,4
p_7471,4,1,4,1,4,0,0,0,8,1,4,2,0,2,1,0,0,0,1,4,3,3
p_7472,4,1,4,1,6,0,0,0,8,1,4,0,3,0,1,0,0,0,1,4,3,3
p_7473,4,0,0,1,4,0,0,0,8,1,4,2,3,0,1,0,0,0,1,4,3,3
p_7474,4,1,4,1,7,0,0,0,8,1,4,2,0,2,1,0,0,0,1,4,3,6
p_7475,4,0,4,1,7,0,0,0,8,1,4,0,0,2,0,0,0,0,1,4,3,3
p_7476,0,0,4,1,6,0,0,0,8,1,4,2,0,2,0,0,0,0,1,4,3,4
p_7477,4,0,4,1,7,0,0,0,8,1,4,0,0,0,1,0,0,0,1,4,3,3
p_7478,4,0,0,1,6,0,0,0,8,1,4,0,0,2,0,0,0,0,1,4,3,3
e_7479,1,2,3,1,3,0,1,1,4,0,4,2,3,0,0,0,0,1,0,4,0,1
p_7480,4,1,0,1,8,1,0,1,10,0,1,2,2,7,8,0,0,2,4,4,5,3
e_7481,3,0,0,0,3,0,0,1,4,0,2,0,0,0,0,0,0,1,0,4,3,4
p_7482,4,0,0,1,6,0,0,0,8,1,4,2,3,2,1,0,0,0,1,4,3,4
p_7483,3,1,1,1,3,0,1,0,10,0,1,3,2,8,6,0,3,0,1,4,5,6
p_7484,4,0,0,1,7,0,0,0,8,1,4,2,0,0,0,0,0,0,1,4,3,6
p_7485,3,1,4,1,8,1,0,1,10,0,1,2,2,7,8,0,0,2,4,4,5,3
e_7486,0,2,3,1,3,0,1,1,3,0,4,0,0,0,0,0,0,1,0,4,1,1
p_7487,4,1,0,1,6,0,0,0,8,1,4,0,3,2,0,0,0,0,1,4,3,3
p_7488,4,0,0,1,7,0,0,0,8,1,4,2,0,0,1,0,0,0,1,4,3,6
p_7489,3,1,0,1,6,0,0,0,8,1,4,0,0,2,1,0,0,0,1,4,3,3
e_7490,3,0,0,1,3,1,0,1,1,0,4,0,0,6,7,0,2,0,0,7,5,6
p_7491,4,1,0,1,7,0,0,0,8,1,4,0,0,2,1,0,0,0,1,4,3,3
p_7492,3,1,0,1,4,0,0,0,8,1,4,2,3,2,0,0,0,0,1,4,3,3
p_7493,4,0,0,1,7,0,0,0,8,1,4,2,3,0,0,0,0,0,1,4,3,4
p_7494,3,1,4,1,7,0,0,0,8,1,4,0,3,2,0,0,0,0,1,4,3,6
p_7495,4,0,0,1,7,0,0,0,8,1,4,2,3,0,1,0,0,0,1,4,3,4
p_7496,0,1,4,1,7,0,0,0,8,1,4,0,0,2,1,0,0,0,1,4,3,3
p_7497,4,1,0,1,6,0,0,0,8,1,4,0,3,2,1,0,0,0,1,4,3,4
e_7498,0,0,2,1,3,0,1,1,3,0,4,2,0,0,0,0,0,1,0,4,0,1
e_7499,0,0,3,1,3,0,1,1,2,0,4,0,3,0,0,0,0,1,0,4,0,1
e_7500,0,2,2,1,3,0,1,1,4,0,4,2,3,0,0,0,0,1,0,4,0,1
p_7501,4,0,0,1,7,0,0,0,8,1,4,2,0,2,0,0,0,0,1,4,3,3
p_7502,4,0,4,1,4,0,0,0,8,1,4,2,3,0,1,0,0,0,1,4,3,3
p_7503,4,1,4,1,6,0,0,0,8,1,4,0,3,2,0,0,0,0,1,4,3,4
p_7504,4,0,4,1,4,0,0,0,8,1,4,0,0,2,1,0,0,0,1,4,3,3
p_7505,4,0,0,1,6,0,0,0,8,1,4,2,0,2,1,0,0,0,1,4,3,4
p_7506,4,1,0,1,4,0,0,0,8,1,4,2,3,0,1,0,0,0,1,4,3,6
p_7507,4,1,4,1,6,0,0,0,8,1,4,0,0,0,0,0,0,0,1,4,3,4
p_7508,4,0,0,1,6,0,0,0,8,1,4,0,3,0,0,0,0,0,1,4,3,3
p_7509,4,0,4,1,7,0,0,0,8,1,4,0,3,0,0,0,0,0,1,4,3,3
e_7510,3,0,0,1,3,1,0,1,11,0,4,0,0,6,7,0,1,0,0,6,5,6
p_7511,3,0,0,1,7,0,0,0,8,1,4,0,0,0,0,0,0,0,1,4,3,3
p_7512,4,0,0,1,7,0,0,0,8,1,4,2,3,2,0,0,0,0,1,4,3,6
e_7513,0,0,3,1,3,0,1,1,2,0,4,2,0,0,0,0,0,1,0,4,1,1
e_7514,0,2,2,1,3,0,1,1,3,0,4,0,0,0,0,0,0,1,0,4,1,1
p_7515,4,1,0,1,7,0,0,0,8,1,4,0,0,0,1,0,0,0,1,4,3,3
e_7516,0,0,0,1,3,1,0,1,1,0,4,0,0,6,7,0,1,0,0,6,5,6
p_7517,4,1,0,1,7,0,0,0,8,1,4,2,3,0,1,0,0,0,1,4,3,6
p_7518,4,1,0,1,7,0,0,0,8,1,4,0,0,2,0,0,0,0,1,4,3,6
p_7519,4,1,0,1,7,0,0,0,8,1,4,0,0,0,1,0,0,0,1,4,3,4
p_7520,4,1,4,1,7,0,0,0,8,1,4,2,0,2,0,0,0,0,1,4,3,6
p_7521,4,0,0,1,4,0,0,0,8,1,4,2,3,2,1,0,0,0,1,4,3,6
e_7522,1,0,0,1,3,1,0,1,10,0,4,0,0,6,7,0,1,0,0,8,5,6
e_7523,3,0,0,1,3,1,0,1,11,0,4,0,0,6,7,0,2,0,0,1,5,6
e_7524,1,0,2,1,3,0,1,1,2,0,4,2,3,0,0,0,0,1,0,4,0,1
p_7525,4,0,0,1,6,0,0,0,8,1,4,2,3,2,0,0,0,0,1,4,3,6
e_7526,0,0,0,1,3,1,0,1,1,0,4,0,0,6,7,0,1,0,0,1,5,6
p_7527,4,1,0,1,7,0,0,0,8,1,4,2,0,2,0,0,0,0,1,4,3,3
e_7528,1,2,3,1,3,0,1,1,2,0,4,2,3,0,0,0,0,1,0,4,0,1
e_7529,1,0,3,1,3,0,1,1,3,0,4,2,0,0,0,0,0,1,0,4,1,1
p_7530,0,0,0,1,7,0,0,0,8,1,4,2,3,0,1,0,0,0,1,4,3,3
e_7531,0,0,0,1,3,1,0,1,1,0,4,0,0,6,7,0,2,0,0,8,5,6
e_7532,0,0,2,1,3,0,1,1,3,0,4,0,3,0,0,0,0,1,0,4,1,1
e_7533,0,0,0,1,3,0,0,1,4,0,2,3,2,3,4,0,0,1,0,4,4,4
e_7534,4,0,3,1,3,0,1,1,2,0,4,0,3,0,0,0,0,1,0,4,0,1
e_7535,0,0,2,1,3,0,1,1,2,0,4,2,3,0,0,0,0,1,0,4,1,1
p_7536,3,1,8,1,8,0,0,1,10,0,1,2,2,7,8,0,0,2,4,4,5,3
e_7537,0,0,0,1,3,1,0,1,10,0,4,0,0,6,7,0,2,0,0,7,5,6
p_7538,4,0,4,1,6,0,0,0,8,1,4,0,3,2,1,0,0,0,1,4,3,6
p_7539,4,1,4,1,7,0,0,0,8,1,4,0,3,2,0,0,0,0,1,4,3,6
e_7540,0,0,2,1,3,0,1,1,3,0,4,2,0,0,0,0,0,1,0,4,1,1
e_7541,4,2,2,1,3,0,1,1,2,0,4,2,3,0,0,0,0,1,0,4,0,1
e_7542,1,2,3,1,3,0,1,1,3,0,4,2,0,0,0,0,0,1,0,4,0,1
e_7543,4,0,0,1,3,1,0,1,1,0,4,0,0,6,7,0,2,0,0,8,3,6
p_7544,4,1,0,1,4,0,0,0,8,1,4,0,0,2,1,0,0,0,1,4,3,4
p_7545,3,1,4,1,7,0,0,0,8,1,4,2,3,2,1,0,0,0,1,4,3,4
p_7546,4,0,4,1,7,0,0,0,8,1,4,0,3,2,1,0,0,0,1,4,3,6
e_7547,4,0,0,1,3,1,0,1,10,0,4,0,0,6,7,0,1,0,0,1,3,6
e_7548,3,0,5,0,3,0,0,1,4,0,2,0,0,0,0,0,0,1,0,4,3,4
p_7549,4,1,0,1,4,0,0,0,8,1,4,2,3,0,0,0,0,0,1,4,3,4
e_7550,1,0,2,1,3,0,1,1,2,0,4,2,0,0,0,0,0,1,0,4,0,1
p_7551,4,0,4,1,6,0,0,0,8,1,4,0,0,0,1,0,0,0,1,4,3,4
e_7552,4,0,2,1,3,0,1,1,3,0,4,2,3,0,0,0,0,1,0,4,0,1
p_7553,4,1,0,1,7,0,0,0,8,1,4,0,3,2,1,0,0,0,1,4,3,6
p_7554,4,0,0,1,7,0,0,0,8,1,4,0,0,2,0,0,0,0,1,4,3,6
e_7555,3,0,0,1,3,1,0,1,10,0,4,0,0,6,7,0,2,0,0,8,5,6
p_7556,4,0,0,1,6,0,0,0,8,1,4,2,3,0,1,0,0,0,1,4,3,6
p_7557,4,1,4,1,4,0,0,0,8,1,4,2,3,2,1,0,0,0,1,4,3,3
e_7558,0,0,0,1,3,1,0,1,1,0,4,0,0,6,7,0,1,0,0,7,3,6
e_7559,0,2,2,1,3,0,1,1,2,0,4,2,3,0,0,0,0,1,0,4,1,1
e_7560,0,2,3,1,3,0,1,1,4,0,4,2,0,0,0,0,0,1,0,4,1,1
e_7561,0,0,0,1,3,1,0,1,1,0,4,0,0,6,7,0,1,0,0,8,3,6
p_7562,4,0,0,1,6,0,0,0,8,1,4,0,0,2,1,0,0,0,1,4,3,4
p_7563,4,1,4,1,6,0,0,0,8,1,4,2,3,0,0,0,0,0,1,4,3,4
e_7564,0,0,2,1,3,0,1,1,2,0,4,0,0,0,0,0,0,1,0,4,0,1
p_7565,4,1,4,1,6,0,0,0,8,1,4,2,0,2,1,0,0,0,1,4,3,3
e_7566,0,2,3,1,3,0,1,1,4,0,4,0,0,0,0,0,0,1,0,4,0,1
p_7567,4,0,0,1,7,0,0,0,8,1,4,2,3,2,1,0,0,0,1,4,3,6
p_7568,3,1,0,1,4,0,0,0,8,1,4,0,3,0,0,0,0,0,1,4,3,3
p_7569,4,0,4,1,7,0,0,0,8,1,4,2,0,0,0,0,0,0,1,4,3,3
e_7570,4,0,0,1,3,0,0,1,4,0,2,3,2,3,4,0,0,1,0,4,4,4
p_7571,4,0,4,1,6,0,0,0,8,1,4,2,0,0,0,0,0,0,1,4,3,6
p_7572,4,0,0,1,6,0,0,0,8,1,4,2,0,0,0,0,0,0,1,4,3,4
e_7573,1,0,3,1,3,0,1,1,2,0,4,0,0,0,0,0,0,1,0,4,0,1
p_7574,4,1,0,1,7,0,0,0,8,1,4,2,3,2,0,0,0,0,1,4,3,6
p_7575,4,0,0,1,4,0,0,0,8,1,4,2,0,0,0,0,0,0,1,4,3,4
e_7576,4,2,3,1,3,0,1,1,4,0,4,2,0,0,0,0,0,1,0,4,1,1
p_7577,4,1,0,1,4,0,0,0,8,1,4,0,3,2,1,0,0,0,1,4,3,6
p_7578,4,0,4,1,6,0,0,0,8,1,4,0,3,0,1,0,0,0,1,4,3,6
p_7579,4,1,0,1,7,0,0,0,8,1,4,2,0,2,1,0,0,0,1,4,3,4
p_7580,4,0,4,1,6,0,0,0,8,1,4,0,0,2,1,0,0,0,1,4,3,3
e_7581,4,2,2,1,3,0,1,1,2,0,4,0,3,0,0,0,0,1,0,4,1,1
p_7582,4,1,4,1,6,0,0,0,8,1,4,2,0,2,0,0,0,0,1,4,3,3
p_7583,4,1,4,1,7,0,0,0,8,1,4,2,3,2,0,0,0,0,1,4,3,3
e_7584,1,2,2,1,3,0,1,1,2,0,4,2,0,0,0,0,0,1,0,4,0,1
e_7585,0,0,3,1,3,0,1,1,2,0,4,0,0,0,0,0,0,1,0,4,1,1
e_7586,1,0,3,1,3,0,1,1,4,0,4,2,0,0,0,0,0,1,0,4,0,1
p_7587,4,1,4,1,7,0,0,0,8,1,4,0,3,2,1,0,0,0,1,4,3,4
p_7588,4,0,0,1,6,0,0,0,8,1,4,0,3,0,0,0,0,0,1,4,3,4
p_7589,4,1,4,1,6,0,0,0,8,1,4,2,3,0,0,0,0,0,1,4,3,3
e_7590,1,0,2,1,3,0,1,1,4,0,4,0,3,0,0,0,0,1,0,4,0,1
p_7591,3,0,4,1,4,0,0,0,8,1,4,0,0,2,0,0,0,0,1,4,3,3
p_7592,4,0,0,1,7,0,0,0,8,1,4,2,3,0,1,0,0,0,1,4,3,3
e_7593,4,0,2,1,3,0,1,1,3,0,4,0,3,0,0,0,0,1,0,4,0,1
p_7594,4,1,4,1,6,0,0,0,8,1,4,0,3,2,1,0,0,0,1,4,3,3
p_7595,4,0,4,1,4,0,0,0,8,1,4,2,0,0,0,0,0,0,1,4,3,6
p_7596,4,0,0,1,7,0,0,0,8,1,4,0,3,2,1,0,0,0,1,4,3,3
e_7597,0,0,0,0,3,0,0,1,4,0,2,0,0,0,0,0,0,1,0,4,3,4
p_7598,4,0,0,1,4,0,0,0,8,1,4,2,3,0,1,0,0,0,1,4,3,4
p_7599,4,1,4,1,4,0,0,0,8,1,4,2,3,2,1,0,0,0,1,4,3,4
p_7600,1,1,1,1,3,0,1,0,4,0,1,3,2,8,6,0,3,0,1,4,5,6
p_7601,4,1,4,1,4,0,0,0,8,1,4,2,3,0,1,0,0,0,1,4,3,6
e_7602,0,0,0,0,3,0,0,1,4,0,2,0,0,0,0,0,0,1,0,4,4,4
p_7603,4,0,4,1,4,0,0,0,8,1,4,0,0,2,1,0,0,0,1,4,3,4
e_7604,4,2,3,1,3,0,1,1,3,0,4,2,3,0,0,0,0,1,0,4,0,1
p_7605,4,0,4,1,7,0,0,0,8,1,4,0,0,2,1,0,0,0,1,4,3,3
p_7606,4,0,4,1,4,0,0,0,8,1,4,2,3,2,0,0,0,0,1,4,3,3
p_7607,4,0,0,1,6,0,0,0,8,1,4,0,0,0,1,0,0,0,1,4,3,6
p_7608,4,1,0,1,6,0,0,0,8,1,4,0,0,0,1,0,0,0,1,4,3,6
e_7609,0,2,3,1,3,0,1,1,3,0,4,2,0,0,0,0,0,1,0,4,1,1
e_7610,1,0,2,1,3,0,1,1,2,0,4,2,0,0,0,0,0,1,0,4,1,1
p_7611,4,1,4,1,7,0,0,0,8,1,4,2,0,0,1,0,0,0,1,4,3,3
e_7612,1,0,0,1,3,1,0,1,10,0,4,0,0,6,7,0,2,0,0,1,5,6
p_7613,4,1,4,1,6,0,0,0,8,1,4,2,3,2,1,0,0,0,1,4,3,4
p_7614,4,0,4,1,6,0,0,0,8,1,4,0,3,2,1,0,0,0,1,4,3,4
e_7615,1,0,3,1,3,0,1,1,2,0,4,2,0,0,0,0,0,1,0,4,0,1
p_7616,4,0,4,1,6,0,0,0,8,1,4,0,0,2,0,0,0,0,1,4,3,4
e_7617,1,0,0,1,3,1,0,1,1,0,4,0,0,6,7,0,1,0,0,6,3,6
p_7618,3,0,0,1,6,0,0,0,8,1,4,0,0,2,1,0,0,0,1,4,3,4
p_7619,4,0,4,1,6,0,0,0,8,1,4,2,0,0,0,0,0,0,1,4,3,3
p_7620,4,0,0,1,6,0,0,0,8,1,4,2,0,0,0,0,0,0,1,4,3,6
p_7621,4,1,0,1,6,0,0,0,8,1,4,0,0,2,1,0,0,0,1,4,3,6
e_7622,1,2,3,1,3,0,1,1,2,0,4,0,0,0,0,0,0,1,0,4,1,1
e_7623,4,0,2,1,3,0,1,1,2,0,4,0,0,0,0,0,0,1,0,4,0,1
p_7624,4,0,0,1,6,0,0,0,8,1,4,0,3,2,0,0,0,0,1,4,3,6
p_7625,3,1,0,1,4,0,0,0,8,1,4,2,3,2,1,0,0,0,1,4,3,3
e_7626,0,0,2,1,3,0,1,1,3,0,4,2,3,0,0,0,0,1,0,4,0,1
e_7627,0,0,0,1,3,1,0,1,11,0,4,0,0,6,7,0,2,0,0,8,5,6
p_7628,4,0,0,1,7,0,0,0,8,1,4,2,0,0,0,0,0,0,1,4,3,4
p_7629,4,1,0,1,7,0,0,0,8,1,4,0,0,0,0,0,0,0,1,4,3,6
e_7630,4,0,0,1,3,1,0,1,11,0,4,0,0,6,7,0,2,0,0,8,3,6
e_7631,1,2,2,1,3,0,1,1,4,0,4,2,3,0,0,0,0,1,0,4,0,1
e_7632,0,0,2,1,3,0,1,1,4,0,4,2,3,0,0,0,0,1,0,4,1,1
p_7633,3,1,4,1,6,0,0,0,8,1,4,0,0,2,0,0,0,0,1,4,3,4
p_7634,4,1,4,1,4,0,0,0,8,1,4,0,0,0,1,0,0,0,1,4,3,6
p_7635,0,1,4,1,8,0,0,1,10,0,1,2,2,7,8,0,0,2,4,4,5,3
e_7636,3,0,0,1,3,1,0,1,10,0,4,0,0,6,7,0,1,0,0,7,5,6
p_7637,4,0,0,1,4,0,0,0,8,1,4,0,3,2,1,0,0,0,1,4,3,3
p_7638,0,0,0,1,7,0,0,0,8,1,4,2,3,2,0,0,0,0,1,4,3,3
p_7639,4,1,4,1,7,0,0,0,8,1,4,0,3,2,0,0,0,0,1,4,3,3
e_7640,1,0,2,1,3,0,1,1,3,0,4,0,0,0,0,0,0,1,0,4,0,1
e_7641,1,0,3,1,3,0,1,1,3,0,4,2,0,0,0,0,0,1,0,4,0,1
e_7642,4,2,3,1,3,0,1,1,2,0,4,2,0,0,0,0,0,1,0,4,1,1
e_7643,4,2,3,1,3,0,1,1,3,0,4,2,3,0,0,0,0,1,0,4,1,1
e_7644,0,2,2,1,3,0,1,1,4,0,4,2,0,0,0,0,0,1,0,4,1,1
p_7645,4,1,4,1,7,0,0,0,8,1,4,2,0,2,1,0,0,0,1,4,3,4
p_7646,3,1,4,1,7,0,0,0,8,1,4,2,0,2,1,0,0,0,1,4,3,6
p_7647,4,1,4,1,7,0,0,0,8,1,4,0,0,2,0,0,0,0,1,4,3,6
p_7648,3,0,0,1,4,0,0,0,8,1,4,2,3,2,0,0,0,0,1,4,3,6
e_7649,1,0,2,1,3,0,1,1,3,0,4,2,0,0,0,0,0,1,0,4,0,1
e_7650,4,0,2,1,3,0,1,1,4,0,4,2,3,0,0,0,0,1,0,4,0,1
e_7651,1,2,2,1,3,0,1,1,3,0,4,0,0,0,0,0,0,1,0,4,1,1
e_7652,3,0,0,1,3,1,0,1,1,0,4,0,0,6,7,0,1,0,0,8,5,6
p_7653,4,1,4,1,7,0,0,0,8,1,4,0,0,2,0,0,0,0,1,4,3,3
p_7654,4,0,0,1,4,0,0,0,8,1,4,0,0,0,0,0,0,0,1,4,3,4
p_7655,4,0,0,1,6,0,0,0,8,1,4,0,3,0,1,0,0,0,1,4,3,4
p_7656,3,1,0,1,6,0,0,0,8,1,4,0,3,0,1,0,0,0,1,4,3,3
p_7657,0,0,4,1,4,0,0,0,8,1,4,2,3,2,0,0,0,0,1,4,3,6
e_7658,3,0,0,1,3,1,0,1,10,0,4,0,0,6,7,0,2,0,0,6,3,6
e_7659,4,2,2,1,3,0,1,1,4,0,4,0,3,0,0,0,0,1,0,4,0,1
p_7660,4,0,0,1,6,0,0,0,8,1,4,2,0,0,1,0,0,0,1,4,3,3
p_7661,0,0,0,1,6,0,0,0,8,1,4,2,0,0,0,0,0,0,1,4,3,3
e_7662,1,2,3,1,3,0,1,1,4,0,4,0,3,0,0,0,0,1,0,4,0,1
p_7663,4,1,0,1,7,0,0,0,8,1,4,2,3,2,1,0,0,0,1,4,3,3
e_7664,1,0,0,1,3,1,0,1,11,0,4,0,0,6,7,0,2,0,0,7,5,6
e_7665,3,0,0,1,3,1,0,1,10,0,4,0,0,6,7,0,2,0,0,1,3,6
p_7666,4,1,4,1,7,0,0,0,8,1,4,2,3,2,0,0,0,0,1,4,3,4
p_7667,4,0,4,1,7,0,0,0,8,1,4,2,3,2,1,0,0,0,1,4,3,3
p_7668,4,1,0,1,7,0,0,0,8,1,4,2,0,2,0,0,0,0,1,4,3,4
p_7669,4,1,4,1,7,0,0,0,8,1,4,0,3,0,0,0,0,0,1,4,3,4
p_7670,4,1,0,1,4,0,0,0,8,1,4,2,3,2,1,0,0,0,1,4,3,3
e_7671,0,0,3,1,3,0,1,1,4,0,4,2,3,0,0,0,0,1,0,4,0,1
p_7672,4,1,0,1,4,0,0,0,8,1,4,0,0,0,0,0,0,0,1,4,3,3
e_7673,3,1,8,0,3,0,0,1,4,0,2,0,0,0,0,0,0,1,0,4,3,4
e_7674,1,0,0,1,3,1,0,1,1,0,4,0,0,6,7,0,1,0,0,1,3,6
p_7675,4,0,4,1,6,0,0,0,8,1,4,0,3,0,0,0,0,0,1,4,3,6
p_7676,4,0,0,1,4,0,0,0,8,1,4,0,0,2,0,0,0,0,1,4,3,3
p_7677,4,1,0,1,4,0,0,0,8,1,4,0,0,0,1,0,0,0,1,4,3,4
e_7678,1,2,3,1,3,0,1,1,2,0,4,0,3,0,0,0,0,1,0,4,0,1
p_7679,4,1,0,1,7,0,0,0,8,1,4,2,3,0,0,0,0,0,1,4,3,4
e_7680,1,2,2,1,3,0,1,1,3,0,4,2,3,0,0,0,0,1,0,4,0,1
p_7681,4,0,4,1,4,0,0,0,8,1,4,0,3,2,1,0,0,0,1,4,3,6
e_7682,0,0,2,1,3,0,1,1,3,0,4,0,3,0,0,0,0,1,0,4,0,1
p_7683,4,1,4,1,4,0,0,0,8,1,4,0,3,0,0,0,0,0,1,4,3,6
p_7684,4,1,4,1,7,0,0,0,8,1,4,0,3,2,1,0,0,0,1,4,3,3
e_7685,0,0,2,1,3,0,1,1,4,0,4,2,0,0,0,0,0,1,0,4,1,1
p_7686,4,1,4,1,4,0,0,0,8,1,4,0,0,0,0,0,0,0,1,4,3,3
p_7687,4,1,0,1,7,0,0,0,8,1,4,0,3,0,1,0,0,0,1,4,3,4
e_7688,4,0,0,1,3,1,0,1,11,0,4,0,0,6,7,0,1,0,0,6,3,6
e_7689,4,0,0,1,3,1,0,1,11,0,4,0,0,6,7,0,1,0,0,1,3,6
p_7690,4,0,4,1,6,0,0,0,8,1,4,2,0,2,1,0,0,0,1,4,3,6
p_7691,4,0,4,1,7,0,0,0,8,1,4,2,0,0,1,0,0,0,1,4,3,4
e_7692,4,0,0,1,3,1,0,1,10,0,4,0,0,6,7,0,1,0,0,1,5,6
p_7693,4,0,0,1,6,0,0,0,8,1,4,0,3,2,0,0,0,0,1,4,3,3
p_7694,4,0,4,1,4,0,0,0,8,1,4,0,0,0,1,0,0,0,1,4,3,3
p_7695,4,1,4,1,7,0,0,0,8,1,4,2,3,2,1,0,0,0,1,4,3,3
p_7696,4,1,4,1,4,0,0,0,8,1,4,0,0,2,1,0,0,0,1,4,3,3
p_7697,4,1,4,1,4,0,0,0,8,1,4,0,3,0,1,0,0,0,1,4,3,6
e_7698,4,2,2,1,3,0,1,1,4,0,4,0,3,0,0,0,0,1,0,4,1,1
e_7699,1,0,0,1,3,1,0,1,11,0,4,0,0,6,7,0,2,0,0,1,3,6
p_7700,4,0,4,1,7,0,0,0,8,1,4,2,3,2,0,0,0,0,1,4,3,3
e_7701,3,0,0,1,3,1,0,1,10,0,4,0,0,6,7,0,2,0,0,8,3,6
e_7702,3,1,0,1,3,0,0,1,4,0,2,3,2,3,4,0,0,1,0,4,4,4
p_7703,4,1,4,1,6,0,0,0,8,1,4,2,0,0,0,0,0,0,1,4,3,6
e_7704,3,0,3,0,3,0,0,1,4,0,2,0,0,0,0,0,0,1,0,4,4,4
e_7705,0,0,5,0,3,0,0,1,4,0,2,0,0,0,0,0,0,1,0,4,3,4
p_7706,5,1,1,1,3,0,1,0,4,0,1,3,2,8,6,0,3,0,1,4,5,6
p_7707,4,0,4,1,4,0,0,0,8,1,4,2,0,2,1,0,0,0,1,4,3,4
p_7708,4,1,4,1,4,0,0,0,8,1,4,0,3,0,1,0,0,0,1,4,3,3
p_7709,4,1,4,1,8,1,0,1,10,0,1,2,2,7,8,0,0,2,4,4,5,3
e_7710,1,0,0,1,3,1,0,1,10,0,4,0,0,6,7,0,1,0,0,6,3,6
p_7711,4,0,0,1,7,0,0,0,8,1,4,0,3,2,0,0,0,0,1,4,3,6
e_7712,0,0,2,1,3,0,1,1,2,0,4,0,3,0,0,0,0,1,0,4,0,1
p_7713,0,0,4,1,4,0,0,0,8,1,4,0,0,0,0,0,0,0,1,4,3,6
p_7714,0,1,8,1,8,0,0,1,4,0,1,2,2,7,8,0,0,2,4,4,5,3
p_7715,3,0,0,1,7,0,0,0,8,1,4,0,0,2,1,0,0,0,1,4,3,6
e_7716,4,0,0,1,3,1,0,1,11,0,4,0,0,6,7,0,2,0,0,8,5,6
e_7717,1,1,0,1,3,0,0,1,4,0,2,3,2,3,4,0,0,1,0,4,4,3
p_7718,3,0,0,1,7,0,0,0,8,1,4,2,0,2,1,0,0,0,1,4,3,3
p_7719,4,0,0,1,6,0,0,0,8,1,4,0,0,2,0,0,0,0,1,4,3,4
e_7720,1,0,3,1,3,0,1,1,4,0,4,2,3,0,0,0,0,1,0,4,0,1
e_7721,0,1,0,0,3,0,0,1,4,0,2,0,0,0,0,0,0,1,0,4,3,4
p_7722,3,0,0,1,7,0,0,0,8,1,4,2,0,2,0,0,0,0,1,4,3,4
e_7723,4,0,0,1,3,1,0,1,11,0,4,0,0,6,7,0,1,0,0,7,5,6
e_7724,1,2,2,1,3,0,1,1,4,0,4,2,0,0,0,0,0,1,0,4,1,1
e_7725,0,2,2,1,3,0,1,1,2,0,4,0,0,0,0,0,0,1,0,4,1,1
p_7726,4,0,0,1,6,0,0,0,8,1,4,2,0,2,1,0,0,0,1,4,3,3
p_7727,0,1,0,1,8,1,0,1,10,0,1,2,2,7,8,0,0,2,4,4,5,3
p_7728,4,1,4,1,7,0,0,0,8,1,4,0,0,0,1,0,0,0,1,4,3,4
e_7729,0,0,0,1,3,1,0,1,11,0,4,0,0,6,7,0,1,0,0,8,5,6
p_7730,4,0,4,1,4,0,0,0,8,1,4,0,0,0,1,0,0,0,1,4,3,4
p_7731,0,0,4,1,7,0,0,0,8,1,4,2,0,2,1,0,0,0,1,4,3,6
p_7732,4,0,0,1,6,0,0,0,8,1,4,2,0,2,0,0,0,0,1,4,3,6
p_7733,4,1,4,1,7,0,0,0,8,1,4,2,3,0,0,0,0,0,1,4,3,3
p_7734,4,1,0,1,4,0,0,0,8,1,4,2,3,2,0,0,0,0,1,4,3,6
p_7735,4,0,4,1,4,0,0,0,8,1,4,0,3,2,1,0,0,0,1,4,3,3
e_7736,1,2,3,1,3,0,1,1,3,0,4,0,0,0,0,0,0,1,0,4,1,1
e_7737,4,0,0,1,3,1,0,1,11,0,4,0,0,6,7,0,1,0,0,7,3,6
p_7738,4,1,0,1,7,0,0,0,8,1,4,2,3,0,1,0,0,0,1,4,3,4
p_7739,4,1,1,1,3,0,1,0,4,0,1,3,2,8,6,0,3,0,1,4,5,6
e_7740,4,0,2,1,3,0,1,1,3,0,4,2,0,0,0,0,0,1,0,4,1,1
e_7741,0,0,0,1,3,1,0,1,1,0,4,0,0,6,7,0,2,0,0,7,5,6
p_7742,4,0,0,1,7,0,0,0,8,1,4,2,0,2,0,0,0,0,1,4,3,4
e_7743,4,2,3,1,3,0,1,1,3,0,4,0,3,0,0,0,0,1,0,4,0,1
e_7744,4,2,2,1,3,0,1,1,4,0,4,0,0,0,0,0,0,1,0,4,1,1
e_7745,3,0,0,1,3,1,0,1,11,0,4,0,0,6,7,0,1,0,0,8,5,6
e_7746,0,0,2,1,3,0,1,1,3,0,4,2,3,0,0,0,0,1,0,4,1,1
e_7747,1,0,3,1,3,0,1,1,4,0,4,2,3,0,0,0,0,1,0,4,1,1
e_7748,0,2,2,1,3,0,1,1,4,0,4,0,3,0,0,0,0,1,0,4,1,1
e_7749,4,2,2,1,3,0,1,1,3,0,4,2,0,0,0,0,0,1,0,4,1,1
p_7750,4,0,0,1,4,0,0,0,8,1,4,0,0,2,1,0,0,0,1,4,3,3
p_7751,4,1,4,1,7,0,0,0,8,1,4,0,0,0,1,0,0,0,1,4,3,3
e_7752,4,2,3,1,3,0,1,1,3,0,4,0,0,0,0,0,0,1,0,4,0,1
e_7753,0,0,2,1,3,0,1,1,3,0,4,0,0,0,0,0,0,1,0,4,0,1
p_7754,4,0,0,1,4,0,0,0,8,1,4,0,0,2,0,0,0,0,1,4,3,4
p_7755,4,1,0,1,7,0,0,0,8,1,4,2,0,0,1,0,0,0,1,4,3,3
p_7756,4,1,0,1,4,0,0,0,8,1,4,2,3,2,0,0,0,0,1,4,3,4
p_7757,4,0,4,1,4,0,0,0,8,1,4,2,3,0,1,0,0,0,1,4,3,4
p_7758,4,0,4,1,7,0,0,0,8,1,4,2,0,0,0,0,0,0,1,4,3,6
e_7759,1,0,0,1,3,1,0,1,10,0,4,0,0,6,7,0,2,0,0,1,3,6
p_7760,4,0,4,1,7,0,0,0,8,1,4,0,3,0,0,0,0,0,1,4,3,4
e_7761,0,0,3,1,3,0,1,1,3,0,4,0,0,0,0,0,0,1,0,4,1,1
e_7762,0,0,0,1,3,1,0,1,11,0,4,0,0,6,7,0,2,0,0,7,3,6
e_7763,1,0,2,1,3,0,1,1,4,0,4,2,3,0,0,0,0,1,0,4,1,1
p_7764,4,0,4,1,7,0,0,0,8,1,4,2,0,2,0,0,0,0,1,4,3,4
e_7765,0,0,0,1,3,1,0,1,10,0,4,0,0,6,7,0,2,0,0,1,3,6
p_7766,4,0,0,1,4,0,0,0,8,1,4,2,3,0,0,0,0,0,1,4,3,3
p_7767,4,0,4,1,4,0,0,0,8,1,4,2,0,2,1,0,0,0,1,4,3,3
p_7768,4,1,4,1,7,0,0,0,8,1,4,0,3,0,1,0,0,0,1,4,3,4
e_7769,1,2,2,1,3,0,1,1,3,0,4,0,0,0,0,0,0,1,0,4,0,1
p_7770,4,1,0,1,4,0,0,0,8,1,4,2,0,0,0,0,0,0,1,4,3,3
p_7771,4,0,4,1,7,0,0,0,8,1,4,2,3,0,1,0,0,0,1,4,3,3
e_7772,1,0,3,1,3,0,1,1,4,0,4,0,3,0,0,0,0,1,0,4,0,1
p_7773,4,0,0,1,6,0,0,0,8,1,4,2,3,2,1,0,0,0,1,4,3,3
p_7774,0,0,0,1,6,0,0,0,8,1,4,0,3,0,0,0,0,0,1,4,3,4
p_7775,4,1,4,1,4,0,0,0,8,1,4,2,0,2,0,0,0,0,1,4,3,6
e_7776,0,0,2,1,3,0,1,1,3,0,4,0,0,0,0,0,0,1,0,4,1,1
e_7777,0,0,2,1,3,0,1,1,2,0,4,2,3,0,0,0,0,1,0,4,0,1
p_7778,4,1,0,1,7,0,0,0,8,1,4,2,0,0,1,0,0,0,1,4,3,4
e_7779,4,0,0,1,3,0,0,1,4,0,2,3,2,3,4,0,0,1,0,4,4,3
p_7780,4,0,4,1,6,0,0,0,8,1,4,0,3,0,1,0,0,0,1,4,3,3
p_7781,4,1,4,1,7,0,0,0,8,1,4,0,0,0,1,0,0,0,1,4,3,6
e_7782,1,0,0,1,3,1,0,1,10,0,4,0,0,6,7,0,2,0,0,6,3,6
e_7783,1,2,3,1,3,0,1,1,4,0,4,0,3,0,0,0,0,1,0,4,1,1
p_7784,4,0,4,1,4,0,0,0,8,1,4,0,0,2,0,0,0,0,1,4,3,6
p_7785,4,0,0,1,7,0,0,0,8,1,4,0,0,0,1,0,0,0,1,4,3,6
p_7786,3,1,0,1,4,0,0,0,8,1,4,2,3,2,0,0,0,0,1,4,3,4
p_7787,3,1,0,1,4,0,0,0,8,1,4,0,3,2,0,0,0,0,1,4,3,3
e_7788,3,0,0,1,3,1,0,1,11,0,4,0,0,6,7,0,2,0,0,7,5,6
p_7789,4,1,0,1,6,0,0,0,8,1,4,0,0,0,0,0,0,0,1,4,3,3
e_7790,4,0,2,1,3,0,1,1,4,0,4,0,0,0,0,0,0,1,0,4,0,1
e_7791,1,0,0,1,3,1,0,1,10,0,4,0,0,6,7,0,2,0,0,8,5,6
p_7792,4,1,0,1,7,0,0,0,8,1,4,2,3,2,0,0,0,0,1,4,3,4
p_7793,4,0,0,1,6,0,0,0,8,1,4,2,0,0,1,0,0,0,1,4,3,4
p_7794,4,0,4,1,7,0,0,0,8,1,4,0,3,2,1,0,0,0,1,4,3,3
e_7795,4,0,2,1,3,0,1,1,3,0,4,0,3,0,0,0,0,1,0,4,1,1
p_7796,4,1,4,1,6,0,0,0,8,1,4,2,0,2,1,0,0,0,1,4,3,6
e_7797,0,0,2,1,3,0,1,1,4,0,4,0,0,0,0,0,0,1,0,4,0,1
p_7798,4,1,4,1,7,0,0,0,8,1,4,2,0,2,0,0,0,0,1,4,3,3
p_7799,4,1,4,1,7,0,0,0,8,1,4,2,3,0,1,0,0,0,1,4,3,3
p_7800,4,1,0,1,7,0,0,0,8,1,4,2,0,0,0,0,0,0,1,4,3,3
p_7801,3,1,8,1,8,1,0,1,4,0,1,2,2,7,8,0,0,2,4,4,5,3
p_7802,0,0,0,1,7,0,0,0,8,1,4,0,3,2,0,0,0,0,1,4,3,3
e_7803,4,2,3,1,3,0,1,1,4,0,4,2,0,0,0,0,0,1,0,4,0,1
p_7804,4,0,4,1,6,0,0,0,8,1,4,0,0,0,0,0,0,0,1,4,3,6
p_7805,0,1,0,1,8,0,0,1,4,0,1,2,2,7,8,0,0,2,4,4,5,3
p_7806,3,1,4,1,6,0,0,0,8,1,4,0,0,0,0,0,0,0,1,4,3,6
e_7807,4,0,0,1,3,1,0,1,1,0,4,0,0,6,7,0,1,0,0,8,5,6
p_7808,4,0,0,1,7,0,0,0,8,1,4,0,0,2,1,0,0,0,1,4,3,4
e_7809,1,2,3,1,3,0,1,1,2,0,4,0,3,0,0,0,0,1,0,4,1,1
e_7810,1,2,2,1,3,0,1,1,3,0,4,0,3,0,0,0,0,1,0,4,1,1
e_7811,0,0,0,1,3,1,0,1,10,0,4,0,0,6,7,0,2,0,0,7,3,6
p_7812,4,1,0,1,7,0,0,0,8,1,4,0,3,0,1,0,0,0,1,4,3,6
e_7813,3,0,0,1,3,1,0,1,10,0,4,0,0,6,7,0,1,0,0,6,5,6
e_7814,0,0,2,1,3,0,1,1,2,0,4,0,0,0,0,0,0,1,0,4,1,1
p_7815,4,0,4,1,7,0,0,0,8,1,4,0,0,0,0,0,0,0,1,4,3,6
p_7816,4,0,4,1,6,0,0,0,8,1,4,2,3,0,1,0,0,0,1,4,3,4
e_7817,0,0,3,1,3,0,1,1,4,0,4,2,3,0,0,0,0,1,0,4,1,1
e_7818,1,0,3,1,3,0,1,1,2,0,4,0,0,0,0,0,0,1,0,4,1,1
p_7819,4,1,0,1,4,0,0,0,8,1,4,0,3,2,1,0,0,0,1,4,3,3
p_7820,4,1,4,1,8,0,0,1,4,0,1,2,2,7,8,0,0,2,4,4,5,3
p_7821,4,1,4,1,4,0,0,0,8,1,4,0,0,0,1,0,0,0,1,4,3,4
p_7822,4,1,0,1,4,0,0,0,8,1,4,0,3,0,1,0,0,0,1,4,3,4
e_7823,0,2,2,1,3,0,1,1,3,0,4,2,0,0,0,0,0,1,0,4,0,1
p_7824,4,1,4,1,4,0,0,0,8,1,4,2,0,0,0,0,0,0,1,4,3,6
e_7825,1,0,0,1,3,1,0,1,10,0,4,0,0,6,7,0,1,0,0,8,3,6
p_7826,4,1,0,1,7,0,0,0,8,1,4,2,3,0,1,0,0,0,1,4,3,3
p_7827,4,0,0,1,7,0,0,0,8,1,4,0,0,0,1,0,0,0,1,4,3,4
e_7828,1,0,0,1,3,1,0,1,10,0,4,0,0,6,7,0,1,0,0,7,3,6
e_7829,3,0,0,1,3,1,0,1,11,0,4,0,0,6,7,0,1,0,0,1,3,6
e_7830,4,0,3,1,3,0,1,1,4,0,4,2,3,0,0,0,0,1,0,4,1,1
e_7831,3,0,0,1,3,1,0,1,10,0,4,0,0,6,7,0,2,0,0,7,5,6
p_7832,4,1,4,1,6,0,0,0,8,1,4,0,3,2,0,0,0,0,1,4,3,6
e_7833,1,0,0,1,3,1,0,1,1,0,4,0,0,6,7,0,1,0,0,8,3,6
e_7834,4,0,0,1,3,1,0,1,10,0,4,0,0,6,7,0,2,0,0,1,5,6
p_7835,4,1,4,1,6,0,0,0,8,1,4,0,3,0,0,0,0,0,1,4,3,3
e_7836,3,0,0,1,3,1,0,1,10,0,4,0,0,6,7,0,2,0,0,1,5,6
p_7837,4,0,4,1,4,0,0,0,8,1,4,2,0,0,1,0,0,0,1,4,3,3
e_7838,1,2,3,1,3,0,1,1,2,0,4,2,3,0,0,0,0,1,0,4,1,1
p_7839,4,1,0,1,6,0,0,0,8,1,4,0,0,0,1,0,0,0,1,4,3,3
e_7840,3,0,0,1,3,1,0,1,1,0,4,0,0,6,7,0,2,0,0,8,3,6
p_7841,4,0,0,1,7,0,0,0,8,1,4,2,3,0,1,0,0,0,1,4,3,6
e_7842,0,0,3,1,3,0,1,1,4,0,4,2,0,0,0,0,0,1,0,4,0,1
e_7843,0,0,3,1,3,0,1,1,2,0,4,2,3,0,0,0,0,1,0,4,0,1
e_7844,4,0,0,1,3,1,0,1,10,0,4,0,0,6,7,0,1,0,0,8,3,6
e_7845,0,0,0,1,3,1,0,1,10,0,4,0,0,6,7,0,1,0,0,8,5,6
p_7846,4,1,4,1,6,0,0,0,8,1,4,0,0,0,0,0,0,0,1,4,3,3
e_7847,0,2,3,1,3,0,1,1,4,0,4,2,3,0,0,0,0,1,0,4,1,1
p_7848,4,0,0,1,4,0,0,0,8,1,4,2,0,0,1,0,0,0,1,4,3,3
p_7849,4,1,4,1,7,0,0,0,8,1,4,2,0,2,1,0,0,0,1,4,3,3
p_7850,4,1,0,1,4,0,0,0,8,1,4,0,0,2,0,0,0,0,1,4,3,4
p_7851,4,0,4,1,4,0,0,0,8,1,4,2,0,2,0,0,0,0,1,4,3,3
p_7852,4,1,0,1,7,0,0,0,8,1,4,0,3,0,0,0,0,0,1,4,3,6
p_7853,4,1,4,1,7,0,0,0,8,1,4,0,0,2,1,0,0,0,1,4,3,6
e_7854,0,0,2,1,3,0,1,1,2,0,4,2,0,0,0,0,0,1,0,4,1,1
p_7855,4,0,0,1,7,0,0,0,8,1,4,0,0,2,1,0,0,0,1,4,3,6
p_7856,4,0,4,1,6,0,0,0,8,1,4,2,0,0,1,0,0,0,1,4,3,4
p_7857,4,0,4,1,7,0,0,0,8,1,4,0,0,0,0,0,0,0,1,4,3,4
e_7858,0,2,3,1,3,0,1,1,4,0,4,0,0,0,0,0,0,1,0,4,1,1
e_7859,0,0,0,1,3,1,0,1,11,0,4,0,0,6,7,0,2,0,0,6,5,6
e_7860,1,0,2,1,3,0,1,1,3,0,4,2,3,0,0,0,0,1,0,4,1,1
p_7861,4,0,0,1,4,0,0,0,8,1,4,0,3,0,0,0,0,0,1,4,3,6
p_7862,4,1,0,1,4,0,0,0,8,1,4,0,0,0,0,0,0,0,1,4,3,6
p_7863,4,0,0,1,7,0,0,0,8,1,4,0,0,0,1,0,0,0,1,4,3,3
p_7864,0,1,4,1,4,0,0,0,8,1,4,2,0,0,0,0,0,0,1,4,3,4
p_7865,4,1,4,1,4,0,0,0,8,1,4,2,0,2,0,0,0,0,1,4,3,3
e_7866,0,0,0,1,3,1,0,1,11,0,4,0,0,6,7,0,2,0,0,8,3,6
e_7867,0,0,3,1,3,0,1,1,2,0,4,2,0,0,0,0,0,1,0,4,0,1
p_7868,4,0,4,1,4,0,0,0,8,1,4,2,0,0,1,0,0,0,1,4,3,6
p_7869,4,1,4,1,4,0,0,0,8,1,4,2,0,2,1,0,0,0,1,4,3,6
e_7870,4,0,2,1,3,0,1,1,2,0,4,2,0,0,0,0,0,1,0,4,1,1
e_7871,1,0,0,1,3,1,0,1,10,0,4,0,0,6,7,0,2,0,0,8,3,6
e_7872,4,0,2,1,3,0,1,1,3,0,4,2,3,0,0,0,0,1,0,4,1,1
p_7873,4,0,4,1,7,0,0,0,8,1,4,0,3,2,0,0,0,0,1,4,3,3
p_7874,4,1,0,1,4,0,0,0,8,1,4,0,3,0,0,0,0,0,1,4,3,4
p_7875,4,0,4,1,6,0,0,0,8,1,4,0,0,2,1,0,0,0,1,4,3,6
p_7876,4,0,0,1,6,0,0,0,8,1,4,2,0,2,0,0,0,0,1,4,3,3
p_7877,0,0,0,1,7,0,0,0,8,1,4,2,3,2,0,0,0,0,1,4,3,6
e_7878,4,0,0,1,3,1,0,1,11,0,4,0,0,6,7,0,2,0,0,1,5,6
p_7879,4,0,0,1,4,0,0,0,8,1,4,2,0,0,0,0,0,0,1,4,3,3
p_7880,4,0,0,1,7,0,0,0,8,1,4,2,3,0,0,0,0,0,1,4,3,3
p_7881,4,1,4,1,4,0,0,0,8,1,4,0,3,2,0,0,0,0,1,4,3,6
e_7882,0,2,2,1,3,0,1,1,3,0,4,0,3,0,0,0,0,1,0,4,0,1
p_7883,3,0,4,1,6,0,0,0,8,1,4,2,0,0,1,0,0,0,1,4,3,3
p_7884,4,0,0,1,6,0,0,0,8,1,4,2,0,2,1,0,0,0,1,4,3,6
p_7885,4,0,4,1,4,0,0,0,8,1,4,0,0,0,0,0,0,0,1,4,3,3
e_7886,3,0,0,1,3,1,0,1,11,0,4,0,0,6,7,0,2,0,0,8,3,6
e_7887,0,1,0,1,3,0,0,1,4,0,2,3,2,3,4,0,0,1,0,4,4,3
p_7888,4,1,0,1,7,0,0,0,8,1,4,2,0,2,1,0,0,0,1,4,3,3
p_7889,4,0,4,1,7,0,0,0,8,1,4,2,3,2,0,0,0,0,1,4,3,6
e_7890,1,0,2,1,3,0,1,1,2,0,4,0,3,0,0,0,0,1,0,4,0,1
p_7891,4,1,0,1,7,0,0,0,8,1,4,0,0,0,0,0,0,0,1,4,3,4
p_7892,4,0,0,1,6,0,0,0,8,1,4,0,0,0,0,0,0,0,1,4,3,4
e_7893,0,0,0,1,3,1,0,1,11,0,4,0,0,6,7,0,2,0,0,1,5,6
e_7894,0,0,3,1,3,0,1,1,3,0,4,0,3,0,0,0,0,1,0,4,0,1
e_7895,0,0,3,1,3,0,1,1,2,0,4,2,3,0,0,0,0,1,0,4,1,1
p_7896,3,1,0,1,6,0,0,0,8,1,4,2,3,2,1,0,0,0,1,4,3,4
p_7897,3,1,0,1,7,0,0,0,8,1,4,0,0,0,1,0,0,0,1,4,3,3
e_7898,3,1,3,0,3,0,0,1,4,0,2,0,0,0,0,0,0,1,0,4,3,4
p_7899,4,0,4,1,6,0,0,0,8,1,4,0,0,2,0,0,0,0,1,4,3,3
e_7900,0,2,2,1,3,0,1,1,4,0,4,2,0,0,0,0,0,1,0,4,0,1
p_7901,4,1,0,1,7,0,0,0,8,1,4,0,3,2,0,0,0,0,1,4,3,4
p_7902,4,0,0,1,6,0,0,0,8,1,4,0,3,2,0,0,0,0,1,4,3,4
p_7903,0,0,4,1,4,0,0,0,8,1,4,0,3,2,0,0,0,0,1,4,3,4
e_7904,0,2,3,1,3,0,1,1,3,0,4,2,0,0,0,0,0,1,0,4,0,1
e_7905,3,0,0,1,3,1,0,1,1,0,4,0,0,6,7,0,2,0,0,1,3,6
p_7906,0,1,4,1,4,0,0,0,8,1,4,2,0,2,0,0,0,0,1,4,3,4
e_7907,1,2,2,1,3,0,1,1,4,0,4,0,0,0,0,0,0,1,0,4,0,1
p_7908,4,0,4,1,4,0,0,0,8,1,4,0,0,0,0,0,0,0,1,4,3,6
e_7909,0,2,3,1,3,0,1,1,3,0,4,0,0,0,0,0,0,1,0,4,0,1
p_7910,3,1,0,1,8,1,0,1,10,0,1,2,2,7,8,0,0,2,4,4,5,3
e_7911,0,0,0,1,3,1,0,1,10,0,4,0,0,6,7,0,1,0,0,6,3,6
e_7912,1,0,3,1,3,0,1,1,3,0,4,0,3,0,0,0,0,1,0,4,1,1
e_7913,1,0,0,1,3,1,0,1,1,0,4,0,0,6,7,0,2,0,0,6,3,6
p_7914,4,0,4,1,4,0,0,0,8,1,4,2,3,2,1,0,0,0,1,4,3,3
e_7915,3,0,0,1,3,1,0,1,11,0,4,0,0,6,7,0,2,0,0,6,3,6
e_7916,0,2,3,1,3,0,1,1,4,0,4,0,3,0,0,0,0,1,0,4,1,1
p_7917,4,0,0,1,4,0,0,0,8,1,4,0,3,0,0,0,0,0,1,4,3,4
e_7918,0,2,2,1,3,0,1,1,3,0,4,0,3,0,0,0,0,1,0,4,1,1
e_7919,3,1,5,0,3,0,0,1,4,0,2,0,0,0,0,0,0,1,0,4,3,4
p_7920,4,1,4,1,4,0,0,0,8,1,4,0,0,2,0,0,0,0,1,4,3,6
e_7921,4,2,3,1,3,0,1,1,4,0,4,0,3,0,0,0,0,1,0,4,1,1
e_7922,4,0,0,1,3,1,0,1,11,0,4,0,0,6,7,0,2,0,0,7,5,6
p_7923,4,0,0,1,4,0,0,0,8,1,4,2,3,2,0,0,0,0,1,4,3,3
p_7924,4,0,0,1,6,0,0,0,8,1,4,0,3,0,0,0,0,0,1,4,3,6
p_7925,4,0,4,1,7,0,0,0,8,1,4,0,3,0,1,0,0,0,1,4,3,4
p_7926,4,1,0,1,7,0,0,0,8,1,4,0,3,2,1,0,0,0,1,4,3,3
e_7927,4,0,0,1,3,1,0,1,11,0,4,0,0,6,7,0,1,0,0,6,5,6
p_7928,4,1,0,1,7,0,0,0,8,1,4,2,0,0,0,0,0,0,1,4,3,4
e_7929,4,2,2,1,3,0,1,1,3,0,4,0,3,0,0,0,0,1,0,4,0,1
p_7930,4,1,4,1,4,0,0,0,8,1,4,2,3,2,0,0,0,0,1,4,3,4
e_7931,3,0,0,1,3,0,0,1,4,0,2,3,2,3,4,0,0,1,0,4,4,4
p_7932,4,0,4,1,7,0,0,0,8,1,4,0,3,2,0,0,0,0,1,4,3,4
e_7933,0,2,3,1,3,0,1,1,4,0,4,2,3,0,0,0,0,1,0,4,0,1
p_7934,4,1,4,1,4,0,0,0,8,1,4,0,0,2,0,0,0,0,1,4,3,3
p_7935,4,1,4,1,6,0,0,0,8,1,4,2,0,0,0,0,0,0,1,4,3,3
p_7936,4,0,0,1,4,0,0,0,8,1,4,0,0,0,1,0,0,0,1,4,3,6
e_7937,1,0,0,1,3,1,0,1,1,0,4,0,0,6,7,0,1,0,0,6,5,6
e_7938,4,0,2,1,3,0,1,1,4,0,4,0,0,0,0,0,0,1,0,4,1,1
e_7939,1,0,0,1,3,1,0,1,10,0,4,0,0,6,7,0,2,0,0,6,5,6
e_7940,3,1,3,0,3,0,0,1,4,0,2,0,0,0,0,0,0,1,0,4,4,4
p_7941,4,1,4,1,8,1,0,1,4,0,1,2,2,7,8,0,0,2,4,4,5,3
p_7942,0,1,4,1,6,0,0,0,8,1,4,0,0,0,1,0,0,0,1,4,3,3
p_7943,4,1,0,1,4,0,0,0,8,1,4,2,0,2,0,0,0,0,1,4,3,4
e_7944,4,0,0,1,3,1,0,1,10,0,4,0,0,6,7,0,2,0,0,7,3,6
e_7945,4,0,0,1,3,1,0,1,1,0,4,0,0,6,7,0,2,0,0,6,5,6
e_7946,0,1,8,0,3,0,0,1,4,0,2,0,0,0,0,0,0,1,0,4,3,4
p_7947,4,0,4,1,7,0,0,0,8,1,4,2,0,0,1,0,0,0,1,4,3,6
p_7948,4,1,0,1,6,0,0,0,8,1,4,0,3,2,1,0,0,0,1,4,3,6
p_7949,4,0,4,1,7,0,0,0,8,1,4,0,0,2,0,0,0,0,1,4,3,6
p_7950,4,1,0,1,6,0,0,0,8,1,4,0,3,0,1,0,0,0,1,4,3,3
p_7951,4,1,4,1,4,0,0,0,8,1,4,2,0,0,1,0,0,0,1,4,3,4
e_7952,3,0,8,0,3,0,0,1,4,0,2,0,0,0,0,0,0,1,0,4,3,4
e_7953,0,0,0,1,3,1,0,1,11,0,4,0,0,6,7,0,1,0,0,1,5,6
e_7954,1,2,2,1,3,0,1,1,4,0,4,0,3,0,0,0,0,1,0,4,1,1
e_7955,4,2,3,1,3,0,1,1,2,0,4,0,3,0,0,0,0,1,0,4,0,1
e_7956,3,0,0,1,3,1,0,1,10,0,4,0,0,6,7,0,2,0,0,6,5,6
e_7957,4,0,0,1,3,1,0,1,1,0,4,0,0,6,7,0,1,0,0,6,5,6
e_7958,4,2,2,1,3,0,1,1,2,0,4,0,0,0,0,0,0,1,0,4,1,1
p_7959,4,1,4,1,4,0,0,0,8,1,4,2,0,0,1,0,0,0,1,4,3,6
e_7960,1,2,2,1,3,0,1,1,2,0,4,2,3,0,0,0,0,1,0,4,0,1
p_7961,4,1,0,1,6,0,0,0,8,1,4,0,0,0,1,0,0,0,1,4,3,4
p_7962,4,1,4,1,6,0,0,0,8,1,4,2,3,0,1,0,0,0,1,4,3,3
p_7963,4,1,0,1,4,0,0,0,8,1,4,0,3,0,1,0,0,0,1,4,3,3
e_7964,0,0,0,1,3,1,0,1,11,0,4,0,0,6,7,0,1,0,0,7,3,6
e_7965,0,1,0,0,3,0,0,1,4,0,2,0,0,0,0,0,0,1,0,4,4,4
e_7966,1,0,2,1,3,0,1,1,3,0,4,0,3,0,0,0,0,1,0,4,1,1
p_7967,3,1,0,1,4,0,0,0,8,1,4,2,0,0,1,0,0,0,1,4,3,3
p_7968,4,0,0,1,4,0,0,0,8,1,4,0,3,2,0,0,0,0,1,4,3,6
p_7969,4,0,4,1,6,0,0,0,8,1,4,0,3,2,0,0,0,0,1,4,3,4
e_7970,0,0,0,1,3,1,0,1,11,0,4,0,0,6,7,0,1,0,0,7,5,6
e_7971,0,0,0,1,3,1,0,1,10,0,4,0,0,6,7,0,1,0,0,1,3,6
e_7972,1,0,2,1,3,0,1,1,4,0,4,0,0,0,0,0,0,1,0,4,0,1
p_7973,0,1,4,1,4,0,0,0,8,1,4,0,0,2,1,0,0,0,1,4,3,4
e_7974,1,2,2,1,3,0,1,1,4,0,4,2,0,0,0,0,0,1,0,4,0,1
e_7975,1,2,2,1,3,0,1,1,2,0,4,0,3,0,0,0,0,1,0,4,1,1
e_7976,1,2,2,1,3,0,1,1,2,0,4,2,0,0,0,0,0,1,0,4,1,1
e_7977,4,0,0,1,3,1,0,1,11,0,4,0,0,6,7,0,2,0,0,6,3,6
p_7978,4,1,4,1,7,0,0,0,8,1,4,0,3,2,0,0,0,0,1,4,3,4
e_7979,4,0,0,1,3,1,0,1,10,0,4,0,0,6,7,0,1,0,0,6,3,6
p_7980,4,0,4,1,4,0,0,0,8,1,4,2,0,0,0,0,0,0,1,4,3,3
p_7981,4,1,8,1,8,1,0,1,10,0,1,2,2,7,8,0,0,2,4,4,5,3
p_7982,4,0,0,1,6,0,0,0,8,1,4,0,0,2,1,0,0,0,1,4,3,3
e_7983,0,0,3,1,3,0,1,1,2,0,4,0,3,0,0,0,0,1,0,4,1,1
e_7984,3,0,0,1,3,0,0,1,4,0,2,3,2,3,4,0,0,1,0,4,4,3
e_7985,4,0,0,1,3,1,0,1,10,0,4,0,0,6,7,0,1,0,0,7,5,6
e_7986,1,1,0,1,3,0,0,1,4,0,2,3,2,3,4,0,0,1,0,4,4,4
p_7987,0,0,0,1,4,0,0,0,8,1,4,2,3,2,1,0,0,0,1,4,3,6
e_7988,1,0,0,1,3,1,0,1,11,0,4,0,0,6,7,0,2,0,0,8,5,6
p_7989,3,0,0,1,6,0,0,0,8,1,4,2,3,0,0,0,0,0,1,4,3,4
p_7990,4,1,0,1,4,0,0,0,8,1,4,2,0,2,1,0,0,0,1,4,3,4
e_7991,4,0,3,1,3,0,1,1,4,0,4,2,0,0,0,0,0,1,0,4,1,1
p_7992,4,1,0,1,4,0,0,0,8,1,4,0,3,0,0,0,0,0,1,4,3,6
e_7993,4,2,3,1,3,0,1,1,2,0,4,2,0,0,0,0,0,1,0,4,0,1
e_7994,0,0,0,1,3,1,0,1,10,0,4,0,0,6,7,0,1,0,0,6,5,6
p_7995,4,0,4,1,6,0,0,0,8,1,4,0,3,0,0,0,0,0,1,4,3,4
e_7996,3,0,0,1,3,1,0,1,11,0,4,0,0,6,7,0,1,0,0,7,3,6
p_7997,4,0,0,1,6,0,0,0,8,1,4,2,3,2,1,0,0,0,1,4,3,6
p_7998,4,1,0,1,7,0,0,0,8,1,4,0,0,2,1,0,0,0,1,4,3,4
e_7999,4,0,0,1,3,1,0,1,1,0,4,0,0,6,7,0,1,0,0,1,3,6
e_8000,1,0,0,1,3,1,0,1,1,0,4,0,0,6,7,0,2,0,0,1,5,6
e_8001,0,1,0,1,3,0,0,1,4,0,2,3,2,3,4,0,0,1,0,4,4,4
e_8002,0,0,2,1,3,0,1,1,4,0,4,2,0,0,0,0,0,1,0,4,0,1
e_8003,3,0,0,1,3,1,0,1,1,0,4,0,0,6,7,0,1,0,0,6,3,6
p_8004,3,0,0,1,4,0,0,0,8,1,4,0,3,0,1,0,0,0,1,4,3,4
p_8005,0,1,4,1,7,0,0,0,8,1,4,0,0,0,1,0,0,0,1,4,3,3
p_8006,4,1,4,1,6,0,0,0,8,1,4,0,3,0,1,0,0,0,1,4,3,4
p_8007,4,0,4,1,4,0,0,0,8,1,4,0,3,2,0,0,0,0,1,4,3,3
p_8008,4,0,4,1,4,0,0,0,8,1,4,2,3,2,0,0,0,0,1,4,3,4
e_8009,1,0,0,1,3,1,0,1,11,0,4,0,0,6,7,0,1,0,0,1,3,6
e_8010,0,0,0,1,3,1,0,1,10,0,4,0,0,6,7,0,1,0,0,7,3,6
e_8011,3,0,0,1,3,1,0,1,11,0,4,0,0,6,7,0,2,0,0,7,3,6
p_8012,4,0,0,1,7,0,0,0,8,1,4,0,0,0,0,0,0,0,1,4,3,6
e_8013,1,0,0,1,3,1,0,1,1,0,4,0,0,6,7,0,2,0,0,8,3,6
e_8014,4,0,3,1,3,0,1,1,4,0,4,0,0,0,0,0,0,1,0,4,0,1
e_8015,4,2,2,1,3,0,1,1,3,0,4,2,3,0,0,0,0,1,0,4,0,1
p_8016,4,0,4,1,7,0,0,0,8,1,4,2,0,2,1,0,0,0,1,4,3,4
e_8017,1,2,2,1,3,0,1,1,2,0,4,2,3,0,0,0,0,1,0,4,1,1
e_8018,0,0,2,1,3,0,1,1,4,0,4,0,3,0,0,0,0,1,0,4,0,1
e_8019,1,2,2,1,3,0,1,1,3,0,4,0,3,0,0,0,0,1,0,4,0,1
p_8020,4,1,0,1,6,0,0,0,8,1,4,0,0,2,1,0,0,0,1,4,3,3
p_8021,3,0,0,1,6,0,0,0,8,1,4,2,0,2,0,0,0,0,1,4,3,6
p_8022,3,1,4,1,6,0,0,0,8,1,4,2,3,2,1,0,0,0,1,4,3,4
p_8023,4,0,4,1,6,0,0,0,8,1,4,0,3,0,1,0,0,0,1,4,3,4
p_8024,4,1,0,1,4,0,0,0,8,1,4,2,0,2,1,0,0,0,1,4,3,3
e_8025,0,0,0,1,3,1,0,1,10,0,4,0,0,6,7,0,1,0,0,7,5,6
e_8026,3,0,0,1,3,1,0,1,10,0,4,0,0,6,7,0,1,0,0,1,3,6
p_8027,4,1,0,1,4,0,0,0,8,1,4,2,0,2,1,0,0,0,1,4,3,6
p_8028,4,0,0,1,4,0,0,0,8,1,4,0,0,2,0,0,0,0,1,4,3,6
e_8029,0,2,3,1,3,0,1,1,2,0,4,0,0,0,0,0,0,1,0,4,1,1
e_8030,4,0,2,1,3,0,1,1,4,0,4,0,3,0,0,0,0,1,0,4,0,1
p_8031,4,1,4,1,4,0,0,0,8,1,4,0,3,2,1,0,0,0,1,4,3,4
p_8032,0,0,0,1,4,0,0,0,8,1,4,0,0,0,0,0,0,0,1,4,3,3
p_8033,4,1,0,1,4,0,0,0,8,1,4,0,0,2,0,0,0,0,1,4,3,6
e_8034,4,0,0,1,3,1,0,1,1,0,4,0,0,6,7,0,2,0,0,8,5,6
e_8035,1,2,2,1,3,0,1,1,3,0,4,2,0,0,0,0,0,1,0,4,1,1
e_8036,4,0,0,1,3,1,0,1,1,0,4,0,0,6,7,0,1,0,0,8,3,6
p_8037,4,1,4,1,6,0,0,0,8,1,4,2,3,2,0,0,0,0,1,4,3,3
e_8038,0,1,3,0,3,0,0,1,4,0,2,0,0,0,0,0,0,1,0,4,4,4
p_8039,4,0,4,1,4,0,0,0,8,1,4,0,3,0,0,0,0,0,1,4,3,6
e_8040,1,0,0,1,3,1,0,1,1,0,4,0,0,6,7,0,2,0,0,7,3,6
p_8041,4,1,4,1,6,0,0,0,8,1,4,2,0,2,0,0,0,0,1,4,3,4
e_8042,0,0,0,1,3,1,0,1,10,0,4,0,0,6,7,0,2,0,0,8,5,6
e_8043,3,0,0,1,3,1,0,1,1,0,4,0,0,6,7,0,1,0,0,8,3,6
e_8044,3,0,0,1,3,1,0,1,1,0,4,0,0,6,7,0,1,0,0,7,5,6
p_8045,4,1,4,1,6,0,0,0,8,1,4,2,0,0,1,0,0,0,1,4,3,4
e_8046,1,2,3,1,3,0,1,1,2,0,4,2,0,0,0,0,0,1,0,4,1,1
p_8047,4,0,4,1,6,0,0,0,8,1,4,0,3,2,0,0,0,0,1,4,3,3
p_8048,4,0,0,1,6,0,0,0,8,1,4,0,3,0,1,0,0,0,1,4,3,3
p_8049,4,1,0,1,4,0,0,0,8,1,4,2,0,0,0,0,0,0,1,4,3,6
p_8050,4,0,0,1,7,0,0,0,8,1,4,0,3,0,1,0,0,0,1,4,3,3
e_8051,0,2,2,1,3,0,1,1,4,0,4,0,3,0,0,0,0,1,0,4,0,1
e_8052,3,0,0,1,3,1,0,1,10,0,4,0,0,6,7,0,1,0,0,6,3,6
p_8053,4,1,0,1,4,0,0,0,8,1,4,2,3,0,1,0,0,0,1,4,3,3
e_8054,0,0,0,1,3,1,0,1,1,0,4,0,0,6,7,0,1,0,0,1,3,6
e_8055,1,2,3,1,3,0,1,1,4,0,4,2,0,0,0,0,0,1,0,4,1,1
e_8056,1,0,0,1,3,1,0,1,11,0,4,0,0,6,7,0,2,0,0,7,3,6
e_8057,0,0,0,1,3,1,0,1,11,0,4,0,0,6,7,0,1,0,0,6,3,6
p_8058,4,0,4,1,7,0,0,0,8,1,4,0,3,0,1,0,0,0,1,4,3,6
p_8059,4,0,0,1,4,0,0,0,8,1,4,0,0,0,1,0,0,0,1,4,3,4
p_8060,4,0,0,1,7,0,0,0,8,1,4,2,0,2,1,0,0,0,1,4,3,3
p_8061,4,0,0,1,7,0,0,0,8,1,4,2,3,2,1,0,0,0,1,4,3,4
p_8062,4,1,0,1,6,0,0,0,8,1,4,0,3,2,0,0,0,0,1,4,3,6
e_8063,4,2,2,1,3,0,1,1,4,0,4,2,0,0,0,0,0,1,0,4,0,1
p_8064,4,1,4,1,4,0,0,0,8,1,4,0,0,2,1,0,0,0,1,4,3,6
e_8065,4,0,0,1,3,1,0,1,10,0,4,0,0,6,7,0,2,0,0,8,3,6
p_8066,4,0,4,1,4,0,0,0,8,1,4,2,3,0,0,0,0,0,1,4,3,4
e_8067,1,0,0,1,3,1,0,1,1,0,4,0,0,6,7,0,2,0,0,8,5,6
e_8068,3,0,0,1,3,1,0,1,11,0,4,0,0,6,7,0,2,0,0,8,5,6
e_8069,4,0,0,1,3,1,0,1,1,0,4,0,0,6,7,0,1,0,0,1,5,6
p_8070,4,1,4,1,7,0,0,0,8,1,4,2,3,0,0,0,0,0,1,4,3,6
e_8071,4,0,0,1,3,1,0,1,1,0,4,0,0,6,7,0,2,0,0,7,3,6
p_8072,4,1,4,1,4,0,0,0,8,1,4,2,3,0,0,0,0,0,1,4,3,4
e_8073,4,0,0,1,3,1,0,1,1,0,4,0,0,6,7,0,1,0,0,7,3,6
e_8074,1,2,3,1,3,0,1,1,4,0,4,2,3,0,0,0,0,1,0,4,1,1
e_8075,3,0,0,1,3,1,0,1,11,0,4,0,0,6,7,0,2,0,0,6,5,6
e_8076,1,0,0,1,3,1,0,1,11,0,4,0,0,6,7,0,1,0,0,7,5,6
e_8077,3,0,0,1,3,1,0,1,11,0,4,0,0,6,7,0,1,0,0,6,3,6
e_8078,1,2,3,1,3,0,1,1,2,0,4,0,0,0,0,0,0,1,0,4,0,1
p_8079,4,1,4,1,4,0,0,0,8,1,4,0,0,0,0,0,0,0,1,4,3,6
p_8080,4,0,0,1,7,0,0,0,8,1,4,0,3,2,0,0,0,0,1,4,3,3
p_8081,4,1,0,1,4,0,0,0,8,1,4,2,0,0,0,0,0,0,1,4,3,4
p_8082,4,0,4,1,7,0,0,0,8,1,4,2,3,2,1,0,0,0,1,4,3,4
p_8083,4,1,0,1,6,0,0,0,8,1,4,0,0,0,0,0,0,0,1,4,3,6
e_8084,1,2,3,1,3,0,1,1,3,0,4,2,3,0,0,0,0,1,0,4,0,1
e_8085,4,2,2,1,3,0,1,1,2,0,4,0,3,0,0,0,0,1,0,4,0,1
e_8086,4,0,0,1,3,1,0,1,1,0,4,0,0,6,7,0,1,0,0,6,3,6
p_8087,0,0,4,1,4,0,0,0,8,1,4,2,0,0,1,0,0,0,1,4,3,4
e_8088,4,0,0,1,3,1,0,1,1,0,4,0,0,6,7,0,2,0,0,1,3,6
p_8089,4,1,4,1,4,0,0,0,8,1,4,2,3,0,1,0,0,0,1,4,3,3
p_8090,4,0,0,1,4,0,0,0,8,1,4,2,0,2,1,0,0,0,1,4,3,3
p_8091,4,1,4,1,4,0,0,0,8,1,4,0,3,0,0,0,0,0,1,4,3,4
p_8092,4,1,4,1,6,0,0,0,8,1,4,0,0,2,1,0,0,0,1,4,3,4
p_8093,0,0,0,1,6,0,0,0,8,1,4,2,3,0,0,0,0,0,1,4,3,3
e_8094,1,0,3,1,3,0,1,1,2,0,4,2,0,0,0,0,0,1,0,4,1,1
p_8095,0,1,8,1,8,0,0,1,10,0,1,2,2,7,8,0,0,2,4,4,5,3
e_8096,4,2,2,1,3,0,1,1,4,0,4,2,0,0,0,0,0,1,0,4,1,1
p_8097,4,1,0,1,7,0,0,0,8,1,4,2,3,2,1,0,0,0,1,4,3,6
p_8098,4,0,4,1,6,0,0,0,8,1,4,2,3,0,1,0,0,0,1,4,3,3
e_8099,4,2,2,1,3,0,1,1,4,0,4,2,3,0,0,0,0,1,0,4,0,1
e_8100,3,0,0,1,3,1,0,1,11,0,4,0,0,6,7,0,1,0,0,8,3,6
p_8101,4,0,4,1,7,0,0,0,8,1,4,0,0,2,0,0,0,0,1,4,3,4
e_8102,0,0,0,1,3,1,0,1,10,0,4,0,0,6,7,0,1,0,0,1,5,6
e_8103,4,0,0,1,3,1,0,1,10,0,4,0,0,6,7,0,1,0,0,6,5,6
e_8104,4,0,0,1,3,1,0,1,10,0,4,0,0,6,7,0,2,0,0,1,3,6
e_8105,4,0,0,1,3,1,0,1,10,0,4,0,0,6,7,0,1,0,0,7,3,6
e_8106,4,0,0,1,3,1,0,1,11,0,4,0,0,6,7,0,2,0,0,1,3,6
e_8107,0,0,0,1,3,1,0,1,10,0,4,0,0,6,7,0,2,0,0,1,5,6
p_8108,4,1,4,1,6,0,0,0,8,1,4,2,0,2,0,0,0,0,1,4,3,6
e_8109,1,0,2,1,3,0,1,1,4,0,4,0,0,0,0,0,0,1,0,4,1,1
e_8110,0,0,0,1,3,1,0,1,11,0,4,0,0,6,7,0,2,0,0,1,3,6
e_8111,4,0,2,1,3,0,1,1,3,0,4,0,0,0,0,0,0,1,0,4,1,1
e_8112,4,0,0,1,3,1,0,1,11,0,4,0,0,6,7,0,1,0,0,8,3,6
p_8113,4,1,4,1,6,0,0,0,8,1,4,2,3,2,1,0,0,0,1,4,3,3
p_8114,3,1,8,1,8,1,0,1,10,0,1,2,2,7,8,0,0,2,4,4,5,3
e_8115,0,0,0,1,3,1,0,1,10,0,4,0,0,6,7,0,2,0,0,6,3,6
p_8116,4,1,0,1,7,0,0,0,8,1,4,0,3,2,0,0,0,0,1,4,3,6
p_8117,4,0,4,1,6,0,0,0,8,1,4,2,0,2,0,0,0,0,1,4,3,3
p_8118,4,1,0,1,4,0,0,0,8,1,4,2,0,2,0,0,0,0,1,4,3,3
e_8119,4,0,0,1,3,1,0,1,10,0,4,0,0,6,7,0,2,0,0,8,5,6
e_8120,0,0,0,1,3,1,0,1,10,0,4,0,0,6,7,0,1,0,0,8,3,6
e_8121,3,0,0,1,3,1,0,1,1,0,4,0,0,6,7,0,2,0,0,8,5,6
p_8122,4,1,0,1,6,0,0,0,8,1,4,0,3,0,0,0,0,0,1,4,3,6
e_8123,0,0,0,1,3,1,0,1,10,0,4,0,0,6,7,0,2,0,0,6,5,6
